solid Uranium STLWriter Sun 15 Jun 2025 20:12:19
facet normal 0.0 0.0 0.0
  outer loop
    vertex 4.4494476318359375 -2.400043487548828 3.0999999046325684
    vertex 4.4494476318359375 -2.400043487548828 4.199999809265137
    vertex 4.1161346435546875 -2.400043487548828 3.0999999046325684
  endloop
endfacet
facet normal 0.0 0.0 0.0
  outer loop
    vertex 4.1161346435546875 -2.400043487548828 3.0999999046325684
    vertex 4.4494476318359375 -2.400043487548828 4.199999809265137
    vertex 3.7161407470703125 -2.400043487548828 3.0999999046325684
  endloop
endfacet
facet normal 0.0 0.0 0.0
  outer loop
    vertex 3.7161407470703125 -2.400043487548828 3.0999999046325684
    vertex 4.4494476318359375 -2.400043487548828 4.199999809265137
    vertex -2.217254638671875 -2.400043487548828 3.0999999046325684
  endloop
endfacet
facet normal 0.0 0.0 0.0
  outer loop
    vertex -2.217254638671875 -2.400043487548828 3.0999999046325684
    vertex 4.4494476318359375 -2.400043487548828 4.199999809265137
    vertex -4.4505615234375 -2.400043487548828 4.199999809265137
  endloop
endfacet
facet normal 0.0 0.0 0.0
  outer loop
    vertex -2.217254638671875 -2.400043487548828 3.0999999046325684
    vertex -4.4505615234375 -2.400043487548828 4.199999809265137
    vertex -3.717254638671875 -2.400043487548828 3.0999999046325684
  endloop
endfacet
facet normal 0.0 0.0 0.0
  outer loop
    vertex -3.717254638671875 -2.400043487548828 3.0999999046325684
    vertex -4.4505615234375 -2.400043487548828 4.199999809265137
    vertex -4.1172637939453125 -2.400043487548828 3.0999999046325684
  endloop
endfacet
facet normal 0.0 0.0 0.0
  outer loop
    vertex -4.1172637939453125 -2.400043487548828 3.0999999046325684
    vertex -4.4505615234375 -2.400043487548828 4.199999809265137
    vertex -4.4505615234375 -2.400043487548828 3.0999999046325684
  endloop
endfacet
facet normal 0.0 0.0 0.0
  outer loop
    vertex -4.6109619140625 -2.3017234802246094 3.0999999046325684
    vertex -4.6153564453125 -2.295055389404297 4.199999809265137
    vertex -4.6339569091796875 -2.259136199951172 3.0999999046325684
  endloop
endfacet
facet normal 0.0 0.0 0.0
  outer loop
    vertex -4.6339569091796875 -2.259136199951172 3.0999999046325684
    vertex -4.6153564453125 -2.295055389404297 4.199999809265137
    vertex -4.6375579833984375 -2.2498130798339844 4.199999809265137
  endloop
endfacet
facet normal 0.0 0.0 0.0
  outer loop
    vertex -4.6339569091796875 -2.259136199951172 3.0999999046325684
    vertex -4.6375579833984375 -2.2498130798339844 4.199999809265137
    vertex -4.6407623291015625 -2.24017333984375 3.0999999046325684
  endloop
endfacet
facet normal 0.0 0.0 0.0
  outer loop
    vertex -4.6407623291015625 -2.24017333984375 3.0999999046325684
    vertex -4.6375579833984375 -2.2498130798339844 4.199999809265137
    vertex -4.6458587646484375 -2.2206954956054688 3.0999999046325684
  endloop
endfacet
facet normal 0.0 0.0 0.0
  outer loop
    vertex -4.6458587646484375 -2.2206954956054688 3.0999999046325684
    vertex -4.6375579833984375 -2.2498130798339844 4.199999809265137
    vertex -4.649261474609375 -2.2008438110351562 4.199999809265137
  endloop
endfacet
facet normal 0.0 0.0 0.0
  outer loop
    vertex -4.6458587646484375 -2.2206954956054688 3.0999999046325684
    vertex -4.649261474609375 -2.2008438110351562 4.199999809265137
    vertex -4.649261474609375 -2.2008438110351562 3.0999999046325684
  endloop
endfacet
facet normal 0.0 0.0 0.0
  outer loop
    vertex -4.6153564453125 -2.295055389404297 4.199999809265137
    vertex -4.6109619140625 -2.3017234802246094 3.0999999046325684
    vertex -4.583953857421875 -2.3343963623046875 4.199999809265137
  endloop
endfacet
facet normal 0.0 0.0 0.0
  outer loop
    vertex -4.583953857421875 -2.3343963623046875 4.199999809265137
    vertex -4.6109619140625 -2.3017234802246094 3.0999999046325684
    vertex -4.5796661376953125 -2.338573455810547 3.0999999046325684
  endloop
endfacet
facet normal 0.0 0.0 0.0
  outer loop
    vertex -4.583953857421875 -2.3343963623046875 4.199999809265137
    vertex -4.5796661376953125 -2.338573455810547 3.0999999046325684
    vertex -4.5446624755859375 -2.365936279296875 4.199999809265137
  endloop
endfacet
facet normal 0.0 0.0 0.0
  outer loop
    vertex -4.5446624755859375 -2.365936279296875 4.199999809265137
    vertex -4.5796661376953125 -2.338573455810547 3.0999999046325684
    vertex -4.541259765625 -2.368053436279297 3.0999999046325684
  endloop
endfacet
facet normal 0.0 0.0 0.0
  outer loop
    vertex -4.5446624755859375 -2.365936279296875 4.199999809265137
    vertex -4.541259765625 -2.368053436279297 3.0999999046325684
    vertex -4.4994659423828125 -2.3881759643554688 4.199999809265137
  endloop
endfacet
facet normal 0.0 0.0 0.0
  outer loop
    vertex -4.4994659423828125 -2.3881759643554688 4.199999809265137
    vertex -4.541259765625 -2.368053436279297 3.0999999046325684
    vertex -4.4976654052734375 -2.38885498046875 3.0999999046325684
  endloop
endfacet
facet normal 0.0 0.0 0.0
  outer loop
    vertex -4.4994659423828125 -2.3881759643554688 4.199999809265137
    vertex -4.4976654052734375 -2.38885498046875 3.0999999046325684
    vertex -4.4505615234375 -2.400043487548828 4.199999809265137
  endloop
endfacet
facet normal 0.0 0.0 0.0
  outer loop
    vertex -4.4505615234375 -2.400043487548828 4.199999809265137
    vertex -4.4976654052734375 -2.38885498046875 3.0999999046325684
    vertex -4.4505615234375 -2.400043487548828 3.0999999046325684
  endloop
endfacet
facet normal 0.0 0.0 0.0
  outer loop
    vertex -4.649261474609375 -2.2008438110351562 3.0999999046325684
    vertex -4.649261474609375 -2.2008438110351562 4.199999809265137
    vertex -4.649261474609375 -2.171295166015625 3.0999999046325684
  endloop
endfacet
facet normal 0.0 0.0 0.0
  outer loop
    vertex -4.649261474609375 -2.171295166015625 3.0999999046325684
    vertex -4.649261474609375 -2.2008438110351562 4.199999809265137
    vertex -4.649261474609375 0.7398948669433594 3.0999999046325684
  endloop
endfacet
facet normal 0.0 0.0 0.0
  outer loop
    vertex -4.649261474609375 0.7398948669433594 3.0999999046325684
    vertex -4.649261474609375 -2.2008438110351562 4.199999809265137
    vertex -4.649261474609375 1.2041549682617188 4.199999809265137
  endloop
endfacet
facet normal 0.0 0.0 0.0
  outer loop
    vertex -4.649261474609375 0.7398948669433594 3.0999999046325684
    vertex -4.649261474609375 1.2041549682617188 4.199999809265137
    vertex -4.649261474609375 1.17120361328125 3.0999999046325684
  endloop
endfacet
facet normal 0.0 0.0 0.0
  outer loop
    vertex -4.649261474609375 1.17120361328125 3.0999999046325684
    vertex -4.649261474609375 1.2041549682617188 4.199999809265137
    vertex -4.649261474609375 1.2041549682617188 3.0999999046325684
  endloop
endfacet
facet normal 0.0 0.0 0.0
  outer loop
    vertex -4.59625244140625 1.3067855834960938 3.0999999046325684
    vertex -4.62835693359375 1.2578239440917969 3.0999999046325684
    vertex -4.6280517578125 1.2585067749023438 4.199999809265137
  endloop
endfacet
facet normal 0.0 0.0 0.0
  outer loop
    vertex -4.6280517578125 1.2585067749023438 4.199999809265137
    vertex -4.62835693359375 1.2578239440917969 3.0999999046325684
    vertex -4.636566162109375 1.2404365539550781 3.0999999046325684
  endloop
endfacet
facet normal 0.0 0.0 0.0
  outer loop
    vertex -4.6280517578125 1.2585067749023438 4.199999809265137
    vertex -4.636566162109375 1.2404365539550781 3.0999999046325684
    vertex -4.649261474609375 1.2041549682617188 4.199999809265137
  endloop
endfacet
facet normal 0.0 0.0 0.0
  outer loop
    vertex -4.649261474609375 1.2041549682617188 4.199999809265137
    vertex -4.636566162109375 1.2404365539550781 3.0999999046325684
    vertex -4.6435546875 1.2225151062011719 3.0999999046325684
  endloop
endfacet
facet normal 0.0 0.0 0.0
  outer loop
    vertex -4.649261474609375 1.2041549682617188 4.199999809265137
    vertex -4.6435546875 1.2225151062011719 3.0999999046325684
    vertex -4.649261474609375 1.2041549682617188 3.0999999046325684
  endloop
endfacet
facet normal 0.0 0.0 0.0
  outer loop
    vertex -4.6280517578125 1.2585067749023438 4.199999809265137
    vertex -4.5959625244140625 1.3072242736816406 4.199999809265137
    vertex -4.59625244140625 1.3067855834960938 3.0999999046325684
  endloop
endfacet
facet normal 0.0 0.0 0.0
  outer loop
    vertex -4.59625244140625 1.3067855834960938 3.0999999046325684
    vertex -4.5959625244140625 1.3072242736816406 4.199999809265137
    vertex -4.554656982421875 1.3479232788085938 3.0999999046325684
  endloop
endfacet
facet normal 0.0 0.0 0.0
  outer loop
    vertex -4.554656982421875 1.3479232788085938 3.0999999046325684
    vertex -4.5959625244140625 1.3072242736816406 4.199999809265137
    vertex -4.554351806640625 1.3481636047363281 4.199999809265137
  endloop
endfacet
facet normal 0.0 0.0 0.0
  outer loop
    vertex -4.554656982421875 1.3479232788085938 3.0999999046325684
    vertex -4.554351806640625 1.3481636047363281 4.199999809265137
    vertex -4.5052642822265625 1.3794364929199219 3.0999999046325684
  endloop
endfacet
facet normal 0.0 0.0 0.0
  outer loop
    vertex -4.5052642822265625 1.3794364929199219 3.0999999046325684
    vertex -4.554351806640625 1.3481636047363281 4.199999809265137
    vertex -4.505157470703125 1.3795166015625 4.199999809265137
  endloop
endfacet
facet normal 0.0 0.0 0.0
  outer loop
    vertex -4.5052642822265625 1.3794364929199219 3.0999999046325684
    vertex -4.505157470703125 1.3795166015625 4.199999809265137
    vertex -4.4504547119140625 1.3999061584472656 3.0999999046325684
  endloop
endfacet
facet normal 0.0 0.0 0.0
  outer loop
    vertex -4.4504547119140625 1.3999061584472656 3.0999999046325684
    vertex -4.505157470703125 1.3795166015625 4.199999809265137
    vertex -4.4504547119140625 1.3999061584472656 4.199999809265137
  endloop
endfacet
facet normal 0.0 0.0 0.0
  outer loop
    vertex -4.4504547119140625 1.3999061584472656 3.0999999046325684
    vertex -4.4504547119140625 1.3999061584472656 4.199999809265137
    vertex -4.117156982421875 1.3998947143554688 3.0999999046325684
  endloop
endfacet
facet normal 0.0 0.0 0.0
  outer loop
    vertex -4.117156982421875 1.3998947143554688 3.0999999046325684
    vertex -4.4504547119140625 1.3999061584472656 4.199999809265137
    vertex -2.1175537109375 1.3998641967773438 3.0999999046325684
  endloop
endfacet
facet normal 0.0 0.0 0.0
  outer loop
    vertex -2.1175537109375 1.3998641967773438 3.0999999046325684
    vertex -4.4504547119140625 1.3999061584472656 4.199999809265137
    vertex -1.2505645751953125 1.3998565673828125 4.199999809265137
  endloop
endfacet
facet normal 0.0 0.0 0.0
  outer loop
    vertex -2.1175537109375 1.3998641967773438 3.0999999046325684
    vertex -1.2505645751953125 1.3998565673828125 4.199999809265137
    vertex -1.7173614501953125 1.3998565673828125 3.0999999046325684
  endloop
endfacet
facet normal 0.0 0.0 0.0
  outer loop
    vertex -1.7173614501953125 1.3998565673828125 3.0999999046325684
    vertex -1.2505645751953125 1.3998565673828125 4.199999809265137
    vertex -1.2505645751953125 1.3998565673828125 3.0999999046325684
  endloop
endfacet
facet normal 0.0 0.0 0.0
  outer loop
    vertex -1.2505645751953125 1.3998565673828125 3.0999999046325684
    vertex -1.2505645751953125 1.3998565673828125 4.199999809265137
    vertex -1.2505645751953125 1.5999565124511719 3.0999999046325684
  endloop
endfacet
facet normal 0.0 0.0 0.0
  outer loop
    vertex -1.2505645751953125 1.5999565124511719 3.0999999046325684
    vertex -1.2505645751953125 1.3998565673828125 4.199999809265137
    vertex -1.2505645751953125 2.2001266479492188 4.199999809265137
  endloop
endfacet
facet normal 0.0 0.0 0.0
  outer loop
    vertex -1.2505645751953125 1.5999565124511719 3.0999999046325684
    vertex -1.2505645751953125 2.2001266479492188 4.199999809265137
    vertex -1.2505645751953125 2.1585769653320312 3.0999999046325684
  endloop
endfacet
facet normal 0.0 0.0 0.0
  outer loop
    vertex -1.2505645751953125 2.1585769653320312 3.0999999046325684
    vertex -1.2505645751953125 2.2001266479492188 4.199999809265137
    vertex -1.2505645751953125 2.1999549865722656 3.0999999046325684
  endloop
endfacet
facet normal 0.0 0.0 0.0
  outer loop
    vertex -1.2505645751953125 2.1999549865722656 3.0999999046325684
    vertex -1.2505645751953125 2.2001266479492188 4.199999809265137
    vertex -1.2505645751953125 2.2001266479492188 3.0999999046325684
  endloop
endfacet
facet normal 0.0 0.0 0.0
  outer loop
    vertex -1.2350616455078125 2.277393341064453 3.0999999046325684
    vertex -1.247955322265625 2.2323760986328125 3.0999999046325684
    vertex -1.2437591552734375 2.2518768310546875 4.199999809265137
  endloop
endfacet
facet normal 0.0 0.0 0.0
  outer loop
    vertex -1.2437591552734375 2.2518768310546875 4.199999809265137
    vertex -1.247955322265625 2.2323760986328125 3.0999999046325684
    vertex -1.249359130859375 2.2216758728027344 3.0999999046325684
  endloop
endfacet
facet normal 0.0 0.0 0.0
  outer loop
    vertex -1.2437591552734375 2.2518768310546875 4.199999809265137
    vertex -1.249359130859375 2.2216758728027344 3.0999999046325684
    vertex -1.2505645751953125 2.2001266479492188 4.199999809265137
  endloop
endfacet
facet normal 0.0 0.0 0.0
  outer loop
    vertex -1.2505645751953125 2.2001266479492188 4.199999809265137
    vertex -1.249359130859375 2.2216758728027344 3.0999999046325684
    vertex -1.2502593994140625 2.2109146118164062 3.0999999046325684
  endloop
endfacet
facet normal 0.0 0.0 0.0
  outer loop
    vertex -1.2505645751953125 2.2001266479492188 4.199999809265137
    vertex -1.2502593994140625 2.2109146118164062 3.0999999046325684
    vertex -1.2505645751953125 2.2001266479492188 3.0999999046325684
  endloop
endfacet
facet normal 0.0 0.0 0.0
  outer loop
    vertex -1.2437591552734375 2.2518768310546875 4.199999809265137
    vertex -1.2237548828125 2.3001060485839844 4.199999809265137
    vertex -1.2350616455078125 2.277393341064453 3.0999999046325684
  endloop
endfacet
facet normal 0.0 0.0 0.0
  outer loop
    vertex -1.2350616455078125 2.277393341064453 3.0999999046325684
    vertex -1.2237548828125 2.3001060485839844 4.199999809265137
    vertex -1.2119598388671875 2.31817626953125 3.0999999046325684
  endloop
endfacet
facet normal 0.0 0.0 0.0
  outer loop
    vertex -1.2119598388671875 2.31817626953125 3.0999999046325684
    vertex -1.2237548828125 2.3001060485839844 4.199999809265137
    vertex -1.19195556640625 2.3415069580078125 4.199999809265137
  endloop
endfacet
facet normal 0.0 0.0 0.0
  outer loop
    vertex -1.2119598388671875 2.31817626953125 3.0999999046325684
    vertex -1.19195556640625 2.3415069580078125 4.199999809265137
    vertex -1.1800537109375 2.3524856567382812 3.0999999046325684
  endloop
endfacet
facet normal 0.0 0.0 0.0
  outer loop
    vertex -1.1800537109375 2.3524856567382812 3.0999999046325684
    vertex -1.19195556640625 2.3415069580078125 4.199999809265137
    vertex -1.1505584716796875 2.3732757568359375 4.199999809265137
  endloop
endfacet
facet normal 0.0 0.0 0.0
  outer loop
    vertex -1.1800537109375 2.3524856567382812 3.0999999046325684
    vertex -1.1505584716796875 2.3732757568359375 4.199999809265137
    vertex -1.14105224609375 2.3784141540527344 3.0999999046325684
  endloop
endfacet
facet normal 0.0 0.0 0.0
  outer loop
    vertex -1.14105224609375 2.3784141540527344 3.0999999046325684
    vertex -1.1505584716796875 2.3732757568359375 4.199999809265137
    vertex -1.10235595703125 2.3932456970214844 4.199999809265137
  endloop
endfacet
facet normal 0.0 0.0 0.0
  outer loop
    vertex -1.14105224609375 2.3784141540527344 3.0999999046325684
    vertex -1.10235595703125 2.3932456970214844 4.199999809265137
    vertex -1.0971527099609375 2.3945770263671875 3.0999999046325684
  endloop
endfacet
facet normal 0.0 0.0 0.0
  outer loop
    vertex -1.0971527099609375 2.3945770263671875 3.0999999046325684
    vertex -1.10235595703125 2.3932456970214844 4.199999809265137
    vertex -1.0505523681640625 2.400043487548828 4.199999809265137
  endloop
endfacet
facet normal 0.0 0.0 0.0
  outer loop
    vertex -1.0971527099609375 2.3945770263671875 3.0999999046325684
    vertex -1.0505523681640625 2.400043487548828 4.199999809265137
    vertex -1.0505523681640625 2.400043487548828 3.0999999046325684
  endloop
endfacet
facet normal 0.0 0.0 0.0
  outer loop
    vertex 4.45074462890625 1.3997535705566406 3.0999999046325684
    vertex 4.1158447265625 1.3997650146484375 3.0999999046325684
    vertex 4.45074462890625 1.3997535705566406 4.199999809265137
  endloop
endfacet
facet normal 0.0 0.0 0.0
  outer loop
    vertex 4.45074462890625 1.3997535705566406 4.199999809265137
    vertex 4.1158447265625 1.3997650146484375 3.0999999046325684
    vertex 2.11663818359375 1.3997955322265625 3.0999999046325684
  endloop
endfacet
facet normal 0.0 0.0 0.0
  outer loop
    vertex 4.45074462890625 1.3997535705566406 4.199999809265137
    vertex 2.11663818359375 1.3997955322265625 3.0999999046325684
    vertex 1.250244140625 1.3998069763183594 4.199999809265137
  endloop
endfacet
facet normal 0.0 0.0 0.0
  outer loop
    vertex 1.250244140625 1.3998069763183594 4.199999809265137
    vertex 2.11663818359375 1.3997955322265625 3.0999999046325684
    vertex 1.716339111328125 1.3998069763183594 3.0999999046325684
  endloop
endfacet
facet normal 0.0 0.0 0.0
  outer loop
    vertex 1.250244140625 1.3998069763183594 4.199999809265137
    vertex 1.716339111328125 1.3998069763183594 3.0999999046325684
    vertex 1.250244140625 1.3998069763183594 3.0999999046325684
  endloop
endfacet
facet normal 0.0 0.0 0.0
  outer loop
    vertex 4.6492462158203125 1.2000656127929688 4.199999809265137
    vertex 4.6492462158203125 1.2000656127929688 3.0999999046325684
    vertex 4.6452484130859375 1.2447242736816406 3.6499998569488525
  endloop
endfacet
facet normal 0.0 0.0 0.0
  outer loop
    vertex 4.6452484130859375 1.2447242736816406 3.6499998569488525
    vertex 4.6492462158203125 1.2000656127929688 3.0999999046325684
    vertex 4.6486358642578125 1.2205734252929688 3.0999999046325684
  endloop
endfacet
facet normal 0.0 0.0 0.0
  outer loop
    vertex 4.6452484130859375 1.2447242736816406 3.6499998569488525
    vertex 4.6486358642578125 1.2205734252929688 3.0999999046325684
    vertex 4.64593505859375 1.2409133911132812 3.0999999046325684
  endloop
endfacet
facet normal 0.0 0.0 0.0
  outer loop
    vertex 4.64593505859375 1.2409133911132812 3.0999999046325684
    vertex 4.641143798828125 1.2608566284179688 3.0999999046325684
    vertex 4.6452484130859375 1.2447242736816406 3.6499998569488525
  endloop
endfacet
facet normal 0.0 0.0 0.0
  outer loop
    vertex 4.6452484130859375 1.2447242736816406 3.6499998569488525
    vertex 4.641143798828125 1.2608566284179688 3.0999999046325684
    vertex 4.63104248046875 1.2872848510742188 3.6499998569488525
  endloop
endfacet
facet normal 0.0 0.0 0.0
  outer loop
    vertex 4.6452484130859375 1.2447242736816406 3.6499998569488525
    vertex 4.63104248046875 1.2872848510742188 3.6499998569488525
    vertex 4.63104248046875 1.2872848510742188 4.199999809265137
  endloop
endfacet
facet normal 0.0 0.0 0.0
  outer loop
    vertex 4.63104248046875 1.2872848510742188 4.199999809265137
    vertex 4.63104248046875 1.2872848510742188 3.6499998569488525
    vertex 4.6075439453125 1.3254737854003906 4.199999809265137
  endloop
endfacet
facet normal 0.0 0.0 0.0
  outer loop
    vertex 4.6075439453125 1.3254737854003906 4.199999809265137
    vertex 4.63104248046875 1.2872848510742188 3.6499998569488525
    vertex 4.6075439453125 1.3254737854003906 3.6499998569488525
  endloop
endfacet
facet normal 0.0 0.0 0.0
  outer loop
    vertex 4.6075439453125 1.3254737854003906 4.199999809265137
    vertex 4.6075439453125 1.3254737854003906 3.6499998569488525
    vertex 4.5759429931640625 1.3572845458984375 4.199999809265137
  endloop
endfacet
facet normal 0.0 0.0 0.0
  outer loop
    vertex 4.5759429931640625 1.3572845458984375 4.199999809265137
    vertex 4.6075439453125 1.3254737854003906 3.6499998569488525
    vertex 4.5759429931640625 1.3572845458984375 3.6499998569488525
  endloop
endfacet
facet normal 0.0 0.0 0.0
  outer loop
    vertex 4.5759429931640625 1.3572845458984375 4.199999809265137
    vertex 4.5759429931640625 1.3572845458984375 3.6499998569488525
    vertex 4.537841796875 1.3810157775878906 4.199999809265137
  endloop
endfacet
facet normal 0.0 0.0 0.0
  outer loop
    vertex 4.537841796875 1.3810157775878906 4.199999809265137
    vertex 4.5759429931640625 1.3572845458984375 3.6499998569488525
    vertex 4.537841796875 1.3810157775878906 3.6499998569488525
  endloop
endfacet
facet normal 0.0 0.0 0.0
  outer loop
    vertex 4.537841796875 1.3810157775878906 4.199999809265137
    vertex 4.537841796875 1.3810157775878906 3.6499998569488525
    vertex 4.4953460693359375 1.3954353332519531 4.199999809265137
  endloop
endfacet
facet normal 0.0 0.0 0.0
  outer loop
    vertex 4.4953460693359375 1.3954353332519531 4.199999809265137
    vertex 4.537841796875 1.3810157775878906 3.6499998569488525
    vertex 4.4953460693359375 1.3954353332519531 3.6499998569488525
  endloop
endfacet
facet normal 0.0 0.0 0.0
  outer loop
    vertex 4.4953460693359375 1.3954353332519531 4.199999809265137
    vertex 4.4953460693359375 1.3954353332519531 3.6499998569488525
    vertex 4.45074462890625 1.3997535705566406 4.199999809265137
  endloop
endfacet
facet normal 0.0 0.0 0.0
  outer loop
    vertex 4.45074462890625 1.3997535705566406 4.199999809265137
    vertex 4.4953460693359375 1.3954353332519531 3.6499998569488525
    vertex 4.45074462890625 1.3997535705566406 3.0999999046325684
  endloop
endfacet
facet normal 0.0 0.0 0.0
  outer loop
    vertex 4.45074462890625 1.3997535705566406 3.0999999046325684
    vertex 4.4953460693359375 1.3954353332519531 3.6499998569488525
    vertex 4.5008392333984375 1.3941650390625 3.0999999046325684
  endloop
endfacet
facet normal 0.0 0.0 0.0
  outer loop
    vertex 4.5008392333984375 1.3941650390625 3.0999999046325684
    vertex 4.4953460693359375 1.3954353332519531 3.6499998569488525
    vertex 4.537841796875 1.3810157775878906 3.6499998569488525
  endloop
endfacet
facet normal 0.0 0.0 0.0
  outer loop
    vertex 4.5008392333984375 1.3941650390625 3.0999999046325684
    vertex 4.537841796875 1.3810157775878906 3.6499998569488525
    vertex 4.547943115234375 1.3758735656738281 3.0999999046325684
  endloop
endfacet
facet normal 0.0 0.0 0.0
  outer loop
    vertex 4.547943115234375 1.3758735656738281 3.0999999046325684
    vertex 4.537841796875 1.3810157775878906 3.6499998569488525
    vertex 4.5759429931640625 1.3572845458984375 3.6499998569488525
  endloop
endfacet
facet normal 0.0 0.0 0.0
  outer loop
    vertex 4.547943115234375 1.3758735656738281 3.0999999046325684
    vertex 4.5759429931640625 1.3572845458984375 3.6499998569488525
    vertex 4.5887451171875 1.3461265563964844 3.0999999046325684
  endloop
endfacet
facet normal 0.0 0.0 0.0
  outer loop
    vertex 4.5887451171875 1.3461265563964844 3.0999999046325684
    vertex 4.5759429931640625 1.3572845458984375 3.6499998569488525
    vertex 4.6075439453125 1.3254737854003906 3.6499998569488525
  endloop
endfacet
facet normal 0.0 0.0 0.0
  outer loop
    vertex 4.5887451171875 1.3461265563964844 3.0999999046325684
    vertex 4.6075439453125 1.3254737854003906 3.6499998569488525
    vertex 4.6204376220703125 1.306915283203125 3.0999999046325684
  endloop
endfacet
facet normal 0.0 0.0 0.0
  outer loop
    vertex 4.6204376220703125 1.306915283203125 3.0999999046325684
    vertex 4.6075439453125 1.3254737854003906 3.6499998569488525
    vertex 4.63104248046875 1.2872848510742188 3.6499998569488525
  endloop
endfacet
facet normal 0.0 0.0 0.0
  outer loop
    vertex 4.6204376220703125 1.306915283203125 3.0999999046325684
    vertex 4.63104248046875 1.2872848510742188 3.6499998569488525
    vertex 4.641143798828125 1.2608566284179688 3.0999999046325684
  endloop
endfacet
facet normal 0.0 0.0 0.0
  outer loop
    vertex 4.63104248046875 1.2872848510742188 4.199999809265137
    vertex 4.6452484130859375 1.2447242736816406 4.199999809265137
    vertex 4.6452484130859375 1.2447242736816406 3.6499998569488525
  endloop
endfacet
facet normal 0.0 0.0 0.0
  outer loop
    vertex 4.6452484130859375 1.2447242736816406 3.6499998569488525
    vertex 4.6452484130859375 1.2447242736816406 4.199999809265137
    vertex 4.6492462158203125 1.2000656127929688 4.199999809265137
  endloop
endfacet
facet normal 0.0 0.0 0.0
  outer loop
    vertex 4.6492462158203125 -2.200664520263672 3.0999999046325684
    vertex 4.6492462158203125 -2.1714439392089844 3.0999999046325684
    vertex 4.6492462158203125 -2.200664520263672 4.199999809265137
  endloop
endfacet
facet normal 0.0 0.0 0.0
  outer loop
    vertex 4.6492462158203125 -2.200664520263672 4.199999809265137
    vertex 4.6492462158203125 -2.1714439392089844 3.0999999046325684
    vertex 4.6492462158203125 -1.7424430847167969 3.0999999046325684
  endloop
endfacet
facet normal 0.0 0.0 0.0
  outer loop
    vertex 4.6492462158203125 -2.200664520263672 4.199999809265137
    vertex 4.6492462158203125 -1.7424430847167969 3.0999999046325684
    vertex 4.6492462158203125 1.2000656127929688 4.199999809265137
  endloop
endfacet
facet normal 0.0 0.0 0.0
  outer loop
    vertex 4.6492462158203125 1.2000656127929688 4.199999809265137
    vertex 4.6492462158203125 -1.7424430847167969 3.0999999046325684
    vertex 4.6492462158203125 1.171356201171875 3.0999999046325684
  endloop
endfacet
facet normal 0.0 0.0 0.0
  outer loop
    vertex 4.6492462158203125 1.2000656127929688 4.199999809265137
    vertex 4.6492462158203125 1.171356201171875 3.0999999046325684
    vertex 4.6492462158203125 1.2000656127929688 3.0999999046325684
  endloop
endfacet
facet normal 0.0 0.0 0.0
  outer loop
    vertex 4.4494476318359375 -2.400043487548828 3.0999999046325684
    vertex 4.5025482177734375 -2.3774147033691406 3.0999999046325684
    vertex 4.4494476318359375 -2.400043487548828 4.199999809265137
  endloop
endfacet
facet normal 0.0 0.0 0.0
  outer loop
    vertex 4.4494476318359375 -2.400043487548828 4.199999809265137
    vertex 4.5025482177734375 -2.3774147033691406 3.0999999046325684
    vertex 4.50323486328125 -2.37701416015625 4.199999809265137
  endloop
endfacet
facet normal 0.0 0.0 0.0
  outer loop
    vertex 4.50323486328125 -2.37701416015625 4.199999809265137
    vertex 4.5025482177734375 -2.3774147033691406 3.0999999046325684
    vertex 4.550537109375 -2.34527587890625 3.0999999046325684
  endloop
endfacet
facet normal 0.0 0.0 0.0
  outer loop
    vertex 4.50323486328125 -2.37701416015625 4.199999809265137
    vertex 4.550537109375 -2.34527587890625 3.0999999046325684
    vertex 4.5517425537109375 -2.3442344665527344 4.199999809265137
  endloop
endfacet
facet normal 0.0 0.0 0.0
  outer loop
    vertex 4.5517425537109375 -2.3442344665527344 4.199999809265137
    vertex 4.550537109375 -2.34527587890625 3.0999999046325684
    vertex 4.591644287109375 -2.3047752380371094 3.0999999046325684
  endloop
endfacet
facet normal 0.0 0.0 0.0
  outer loop
    vertex 4.5517425537109375 -2.3442344665527344 4.199999809265137
    vertex 4.591644287109375 -2.3047752380371094 3.0999999046325684
    vertex 4.5932464599609375 -2.3028831481933594 4.199999809265137
  endloop
endfacet
facet normal 0.0 0.0 0.0
  outer loop
    vertex 4.5932464599609375 -2.3028831481933594 4.199999809265137
    vertex 4.591644287109375 -2.3047752380371094 3.0999999046325684
    vertex 4.624542236328125 -2.2573165893554688 3.0999999046325684
  endloop
endfacet
facet normal 0.0 0.0 0.0
  outer loop
    vertex 4.5932464599609375 -2.3028831481933594 4.199999809265137
    vertex 4.624542236328125 -2.2573165893554688 3.0999999046325684
    vertex 4.6261444091796875 -2.254444122314453 4.199999809265137
  endloop
endfacet
facet normal 0.0 0.0 0.0
  outer loop
    vertex 4.6261444091796875 -2.254444122314453 4.199999809265137
    vertex 4.624542236328125 -2.2573165893554688 3.0999999046325684
    vertex 4.6340484619140625 -2.238994598388672 3.0999999046325684
  endloop
endfacet
facet normal 0.0 0.0 0.0
  outer loop
    vertex 4.6261444091796875 -2.254444122314453 4.199999809265137
    vertex 4.6340484619140625 -2.238994598388672 3.0999999046325684
    vertex 4.642242431640625 -2.2200851440429688 3.0999999046325684
  endloop
endfacet
facet normal 0.0 0.0 0.0
  outer loop
    vertex 4.6492462158203125 -2.200664520263672 3.0999999046325684
    vertex 4.6492462158203125 -2.200664520263672 4.199999809265137
    vertex 4.642242431640625 -2.2200851440429688 3.0999999046325684
  endloop
endfacet
facet normal 0.0 0.0 0.0
  outer loop
    vertex 4.642242431640625 -2.2200851440429688 3.0999999046325684
    vertex 4.6492462158203125 -2.200664520263672 4.199999809265137
    vertex 4.6261444091796875 -2.254444122314453 4.199999809265137
  endloop
endfacet
facet normal 0.0 0.0 0.0
  outer loop
    vertex 1.040740966796875 2.400043487548828 3.0999999046325684
    vertex -0.1999664306640625 2.400043487548828 3.0999999046325684
    vertex 1.040740966796875 2.400043487548828 4.199999809265137
  endloop
endfacet
facet normal 0.0 0.0 0.0
  outer loop
    vertex 1.040740966796875 2.400043487548828 4.199999809265137
    vertex -0.1999664306640625 2.400043487548828 3.0999999046325684
    vertex -1.0505523681640625 2.400043487548828 4.199999809265137
  endloop
endfacet
facet normal 0.0 0.0 0.0
  outer loop
    vertex -1.0505523681640625 2.400043487548828 4.199999809265137
    vertex -0.1999664306640625 2.400043487548828 3.0999999046325684
    vertex -1.0505523681640625 2.400043487548828 3.0999999046325684
  endloop
endfacet
facet normal 0.0 0.0 0.0
  outer loop
    vertex 1.250244140625 2.1988868713378906 4.199999809265137
    vertex 1.250244140625 2.1988868713378906 3.0999999046325684
    vertex 1.24493408203125 2.244823455810547 3.6499998569488525
  endloop
endfacet
facet normal 0.0 0.0 0.0
  outer loop
    vertex 1.24493408203125 2.244823455810547 3.6499998569488525
    vertex 1.250244140625 2.1988868713378906 3.0999999046325684
    vertex 1.250244140625 2.1992454528808594 3.0999999046325684
  endloop
endfacet
facet normal 0.0 0.0 0.0
  outer loop
    vertex 1.24493408203125 2.244823455810547 3.6499998569488525
    vertex 1.250244140625 2.1992454528808594 3.0999999046325684
    vertex 1.250244140625 2.199596405029297 3.0999999046325684
  endloop
endfacet
facet normal 0.0 0.0 0.0
  outer loop
    vertex 1.250244140625 2.199596405029297 3.0999999046325684
    vertex 1.250244140625 2.1999549865722656 3.0999999046325684
    vertex 1.24493408203125 2.244823455810547 3.6499998569488525
  endloop
endfacet
facet normal 0.0 0.0 0.0
  outer loop
    vertex 1.24493408203125 2.244823455810547 3.6499998569488525
    vertex 1.250244140625 2.1999549865722656 3.0999999046325684
    vertex 1.2447357177734375 2.245716094970703 3.0999999046325684
  endloop
endfacet
facet normal 0.0 0.0 0.0
  outer loop
    vertex 1.24493408203125 2.244823455810547 3.6499998569488525
    vertex 1.2447357177734375 2.245716094970703 3.0999999046325684
    vertex 1.229339599609375 2.2883453369140625 3.6499998569488525
  endloop
endfacet
facet normal 0.0 0.0 0.0
  outer loop
    vertex 1.229339599609375 2.2883453369140625 3.6499998569488525
    vertex 1.2447357177734375 2.245716094970703 3.0999999046325684
    vertex 1.22894287109375 2.2890243530273438 3.0999999046325684
  endloop
endfacet
facet normal 0.0 0.0 0.0
  outer loop
    vertex 1.229339599609375 2.2883453369140625 3.6499998569488525
    vertex 1.22894287109375 2.2890243530273438 3.0999999046325684
    vertex 1.2041473388671875 2.3271446228027344 3.6499998569488525
  endloop
endfacet
facet normal 0.0 0.0 0.0
  outer loop
    vertex 1.2041473388671875 2.3271446228027344 3.6499998569488525
    vertex 1.22894287109375 2.2890243530273438 3.0999999046325684
    vertex 1.2037353515625 2.3276138305664062 3.0999999046325684
  endloop
endfacet
facet normal 0.0 0.0 0.0
  outer loop
    vertex 1.2041473388671875 2.3271446228027344 3.6499998569488525
    vertex 1.2037353515625 2.3276138305664062 3.0999999046325684
    vertex 1.1706390380859375 2.3593063354492188 3.6499998569488525
  endloop
endfacet
facet normal 0.0 0.0 0.0
  outer loop
    vertex 1.1706390380859375 2.3593063354492188 3.6499998569488525
    vertex 1.2037353515625 2.3276138305664062 3.0999999046325684
    vertex 1.170440673828125 2.3594436645507812 3.0999999046325684
  endloop
endfacet
facet normal 0.0 0.0 0.0
  outer loop
    vertex 1.1706390380859375 2.3593063354492188 3.6499998569488525
    vertex 1.170440673828125 2.3594436645507812 3.0999999046325684
    vertex 1.1308441162109375 2.3828048706054688 3.6499998569488525
  endloop
endfacet
facet normal 0.0 0.0 0.0
  outer loop
    vertex 1.1308441162109375 2.3828048706054688 3.6499998569488525
    vertex 1.170440673828125 2.3594436645507812 3.0999999046325684
    vertex 1.1307373046875 2.3828659057617188 3.0999999046325684
  endloop
endfacet
facet normal 0.0 0.0 0.0
  outer loop
    vertex 1.1308441162109375 2.3828048706054688 3.6499998569488525
    vertex 1.1307373046875 2.3828659057617188 3.0999999046325684
    vertex 1.0867462158203125 2.396625518798828 3.6499998569488525
  endloop
endfacet
facet normal 0.0 0.0 0.0
  outer loop
    vertex 1.0867462158203125 2.396625518798828 3.6499998569488525
    vertex 1.1307373046875 2.3828659057617188 3.0999999046325684
    vertex 1.0867462158203125 2.3966445922851562 3.0999999046325684
  endloop
endfacet
facet normal 0.0 0.0 0.0
  outer loop
    vertex 1.0867462158203125 2.396625518798828 3.6499998569488525
    vertex 1.0867462158203125 2.3966445922851562 3.0999999046325684
    vertex 1.040740966796875 2.400043487548828 4.199999809265137
  endloop
endfacet
facet normal 0.0 0.0 0.0
  outer loop
    vertex 1.040740966796875 2.400043487548828 4.199999809265137
    vertex 1.0867462158203125 2.3966445922851562 3.0999999046325684
    vertex 1.040740966796875 2.400043487548828 3.0999999046325684
  endloop
endfacet
facet normal 0.0 0.0 0.0
  outer loop
    vertex 1.040740966796875 2.400043487548828 4.199999809265137
    vertex 1.0868377685546875 2.3966140747070312 4.199999809265137
    vertex 1.0867462158203125 2.396625518798828 3.6499998569488525
  endloop
endfacet
facet normal 0.0 0.0 0.0
  outer loop
    vertex 1.0867462158203125 2.396625518798828 3.6499998569488525
    vertex 1.0868377685546875 2.3966140747070312 4.199999809265137
    vertex 1.1308441162109375 2.3828048706054688 3.6499998569488525
  endloop
endfacet
facet normal 0.0 0.0 0.0
  outer loop
    vertex 1.0868377685546875 2.3966140747070312 4.199999809265137
    vertex 1.1309356689453125 2.3827438354492188 4.199999809265137
    vertex 1.1308441162109375 2.3828048706054688 3.6499998569488525
  endloop
endfacet
facet normal 0.0 0.0 0.0
  outer loop
    vertex 1.1308441162109375 2.3828048706054688 3.6499998569488525
    vertex 1.1309356689453125 2.3827438354492188 4.199999809265137
    vertex 1.1706390380859375 2.3593063354492188 3.6499998569488525
  endloop
endfacet
facet normal 0.0 0.0 0.0
  outer loop
    vertex 1.1309356689453125 2.3827438354492188 4.199999809265137
    vertex 1.170745849609375 2.3591766357421875 4.199999809265137
    vertex 1.1706390380859375 2.3593063354492188 3.6499998569488525
  endloop
endfacet
facet normal 0.0 0.0 0.0
  outer loop
    vertex 1.1706390380859375 2.3593063354492188 3.6499998569488525
    vertex 1.170745849609375 2.3591766357421875 4.199999809265137
    vertex 1.2041473388671875 2.3271446228027344 3.6499998569488525
  endloop
endfacet
facet normal 0.0 0.0 0.0
  outer loop
    vertex 1.170745849609375 2.3591766357421875 4.199999809265137
    vertex 1.2041473388671875 2.3271446228027344 4.199999809265137
    vertex 1.2041473388671875 2.3271446228027344 3.6499998569488525
  endloop
endfacet
facet normal 0.0 0.0 0.0
  outer loop
    vertex 1.2041473388671875 2.3271446228027344 3.6499998569488525
    vertex 1.2041473388671875 2.3271446228027344 4.199999809265137
    vertex 1.229339599609375 2.2883453369140625 3.6499998569488525
  endloop
endfacet
facet normal 0.0 0.0 0.0
  outer loop
    vertex 1.2041473388671875 2.3271446228027344 4.199999809265137
    vertex 1.229339599609375 2.2883453369140625 4.199999809265137
    vertex 1.229339599609375 2.2883453369140625 3.6499998569488525
  endloop
endfacet
facet normal 0.0 0.0 0.0
  outer loop
    vertex 1.229339599609375 2.2883453369140625 3.6499998569488525
    vertex 1.229339599609375 2.2883453369140625 4.199999809265137
    vertex 1.24493408203125 2.244823455810547 3.6499998569488525
  endloop
endfacet
facet normal 0.0 0.0 0.0
  outer loop
    vertex 1.229339599609375 2.2883453369140625 4.199999809265137
    vertex 1.24493408203125 2.244823455810547 4.199999809265137
    vertex 1.24493408203125 2.244823455810547 3.6499998569488525
  endloop
endfacet
facet normal 0.0 0.0 0.0
  outer loop
    vertex 1.24493408203125 2.244823455810547 3.6499998569488525
    vertex 1.24493408203125 2.244823455810547 4.199999809265137
    vertex 1.250244140625 2.1988868713378906 4.199999809265137
  endloop
endfacet
facet normal 0.0 0.0 0.0
  outer loop
    vertex 1.250244140625 1.3998069763183594 3.0999999046325684
    vertex 1.250244140625 1.5676536560058594 3.0999999046325684
    vertex 1.250244140625 1.3998069763183594 4.199999809265137
  endloop
endfacet
facet normal 0.0 0.0 0.0
  outer loop
    vertex 1.250244140625 1.3998069763183594 4.199999809265137
    vertex 1.250244140625 1.5676536560058594 3.0999999046325684
    vertex 1.250244140625 1.5999565124511719 3.0999999046325684
  endloop
endfacet
facet normal 0.0 0.0 0.0
  outer loop
    vertex 1.250244140625 1.3998069763183594 4.199999809265137
    vertex 1.250244140625 1.5999565124511719 3.0999999046325684
    vertex 1.250244140625 1.6411666870117188 3.0999999046325684
  endloop
endfacet
facet normal 0.0 0.0 0.0
  outer loop
    vertex 1.250244140625 2.1988868713378906 3.0999999046325684
    vertex 1.250244140625 2.1988868713378906 4.199999809265137
    vertex 1.250244140625 1.6411666870117188 3.0999999046325684
  endloop
endfacet
facet normal 0.0 0.0 0.0
  outer loop
    vertex 1.250244140625 1.6411666870117188 3.0999999046325684
    vertex 1.250244140625 2.1988868713378906 4.199999809265137
    vertex 1.250244140625 1.3998069763183594 4.199999809265137
  endloop
endfacet
facet normal 0.0 0.0 0.0
  outer loop
    vertex 4.1161346435546875 -2.400043487548828 3.0999999046325684
    vertex 3.7161407470703125 -2.400043487548828 3.0999999046325684
    vertex 3.4494476318359375 -2.0000457763671875 3.0999999046325684
  endloop
endfacet
facet normal 0.0 0.0 0.0
  outer loop
    vertex 3.4494476318359375 -2.0000457763671875 3.0999999046325684
    vertex 3.7161407470703125 -2.400043487548828 3.0999999046325684
    vertex 2.2494354248046875 -2.0000457763671875 3.0999999046325684
  endloop
endfacet
facet normal 0.0 0.0 0.0
  outer loop
    vertex 3.7161407470703125 -2.400043487548828 3.0999999046325684
    vertex -2.217254638671875 -2.400043487548828 3.0999999046325684
    vertex 2.2494354248046875 -2.0000457763671875 3.0999999046325684
  endloop
endfacet
facet normal 0.0 0.0 0.0
  outer loop
    vertex -3.717254638671875 -2.400043487548828 3.0999999046325684
    vertex -2.2505645751953125 -2.0000457763671875 3.0999999046325684
    vertex -2.217254638671875 -2.400043487548828 3.0999999046325684
  endloop
endfacet
facet normal 0.0 0.0 0.0
  outer loop
    vertex -2.217254638671875 -2.400043487548828 3.0999999046325684
    vertex -2.2505645751953125 -2.0000457763671875 3.0999999046325684
    vertex 2.2494354248046875 -2.0000457763671875 3.0999999046325684
  endloop
endfacet
facet normal 0.0 0.0 0.0
  outer loop
    vertex -4.1172637939453125 -2.400043487548828 3.0999999046325684
    vertex -3.4505615234375 -2.0000457763671875 3.0999999046325684
    vertex -3.717254638671875 -2.400043487548828 3.0999999046325684
  endloop
endfacet
facet normal 0.0 0.0 0.0
  outer loop
    vertex -3.717254638671875 -2.400043487548828 3.0999999046325684
    vertex -3.4505615234375 -2.0000457763671875 3.0999999046325684
    vertex -2.2505645751953125 -2.0000457763671875 3.0999999046325684
  endloop
endfacet
facet normal 0.0 0.0 0.0
  outer loop
    vertex -4.4505615234375 -2.400043487548828 3.0999999046325684
    vertex -4.541259765625 -2.368053436279297 3.0999999046325684
    vertex -4.1172637939453125 -2.400043487548828 3.0999999046325684
  endloop
endfacet
facet normal 0.0 0.0 0.0
  outer loop
    vertex -4.1172637939453125 -2.400043487548828 3.0999999046325684
    vertex -4.541259765625 -2.368053436279297 3.0999999046325684
    vertex -4.5796661376953125 -2.338573455810547 3.0999999046325684
  endloop
endfacet
facet normal 0.0 0.0 0.0
  outer loop
    vertex -4.1172637939453125 -2.400043487548828 3.0999999046325684
    vertex -4.5796661376953125 -2.338573455810547 3.0999999046325684
    vertex -4.6109619140625 -2.3017234802246094 3.0999999046325684
  endloop
endfacet
facet normal 0.0 0.0 0.0
  outer loop
    vertex -4.4505615234375 -2.400043487548828 3.0999999046325684
    vertex -4.4976654052734375 -2.38885498046875 3.0999999046325684
    vertex -4.541259765625 -2.368053436279297 3.0999999046325684
  endloop
endfacet
facet normal 0.0 0.0 0.0
  outer loop
    vertex -4.6109619140625 -2.3017234802246094 3.0999999046325684
    vertex -4.6339569091796875 -2.259136199951172 3.0999999046325684
    vertex -4.1172637939453125 -2.400043487548828 3.0999999046325684
  endloop
endfacet
facet normal 0.0 0.0 0.0
  outer loop
    vertex -4.1172637939453125 -2.400043487548828 3.0999999046325684
    vertex -4.6339569091796875 -2.259136199951172 3.0999999046325684
    vertex -3.4505615234375 -2.0000457763671875 3.0999999046325684
  endloop
endfacet
facet normal 0.0 0.0 0.0
  outer loop
    vertex -4.6339569091796875 -2.259136199951172 3.0999999046325684
    vertex -4.6407623291015625 -2.24017333984375 3.0999999046325684
    vertex -3.4505615234375 -2.0000457763671875 3.0999999046325684
  endloop
endfacet
facet normal 0.0 0.0 0.0
  outer loop
    vertex -3.4505615234375 -2.0000457763671875 3.0999999046325684
    vertex -4.6407623291015625 -2.24017333984375 3.0999999046325684
    vertex -4.6458587646484375 -2.2206954956054688 3.0999999046325684
  endloop
endfacet
facet normal 0.0 0.0 0.0
  outer loop
    vertex -3.4505615234375 -2.0000457763671875 3.0999999046325684
    vertex -4.6458587646484375 -2.2206954956054688 3.0999999046325684
    vertex -4.649261474609375 -2.2008438110351562 3.0999999046325684
  endloop
endfacet
facet normal 0.0 0.0 0.0
  outer loop
    vertex -4.649261474609375 -2.2008438110351562 3.0999999046325684
    vertex -4.649261474609375 -2.171295166015625 3.0999999046325684
    vertex -3.4505615234375 -2.0000457763671875 3.0999999046325684
  endloop
endfacet
facet normal 0.0 0.0 0.0
  outer loop
    vertex -4.649261474609375 -2.171295166015625 3.0999999046325684
    vertex -4.649261474609375 0.7398948669433594 3.0999999046325684
    vertex -3.4505615234375 -2.0000457763671875 3.0999999046325684
  endloop
endfacet
facet normal 0.0 0.0 0.0
  outer loop
    vertex -4.649261474609375 1.17120361328125 3.0999999046325684
    vertex -3.4505615234375 0.9999542236328125 3.0999999046325684
    vertex -4.649261474609375 0.7398948669433594 3.0999999046325684
  endloop
endfacet
facet normal 0.0 0.0 0.0
  outer loop
    vertex -4.649261474609375 0.7398948669433594 3.0999999046325684
    vertex -3.4505615234375 0.9999542236328125 3.0999999046325684
    vertex -3.4505615234375 -2.0000457763671875 3.0999999046325684
  endloop
endfacet
facet normal 0.0 0.0 0.0
  outer loop
    vertex -4.649261474609375 1.17120361328125 3.0999999046325684
    vertex -4.649261474609375 1.2041549682617188 3.0999999046325684
    vertex -3.4505615234375 0.9999542236328125 3.0999999046325684
  endloop
endfacet
facet normal 0.0 0.0 0.0
  outer loop
    vertex -3.4505615234375 0.9999542236328125 3.0999999046325684
    vertex -4.649261474609375 1.2041549682617188 3.0999999046325684
    vertex -4.6435546875 1.2225151062011719 3.0999999046325684
  endloop
endfacet
facet normal 0.0 0.0 0.0
  outer loop
    vertex -3.4505615234375 0.9999542236328125 3.0999999046325684
    vertex -4.6435546875 1.2225151062011719 3.0999999046325684
    vertex -4.636566162109375 1.2404365539550781 3.0999999046325684
  endloop
endfacet
facet normal 0.0 0.0 0.0
  outer loop
    vertex -4.636566162109375 1.2404365539550781 3.0999999046325684
    vertex -4.62835693359375 1.2578239440917969 3.0999999046325684
    vertex -3.4505615234375 0.9999542236328125 3.0999999046325684
  endloop
endfacet
facet normal 0.0 0.0 0.0
  outer loop
    vertex -3.4505615234375 0.9999542236328125 3.0999999046325684
    vertex -4.62835693359375 1.2578239440917969 3.0999999046325684
    vertex -4.117156982421875 1.3998947143554688 3.0999999046325684
  endloop
endfacet
facet normal 0.0 0.0 0.0
  outer loop
    vertex -4.117156982421875 1.3998947143554688 3.0999999046325684
    vertex -4.62835693359375 1.2578239440917969 3.0999999046325684
    vertex -4.59625244140625 1.3067855834960938 3.0999999046325684
  endloop
endfacet
facet normal 0.0 0.0 0.0
  outer loop
    vertex -4.117156982421875 1.3998947143554688 3.0999999046325684
    vertex -4.59625244140625 1.3067855834960938 3.0999999046325684
    vertex -4.554656982421875 1.3479232788085938 3.0999999046325684
  endloop
endfacet
facet normal 0.0 0.0 0.0
  outer loop
    vertex -4.554656982421875 1.3479232788085938 3.0999999046325684
    vertex -4.5052642822265625 1.3794364929199219 3.0999999046325684
    vertex -4.117156982421875 1.3998947143554688 3.0999999046325684
  endloop
endfacet
facet normal 0.0 0.0 0.0
  outer loop
    vertex -4.117156982421875 1.3998947143554688 3.0999999046325684
    vertex -4.5052642822265625 1.3794364929199219 3.0999999046325684
    vertex -4.4504547119140625 1.3999061584472656 3.0999999046325684
  endloop
endfacet
facet normal 0.0 0.0 0.0
  outer loop
    vertex -4.117156982421875 1.3998947143554688 3.0999999046325684
    vertex -2.1175537109375 1.3998641967773438 3.0999999046325684
    vertex -3.4505615234375 0.9999542236328125 3.0999999046325684
  endloop
endfacet
facet normal 0.0 0.0 0.0
  outer loop
    vertex -1.7173614501953125 1.3998565673828125 3.0999999046325684
    vertex -2.2505645751953125 0.9999542236328125 3.0999999046325684
    vertex -2.1175537109375 1.3998641967773438 3.0999999046325684
  endloop
endfacet
facet normal 0.0 0.0 0.0
  outer loop
    vertex -2.1175537109375 1.3998641967773438 3.0999999046325684
    vertex -2.2505645751953125 0.9999542236328125 3.0999999046325684
    vertex -3.4505615234375 0.9999542236328125 3.0999999046325684
  endloop
endfacet
facet normal 0.0 0.0 0.0
  outer loop
    vertex 1.250244140625 1.3998069763183594 4.199999809265137
    vertex 4.6492462158203125 1.2000656127929688 4.199999809265137
    vertex 4.45074462890625 1.3997535705566406 4.199999809265137
  endloop
endfacet
facet normal 0.0 0.0 0.0
  outer loop
    vertex 4.45074462890625 1.3997535705566406 4.199999809265137
    vertex 4.6492462158203125 1.2000656127929688 4.199999809265137
    vertex 4.6452484130859375 1.2447242736816406 4.199999809265137
  endloop
endfacet
facet normal 0.0 0.0 0.0
  outer loop
    vertex 4.45074462890625 1.3997535705566406 4.199999809265137
    vertex 4.6452484130859375 1.2447242736816406 4.199999809265137
    vertex 4.63104248046875 1.2872848510742188 4.199999809265137
  endloop
endfacet
facet normal 0.0 0.0 0.0
  outer loop
    vertex 1.250244140625 2.1988868713378906 4.199999809265137
    vertex -1.2505645751953125 1.3998565673828125 4.199999809265137
    vertex 1.250244140625 1.3998069763183594 4.199999809265137
  endloop
endfacet
facet normal 0.0 0.0 0.0
  outer loop
    vertex 1.250244140625 1.3998069763183594 4.199999809265137
    vertex -1.2505645751953125 1.3998565673828125 4.199999809265137
    vertex 4.4494476318359375 -2.400043487548828 4.199999809265137
  endloop
endfacet
facet normal 0.0 0.0 0.0
  outer loop
    vertex 1.250244140625 1.3998069763183594 4.199999809265137
    vertex 4.4494476318359375 -2.400043487548828 4.199999809265137
    vertex 4.6492462158203125 -2.200664520263672 4.199999809265137
  endloop
endfacet
facet normal 0.0 0.0 0.0
  outer loop
    vertex 4.6492462158203125 -2.200664520263672 4.199999809265137
    vertex 4.4494476318359375 -2.400043487548828 4.199999809265137
    vertex 4.6261444091796875 -2.254444122314453 4.199999809265137
  endloop
endfacet
facet normal 0.0 0.0 0.0
  outer loop
    vertex 4.6261444091796875 -2.254444122314453 4.199999809265137
    vertex 4.4494476318359375 -2.400043487548828 4.199999809265137
    vertex 4.5932464599609375 -2.3028831481933594 4.199999809265137
  endloop
endfacet
facet normal 0.0 0.0 0.0
  outer loop
    vertex 4.5932464599609375 -2.3028831481933594 4.199999809265137
    vertex 4.4494476318359375 -2.400043487548828 4.199999809265137
    vertex 4.5517425537109375 -2.3442344665527344 4.199999809265137
  endloop
endfacet
facet normal 0.0 0.0 0.0
  outer loop
    vertex 4.5517425537109375 -2.3442344665527344 4.199999809265137
    vertex 4.4494476318359375 -2.400043487548828 4.199999809265137
    vertex 4.50323486328125 -2.37701416015625 4.199999809265137
  endloop
endfacet
facet normal 0.0 0.0 0.0
  outer loop
    vertex 1.24493408203125 2.244823455810547 4.199999809265137
    vertex 1.040740966796875 2.400043487548828 4.199999809265137
    vertex 1.250244140625 2.1988868713378906 4.199999809265137
  endloop
endfacet
facet normal 0.0 0.0 0.0
  outer loop
    vertex 1.250244140625 2.1988868713378906 4.199999809265137
    vertex 1.040740966796875 2.400043487548828 4.199999809265137
    vertex -1.0505523681640625 2.400043487548828 4.199999809265137
  endloop
endfacet
facet normal 0.0 0.0 0.0
  outer loop
    vertex 1.250244140625 2.1988868713378906 4.199999809265137
    vertex -1.0505523681640625 2.400043487548828 4.199999809265137
    vertex -1.2505645751953125 2.2001266479492188 4.199999809265137
  endloop
endfacet
facet normal 0.0 0.0 0.0
  outer loop
    vertex -1.2505645751953125 2.2001266479492188 4.199999809265137
    vertex -1.0505523681640625 2.400043487548828 4.199999809265137
    vertex -1.2437591552734375 2.2518768310546875 4.199999809265137
  endloop
endfacet
facet normal 0.0 0.0 0.0
  outer loop
    vertex -1.2437591552734375 2.2518768310546875 4.199999809265137
    vertex -1.0505523681640625 2.400043487548828 4.199999809265137
    vertex -1.2237548828125 2.3001060485839844 4.199999809265137
  endloop
endfacet
facet normal 0.0 0.0 0.0
  outer loop
    vertex -1.2237548828125 2.3001060485839844 4.199999809265137
    vertex -1.0505523681640625 2.400043487548828 4.199999809265137
    vertex -1.19195556640625 2.3415069580078125 4.199999809265137
  endloop
endfacet
facet normal 0.0 0.0 0.0
  outer loop
    vertex -1.19195556640625 2.3415069580078125 4.199999809265137
    vertex -1.0505523681640625 2.400043487548828 4.199999809265137
    vertex -1.1505584716796875 2.3732757568359375 4.199999809265137
  endloop
endfacet
facet normal 0.0 0.0 0.0
  outer loop
    vertex -1.1505584716796875 2.3732757568359375 4.199999809265137
    vertex -1.0505523681640625 2.400043487548828 4.199999809265137
    vertex -1.10235595703125 2.3932456970214844 4.199999809265137
  endloop
endfacet
facet normal 0.0 0.0 0.0
  outer loop
    vertex 1.24493408203125 2.244823455810547 4.199999809265137
    vertex 1.229339599609375 2.2883453369140625 4.199999809265137
    vertex 1.040740966796875 2.400043487548828 4.199999809265137
  endloop
endfacet
facet normal 0.0 0.0 0.0
  outer loop
    vertex 1.040740966796875 2.400043487548828 4.199999809265137
    vertex 1.229339599609375 2.2883453369140625 4.199999809265137
    vertex 1.2041473388671875 2.3271446228027344 4.199999809265137
  endloop
endfacet
facet normal 0.0 0.0 0.0
  outer loop
    vertex 1.040740966796875 2.400043487548828 4.199999809265137
    vertex 1.2041473388671875 2.3271446228027344 4.199999809265137
    vertex 1.170745849609375 2.3591766357421875 4.199999809265137
  endloop
endfacet
facet normal 0.0 0.0 0.0
  outer loop
    vertex 1.170745849609375 2.3591766357421875 4.199999809265137
    vertex 1.1309356689453125 2.3827438354492188 4.199999809265137
    vertex 1.040740966796875 2.400043487548828 4.199999809265137
  endloop
endfacet
facet normal 0.0 0.0 0.0
  outer loop
    vertex 1.040740966796875 2.400043487548828 4.199999809265137
    vertex 1.1309356689453125 2.3827438354492188 4.199999809265137
    vertex 1.0868377685546875 2.3966140747070312 4.199999809265137
  endloop
endfacet
facet normal 0.0 0.0 0.0
  outer loop
    vertex -1.2505645751953125 2.2001266479492188 4.199999809265137
    vertex -1.2505645751953125 1.3998565673828125 4.199999809265137
    vertex 1.250244140625 2.1988868713378906 4.199999809265137
  endloop
endfacet
facet normal 0.0 0.0 0.0
  outer loop
    vertex -4.4504547119140625 1.3999061584472656 4.199999809265137
    vertex -4.649261474609375 1.2041549682617188 4.199999809265137
    vertex -1.2505645751953125 1.3998565673828125 4.199999809265137
  endloop
endfacet
facet normal 0.0 0.0 0.0
  outer loop
    vertex -1.2505645751953125 1.3998565673828125 4.199999809265137
    vertex -4.649261474609375 1.2041549682617188 4.199999809265137
    vertex -4.649261474609375 -2.2008438110351562 4.199999809265137
  endloop
endfacet
facet normal 0.0 0.0 0.0
  outer loop
    vertex -1.2505645751953125 1.3998565673828125 4.199999809265137
    vertex -4.649261474609375 -2.2008438110351562 4.199999809265137
    vertex -4.4505615234375 -2.400043487548828 4.199999809265137
  endloop
endfacet
facet normal 0.0 0.0 0.0
  outer loop
    vertex -4.4505615234375 -2.400043487548828 4.199999809265137
    vertex -4.649261474609375 -2.2008438110351562 4.199999809265137
    vertex -4.6375579833984375 -2.2498130798339844 4.199999809265137
  endloop
endfacet
facet normal 0.0 0.0 0.0
  outer loop
    vertex -4.4505615234375 -2.400043487548828 4.199999809265137
    vertex -4.6375579833984375 -2.2498130798339844 4.199999809265137
    vertex -4.6153564453125 -2.295055389404297 4.199999809265137
  endloop
endfacet
facet normal 0.0 0.0 0.0
  outer loop
    vertex -4.505157470703125 1.3795166015625 4.199999809265137
    vertex -4.554351806640625 1.3481636047363281 4.199999809265137
    vertex -4.4504547119140625 1.3999061584472656 4.199999809265137
  endloop
endfacet
facet normal 0.0 0.0 0.0
  outer loop
    vertex -4.4504547119140625 1.3999061584472656 4.199999809265137
    vertex -4.554351806640625 1.3481636047363281 4.199999809265137
    vertex -4.5959625244140625 1.3072242736816406 4.199999809265137
  endloop
endfacet
facet normal 0.0 0.0 0.0
  outer loop
    vertex -4.4504547119140625 1.3999061584472656 4.199999809265137
    vertex -4.5959625244140625 1.3072242736816406 4.199999809265137
    vertex -4.6280517578125 1.2585067749023438 4.199999809265137
  endloop
endfacet
facet normal 0.0 0.0 0.0
  outer loop
    vertex -4.6280517578125 1.2585067749023438 4.199999809265137
    vertex -4.649261474609375 1.2041549682617188 4.199999809265137
    vertex -4.4504547119140625 1.3999061584472656 4.199999809265137
  endloop
endfacet
facet normal 0.0 0.0 0.0
  outer loop
    vertex -4.6153564453125 -2.295055389404297 4.199999809265137
    vertex -4.583953857421875 -2.3343963623046875 4.199999809265137
    vertex -4.4505615234375 -2.400043487548828 4.199999809265137
  endloop
endfacet
facet normal 0.0 0.0 0.0
  outer loop
    vertex -4.4505615234375 -2.400043487548828 4.199999809265137
    vertex -4.583953857421875 -2.3343963623046875 4.199999809265137
    vertex -4.5446624755859375 -2.365936279296875 4.199999809265137
  endloop
endfacet
facet normal 0.0 0.0 0.0
  outer loop
    vertex -4.4505615234375 -2.400043487548828 4.199999809265137
    vertex -4.5446624755859375 -2.365936279296875 4.199999809265137
    vertex -4.4994659423828125 -2.3881759643554688 4.199999809265137
  endloop
endfacet
facet normal 0.0 0.0 0.0
  outer loop
    vertex -4.4505615234375 -2.400043487548828 4.199999809265137
    vertex 4.4494476318359375 -2.400043487548828 4.199999809265137
    vertex -1.2505645751953125 1.3998565673828125 4.199999809265137
  endloop
endfacet
facet normal 0.0 0.0 0.0
  outer loop
    vertex 4.6492462158203125 -2.200664520263672 4.199999809265137
    vertex 4.6492462158203125 1.2000656127929688 4.199999809265137
    vertex 1.250244140625 1.3998069763183594 4.199999809265137
  endloop
endfacet
facet normal 0.0 0.0 0.0
  outer loop
    vertex 4.63104248046875 1.2872848510742188 4.199999809265137
    vertex 4.6075439453125 1.3254737854003906 4.199999809265137
    vertex 4.45074462890625 1.3997535705566406 4.199999809265137
  endloop
endfacet
facet normal 0.0 0.0 0.0
  outer loop
    vertex 4.45074462890625 1.3997535705566406 4.199999809265137
    vertex 4.6075439453125 1.3254737854003906 4.199999809265137
    vertex 4.5759429931640625 1.3572845458984375 4.199999809265137
  endloop
endfacet
facet normal 0.0 0.0 0.0
  outer loop
    vertex 4.45074462890625 1.3997535705566406 4.199999809265137
    vertex 4.5759429931640625 1.3572845458984375 4.199999809265137
    vertex 4.537841796875 1.3810157775878906 4.199999809265137
  endloop
endfacet
facet normal 0.0 0.0 0.0
  outer loop
    vertex 4.537841796875 1.3810157775878906 4.199999809265137
    vertex 4.4953460693359375 1.3954353332519531 4.199999809265137
    vertex 4.45074462890625 1.3997535705566406 4.199999809265137
  endloop
endfacet
facet normal 0.0 0.0 0.0
  outer loop
    vertex 2.9494476318359375 0.4999542236328125 0.0
    vertex 2.7494354248046875 -1.5000457763671875 0.0
    vertex 2.7494354248046875 0.4999542236328125 0.0
  endloop
endfacet
facet normal 0.0 0.0 0.0
  outer loop
    vertex 2.9494476318359375 -1.5000457763671875 0.0
    vertex 2.7494354248046875 -1.5000457763671875 0.0
    vertex 2.9494476318359375 0.4999542236328125 0.0
  endloop
endfacet
facet normal 0.0 0.0 0.0
  outer loop
    vertex 2.2494354248046875 -2.0000457763671875 0.4999997615814209
    vertex 3.4470367431640625 -1.9976348876953125 0.4509897232055664
    vertex 3.4494476318359375 -2.0000457763671875 0.4999997615814209
  endloop
endfacet
facet normal 0.0 0.0 0.0
  outer loop
    vertex 2.2518463134765625 -1.9976348876953125 0.4509897232055664
    vertex 3.4470367431640625 -1.9976348876953125 0.4509897232055664
    vertex 2.2494354248046875 -2.0000457763671875 0.4999997615814209
  endloop
endfacet
facet normal 0.0 0.0 0.0
  outer loop
    vertex 2.2518463134765625 -1.9976348876953125 0.4509897232055664
    vertex 3.4398345947265625 -1.9904365539550781 0.4024498462677002
    vertex 3.4470367431640625 -1.9976348876953125 0.4509897232055664
  endloop
endfacet
facet normal 0.0 0.0 0.0
  outer loop
    vertex 2.2590484619140625 -1.9904365539550781 0.4024498462677002
    vertex 3.4398345947265625 -1.9904365539550781 0.4024498462677002
    vertex 2.2518463134765625 -1.9976348876953125 0.4509897232055664
  endloop
endfacet
facet normal 0.0 0.0 0.0
  outer loop
    vertex 2.28753662109375 -1.9619865417480469 0.30865979194641113
    vertex 3.4398345947265625 -1.9904365539550781 0.4024498462677002
    vertex 2.2590484619140625 -1.9904365539550781 0.4024498462677002
  endloop
endfacet
facet normal 0.0 0.0 0.0
  outer loop
    vertex 2.28753662109375 -1.9619865417480469 0.30865979194641113
    vertex 3.41143798828125 -1.9619865417480469 0.30865979194641113
    vertex 3.4398345947265625 -1.9904365539550781 0.4024498462677002
  endloop
endfacet
facet normal 0.0 0.0 0.0
  outer loop
    vertex 2.333740234375 -1.9157752990722656 0.22220969200134277
    vertex 3.41143798828125 -1.9619865417480469 0.30865979194641113
    vertex 2.28753662109375 -1.9619865417480469 0.30865979194641113
  endloop
endfacet
facet normal 0.0 0.0 0.0
  outer loop
    vertex 2.333740234375 -1.9157752990722656 0.22220969200134277
    vertex 3.365142822265625 -1.9157752990722656 0.22220969200134277
    vertex 3.41143798828125 -1.9619865417480469 0.30865979194641113
  endloop
endfacet
facet normal 0.0 0.0 0.0
  outer loop
    vertex 2.333740234375 -1.9157752990722656 0.22220969200134277
    vertex 3.30303955078125 -1.8535957336425781 0.14645004272460938
    vertex 3.365142822265625 -1.9157752990722656 0.22220969200134277
  endloop
endfacet
facet normal 0.0 0.0 0.0
  outer loop
    vertex 2.39593505859375 -1.8535957336425781 0.14645004272460938
    vertex 3.30303955078125 -1.8535957336425781 0.14645004272460938
    vertex 2.333740234375 -1.9157752990722656 0.22220969200134277
  endloop
endfacet
facet normal 0.0 0.0 0.0
  outer loop
    vertex 2.39593505859375 -1.8535957336425781 0.14645004272460938
    vertex 3.22723388671875 -1.7778358459472656 0.08427000045776367
    vertex 3.30303955078125 -1.8535957336425781 0.14645004272460938
  endloop
endfacet
facet normal 0.0 0.0 0.0
  outer loop
    vertex 2.4716339111328125 -1.7778358459472656 0.08427000045776367
    vertex 3.22723388671875 -1.7778358459472656 0.08427000045776367
    vertex 2.39593505859375 -1.8535957336425781 0.14645004272460938
  endloop
endfacet
facet normal 0.0 0.0 0.0
  outer loop
    vertex 2.558135986328125 -1.6913833618164062 0.03805971145629883
    vertex 3.22723388671875 -1.7778358459472656 0.08427000045776367
    vertex 2.4716339111328125 -1.7778358459472656 0.08427000045776367
  endloop
endfacet
facet normal 0.0 0.0 0.0
  outer loop
    vertex 2.558135986328125 -1.6913833618164062 0.03805971145629883
    vertex 3.140838623046875 -1.6913833618164062 0.03805971145629883
    vertex 3.22723388671875 -1.7778358459472656 0.08427000045776367
  endloop
endfacet
facet normal 0.0 0.0 0.0
  outer loop
    vertex 2.651947021484375 -1.59759521484375 0.009609699249267578
    vertex 3.140838623046875 -1.6913833618164062 0.03805971145629883
    vertex 2.558135986328125 -1.6913833618164062 0.03805971145629883
  endloop
endfacet
facet normal 0.0 0.0 0.0
  outer loop
    vertex 2.651947021484375 -1.59759521484375 0.009609699249267578
    vertex 3.0470428466796875 -1.59759521484375 0.009609699249267578
    vertex 3.140838623046875 -1.6913833618164062 0.03805971145629883
  endloop
endfacet
facet normal 0.0 0.0 0.0
  outer loop
    vertex 2.651947021484375 -1.59759521484375 0.009609699249267578
    vertex 2.9494476318359375 -1.5000457763671875 0.0
    vertex 3.0470428466796875 -1.59759521484375 0.009609699249267578
  endloop
endfacet
facet normal 0.0 0.0 0.0
  outer loop
    vertex 2.7494354248046875 -1.5000457763671875 0.0
    vertex 2.9494476318359375 -1.5000457763671875 0.0
    vertex 2.651947021484375 -1.59759521484375 0.009609699249267578
  endloop
endfacet
facet normal 0.0 0.0 0.0
  outer loop
    vertex 3.4494476318359375 -2.0000457763671875 0.4999997615814209
    vertex 3.4470367431640625 0.9975433349609375 0.4509897232055664
    vertex 3.4494476318359375 0.9999542236328125 0.4999997615814209
  endloop
endfacet
facet normal 0.0 0.0 0.0
  outer loop
    vertex 3.4470367431640625 -1.9976348876953125 0.4509897232055664
    vertex 3.4470367431640625 0.9975433349609375 0.4509897232055664
    vertex 3.4494476318359375 -2.0000457763671875 0.4999997615814209
  endloop
endfacet
facet normal 0.0 0.0 0.0
  outer loop
    vertex 3.4470367431640625 -1.9976348876953125 0.4509897232055664
    vertex 3.4398345947265625 0.9903450012207031 0.4024498462677002
    vertex 3.4470367431640625 0.9975433349609375 0.4509897232055664
  endloop
endfacet
facet normal 0.0 0.0 0.0
  outer loop
    vertex 3.4398345947265625 -1.9904365539550781 0.4024498462677002
    vertex 3.4398345947265625 0.9903450012207031 0.4024498462677002
    vertex 3.4470367431640625 -1.9976348876953125 0.4509897232055664
  endloop
endfacet
facet normal 0.0 0.0 0.0
  outer loop
    vertex 3.41143798828125 -1.9619865417480469 0.30865979194641113
    vertex 3.4398345947265625 0.9903450012207031 0.4024498462677002
    vertex 3.4398345947265625 -1.9904365539550781 0.4024498462677002
  endloop
endfacet
facet normal 0.0 0.0 0.0
  outer loop
    vertex 3.41143798828125 -1.9619865417480469 0.30865979194641113
    vertex 3.41143798828125 0.9618949890136719 0.30865979194641113
    vertex 3.4398345947265625 0.9903450012207031 0.4024498462677002
  endloop
endfacet
facet normal 0.0 0.0 0.0
  outer loop
    vertex 3.365142822265625 -1.9157752990722656 0.22220969200134277
    vertex 3.41143798828125 0.9618949890136719 0.30865979194641113
    vertex 3.41143798828125 -1.9619865417480469 0.30865979194641113
  endloop
endfacet
facet normal 0.0 0.0 0.0
  outer loop
    vertex 3.365142822265625 -1.9157752990722656 0.22220969200134277
    vertex 3.365142822265625 0.9156837463378906 0.22220969200134277
    vertex 3.41143798828125 0.9618949890136719 0.30865979194641113
  endloop
endfacet
facet normal 0.0 0.0 0.0
  outer loop
    vertex 3.365142822265625 -1.9157752990722656 0.22220969200134277
    vertex 3.30303955078125 0.8535041809082031 0.14645004272460938
    vertex 3.365142822265625 0.9156837463378906 0.22220969200134277
  endloop
endfacet
facet normal 0.0 0.0 0.0
  outer loop
    vertex 3.30303955078125 -1.8535957336425781 0.14645004272460938
    vertex 3.30303955078125 0.8535041809082031 0.14645004272460938
    vertex 3.365142822265625 -1.9157752990722656 0.22220969200134277
  endloop
endfacet
facet normal 0.0 0.0 0.0
  outer loop
    vertex 3.30303955078125 -1.8535957336425781 0.14645004272460938
    vertex 3.22723388671875 0.7777442932128906 0.08427000045776367
    vertex 3.30303955078125 0.8535041809082031 0.14645004272460938
  endloop
endfacet
facet normal 0.0 0.0 0.0
  outer loop
    vertex 3.22723388671875 -1.7778358459472656 0.08427000045776367
    vertex 3.22723388671875 0.7777442932128906 0.08427000045776367
    vertex 3.30303955078125 -1.8535957336425781 0.14645004272460938
  endloop
endfacet
facet normal 0.0 0.0 0.0
  outer loop
    vertex 3.140838623046875 -1.6913833618164062 0.03805971145629883
    vertex 3.22723388671875 0.7777442932128906 0.08427000045776367
    vertex 3.22723388671875 -1.7778358459472656 0.08427000045776367
  endloop
endfacet
facet normal 0.0 0.0 0.0
  outer loop
    vertex 3.140838623046875 -1.6913833618164062 0.03805971145629883
    vertex 3.140838623046875 0.6912956237792969 0.03805971145629883
    vertex 3.22723388671875 0.7777442932128906 0.08427000045776367
  endloop
endfacet
facet normal 0.0 0.0 0.0
  outer loop
    vertex 3.0470428466796875 -1.59759521484375 0.009609699249267578
    vertex 3.140838623046875 0.6912956237792969 0.03805971145629883
    vertex 3.140838623046875 -1.6913833618164062 0.03805971145629883
  endloop
endfacet
facet normal 0.0 0.0 0.0
  outer loop
    vertex 3.0470428466796875 -1.59759521484375 0.009609699249267578
    vertex 3.0470428466796875 0.597503662109375 0.009609699249267578
    vertex 3.140838623046875 0.6912956237792969 0.03805971145629883
  endloop
endfacet
facet normal 0.0 0.0 0.0
  outer loop
    vertex 3.0470428466796875 -1.59759521484375 0.009609699249267578
    vertex 2.9494476318359375 0.4999542236328125 0.0
    vertex 3.0470428466796875 0.597503662109375 0.009609699249267578
  endloop
endfacet
facet normal 0.0 0.0 0.0
  outer loop
    vertex 2.9494476318359375 -1.5000457763671875 0.0
    vertex 2.9494476318359375 0.4999542236328125 0.0
    vertex 3.0470428466796875 -1.59759521484375 0.009609699249267578
  endloop
endfacet
facet normal 0.0 0.0 0.0
  outer loop
    vertex 3.4494476318359375 0.9999542236328125 0.4999997615814209
    vertex 2.2518463134765625 0.9975433349609375 0.4509897232055664
    vertex 2.2494354248046875 0.9999542236328125 0.4999997615814209
  endloop
endfacet
facet normal 0.0 0.0 0.0
  outer loop
    vertex 3.4470367431640625 0.9975433349609375 0.4509897232055664
    vertex 2.2518463134765625 0.9975433349609375 0.4509897232055664
    vertex 3.4494476318359375 0.9999542236328125 0.4999997615814209
  endloop
endfacet
facet normal 0.0 0.0 0.0
  outer loop
    vertex 3.4470367431640625 0.9975433349609375 0.4509897232055664
    vertex 2.2590484619140625 0.9903450012207031 0.4024498462677002
    vertex 2.2518463134765625 0.9975433349609375 0.4509897232055664
  endloop
endfacet
facet normal 0.0 0.0 0.0
  outer loop
    vertex 3.4398345947265625 0.9903450012207031 0.4024498462677002
    vertex 2.2590484619140625 0.9903450012207031 0.4024498462677002
    vertex 3.4470367431640625 0.9975433349609375 0.4509897232055664
  endloop
endfacet
facet normal 0.0 0.0 0.0
  outer loop
    vertex 3.41143798828125 0.9618949890136719 0.30865979194641113
    vertex 2.2590484619140625 0.9903450012207031 0.4024498462677002
    vertex 3.4398345947265625 0.9903450012207031 0.4024498462677002
  endloop
endfacet
facet normal 0.0 0.0 0.0
  outer loop
    vertex 3.41143798828125 0.9618949890136719 0.30865979194641113
    vertex 2.28753662109375 0.9618949890136719 0.30865979194641113
    vertex 2.2590484619140625 0.9903450012207031 0.4024498462677002
  endloop
endfacet
facet normal 0.0 0.0 0.0
  outer loop
    vertex 3.365142822265625 0.9156837463378906 0.22220969200134277
    vertex 2.28753662109375 0.9618949890136719 0.30865979194641113
    vertex 3.41143798828125 0.9618949890136719 0.30865979194641113
  endloop
endfacet
facet normal 0.0 0.0 0.0
  outer loop
    vertex 3.365142822265625 0.9156837463378906 0.22220969200134277
    vertex 2.333740234375 0.9156837463378906 0.22220969200134277
    vertex 2.28753662109375 0.9618949890136719 0.30865979194641113
  endloop
endfacet
facet normal 0.0 0.0 0.0
  outer loop
    vertex 3.365142822265625 0.9156837463378906 0.22220969200134277
    vertex 2.39593505859375 0.8535041809082031 0.14645004272460938
    vertex 2.333740234375 0.9156837463378906 0.22220969200134277
  endloop
endfacet
facet normal 0.0 0.0 0.0
  outer loop
    vertex 3.30303955078125 0.8535041809082031 0.14645004272460938
    vertex 2.39593505859375 0.8535041809082031 0.14645004272460938
    vertex 3.365142822265625 0.9156837463378906 0.22220969200134277
  endloop
endfacet
facet normal 0.0 0.0 0.0
  outer loop
    vertex 3.30303955078125 0.8535041809082031 0.14645004272460938
    vertex 2.4716339111328125 0.7777442932128906 0.08427000045776367
    vertex 2.39593505859375 0.8535041809082031 0.14645004272460938
  endloop
endfacet
facet normal 0.0 0.0 0.0
  outer loop
    vertex 3.22723388671875 0.7777442932128906 0.08427000045776367
    vertex 2.4716339111328125 0.7777442932128906 0.08427000045776367
    vertex 3.30303955078125 0.8535041809082031 0.14645004272460938
  endloop
endfacet
facet normal 0.0 0.0 0.0
  outer loop
    vertex 3.140838623046875 0.6912956237792969 0.03805971145629883
    vertex 2.4716339111328125 0.7777442932128906 0.08427000045776367
    vertex 3.22723388671875 0.7777442932128906 0.08427000045776367
  endloop
endfacet
facet normal 0.0 0.0 0.0
  outer loop
    vertex 3.140838623046875 0.6912956237792969 0.03805971145629883
    vertex 2.558135986328125 0.6912956237792969 0.03805971145629883
    vertex 2.4716339111328125 0.7777442932128906 0.08427000045776367
  endloop
endfacet
facet normal 0.0 0.0 0.0
  outer loop
    vertex 3.0470428466796875 0.597503662109375 0.009609699249267578
    vertex 2.558135986328125 0.6912956237792969 0.03805971145629883
    vertex 3.140838623046875 0.6912956237792969 0.03805971145629883
  endloop
endfacet
facet normal 0.0 0.0 0.0
  outer loop
    vertex 3.0470428466796875 0.597503662109375 0.009609699249267578
    vertex 2.651947021484375 0.597503662109375 0.009609699249267578
    vertex 2.558135986328125 0.6912956237792969 0.03805971145629883
  endloop
endfacet
facet normal 0.0 0.0 0.0
  outer loop
    vertex 3.0470428466796875 0.597503662109375 0.009609699249267578
    vertex 2.7494354248046875 0.4999542236328125 0.0
    vertex 2.651947021484375 0.597503662109375 0.009609699249267578
  endloop
endfacet
facet normal 0.0 0.0 0.0
  outer loop
    vertex 2.9494476318359375 0.4999542236328125 0.0
    vertex 2.7494354248046875 0.4999542236328125 0.0
    vertex 3.0470428466796875 0.597503662109375 0.009609699249267578
  endloop
endfacet
facet normal 0.0 0.0 0.0
  outer loop
    vertex 2.2494354248046875 0.9999542236328125 0.4999997615814209
    vertex 2.2518463134765625 -1.9976348876953125 0.4509897232055664
    vertex 2.2494354248046875 -2.0000457763671875 0.4999997615814209
  endloop
endfacet
facet normal 0.0 0.0 0.0
  outer loop
    vertex 2.2518463134765625 0.9975433349609375 0.4509897232055664
    vertex 2.2518463134765625 -1.9976348876953125 0.4509897232055664
    vertex 2.2494354248046875 0.9999542236328125 0.4999997615814209
  endloop
endfacet
facet normal 0.0 0.0 0.0
  outer loop
    vertex 2.2518463134765625 0.9975433349609375 0.4509897232055664
    vertex 2.2590484619140625 -1.9904365539550781 0.4024498462677002
    vertex 2.2518463134765625 -1.9976348876953125 0.4509897232055664
  endloop
endfacet
facet normal 0.0 0.0 0.0
  outer loop
    vertex 2.2590484619140625 0.9903450012207031 0.4024498462677002
    vertex 2.2590484619140625 -1.9904365539550781 0.4024498462677002
    vertex 2.2518463134765625 0.9975433349609375 0.4509897232055664
  endloop
endfacet
facet normal 0.0 0.0 0.0
  outer loop
    vertex 2.28753662109375 0.9618949890136719 0.30865979194641113
    vertex 2.2590484619140625 -1.9904365539550781 0.4024498462677002
    vertex 2.2590484619140625 0.9903450012207031 0.4024498462677002
  endloop
endfacet
facet normal 0.0 0.0 0.0
  outer loop
    vertex 2.28753662109375 0.9618949890136719 0.30865979194641113
    vertex 2.28753662109375 -1.9619865417480469 0.30865979194641113
    vertex 2.2590484619140625 -1.9904365539550781 0.4024498462677002
  endloop
endfacet
facet normal 0.0 0.0 0.0
  outer loop
    vertex 2.333740234375 0.9156837463378906 0.22220969200134277
    vertex 2.28753662109375 -1.9619865417480469 0.30865979194641113
    vertex 2.28753662109375 0.9618949890136719 0.30865979194641113
  endloop
endfacet
facet normal 0.0 0.0 0.0
  outer loop
    vertex 2.333740234375 0.9156837463378906 0.22220969200134277
    vertex 2.333740234375 -1.9157752990722656 0.22220969200134277
    vertex 2.28753662109375 -1.9619865417480469 0.30865979194641113
  endloop
endfacet
facet normal 0.0 0.0 0.0
  outer loop
    vertex 2.333740234375 0.9156837463378906 0.22220969200134277
    vertex 2.39593505859375 -1.8535957336425781 0.14645004272460938
    vertex 2.333740234375 -1.9157752990722656 0.22220969200134277
  endloop
endfacet
facet normal 0.0 0.0 0.0
  outer loop
    vertex 2.39593505859375 0.8535041809082031 0.14645004272460938
    vertex 2.39593505859375 -1.8535957336425781 0.14645004272460938
    vertex 2.333740234375 0.9156837463378906 0.22220969200134277
  endloop
endfacet
facet normal 0.0 0.0 0.0
  outer loop
    vertex 2.39593505859375 0.8535041809082031 0.14645004272460938
    vertex 2.4716339111328125 -1.7778358459472656 0.08427000045776367
    vertex 2.39593505859375 -1.8535957336425781 0.14645004272460938
  endloop
endfacet
facet normal 0.0 0.0 0.0
  outer loop
    vertex 2.4716339111328125 0.7777442932128906 0.08427000045776367
    vertex 2.4716339111328125 -1.7778358459472656 0.08427000045776367
    vertex 2.39593505859375 0.8535041809082031 0.14645004272460938
  endloop
endfacet
facet normal 0.0 0.0 0.0
  outer loop
    vertex 2.558135986328125 0.6912956237792969 0.03805971145629883
    vertex 2.4716339111328125 -1.7778358459472656 0.08427000045776367
    vertex 2.4716339111328125 0.7777442932128906 0.08427000045776367
  endloop
endfacet
facet normal 0.0 0.0 0.0
  outer loop
    vertex 2.558135986328125 0.6912956237792969 0.03805971145629883
    vertex 2.558135986328125 -1.6913833618164062 0.03805971145629883
    vertex 2.4716339111328125 -1.7778358459472656 0.08427000045776367
  endloop
endfacet
facet normal 0.0 0.0 0.0
  outer loop
    vertex 2.651947021484375 0.597503662109375 0.009609699249267578
    vertex 2.558135986328125 -1.6913833618164062 0.03805971145629883
    vertex 2.558135986328125 0.6912956237792969 0.03805971145629883
  endloop
endfacet
facet normal 0.0 0.0 0.0
  outer loop
    vertex 2.651947021484375 0.597503662109375 0.009609699249267578
    vertex 2.651947021484375 -1.59759521484375 0.009609699249267578
    vertex 2.558135986328125 -1.6913833618164062 0.03805971145629883
  endloop
endfacet
facet normal 0.0 0.0 0.0
  outer loop
    vertex 2.651947021484375 0.597503662109375 0.009609699249267578
    vertex 2.7494354248046875 -1.5000457763671875 0.0
    vertex 2.651947021484375 -1.59759521484375 0.009609699249267578
  endloop
endfacet
facet normal 0.0 0.0 0.0
  outer loop
    vertex 2.7494354248046875 0.4999542236328125 0.0
    vertex 2.7494354248046875 -1.5000457763671875 0.0
    vertex 2.651947021484375 0.597503662109375 0.009609699249267578
  endloop
endfacet
facet normal 0.0 0.0 0.0
  outer loop
    vertex -2.2505645751953125 -2.0000457763671875 0.4999997615814209
    vertex -2.252960205078125 0.9975433349609375 0.4509897232055664
    vertex -2.2505645751953125 0.9999542236328125 0.4999997615814209
  endloop
endfacet
facet normal 0.0 0.0 0.0
  outer loop
    vertex -2.252960205078125 -1.9976348876953125 0.4509897232055664
    vertex -2.252960205078125 0.9975433349609375 0.4509897232055664
    vertex -2.2505645751953125 -2.0000457763671875 0.4999997615814209
  endloop
endfacet
facet normal 0.0 0.0 0.0
  outer loop
    vertex -2.252960205078125 -1.9976348876953125 0.4509897232055664
    vertex -2.260162353515625 0.9903450012207031 0.4024498462677002
    vertex -2.252960205078125 0.9975433349609375 0.4509897232055664
  endloop
endfacet
facet normal 0.0 0.0 0.0
  outer loop
    vertex -2.260162353515625 -1.9904365539550781 0.4024498462677002
    vertex -2.260162353515625 0.9903450012207031 0.4024498462677002
    vertex -2.252960205078125 -1.9976348876953125 0.4509897232055664
  endloop
endfacet
facet normal 0.0 0.0 0.0
  outer loop
    vertex -2.2885589599609375 -1.9619865417480469 0.30865979194641113
    vertex -2.260162353515625 0.9903450012207031 0.4024498462677002
    vertex -2.260162353515625 -1.9904365539550781 0.4024498462677002
  endloop
endfacet
facet normal 0.0 0.0 0.0
  outer loop
    vertex -2.2885589599609375 -1.9619865417480469 0.30865979194641113
    vertex -2.2885589599609375 0.9618949890136719 0.30865979194641113
    vertex -2.260162353515625 0.9903450012207031 0.4024498462677002
  endloop
endfacet
facet normal 0.0 0.0 0.0
  outer loop
    vertex -2.3348541259765625 -1.9157752990722656 0.22220969200134277
    vertex -2.2885589599609375 0.9618949890136719 0.30865979194641113
    vertex -2.2885589599609375 -1.9619865417480469 0.30865979194641113
  endloop
endfacet
facet normal 0.0 0.0 0.0
  outer loop
    vertex -2.3348541259765625 -1.9157752990722656 0.22220969200134277
    vertex -2.3348541259765625 0.9156837463378906 0.22220969200134277
    vertex -2.2885589599609375 0.9618949890136719 0.30865979194641113
  endloop
endfacet
facet normal 0.0 0.0 0.0
  outer loop
    vertex -2.3348541259765625 -1.9157752990722656 0.22220969200134277
    vertex -2.3969573974609375 0.8535041809082031 0.14645004272460938
    vertex -2.3348541259765625 0.9156837463378906 0.22220969200134277
  endloop
endfacet
facet normal 0.0 0.0 0.0
  outer loop
    vertex -2.3969573974609375 -1.8535957336425781 0.14645004272460938
    vertex -2.3969573974609375 0.8535041809082031 0.14645004272460938
    vertex -2.3348541259765625 -1.9157752990722656 0.22220969200134277
  endloop
endfacet
facet normal 0.0 0.0 0.0
  outer loop
    vertex -2.3969573974609375 -1.8535957336425781 0.14645004272460938
    vertex -2.4727630615234375 0.7777442932128906 0.08427000045776367
    vertex -2.3969573974609375 0.8535041809082031 0.14645004272460938
  endloop
endfacet
facet normal 0.0 0.0 0.0
  outer loop
    vertex -2.4727630615234375 -1.7778358459472656 0.08427000045776367
    vertex -2.4727630615234375 0.7777442932128906 0.08427000045776367
    vertex -2.3969573974609375 -1.8535957336425781 0.14645004272460938
  endloop
endfacet
facet normal 0.0 0.0 0.0
  outer loop
    vertex -2.5591583251953125 -1.6913833618164062 0.03805971145629883
    vertex -2.4727630615234375 0.7777442932128906 0.08427000045776367
    vertex -2.4727630615234375 -1.7778358459472656 0.08427000045776367
  endloop
endfacet
facet normal 0.0 0.0 0.0
  outer loop
    vertex -2.5591583251953125 -1.6913833618164062 0.03805971145629883
    vertex -2.5591583251953125 0.6912956237792969 0.03805971145629883
    vertex -2.4727630615234375 0.7777442932128906 0.08427000045776367
  endloop
endfacet
facet normal 0.0 0.0 0.0
  outer loop
    vertex -2.6529541015625 -1.59759521484375 0.009609699249267578
    vertex -2.5591583251953125 0.6912956237792969 0.03805971145629883
    vertex -2.5591583251953125 -1.6913833618164062 0.03805971145629883
  endloop
endfacet
facet normal 0.0 0.0 0.0
  outer loop
    vertex -2.6529541015625 -1.59759521484375 0.009609699249267578
    vertex -2.6529541015625 0.597503662109375 0.009609699249267578
    vertex -2.5591583251953125 0.6912956237792969 0.03805971145629883
  endloop
endfacet
facet normal 0.0 0.0 0.0
  outer loop
    vertex -2.6529541015625 -1.59759521484375 0.009609699249267578
    vertex -2.7505645751953125 0.4999542236328125 0.0
    vertex -2.6529541015625 0.597503662109375 0.009609699249267578
  endloop
endfacet
facet normal 0.0 0.0 0.0
  outer loop
    vertex -2.7505645751953125 -1.5000457763671875 0.0
    vertex -2.7505645751953125 0.4999542236328125 0.0
    vertex -2.6529541015625 -1.59759521484375 0.009609699249267578
  endloop
endfacet
facet normal 0.0 0.0 0.0
  outer loop
    vertex 2.2494354248046875 -2.0000457763671875 3.0999999046325684
    vertex 3.4494476318359375 -2.0000457763671875 0.4999997615814209
    vertex 3.4494476318359375 -2.0000457763671875 3.0999999046325684
  endloop
endfacet
facet normal 0.0 0.0 0.0
  outer loop
    vertex 2.2494354248046875 -2.0000457763671875 0.4999997615814209
    vertex 3.4494476318359375 -2.0000457763671875 0.4999997615814209
    vertex 2.2494354248046875 -2.0000457763671875 3.0999999046325684
  endloop
endfacet
facet normal 0.0 0.0 0.0
  outer loop
    vertex 3.4494476318359375 -2.0000457763671875 3.0999999046325684
    vertex 3.4494476318359375 0.9999542236328125 0.4999997615814209
    vertex 3.4494476318359375 0.9999542236328125 3.0999999046325684
  endloop
endfacet
facet normal 0.0 0.0 0.0
  outer loop
    vertex 3.4494476318359375 -2.0000457763671875 0.4999997615814209
    vertex 3.4494476318359375 0.9999542236328125 0.4999997615814209
    vertex 3.4494476318359375 -2.0000457763671875 3.0999999046325684
  endloop
endfacet
facet normal 0.0 0.0 0.0
  outer loop
    vertex 3.4494476318359375 0.9999542236328125 3.0999999046325684
    vertex 2.2494354248046875 0.9999542236328125 0.4999997615814209
    vertex 2.2494354248046875 0.9999542236328125 3.0999999046325684
  endloop
endfacet
facet normal 0.0 0.0 0.0
  outer loop
    vertex 3.4494476318359375 0.9999542236328125 0.4999997615814209
    vertex 2.2494354248046875 0.9999542236328125 0.4999997615814209
    vertex 3.4494476318359375 0.9999542236328125 3.0999999046325684
  endloop
endfacet
facet normal 0.0 0.0 0.0
  outer loop
    vertex 2.2494354248046875 0.9999542236328125 3.0999999046325684
    vertex 2.2494354248046875 -2.0000457763671875 0.4999997615814209
    vertex 2.2494354248046875 -2.0000457763671875 3.0999999046325684
  endloop
endfacet
facet normal 0.0 0.0 0.0
  outer loop
    vertex 2.2494354248046875 0.9999542236328125 0.4999997615814209
    vertex 2.2494354248046875 -2.0000457763671875 0.4999997615814209
    vertex 2.2494354248046875 0.9999542236328125 3.0999999046325684
  endloop
endfacet
facet normal 0.0 0.0 0.0
  outer loop
    vertex -2.7505645751953125 0.4999542236328125 0.0
    vertex -2.9505615234375 -1.5000457763671875 0.0
    vertex -2.9505615234375 0.4999542236328125 0.0
  endloop
endfacet
facet normal 0.0 0.0 0.0
  outer loop
    vertex -2.7505645751953125 -1.5000457763671875 0.0
    vertex -2.9505615234375 -1.5000457763671875 0.0
    vertex -2.7505645751953125 0.4999542236328125 0.0
  endloop
endfacet
facet normal 0.0 0.0 0.0
  outer loop
    vertex -3.4505615234375 -2.0000457763671875 0.4999997615814209
    vertex -2.252960205078125 -1.9976348876953125 0.4509897232055664
    vertex -2.2505645751953125 -2.0000457763671875 0.4999997615814209
  endloop
endfacet
facet normal 0.0 0.0 0.0
  outer loop
    vertex -3.4481658935546875 -1.9976348876953125 0.4509897232055664
    vertex -2.252960205078125 -1.9976348876953125 0.4509897232055664
    vertex -3.4505615234375 -2.0000457763671875 0.4999997615814209
  endloop
endfacet
facet normal 0.0 0.0 0.0
  outer loop
    vertex -3.4481658935546875 -1.9976348876953125 0.4509897232055664
    vertex -2.260162353515625 -1.9904365539550781 0.4024498462677002
    vertex -2.252960205078125 -1.9976348876953125 0.4509897232055664
  endloop
endfacet
facet normal 0.0 0.0 0.0
  outer loop
    vertex -3.4409637451171875 -1.9904365539550781 0.4024498462677002
    vertex -2.260162353515625 -1.9904365539550781 0.4024498462677002
    vertex -3.4481658935546875 -1.9976348876953125 0.4509897232055664
  endloop
endfacet
facet normal 0.0 0.0 0.0
  outer loop
    vertex -3.4124603271484375 -1.9619865417480469 0.30865979194641113
    vertex -2.260162353515625 -1.9904365539550781 0.4024498462677002
    vertex -3.4409637451171875 -1.9904365539550781 0.4024498462677002
  endloop
endfacet
facet normal 0.0 0.0 0.0
  outer loop
    vertex -3.4124603271484375 -1.9619865417480469 0.30865979194641113
    vertex -2.2885589599609375 -1.9619865417480469 0.30865979194641113
    vertex -2.260162353515625 -1.9904365539550781 0.4024498462677002
  endloop
endfacet
facet normal 0.0 0.0 0.0
  outer loop
    vertex -3.3662567138671875 -1.9157752990722656 0.22220969200134277
    vertex -2.2885589599609375 -1.9619865417480469 0.30865979194641113
    vertex -3.4124603271484375 -1.9619865417480469 0.30865979194641113
  endloop
endfacet
facet normal 0.0 0.0 0.0
  outer loop
    vertex -3.3662567138671875 -1.9157752990722656 0.22220969200134277
    vertex -2.3348541259765625 -1.9157752990722656 0.22220969200134277
    vertex -2.2885589599609375 -1.9619865417480469 0.30865979194641113
  endloop
endfacet
facet normal 0.0 0.0 0.0
  outer loop
    vertex -3.3662567138671875 -1.9157752990722656 0.22220969200134277
    vertex -2.3969573974609375 -1.8535957336425781 0.14645004272460938
    vertex -2.3348541259765625 -1.9157752990722656 0.22220969200134277
  endloop
endfacet
facet normal 0.0 0.0 0.0
  outer loop
    vertex -3.3040618896484375 -1.8535957336425781 0.14645004272460938
    vertex -2.3969573974609375 -1.8535957336425781 0.14645004272460938
    vertex -3.3662567138671875 -1.9157752990722656 0.22220969200134277
  endloop
endfacet
facet normal 0.0 0.0 0.0
  outer loop
    vertex -3.3040618896484375 -1.8535957336425781 0.14645004272460938
    vertex -2.4727630615234375 -1.7778358459472656 0.08427000045776367
    vertex -2.3969573974609375 -1.8535957336425781 0.14645004272460938
  endloop
endfacet
facet normal 0.0 0.0 0.0
  outer loop
    vertex -3.228363037109375 -1.7778358459472656 0.08427000045776367
    vertex -2.4727630615234375 -1.7778358459472656 0.08427000045776367
    vertex -3.3040618896484375 -1.8535957336425781 0.14645004272460938
  endloop
endfacet
facet normal 0.0 0.0 0.0
  outer loop
    vertex -3.1418609619140625 -1.6913833618164062 0.03805971145629883
    vertex -2.4727630615234375 -1.7778358459472656 0.08427000045776367
    vertex -3.228363037109375 -1.7778358459472656 0.08427000045776367
  endloop
endfacet
facet normal 0.0 0.0 0.0
  outer loop
    vertex -3.1418609619140625 -1.6913833618164062 0.03805971145629883
    vertex -2.5591583251953125 -1.6913833618164062 0.03805971145629883
    vertex -2.4727630615234375 -1.7778358459472656 0.08427000045776367
  endloop
endfacet
facet normal 0.0 0.0 0.0
  outer loop
    vertex -3.048065185546875 -1.59759521484375 0.009609699249267578
    vertex -2.5591583251953125 -1.6913833618164062 0.03805971145629883
    vertex -3.1418609619140625 -1.6913833618164062 0.03805971145629883
  endloop
endfacet
facet normal 0.0 0.0 0.0
  outer loop
    vertex -3.048065185546875 -1.59759521484375 0.009609699249267578
    vertex -2.6529541015625 -1.59759521484375 0.009609699249267578
    vertex -2.5591583251953125 -1.6913833618164062 0.03805971145629883
  endloop
endfacet
facet normal 0.0 0.0 0.0
  outer loop
    vertex -3.048065185546875 -1.59759521484375 0.009609699249267578
    vertex -2.7505645751953125 -1.5000457763671875 0.0
    vertex -2.6529541015625 -1.59759521484375 0.009609699249267578
  endloop
endfacet
facet normal 0.0 0.0 0.0
  outer loop
    vertex -2.9505615234375 -1.5000457763671875 0.0
    vertex -2.7505645751953125 -1.5000457763671875 0.0
    vertex -3.048065185546875 -1.59759521484375 0.009609699249267578
  endloop
endfacet
facet normal 0.0 0.0 0.0
  outer loop
    vertex -2.2505645751953125 0.9999542236328125 0.4999997615814209
    vertex -3.4481658935546875 0.9975433349609375 0.4509897232055664
    vertex -3.4505615234375 0.9999542236328125 0.4999997615814209
  endloop
endfacet
facet normal 0.0 0.0 0.0
  outer loop
    vertex -2.252960205078125 0.9975433349609375 0.4509897232055664
    vertex -3.4481658935546875 0.9975433349609375 0.4509897232055664
    vertex -2.2505645751953125 0.9999542236328125 0.4999997615814209
  endloop
endfacet
facet normal 0.0 0.0 0.0
  outer loop
    vertex -2.252960205078125 0.9975433349609375 0.4509897232055664
    vertex -3.4409637451171875 0.9903450012207031 0.4024498462677002
    vertex -3.4481658935546875 0.9975433349609375 0.4509897232055664
  endloop
endfacet
facet normal 0.0 0.0 0.0
  outer loop
    vertex -2.260162353515625 0.9903450012207031 0.4024498462677002
    vertex -3.4409637451171875 0.9903450012207031 0.4024498462677002
    vertex -2.252960205078125 0.9975433349609375 0.4509897232055664
  endloop
endfacet
facet normal 0.0 0.0 0.0
  outer loop
    vertex -2.2885589599609375 0.9618949890136719 0.30865979194641113
    vertex -3.4409637451171875 0.9903450012207031 0.4024498462677002
    vertex -2.260162353515625 0.9903450012207031 0.4024498462677002
  endloop
endfacet
facet normal 0.0 0.0 0.0
  outer loop
    vertex -2.2885589599609375 0.9618949890136719 0.30865979194641113
    vertex -3.4124603271484375 0.9618949890136719 0.30865979194641113
    vertex -3.4409637451171875 0.9903450012207031 0.4024498462677002
  endloop
endfacet
facet normal 0.0 0.0 0.0
  outer loop
    vertex -2.3348541259765625 0.9156837463378906 0.22220969200134277
    vertex -3.4124603271484375 0.9618949890136719 0.30865979194641113
    vertex -2.2885589599609375 0.9618949890136719 0.30865979194641113
  endloop
endfacet
facet normal 0.0 0.0 0.0
  outer loop
    vertex -2.3348541259765625 0.9156837463378906 0.22220969200134277
    vertex -3.3662567138671875 0.9156837463378906 0.22220969200134277
    vertex -3.4124603271484375 0.9618949890136719 0.30865979194641113
  endloop
endfacet
facet normal 0.0 0.0 0.0
  outer loop
    vertex -2.3348541259765625 0.9156837463378906 0.22220969200134277
    vertex -3.3040618896484375 0.8535041809082031 0.14645004272460938
    vertex -3.3662567138671875 0.9156837463378906 0.22220969200134277
  endloop
endfacet
facet normal 0.0 0.0 0.0
  outer loop
    vertex -2.3969573974609375 0.8535041809082031 0.14645004272460938
    vertex -3.3040618896484375 0.8535041809082031 0.14645004272460938
    vertex -2.3348541259765625 0.9156837463378906 0.22220969200134277
  endloop
endfacet
facet normal 0.0 0.0 0.0
  outer loop
    vertex -2.3969573974609375 0.8535041809082031 0.14645004272460938
    vertex -3.228363037109375 0.7777442932128906 0.08427000045776367
    vertex -3.3040618896484375 0.8535041809082031 0.14645004272460938
  endloop
endfacet
facet normal 0.0 0.0 0.0
  outer loop
    vertex -2.4727630615234375 0.7777442932128906 0.08427000045776367
    vertex -3.228363037109375 0.7777442932128906 0.08427000045776367
    vertex -2.3969573974609375 0.8535041809082031 0.14645004272460938
  endloop
endfacet
facet normal 0.0 0.0 0.0
  outer loop
    vertex -2.5591583251953125 0.6912956237792969 0.03805971145629883
    vertex -3.228363037109375 0.7777442932128906 0.08427000045776367
    vertex -2.4727630615234375 0.7777442932128906 0.08427000045776367
  endloop
endfacet
facet normal 0.0 0.0 0.0
  outer loop
    vertex -2.5591583251953125 0.6912956237792969 0.03805971145629883
    vertex -3.1418609619140625 0.6912956237792969 0.03805971145629883
    vertex -3.228363037109375 0.7777442932128906 0.08427000045776367
  endloop
endfacet
facet normal 0.0 0.0 0.0
  outer loop
    vertex -2.6529541015625 0.597503662109375 0.009609699249267578
    vertex -3.1418609619140625 0.6912956237792969 0.03805971145629883
    vertex -2.5591583251953125 0.6912956237792969 0.03805971145629883
  endloop
endfacet
facet normal 0.0 0.0 0.0
  outer loop
    vertex -2.6529541015625 0.597503662109375 0.009609699249267578
    vertex -3.048065185546875 0.597503662109375 0.009609699249267578
    vertex -3.1418609619140625 0.6912956237792969 0.03805971145629883
  endloop
endfacet
facet normal 0.0 0.0 0.0
  outer loop
    vertex -2.6529541015625 0.597503662109375 0.009609699249267578
    vertex -2.9505615234375 0.4999542236328125 0.0
    vertex -3.048065185546875 0.597503662109375 0.009609699249267578
  endloop
endfacet
facet normal 0.0 0.0 0.0
  outer loop
    vertex -2.7505645751953125 0.4999542236328125 0.0
    vertex -2.9505615234375 0.4999542236328125 0.0
    vertex -2.6529541015625 0.597503662109375 0.009609699249267578
  endloop
endfacet
facet normal 0.0 0.0 0.0
  outer loop
    vertex -2.2505645751953125 -2.0000457763671875 3.0999999046325684
    vertex -2.2505645751953125 0.9999542236328125 0.4999997615814209
    vertex -2.2505645751953125 0.9999542236328125 3.0999999046325684
  endloop
endfacet
facet normal 0.0 0.0 0.0
  outer loop
    vertex -2.2505645751953125 -2.0000457763671875 0.4999997615814209
    vertex -2.2505645751953125 0.9999542236328125 0.4999997615814209
    vertex -2.2505645751953125 -2.0000457763671875 3.0999999046325684
  endloop
endfacet
facet normal 0.0 0.0 0.0
  outer loop
    vertex -3.4505615234375 -2.0000457763671875 3.0999999046325684
    vertex -2.2505645751953125 -2.0000457763671875 0.4999997615814209
    vertex -2.2505645751953125 -2.0000457763671875 3.0999999046325684
  endloop
endfacet
facet normal 0.0 0.0 0.0
  outer loop
    vertex -3.4505615234375 -2.0000457763671875 0.4999997615814209
    vertex -2.2505645751953125 -2.0000457763671875 0.4999997615814209
    vertex -3.4505615234375 -2.0000457763671875 3.0999999046325684
  endloop
endfacet
facet normal 0.0 0.0 0.0
  outer loop
    vertex 2.2494354248046875 -2.0000457763671875 3.0999999046325684
    vertex -2.2505645751953125 0.9999542236328125 3.0999999046325684
    vertex 2.2494354248046875 0.9999542236328125 3.0999999046325684
  endloop
endfacet
facet normal 0.0 0.0 0.0
  outer loop
    vertex -2.2505645751953125 -2.0000457763671875 3.0999999046325684
    vertex -2.2505645751953125 0.9999542236328125 3.0999999046325684
    vertex 2.2494354248046875 -2.0000457763671875 3.0999999046325684
  endloop
endfacet
facet normal 0.0 0.0 0.0
  outer loop
    vertex -1.0971527099609375 2.3945770263671875 3.0999999046325684
    vertex -1.0505523681640625 2.400043487548828 3.0999999046325684
    vertex -1.14105224609375 2.3784141540527344 3.0999999046325684
  endloop
endfacet
facet normal 0.0 0.0 0.0
  outer loop
    vertex -1.14105224609375 2.3784141540527344 3.0999999046325684
    vertex -1.0505523681640625 2.400043487548828 3.0999999046325684
    vertex -0.1999664306640625 2.400043487548828 3.0999999046325684
  endloop
endfacet
facet normal 0.0 0.0 0.0
  outer loop
    vertex -1.14105224609375 2.3784141540527344 3.0999999046325684
    vertex -0.1999664306640625 2.400043487548828 3.0999999046325684
    vertex -1.1800537109375 2.3524856567382812 3.0999999046325684
  endloop
endfacet
facet normal 0.0 0.0 0.0
  outer loop
    vertex -1.1800537109375 2.3524856567382812 3.0999999046325684
    vertex -0.1999664306640625 2.400043487548828 3.0999999046325684
    vertex -1.2119598388671875 2.31817626953125 3.0999999046325684
  endloop
endfacet
facet normal 0.0 0.0 0.0
  outer loop
    vertex -1.2119598388671875 2.31817626953125 3.0999999046325684
    vertex -0.1999664306640625 2.400043487548828 3.0999999046325684
    vertex -1.2350616455078125 2.277393341064453 3.0999999046325684
  endloop
endfacet
facet normal 0.0 0.0 0.0
  outer loop
    vertex -1.2350616455078125 2.277393341064453 3.0999999046325684
    vertex -0.1999664306640625 2.400043487548828 3.0999999046325684
    vertex -1.247955322265625 2.2323760986328125 3.0999999046325684
  endloop
endfacet
facet normal 0.0 0.0 0.0
  outer loop
    vertex 1.0867462158203125 2.3966445922851562 3.0999999046325684
    vertex 1.1307373046875 2.3828659057617188 3.0999999046325684
    vertex 1.040740966796875 2.400043487548828 3.0999999046325684
  endloop
endfacet
facet normal 0.0 0.0 0.0
  outer loop
    vertex 1.040740966796875 2.400043487548828 3.0999999046325684
    vertex 1.1307373046875 2.3828659057617188 3.0999999046325684
    vertex -0.1999664306640625 2.400043487548828 3.0999999046325684
  endloop
endfacet
facet normal 0.0 0.0 0.0
  outer loop
    vertex -0.1999664306640625 2.400043487548828 3.0999999046325684
    vertex 1.1307373046875 2.3828659057617188 3.0999999046325684
    vertex 1.170440673828125 2.3594436645507812 3.0999999046325684
  endloop
endfacet
facet normal 0.0 0.0 0.0
  outer loop
    vertex -0.1999664306640625 2.400043487548828 3.0999999046325684
    vertex 1.170440673828125 2.3594436645507812 3.0999999046325684
    vertex 1.2037353515625 2.3276138305664062 3.0999999046325684
  endloop
endfacet
facet normal 0.0 0.0 0.0
  outer loop
    vertex 1.2037353515625 2.3276138305664062 3.0999999046325684
    vertex 1.22894287109375 2.2890243530273438 3.0999999046325684
    vertex -0.1999664306640625 2.400043487548828 3.0999999046325684
  endloop
endfacet
facet normal 0.0 0.0 0.0
  outer loop
    vertex -0.1999664306640625 2.400043487548828 3.0999999046325684
    vertex 1.22894287109375 2.2890243530273438 3.0999999046325684
    vertex -1.247955322265625 2.2323760986328125 3.0999999046325684
  endloop
endfacet
facet normal 0.0 0.0 0.0
  outer loop
    vertex -1.247955322265625 2.2323760986328125 3.0999999046325684
    vertex 1.22894287109375 2.2890243530273438 3.0999999046325684
    vertex 1.2447357177734375 2.245716094970703 3.0999999046325684
  endloop
endfacet
facet normal 0.0 0.0 0.0
  outer loop
    vertex -1.247955322265625 2.2323760986328125 3.0999999046325684
    vertex 1.2447357177734375 2.245716094970703 3.0999999046325684
    vertex -1.249359130859375 2.2216758728027344 3.0999999046325684
  endloop
endfacet
facet normal 0.0 0.0 0.0
  outer loop
    vertex -1.249359130859375 2.2216758728027344 3.0999999046325684
    vertex 1.2447357177734375 2.245716094970703 3.0999999046325684
    vertex 1.250244140625 2.1999549865722656 3.0999999046325684
  endloop
endfacet
facet normal 0.0 0.0 0.0
  outer loop
    vertex -1.249359130859375 2.2216758728027344 3.0999999046325684
    vertex 1.250244140625 2.1999549865722656 3.0999999046325684
    vertex -1.2502593994140625 2.2109146118164062 3.0999999046325684
  endloop
endfacet
facet normal 0.0 0.0 0.0
  outer loop
    vertex -1.2502593994140625 2.2109146118164062 3.0999999046325684
    vertex 1.250244140625 2.1999549865722656 3.0999999046325684
    vertex -1.2505645751953125 2.2001266479492188 3.0999999046325684
  endloop
endfacet
facet normal 0.0 0.0 0.0
  outer loop
    vertex -1.2505645751953125 2.2001266479492188 3.0999999046325684
    vertex 1.250244140625 2.1999549865722656 3.0999999046325684
    vertex -1.2505645751953125 2.1999549865722656 3.0999999046325684
  endloop
endfacet
facet normal 0.0 0.0 0.0
  outer loop
    vertex 1.250244140625 1.6411666870117188 3.0999999046325684
    vertex -1.2505645751953125 2.1585769653320312 3.0999999046325684
    vertex 1.250244140625 2.1988868713378906 3.0999999046325684
  endloop
endfacet
facet normal 0.0 0.0 0.0
  outer loop
    vertex 1.250244140625 2.1988868713378906 3.0999999046325684
    vertex -1.2505645751953125 2.1585769653320312 3.0999999046325684
    vertex -1.2505645751953125 2.1999549865722656 3.0999999046325684
  endloop
endfacet
facet normal 0.0 0.0 0.0
  outer loop
    vertex 1.250244140625 2.1988868713378906 3.0999999046325684
    vertex -1.2505645751953125 2.1999549865722656 3.0999999046325684
    vertex 1.250244140625 2.1992454528808594 3.0999999046325684
  endloop
endfacet
facet normal 0.0 0.0 0.0
  outer loop
    vertex 1.250244140625 2.1992454528808594 3.0999999046325684
    vertex -1.2505645751953125 2.1999549865722656 3.0999999046325684
    vertex 1.250244140625 2.199596405029297 3.0999999046325684
  endloop
endfacet
facet normal 0.0 0.0 0.0
  outer loop
    vertex 1.250244140625 2.199596405029297 3.0999999046325684
    vertex -1.2505645751953125 2.1999549865722656 3.0999999046325684
    vertex 1.250244140625 2.1999549865722656 3.0999999046325684
  endloop
endfacet
facet normal 0.0 0.0 0.0
  outer loop
    vertex 1.250244140625 1.5999565124511719 3.0999999046325684
    vertex -1.2505645751953125 1.5999565124511719 3.0999999046325684
    vertex 1.250244140625 1.6411666870117188 3.0999999046325684
  endloop
endfacet
facet normal 0.0 0.0 0.0
  outer loop
    vertex 1.250244140625 1.6411666870117188 3.0999999046325684
    vertex -1.2505645751953125 1.5999565124511719 3.0999999046325684
    vertex -1.2505645751953125 2.1585769653320312 3.0999999046325684
  endloop
endfacet
facet normal 0.0 0.0 0.0
  outer loop
    vertex 2.11663818359375 1.3997955322265625 3.0999999046325684
    vertex 4.1158447265625 1.3997650146484375 3.0999999046325684
    vertex 3.4494476318359375 0.9999542236328125 3.0999999046325684
  endloop
endfacet
facet normal 0.0 0.0 0.0
  outer loop
    vertex 1.716339111328125 1.3998069763183594 3.0999999046325684
    vertex 2.11663818359375 1.3997955322265625 3.0999999046325684
    vertex 2.2494354248046875 0.9999542236328125 3.0999999046325684
  endloop
endfacet
facet normal 0.0 0.0 0.0
  outer loop
    vertex 2.2494354248046875 0.9999542236328125 3.0999999046325684
    vertex 2.11663818359375 1.3997955322265625 3.0999999046325684
    vertex 3.4494476318359375 0.9999542236328125 3.0999999046325684
  endloop
endfacet
facet normal 0.0 0.0 0.0
  outer loop
    vertex 1.716339111328125 1.3998069763183594 3.0999999046325684
    vertex 2.2494354248046875 0.9999542236328125 3.0999999046325684
    vertex 1.250244140625 1.3998069763183594 3.0999999046325684
  endloop
endfacet
facet normal 0.0 0.0 0.0
  outer loop
    vertex 1.250244140625 1.3998069763183594 3.0999999046325684
    vertex 2.2494354248046875 0.9999542236328125 3.0999999046325684
    vertex -2.2505645751953125 0.9999542236328125 3.0999999046325684
  endloop
endfacet
facet normal 0.0 0.0 0.0
  outer loop
    vertex 1.250244140625 1.3998069763183594 3.0999999046325684
    vertex -2.2505645751953125 0.9999542236328125 3.0999999046325684
    vertex 1.250244140625 1.5676536560058594 3.0999999046325684
  endloop
endfacet
facet normal 0.0 0.0 0.0
  outer loop
    vertex 1.250244140625 1.5999565124511719 3.0999999046325684
    vertex 1.250244140625 1.5676536560058594 3.0999999046325684
    vertex -1.2505645751953125 1.5999565124511719 3.0999999046325684
  endloop
endfacet
facet normal 0.0 0.0 0.0
  outer loop
    vertex -1.2505645751953125 1.5999565124511719 3.0999999046325684
    vertex 1.250244140625 1.5676536560058594 3.0999999046325684
    vertex -1.2505645751953125 1.3998565673828125 3.0999999046325684
  endloop
endfacet
facet normal 0.0 0.0 0.0
  outer loop
    vertex -1.2505645751953125 1.3998565673828125 3.0999999046325684
    vertex 1.250244140625 1.5676536560058594 3.0999999046325684
    vertex -2.2505645751953125 0.9999542236328125 3.0999999046325684
  endloop
endfacet
facet normal 0.0 0.0 0.0
  outer loop
    vertex -1.2505645751953125 1.3998565673828125 3.0999999046325684
    vertex -2.2505645751953125 0.9999542236328125 3.0999999046325684
    vertex -1.7173614501953125 1.3998565673828125 3.0999999046325684
  endloop
endfacet
facet normal 0.0 0.0 0.0
  outer loop
    vertex 4.4494476318359375 -2.400043487548828 3.0999999046325684
    vertex 4.1161346435546875 -2.400043487548828 3.0999999046325684
    vertex 4.5025482177734375 -2.3774147033691406 3.0999999046325684
  endloop
endfacet
facet normal 0.0 0.0 0.0
  outer loop
    vertex 4.5025482177734375 -2.3774147033691406 3.0999999046325684
    vertex 4.1161346435546875 -2.400043487548828 3.0999999046325684
    vertex 4.550537109375 -2.34527587890625 3.0999999046325684
  endloop
endfacet
facet normal 0.0 0.0 0.0
  outer loop
    vertex 4.550537109375 -2.34527587890625 3.0999999046325684
    vertex 4.1161346435546875 -2.400043487548828 3.0999999046325684
    vertex 4.591644287109375 -2.3047752380371094 3.0999999046325684
  endloop
endfacet
facet normal 0.0 0.0 0.0
  outer loop
    vertex 4.591644287109375 -2.3047752380371094 3.0999999046325684
    vertex 4.1161346435546875 -2.400043487548828 3.0999999046325684
    vertex 4.624542236328125 -2.2573165893554688 3.0999999046325684
  endloop
endfacet
facet normal 0.0 0.0 0.0
  outer loop
    vertex 4.624542236328125 -2.2573165893554688 3.0999999046325684
    vertex 4.1161346435546875 -2.400043487548828 3.0999999046325684
    vertex 3.4494476318359375 -2.0000457763671875 3.0999999046325684
  endloop
endfacet
facet normal 0.0 0.0 0.0
  outer loop
    vertex 4.5008392333984375 1.3941650390625 3.0999999046325684
    vertex 4.547943115234375 1.3758735656738281 3.0999999046325684
    vertex 4.45074462890625 1.3997535705566406 3.0999999046325684
  endloop
endfacet
facet normal 0.0 0.0 0.0
  outer loop
    vertex 4.45074462890625 1.3997535705566406 3.0999999046325684
    vertex 4.547943115234375 1.3758735656738281 3.0999999046325684
    vertex 4.5887451171875 1.3461265563964844 3.0999999046325684
  endloop
endfacet
facet normal 0.0 0.0 0.0
  outer loop
    vertex 4.45074462890625 1.3997535705566406 3.0999999046325684
    vertex 4.5887451171875 1.3461265563964844 3.0999999046325684
    vertex 4.1158447265625 1.3997650146484375 3.0999999046325684
  endloop
endfacet
facet normal 0.0 0.0 0.0
  outer loop
    vertex 4.1158447265625 1.3997650146484375 3.0999999046325684
    vertex 4.5887451171875 1.3461265563964844 3.0999999046325684
    vertex 4.6204376220703125 1.306915283203125 3.0999999046325684
  endloop
endfacet
facet normal 0.0 0.0 0.0
  outer loop
    vertex 4.1158447265625 1.3997650146484375 3.0999999046325684
    vertex 4.6204376220703125 1.306915283203125 3.0999999046325684
    vertex 4.641143798828125 1.2608566284179688 3.0999999046325684
  endloop
endfacet
facet normal 0.0 0.0 0.0
  outer loop
    vertex 4.641143798828125 1.2608566284179688 3.0999999046325684
    vertex 3.4494476318359375 0.9999542236328125 3.0999999046325684
    vertex 4.1158447265625 1.3997650146484375 3.0999999046325684
  endloop
endfacet
facet normal 0.0 0.0 0.0
  outer loop
    vertex 4.6492462158203125 1.171356201171875 3.0999999046325684
    vertex 3.4494476318359375 0.9999542236328125 3.0999999046325684
    vertex 4.6492462158203125 1.2000656127929688 3.0999999046325684
  endloop
endfacet
facet normal 0.0 0.0 0.0
  outer loop
    vertex 4.6492462158203125 1.2000656127929688 3.0999999046325684
    vertex 3.4494476318359375 0.9999542236328125 3.0999999046325684
    vertex 4.6486358642578125 1.2205734252929688 3.0999999046325684
  endloop
endfacet
facet normal 0.0 0.0 0.0
  outer loop
    vertex 4.6486358642578125 1.2205734252929688 3.0999999046325684
    vertex 3.4494476318359375 0.9999542236328125 3.0999999046325684
    vertex 4.64593505859375 1.2409133911132812 3.0999999046325684
  endloop
endfacet
facet normal 0.0 0.0 0.0
  outer loop
    vertex 4.64593505859375 1.2409133911132812 3.0999999046325684
    vertex 3.4494476318359375 0.9999542236328125 3.0999999046325684
    vertex 4.641143798828125 1.2608566284179688 3.0999999046325684
  endloop
endfacet
facet normal 0.0 0.0 0.0
  outer loop
    vertex 4.6492462158203125 1.171356201171875 3.0999999046325684
    vertex 4.6492462158203125 -1.7424430847167969 3.0999999046325684
    vertex 3.4494476318359375 0.9999542236328125 3.0999999046325684
  endloop
endfacet
facet normal 0.0 0.0 0.0
  outer loop
    vertex 4.6492462158203125 -2.1714439392089844 3.0999999046325684
    vertex 3.4494476318359375 -2.0000457763671875 3.0999999046325684
    vertex 4.6492462158203125 -1.7424430847167969 3.0999999046325684
  endloop
endfacet
facet normal 0.0 0.0 0.0
  outer loop
    vertex 4.6492462158203125 -1.7424430847167969 3.0999999046325684
    vertex 3.4494476318359375 -2.0000457763671875 3.0999999046325684
    vertex 3.4494476318359375 0.9999542236328125 3.0999999046325684
  endloop
endfacet
facet normal 0.0 0.0 0.0
  outer loop
    vertex 4.6492462158203125 -2.1714439392089844 3.0999999046325684
    vertex 4.6492462158203125 -2.200664520263672 3.0999999046325684
    vertex 3.4494476318359375 -2.0000457763671875 3.0999999046325684
  endloop
endfacet
facet normal 0.0 0.0 0.0
  outer loop
    vertex 3.4494476318359375 -2.0000457763671875 3.0999999046325684
    vertex 4.6492462158203125 -2.200664520263672 3.0999999046325684
    vertex 4.642242431640625 -2.2200851440429688 3.0999999046325684
  endloop
endfacet
facet normal 0.0 0.0 0.0
  outer loop
    vertex 3.4494476318359375 -2.0000457763671875 3.0999999046325684
    vertex 4.642242431640625 -2.2200851440429688 3.0999999046325684
    vertex 4.6340484619140625 -2.238994598388672 3.0999999046325684
  endloop
endfacet
facet normal 0.0 0.0 0.0
  outer loop
    vertex 4.6340484619140625 -2.238994598388672 3.0999999046325684
    vertex 4.624542236328125 -2.2573165893554688 3.0999999046325684
    vertex 3.4494476318359375 -2.0000457763671875 3.0999999046325684
  endloop
endfacet
facet normal 0.0 0.0 0.0
  outer loop
    vertex -3.4505615234375 0.9999542236328125 0.4999997615814209
    vertex -3.4481658935546875 -1.9976348876953125 0.4509897232055664
    vertex -3.4505615234375 -2.0000457763671875 0.4999997615814209
  endloop
endfacet
facet normal 0.0 0.0 0.0
  outer loop
    vertex -3.4481658935546875 0.9975433349609375 0.4509897232055664
    vertex -3.4481658935546875 -1.9976348876953125 0.4509897232055664
    vertex -3.4505615234375 0.9999542236328125 0.4999997615814209
  endloop
endfacet
facet normal 0.0 0.0 0.0
  outer loop
    vertex -3.4481658935546875 0.9975433349609375 0.4509897232055664
    vertex -3.4409637451171875 -1.9904365539550781 0.4024498462677002
    vertex -3.4481658935546875 -1.9976348876953125 0.4509897232055664
  endloop
endfacet
facet normal 0.0 0.0 0.0
  outer loop
    vertex -3.4409637451171875 0.9903450012207031 0.4024498462677002
    vertex -3.4409637451171875 -1.9904365539550781 0.4024498462677002
    vertex -3.4481658935546875 0.9975433349609375 0.4509897232055664
  endloop
endfacet
facet normal 0.0 0.0 0.0
  outer loop
    vertex -3.4124603271484375 0.9618949890136719 0.30865979194641113
    vertex -3.4409637451171875 -1.9904365539550781 0.4024498462677002
    vertex -3.4409637451171875 0.9903450012207031 0.4024498462677002
  endloop
endfacet
facet normal 0.0 0.0 0.0
  outer loop
    vertex -3.4124603271484375 0.9618949890136719 0.30865979194641113
    vertex -3.4124603271484375 -1.9619865417480469 0.30865979194641113
    vertex -3.4409637451171875 -1.9904365539550781 0.4024498462677002
  endloop
endfacet
facet normal 0.0 0.0 0.0
  outer loop
    vertex -3.3662567138671875 0.9156837463378906 0.22220969200134277
    vertex -3.4124603271484375 -1.9619865417480469 0.30865979194641113
    vertex -3.4124603271484375 0.9618949890136719 0.30865979194641113
  endloop
endfacet
facet normal 0.0 0.0 0.0
  outer loop
    vertex -3.3662567138671875 0.9156837463378906 0.22220969200134277
    vertex -3.3662567138671875 -1.9157752990722656 0.22220969200134277
    vertex -3.4124603271484375 -1.9619865417480469 0.30865979194641113
  endloop
endfacet
facet normal 0.0 0.0 0.0
  outer loop
    vertex -3.3662567138671875 0.9156837463378906 0.22220969200134277
    vertex -3.3040618896484375 -1.8535957336425781 0.14645004272460938
    vertex -3.3662567138671875 -1.9157752990722656 0.22220969200134277
  endloop
endfacet
facet normal 0.0 0.0 0.0
  outer loop
    vertex -3.3040618896484375 0.8535041809082031 0.14645004272460938
    vertex -3.3040618896484375 -1.8535957336425781 0.14645004272460938
    vertex -3.3662567138671875 0.9156837463378906 0.22220969200134277
  endloop
endfacet
facet normal 0.0 0.0 0.0
  outer loop
    vertex -3.3040618896484375 0.8535041809082031 0.14645004272460938
    vertex -3.228363037109375 -1.7778358459472656 0.08427000045776367
    vertex -3.3040618896484375 -1.8535957336425781 0.14645004272460938
  endloop
endfacet
facet normal 0.0 0.0 0.0
  outer loop
    vertex -3.228363037109375 0.7777442932128906 0.08427000045776367
    vertex -3.228363037109375 -1.7778358459472656 0.08427000045776367
    vertex -3.3040618896484375 0.8535041809082031 0.14645004272460938
  endloop
endfacet
facet normal 0.0 0.0 0.0
  outer loop
    vertex -3.1418609619140625 0.6912956237792969 0.03805971145629883
    vertex -3.228363037109375 -1.7778358459472656 0.08427000045776367
    vertex -3.228363037109375 0.7777442932128906 0.08427000045776367
  endloop
endfacet
facet normal 0.0 0.0 0.0
  outer loop
    vertex -3.1418609619140625 0.6912956237792969 0.03805971145629883
    vertex -3.1418609619140625 -1.6913833618164062 0.03805971145629883
    vertex -3.228363037109375 -1.7778358459472656 0.08427000045776367
  endloop
endfacet
facet normal 0.0 0.0 0.0
  outer loop
    vertex -3.048065185546875 0.597503662109375 0.009609699249267578
    vertex -3.1418609619140625 -1.6913833618164062 0.03805971145629883
    vertex -3.1418609619140625 0.6912956237792969 0.03805971145629883
  endloop
endfacet
facet normal 0.0 0.0 0.0
  outer loop
    vertex -3.048065185546875 0.597503662109375 0.009609699249267578
    vertex -3.048065185546875 -1.59759521484375 0.009609699249267578
    vertex -3.1418609619140625 -1.6913833618164062 0.03805971145629883
  endloop
endfacet
facet normal 0.0 0.0 0.0
  outer loop
    vertex -3.048065185546875 0.597503662109375 0.009609699249267578
    vertex -2.9505615234375 -1.5000457763671875 0.0
    vertex -3.048065185546875 -1.59759521484375 0.009609699249267578
  endloop
endfacet
facet normal 0.0 0.0 0.0
  outer loop
    vertex -2.9505615234375 0.4999542236328125 0.0
    vertex -2.9505615234375 -1.5000457763671875 0.0
    vertex -3.048065185546875 0.597503662109375 0.009609699249267578
  endloop
endfacet
facet normal 0.0 0.0 0.0
  outer loop
    vertex -2.2505645751953125 0.9999542236328125 3.0999999046325684
    vertex -3.4505615234375 0.9999542236328125 0.4999997615814209
    vertex -3.4505615234375 0.9999542236328125 3.0999999046325684
  endloop
endfacet
facet normal 0.0 0.0 0.0
  outer loop
    vertex -2.2505645751953125 0.9999542236328125 0.4999997615814209
    vertex -3.4505615234375 0.9999542236328125 0.4999997615814209
    vertex -2.2505645751953125 0.9999542236328125 3.0999999046325684
  endloop
endfacet
facet normal 0.0 0.0 0.0
  outer loop
    vertex -3.4505615234375 0.9999542236328125 3.0999999046325684
    vertex -3.4505615234375 -2.0000457763671875 0.4999997615814209
    vertex -3.4505615234375 -2.0000457763671875 3.0999999046325684
  endloop
endfacet
facet normal 0.0 0.0 0.0
  outer loop
    vertex -3.4505615234375 0.9999542236328125 0.4999997615814209
    vertex -3.4505615234375 -2.0000457763671875 0.4999997615814209
    vertex -3.4505615234375 0.9999542236328125 3.0999999046325684
  endloop
endfacet
endsolid Uranium STLWriter Sun 15 Jun 2025 20:12:19
