solid Uranium STLWriter Sat 14 Jun 2025 23:32:55
facet normal 0.0 0.0 0.0
  outer loop
    vertex -7.787169456481934 5.90000057220459 1.3042107820510864
    vertex -7.787169456481934 1.9666744470596313 1.3042107820510864
    vertex -7.800002098083496 5.90000057220459 1.5
  endloop
endfacet
facet normal 0.0 0.0 0.0
  outer loop
    vertex -7.800002098083496 5.90000057220459 1.5
    vertex -7.787169456481934 1.9666744470596313 1.3042107820510864
    vertex -7.787169456481934 -1.9666668176651 1.3042107820510864
  endloop
endfacet
facet normal 0.0 0.0 0.0
  outer loop
    vertex -7.800002098083496 5.90000057220459 1.5
    vertex -7.787169456481934 -1.9666668176651 1.3042107820510864
    vertex -7.800002098083496 -5.899996757507324 1.5
  endloop
endfacet
facet normal 0.0 0.0 0.0
  outer loop
    vertex -7.800002098083496 -5.899996757507324 1.5
    vertex -7.787169456481934 -1.9666668176651 1.3042107820510864
    vertex -7.787169456481934 -5.899996757507324 1.3042107820510864
  endloop
endfacet
facet normal 0.0 0.0 0.0
  outer loop
    vertex -7.787169456481934 -5.899996757507324 1.3042107820510864
    vertex -7.787169456481934 -1.9666668176651 1.3042107820510864
    vertex -7.748892784118652 -5.899996757507324 1.1117714643478394
  endloop
endfacet
facet normal 0.0 0.0 0.0
  outer loop
    vertex -7.748892784118652 -5.899996757507324 1.1117714643478394
    vertex -7.787169456481934 -1.9666668176651 1.3042107820510864
    vertex -7.748892784118652 -1.9666668176651 1.1117714643478394
  endloop
endfacet
facet normal 0.0 0.0 0.0
  outer loop
    vertex -7.748892784118652 -5.899996757507324 1.1117714643478394
    vertex -7.748892784118652 -1.9666668176651 1.1117714643478394
    vertex -7.685820579528809 -5.899996757507324 0.9259750843048096
  endloop
endfacet
facet normal 0.0 0.0 0.0
  outer loop
    vertex -7.685820579528809 -5.899996757507324 0.9259750843048096
    vertex -7.748892784118652 -1.9666668176651 1.1117714643478394
    vertex -7.685820579528809 -1.9666668176651 0.9259750843048096
  endloop
endfacet
facet normal 0.0 0.0 0.0
  outer loop
    vertex -7.685820579528809 -5.899996757507324 0.9259750843048096
    vertex -7.685820579528809 -1.9666668176651 0.9259750843048096
    vertex -7.5990400314331055 -5.899996757507324 0.7500002384185791
  endloop
endfacet
facet normal 0.0 0.0 0.0
  outer loop
    vertex -7.5990400314331055 -5.899996757507324 0.7500002384185791
    vertex -7.685820579528809 -1.9666668176651 0.9259750843048096
    vertex -7.5990400314331055 -1.9666668176651 0.7500002384185791
  endloop
endfacet
facet normal 0.0 0.0 0.0
  outer loop
    vertex -7.5990400314331055 -5.899996757507324 0.7500002384185791
    vertex -7.5990400314331055 -1.9666668176651 0.7500002384185791
    vertex -7.4900312423706055 -5.899996757507324 0.5868582725524902
  endloop
endfacet
facet normal 0.0 0.0 0.0
  outer loop
    vertex -7.4900312423706055 -5.899996757507324 0.5868582725524902
    vertex -7.5990400314331055 -1.9666668176651 0.7500002384185791
    vertex -7.4900312423706055 -1.9666668176651 0.5868582725524902
  endloop
endfacet
facet normal 0.0 0.0 0.0
  outer loop
    vertex -7.4900312423706055 -5.899996757507324 0.5868582725524902
    vertex -7.4900312423706055 -1.9666668176651 0.5868582725524902
    vertex -7.360659599304199 -5.899996757507324 0.43934035301208496
  endloop
endfacet
facet normal 0.0 0.0 0.0
  outer loop
    vertex -7.360659599304199 -5.899996757507324 0.43934035301208496
    vertex -7.4900312423706055 -1.9666668176651 0.5868582725524902
    vertex -7.360659599304199 -1.9666668176651 0.43934035301208496
  endloop
endfacet
facet normal 0.0 0.0 0.0
  outer loop
    vertex -7.360659599304199 -5.899996757507324 0.43934035301208496
    vertex -7.360659599304199 -1.9666668176651 0.43934035301208496
    vertex -7.213141441345215 -5.899996757507324 0.3099701404571533
  endloop
endfacet
facet normal 0.0 0.0 0.0
  outer loop
    vertex -7.213141441345215 -5.899996757507324 0.3099701404571533
    vertex -7.360659599304199 -1.9666668176651 0.43934035301208496
    vertex -7.213141441345215 -1.9666668176651 0.3099701404571533
  endloop
endfacet
facet normal 0.0 0.0 0.0
  outer loop
    vertex -7.213141441345215 -5.899996757507324 0.3099701404571533
    vertex -7.213141441345215 -1.9666668176651 0.3099701404571533
    vertex -7.050002098083496 -5.899996757507324 0.20096230506896973
  endloop
endfacet
facet normal 0.0 0.0 0.0
  outer loop
    vertex -7.050002098083496 -5.899996757507324 0.20096230506896973
    vertex -7.213141441345215 -1.9666668176651 0.3099701404571533
    vertex -7.050002098083496 -1.9666668176651 0.20096230506896973
  endloop
endfacet
facet normal 0.0 0.0 0.0
  outer loop
    vertex -7.050002098083496 -5.899996757507324 0.20096230506896973
    vertex -7.050002098083496 -1.9666668176651 0.20096230506896973
    vertex -6.874022483825684 -5.899996757507324 0.1141812801361084
  endloop
endfacet
facet normal 0.0 0.0 0.0
  outer loop
    vertex -6.874022483825684 -5.899996757507324 0.1141812801361084
    vertex -7.050002098083496 -1.9666668176651 0.20096230506896973
    vertex -6.874022483825684 -1.9666668176651 0.1141812801361084
  endloop
endfacet
facet normal 0.0 0.0 0.0
  outer loop
    vertex -6.874022483825684 -5.899996757507324 0.1141812801361084
    vertex -6.874022483825684 -1.9666668176651 0.1141812801361084
    vertex -6.688231468200684 -5.899996757507324 0.05111122131347656
  endloop
endfacet
facet normal 0.0 0.0 0.0
  outer loop
    vertex -6.688231468200684 -5.899996757507324 0.05111122131347656
    vertex -6.874022483825684 -1.9666668176651 0.1141812801361084
    vertex -6.688231468200684 -1.9666668176651 0.05111122131347656
  endloop
endfacet
facet normal 0.0 0.0 0.0
  outer loop
    vertex -6.688231468200684 -5.899996757507324 0.05111122131347656
    vertex -6.688231468200684 -1.9666668176651 0.05111122131347656
    vertex -6.495791435241699 -5.899996757507324 0.012833356857299805
  endloop
endfacet
facet normal 0.0 0.0 0.0
  outer loop
    vertex -6.495791435241699 -5.899996757507324 0.012833356857299805
    vertex -6.688231468200684 -1.9666668176651 0.05111122131347656
    vertex -6.495791435241699 -1.9666668176651 0.012833356857299805
  endloop
endfacet
facet normal 0.0 0.0 0.0
  outer loop
    vertex -6.495791435241699 -5.899996757507324 0.012833356857299805
    vertex -6.495791435241699 -1.9666668176651 0.012833356857299805
    vertex -6.300002098083496 -5.899996757507324 2.384185791015625e-07
  endloop
endfacet
facet normal 0.0 0.0 0.0
  outer loop
    vertex -6.300002098083496 -5.899996757507324 2.384185791015625e-07
    vertex -6.495791435241699 -1.9666668176651 0.012833356857299805
    vertex -6.495791435241699 1.9666744470596313 0.012833356857299805
  endloop
endfacet
facet normal 0.0 0.0 0.0
  outer loop
    vertex -6.300002098083496 -5.899996757507324 2.384185791015625e-07
    vertex -6.495791435241699 1.9666744470596313 0.012833356857299805
    vertex -6.300002098083496 5.90000057220459 2.384185791015625e-07
  endloop
endfacet
facet normal 0.0 0.0 0.0
  outer loop
    vertex -6.300002098083496 5.90000057220459 2.384185791015625e-07
    vertex -6.495791435241699 1.9666744470596313 0.012833356857299805
    vertex -6.495791435241699 5.90000057220459 0.012833356857299805
  endloop
endfacet
facet normal 0.0 0.0 0.0
  outer loop
    vertex -6.495791435241699 5.90000057220459 0.012833356857299805
    vertex -6.495791435241699 1.9666744470596313 0.012833356857299805
    vertex -6.688231468200684 5.90000057220459 0.05111122131347656
  endloop
endfacet
facet normal 0.0 0.0 0.0
  outer loop
    vertex -6.688231468200684 5.90000057220459 0.05111122131347656
    vertex -6.495791435241699 1.9666744470596313 0.012833356857299805
    vertex -6.688231468200684 1.9666744470596313 0.05111122131347656
  endloop
endfacet
facet normal 0.0 0.0 0.0
  outer loop
    vertex -6.688231468200684 5.90000057220459 0.05111122131347656
    vertex -6.688231468200684 1.9666744470596313 0.05111122131347656
    vertex -6.874022483825684 5.90000057220459 0.1141812801361084
  endloop
endfacet
facet normal 0.0 0.0 0.0
  outer loop
    vertex -6.874022483825684 5.90000057220459 0.1141812801361084
    vertex -6.688231468200684 1.9666744470596313 0.05111122131347656
    vertex -6.874022483825684 1.9666744470596313 0.1141812801361084
  endloop
endfacet
facet normal 0.0 0.0 0.0
  outer loop
    vertex -6.874022483825684 5.90000057220459 0.1141812801361084
    vertex -6.874022483825684 1.9666744470596313 0.1141812801361084
    vertex -7.050002098083496 5.90000057220459 0.20096230506896973
  endloop
endfacet
facet normal 0.0 0.0 0.0
  outer loop
    vertex -7.050002098083496 5.90000057220459 0.20096230506896973
    vertex -6.874022483825684 1.9666744470596313 0.1141812801361084
    vertex -7.050002098083496 1.9666744470596313 0.20096230506896973
  endloop
endfacet
facet normal 0.0 0.0 0.0
  outer loop
    vertex -7.050002098083496 5.90000057220459 0.20096230506896973
    vertex -7.050002098083496 1.9666744470596313 0.20096230506896973
    vertex -7.213141441345215 5.90000057220459 0.3099701404571533
  endloop
endfacet
facet normal 0.0 0.0 0.0
  outer loop
    vertex -7.213141441345215 5.90000057220459 0.3099701404571533
    vertex -7.050002098083496 1.9666744470596313 0.20096230506896973
    vertex -7.213141441345215 1.9666744470596313 0.3099701404571533
  endloop
endfacet
facet normal 0.0 0.0 0.0
  outer loop
    vertex -7.213141441345215 5.90000057220459 0.3099701404571533
    vertex -7.213141441345215 1.9666744470596313 0.3099701404571533
    vertex -7.360659599304199 5.90000057220459 0.43934035301208496
  endloop
endfacet
facet normal 0.0 0.0 0.0
  outer loop
    vertex -7.360659599304199 5.90000057220459 0.43934035301208496
    vertex -7.213141441345215 1.9666744470596313 0.3099701404571533
    vertex -7.360659599304199 1.9666744470596313 0.43934035301208496
  endloop
endfacet
facet normal 0.0 0.0 0.0
  outer loop
    vertex -7.360659599304199 5.90000057220459 0.43934035301208496
    vertex -7.360659599304199 1.9666744470596313 0.43934035301208496
    vertex -7.4900312423706055 5.90000057220459 0.5868582725524902
  endloop
endfacet
facet normal 0.0 0.0 0.0
  outer loop
    vertex -7.4900312423706055 5.90000057220459 0.5868582725524902
    vertex -7.360659599304199 1.9666744470596313 0.43934035301208496
    vertex -7.4900312423706055 1.9666744470596313 0.5868582725524902
  endloop
endfacet
facet normal 0.0 0.0 0.0
  outer loop
    vertex -7.4900312423706055 5.90000057220459 0.5868582725524902
    vertex -7.4900312423706055 1.9666744470596313 0.5868582725524902
    vertex -7.5990400314331055 5.90000057220459 0.7500002384185791
  endloop
endfacet
facet normal 0.0 0.0 0.0
  outer loop
    vertex -7.5990400314331055 5.90000057220459 0.7500002384185791
    vertex -7.4900312423706055 1.9666744470596313 0.5868582725524902
    vertex -7.5990400314331055 1.9666744470596313 0.7500002384185791
  endloop
endfacet
facet normal 0.0 0.0 0.0
  outer loop
    vertex -7.5990400314331055 5.90000057220459 0.7500002384185791
    vertex -7.5990400314331055 1.9666744470596313 0.7500002384185791
    vertex -7.685820579528809 5.90000057220459 0.9259750843048096
  endloop
endfacet
facet normal 0.0 0.0 0.0
  outer loop
    vertex -7.685820579528809 5.90000057220459 0.9259750843048096
    vertex -7.5990400314331055 1.9666744470596313 0.7500002384185791
    vertex -7.685820579528809 1.9666744470596313 0.9259750843048096
  endloop
endfacet
facet normal 0.0 0.0 0.0
  outer loop
    vertex -7.685820579528809 5.90000057220459 0.9259750843048096
    vertex -7.685820579528809 1.9666744470596313 0.9259750843048096
    vertex -7.748892784118652 5.90000057220459 1.1117714643478394
  endloop
endfacet
facet normal 0.0 0.0 0.0
  outer loop
    vertex -7.748892784118652 5.90000057220459 1.1117714643478394
    vertex -7.685820579528809 1.9666744470596313 0.9259750843048096
    vertex -7.748892784118652 1.9666744470596313 1.1117714643478394
  endloop
endfacet
facet normal 0.0 0.0 0.0
  outer loop
    vertex -7.748892784118652 5.90000057220459 1.1117714643478394
    vertex -7.748892784118652 1.9666744470596313 1.1117714643478394
    vertex -7.787169456481934 5.90000057220459 1.3042107820510864
  endloop
endfacet
facet normal 0.0 0.0 0.0
  outer loop
    vertex -7.787169456481934 5.90000057220459 1.3042107820510864
    vertex -7.748892784118652 1.9666744470596313 1.1117714643478394
    vertex -7.787169456481934 1.9666744470596313 1.3042107820510864
  endloop
endfacet
facet normal 0.0 0.0 0.0
  outer loop
    vertex -7.748892784118652 -1.9666668176651 1.1117714643478394
    vertex -7.787169456481934 -1.9666668176651 1.3042107820510864
    vertex -7.787169456481934 1.9666744470596313 1.3042107820510864
  endloop
endfacet
facet normal 0.0 0.0 0.0
  outer loop
    vertex -7.748892784118652 -1.9666668176651 1.1117714643478394
    vertex -7.787169456481934 1.9666744470596313 1.3042107820510864
    vertex -7.748892784118652 1.9666744470596313 1.1117714643478394
  endloop
endfacet
facet normal 0.0 0.0 0.0
  outer loop
    vertex -7.685820579528809 -1.9666668176651 0.9259750843048096
    vertex -7.748892784118652 -1.9666668176651 1.1117714643478394
    vertex -7.748892784118652 1.9666744470596313 1.1117714643478394
  endloop
endfacet
facet normal 0.0 0.0 0.0
  outer loop
    vertex -7.685820579528809 -1.9666668176651 0.9259750843048096
    vertex -7.748892784118652 1.9666744470596313 1.1117714643478394
    vertex -7.685820579528809 1.9666744470596313 0.9259750843048096
  endloop
endfacet
facet normal 0.0 0.0 0.0
  outer loop
    vertex -7.5990400314331055 -1.9666668176651 0.7500002384185791
    vertex -7.685820579528809 -1.9666668176651 0.9259750843048096
    vertex -7.685820579528809 1.9666744470596313 0.9259750843048096
  endloop
endfacet
facet normal 0.0 0.0 0.0
  outer loop
    vertex -7.5990400314331055 -1.9666668176651 0.7500002384185791
    vertex -7.685820579528809 1.9666744470596313 0.9259750843048096
    vertex -7.5990400314331055 1.9666744470596313 0.7500002384185791
  endloop
endfacet
facet normal 0.0 0.0 0.0
  outer loop
    vertex -7.4900312423706055 -1.9666668176651 0.5868582725524902
    vertex -7.5990400314331055 -1.9666668176651 0.7500002384185791
    vertex -7.5990400314331055 1.9666744470596313 0.7500002384185791
  endloop
endfacet
facet normal 0.0 0.0 0.0
  outer loop
    vertex -7.4900312423706055 -1.9666668176651 0.5868582725524902
    vertex -7.5990400314331055 1.9666744470596313 0.7500002384185791
    vertex -7.4900312423706055 1.9666744470596313 0.5868582725524902
  endloop
endfacet
facet normal 0.0 0.0 0.0
  outer loop
    vertex -7.360659599304199 -1.9666668176651 0.43934035301208496
    vertex -7.4900312423706055 -1.9666668176651 0.5868582725524902
    vertex -7.4900312423706055 1.9666744470596313 0.5868582725524902
  endloop
endfacet
facet normal 0.0 0.0 0.0
  outer loop
    vertex -7.360659599304199 -1.9666668176651 0.43934035301208496
    vertex -7.4900312423706055 1.9666744470596313 0.5868582725524902
    vertex -7.360659599304199 1.9666744470596313 0.43934035301208496
  endloop
endfacet
facet normal 0.0 0.0 0.0
  outer loop
    vertex -7.213141441345215 -1.9666668176651 0.3099701404571533
    vertex -7.360659599304199 -1.9666668176651 0.43934035301208496
    vertex -7.360659599304199 1.9666744470596313 0.43934035301208496
  endloop
endfacet
facet normal 0.0 0.0 0.0
  outer loop
    vertex -7.213141441345215 -1.9666668176651 0.3099701404571533
    vertex -7.360659599304199 1.9666744470596313 0.43934035301208496
    vertex -7.213141441345215 1.9666744470596313 0.3099701404571533
  endloop
endfacet
facet normal 0.0 0.0 0.0
  outer loop
    vertex -7.050002098083496 -1.9666668176651 0.20096230506896973
    vertex -7.213141441345215 -1.9666668176651 0.3099701404571533
    vertex -7.213141441345215 1.9666744470596313 0.3099701404571533
  endloop
endfacet
facet normal 0.0 0.0 0.0
  outer loop
    vertex -7.050002098083496 -1.9666668176651 0.20096230506896973
    vertex -7.213141441345215 1.9666744470596313 0.3099701404571533
    vertex -7.050002098083496 1.9666744470596313 0.20096230506896973
  endloop
endfacet
facet normal 0.0 0.0 0.0
  outer loop
    vertex -6.874022483825684 -1.9666668176651 0.1141812801361084
    vertex -7.050002098083496 -1.9666668176651 0.20096230506896973
    vertex -7.050002098083496 1.9666744470596313 0.20096230506896973
  endloop
endfacet
facet normal 0.0 0.0 0.0
  outer loop
    vertex -6.874022483825684 -1.9666668176651 0.1141812801361084
    vertex -7.050002098083496 1.9666744470596313 0.20096230506896973
    vertex -6.874022483825684 1.9666744470596313 0.1141812801361084
  endloop
endfacet
facet normal 0.0 0.0 0.0
  outer loop
    vertex -6.688231468200684 -1.9666668176651 0.05111122131347656
    vertex -6.874022483825684 -1.9666668176651 0.1141812801361084
    vertex -6.874022483825684 1.9666744470596313 0.1141812801361084
  endloop
endfacet
facet normal 0.0 0.0 0.0
  outer loop
    vertex -6.688231468200684 -1.9666668176651 0.05111122131347656
    vertex -6.874022483825684 1.9666744470596313 0.1141812801361084
    vertex -6.688231468200684 1.9666744470596313 0.05111122131347656
  endloop
endfacet
facet normal 0.0 0.0 0.0
  outer loop
    vertex -6.495791435241699 -1.9666668176651 0.012833356857299805
    vertex -6.688231468200684 -1.9666668176651 0.05111122131347656
    vertex -6.688231468200684 1.9666744470596313 0.05111122131347656
  endloop
endfacet
facet normal 0.0 0.0 0.0
  outer loop
    vertex -6.495791435241699 -1.9666668176651 0.012833356857299805
    vertex -6.688231468200684 1.9666744470596313 0.05111122131347656
    vertex -6.495791435241699 1.9666744470596313 0.012833356857299805
  endloop
endfacet
facet normal 0.0 0.0 0.0
  outer loop
    vertex -5.911261558532715 -6.387457847595215 2.384185791015625e-07
    vertex -5.800002098083496 -6.399996757507324 2.384185791015625e-07
    vertex -5.883872032165527 -6.590704917907715 0.012833356857299805
  endloop
endfacet
facet normal 0.0 0.0 0.0
  outer loop
    vertex -5.883872032165527 -6.590704917907715 0.012833356857299805
    vertex -5.800002098083496 -6.399996757507324 2.384185791015625e-07
    vertex -5.800002098083496 -6.595786094665527 0.012833356857299805
  endloop
endfacet
facet normal 0.0 0.0 0.0
  outer loop
    vertex -5.883872032165527 -6.590704917907715 0.012833356857299805
    vertex -5.800002098083496 -6.595786094665527 0.012833356857299805
    vertex -5.800002098083496 -6.7882256507873535 0.05111122131347656
  endloop
endfacet
facet normal 0.0 0.0 0.0
  outer loop
    vertex -5.883872032165527 -6.590704917907715 0.012833356857299805
    vertex -5.800002098083496 -6.7882256507873535 0.05111122131347656
    vertex -5.907061576843262 -6.781744480133057 0.05111122131347656
  endloop
endfacet
facet normal 0.0 0.0 0.0
  outer loop
    vertex -5.907061576843262 -6.781744480133057 0.05111122131347656
    vertex -5.800002098083496 -6.7882256507873535 0.05111122131347656
    vertex -5.800002098083496 -6.9740166664123535 0.1141812801361084
  endloop
endfacet
facet normal 0.0 0.0 0.0
  outer loop
    vertex -5.907061576843262 -6.781744480133057 0.05111122131347656
    vertex -5.800002098083496 -6.9740166664123535 0.1141812801361084
    vertex -5.929461479187012 -6.966185092926025 0.1141812801361084
  endloop
endfacet
facet normal 0.0 0.0 0.0
  outer loop
    vertex -5.929461479187012 -6.966185092926025 0.1141812801361084
    vertex -5.800002098083496 -6.9740166664123535 0.1141812801361084
    vertex -5.800002098083496 -7.149996280670166 0.20096230506896973
  endloop
endfacet
facet normal 0.0 0.0 0.0
  outer loop
    vertex -5.929461479187012 -6.966185092926025 0.1141812801361084
    vertex -5.800002098083496 -7.149996280670166 0.20096230506896973
    vertex -5.950671195983887 -7.140875339508057 0.20096230506896973
  endloop
endfacet
facet normal 0.0 0.0 0.0
  outer loop
    vertex -5.950671195983887 -7.140875339508057 0.20096230506896973
    vertex -5.800002098083496 -7.149996280670166 0.20096230506896973
    vertex -5.800002098083496 -7.313135623931885 0.3099701404571533
  endloop
endfacet
facet normal 0.0 0.0 0.0
  outer loop
    vertex -5.950671195983887 -7.140875339508057 0.20096230506896973
    vertex -5.800002098083496 -7.313135623931885 0.3099701404571533
    vertex -5.970332145690918 -7.302835941314697 0.3099701404571533
  endloop
endfacet
facet normal 0.0 0.0 0.0
  outer loop
    vertex -5.970332145690918 -7.302835941314697 0.3099701404571533
    vertex -5.800002098083496 -7.313135623931885 0.3099701404571533
    vertex -5.800002098083496 -7.460653781890869 0.43934035301208496
  endloop
endfacet
facet normal 0.0 0.0 0.0
  outer loop
    vertex -5.970332145690918 -7.302835941314697 0.3099701404571533
    vertex -5.800002098083496 -7.460653781890869 0.43934035301208496
    vertex -5.988120079040527 -7.44927453994751 0.43934035301208496
  endloop
endfacet
facet normal 0.0 0.0 0.0
  outer loop
    vertex -5.988120079040527 -7.44927453994751 0.43934035301208496
    vertex -5.800002098083496 -7.460653781890869 0.43934035301208496
    vertex -5.800002098083496 -7.590025424957275 0.5868582725524902
  endloop
endfacet
facet normal 0.0 0.0 0.0
  outer loop
    vertex -5.988120079040527 -7.44927453994751 0.43934035301208496
    vertex -5.800002098083496 -7.590025424957275 0.5868582725524902
    vertex -6.003710746765137 -7.577703952789307 0.5868582725524902
  endloop
endfacet
facet normal 0.0 0.0 0.0
  outer loop
    vertex -6.003710746765137 -7.577703952789307 0.5868582725524902
    vertex -5.800002098083496 -7.590025424957275 0.5868582725524902
    vertex -5.800002098083496 -7.699034214019775 0.7500002384185791
  endloop
endfacet
facet normal 0.0 0.0 0.0
  outer loop
    vertex -6.003710746765137 -7.577703952789307 0.5868582725524902
    vertex -5.800002098083496 -7.699034214019775 0.7500002384185791
    vertex -6.016852378845215 -7.685915470123291 0.7500002384185791
  endloop
endfacet
facet normal 0.0 0.0 0.0
  outer loop
    vertex -6.016852378845215 -7.685915470123291 0.7500002384185791
    vertex -5.800002098083496 -7.699034214019775 0.7500002384185791
    vertex -5.800002098083496 -7.7858147621154785 0.9259750843048096
  endloop
endfacet
facet normal 0.0 0.0 0.0
  outer loop
    vertex -6.016852378845215 -7.685915470123291 0.7500002384185791
    vertex -5.800002098083496 -7.7858147621154785 0.9259750843048096
    vertex -6.027312278747559 -7.772066593170166 0.9259750843048096
  endloop
endfacet
facet normal 0.0 0.0 0.0
  outer loop
    vertex -6.027312278747559 -7.772066593170166 0.9259750843048096
    vertex -5.800002098083496 -7.7858147621154785 0.9259750843048096
    vertex -5.800002098083496 -7.848886966705322 1.1117713451385498
  endloop
endfacet
facet normal 0.0 0.0 0.0
  outer loop
    vertex -6.027312278747559 -7.772066593170166 0.9259750843048096
    vertex -5.800002098083496 -7.848886966705322 1.1117713451385498
    vertex -6.034911155700684 -7.834677219390869 1.1117713451385498
  endloop
endfacet
facet normal 0.0 0.0 0.0
  outer loop
    vertex -6.034911155700684 -7.834677219390869 1.1117713451385498
    vertex -5.800002098083496 -7.848886966705322 1.1117713451385498
    vertex -5.800002098083496 -7.8871636390686035 1.3042106628417969
  endloop
endfacet
facet normal 0.0 0.0 0.0
  outer loop
    vertex -6.034911155700684 -7.834677219390869 1.1117713451385498
    vertex -5.800002098083496 -7.8871636390686035 1.3042106628417969
    vertex -6.0395307540893555 -7.87267541885376 1.3042106628417969
  endloop
endfacet
facet normal 0.0 0.0 0.0
  outer loop
    vertex -6.0395307540893555 -7.87267541885376 1.3042106628417969
    vertex -5.800002098083496 -7.8871636390686035 1.3042106628417969
    vertex -5.800002098083496 -7.899996280670166 1.4999998807907104
  endloop
endfacet
facet normal 0.0 0.0 0.0
  outer loop
    vertex -6.0395307540893555 -7.87267541885376 1.3042106628417969
    vertex -5.800002098083496 -7.899996280670166 1.4999998807907104
    vertex -6.041071891784668 -7.885416507720947 1.4999998807907104
  endloop
endfacet
facet normal 0.0 0.0 0.0
  outer loop
    vertex -6.0395307540893555 -7.87267541885376 1.3042106628417969
    vertex -6.041071891784668 -7.885416507720947 1.4999998807907104
    vertex -6.275561332702637 -7.829416751861572 1.3042106628417969
  endloop
endfacet
facet normal 0.0 0.0 0.0
  outer loop
    vertex -6.275561332702637 -7.829416751861572 1.3042106628417969
    vertex -6.041071891784668 -7.885416507720947 1.4999998807907104
    vertex -6.278632164001465 -7.8418755531311035 1.4999998807907104
  endloop
endfacet
facet normal 0.0 0.0 0.0
  outer loop
    vertex -6.275561332702637 -7.829416751861572 1.3042106628417969
    vertex -6.278632164001465 -7.8418755531311035 1.4999998807907104
    vertex -6.504660606384277 -7.7580246925354 1.3042106628417969
  endloop
endfacet
facet normal 0.0 0.0 0.0
  outer loop
    vertex -6.504660606384277 -7.7580246925354 1.3042106628417969
    vertex -6.278632164001465 -7.8418755531311035 1.4999998807907104
    vertex -6.509211540222168 -7.770025730133057 1.4999998807907104
  endloop
endfacet
facet normal 0.0 0.0 0.0
  outer loop
    vertex -6.504660606384277 -7.7580246925354 1.3042106628417969
    vertex -6.509211540222168 -7.770025730133057 1.4999998807907104
    vertex -6.723483085632324 -7.659544467926025 1.3042107820510864
  endloop
endfacet
facet normal 0.0 0.0 0.0
  outer loop
    vertex -6.723483085632324 -7.659544467926025 1.3042107820510864
    vertex -6.509211540222168 -7.770025730133057 1.4999998807907104
    vertex -6.729453086853027 -7.670904636383057 1.5
  endloop
endfacet
facet normal 0.0 0.0 0.0
  outer loop
    vertex -6.723483085632324 -7.659544467926025 1.3042107820510864
    vertex -6.729453086853027 -7.670904636383057 1.5
    vertex -6.928839683532715 -7.535406589508057 1.3042107820510864
  endloop
endfacet
facet normal 0.0 0.0 0.0
  outer loop
    vertex -6.928839683532715 -7.535406589508057 1.3042107820510864
    vertex -6.729453086853027 -7.670904636383057 1.5
    vertex -6.936129570007324 -7.545965671539307 1.5
  endloop
endfacet
facet normal 0.0 0.0 0.0
  outer loop
    vertex -6.928839683532715 -7.535406589508057 1.3042107820510864
    vertex -6.936129570007324 -7.545965671539307 1.5
    vertex -7.117732048034668 -7.387403964996338 1.3042107820510864
  endloop
endfacet
facet normal 0.0 0.0 0.0
  outer loop
    vertex -7.117732048034668 -7.387403964996338 1.3042107820510864
    vertex -6.936129570007324 -7.545965671539307 1.5
    vertex -7.126242637634277 -7.397017002105713 1.5
  endloop
endfacet
facet normal 0.0 0.0 0.0
  outer loop
    vertex -7.117732048034668 -7.387403964996338 1.3042107820510864
    vertex -7.126242637634277 -7.397017002105713 1.5
    vertex -7.287421226501465 -7.217726230621338 1.3042107820510864
  endloop
endfacet
facet normal 0.0 0.0 0.0
  outer loop
    vertex -7.287421226501465 -7.217726230621338 1.3042107820510864
    vertex -7.126242637634277 -7.397017002105713 1.5
    vertex -7.297022819519043 -7.226236820220947 1.5
  endloop
endfacet
facet normal 0.0 0.0 0.0
  outer loop
    vertex -7.287421226501465 -7.217726230621338 1.3042107820510864
    vertex -7.297022819519043 -7.226236820220947 1.5
    vertex -7.435412406921387 -7.028833866119385 1.3042107820510864
  endloop
endfacet
facet normal 0.0 0.0 0.0
  outer loop
    vertex -7.435412406921387 -7.028833866119385 1.3042107820510864
    vertex -7.297022819519043 -7.226236820220947 1.5
    vertex -7.445971488952637 -7.036123752593994 1.5
  endloop
endfacet
facet normal 0.0 0.0 0.0
  outer loop
    vertex -7.435412406921387 -7.028833866119385 1.3042107820510864
    vertex -7.445971488952637 -7.036123752593994 1.5
    vertex -7.5595502853393555 -6.823477268218994 1.3042107820510864
  endloop
endfacet
facet normal 0.0 0.0 0.0
  outer loop
    vertex -7.5595502853393555 -6.823477268218994 1.3042107820510864
    vertex -7.445971488952637 -7.036123752593994 1.5
    vertex -7.570910453796387 -6.8294358253479 1.5
  endloop
endfacet
facet normal 0.0 0.0 0.0
  outer loop
    vertex -7.5595502853393555 -6.823477268218994 1.3042107820510864
    vertex -7.570910453796387 -6.8294358253479 1.5
    vertex -7.6580305099487305 -6.6046552658081055 1.3042107820510864
  endloop
endfacet
facet normal 0.0 0.0 0.0
  outer loop
    vertex -7.6580305099487305 -6.6046552658081055 1.3042107820510864
    vertex -7.570910453796387 -6.8294358253479 1.5
    vertex -7.670031547546387 -6.609206199645996 1.5
  endloop
endfacet
facet normal 0.0 0.0 0.0
  outer loop
    vertex -7.6580305099487305 -6.6046552658081055 1.3042107820510864
    vertex -7.670031547546387 -6.609206199645996 1.5
    vertex -7.729422569274902 -6.375555992126465 1.3042107820510864
  endloop
endfacet
facet normal 0.0 0.0 0.0
  outer loop
    vertex -7.729422569274902 -6.375555992126465 1.3042107820510864
    vertex -7.670031547546387 -6.609206199645996 1.5
    vertex -7.741881370544434 -6.378626823425293 1.5
  endloop
endfacet
facet normal 0.0 0.0 0.0
  outer loop
    vertex -7.729422569274902 -6.375555992126465 1.3042107820510864
    vertex -7.741881370544434 -6.378626823425293 1.5
    vertex -7.77268123626709 -6.139525413513184 1.3042107820510864
  endloop
endfacet
facet normal 0.0 0.0 0.0
  outer loop
    vertex -7.77268123626709 -6.139525413513184 1.3042107820510864
    vertex -7.741881370544434 -6.378626823425293 1.5
    vertex -7.785422325134277 -6.141066551208496 1.5
  endloop
endfacet
facet normal 0.0 0.0 0.0
  outer loop
    vertex -7.77268123626709 -6.139525413513184 1.3042107820510864
    vertex -7.785422325134277 -6.141066551208496 1.5
    vertex -7.787169456481934 -5.899996757507324 1.3042107820510864
  endloop
endfacet
facet normal 0.0 0.0 0.0
  outer loop
    vertex -7.787169456481934 -5.899996757507324 1.3042107820510864
    vertex -7.785422325134277 -6.141066551208496 1.5
    vertex -7.800002098083496 -5.899996757507324 1.5
  endloop
endfacet
facet normal 0.0 0.0 0.0
  outer loop
    vertex -7.787169456481934 -5.899996757507324 1.3042107820510864
    vertex -7.748892784118652 -5.899996757507324 1.1117714643478394
    vertex -7.77268123626709 -6.139525413513184 1.3042107820510864
  endloop
endfacet
facet normal 0.0 0.0 0.0
  outer loop
    vertex -7.77268123626709 -6.139525413513184 1.3042107820510864
    vertex -7.748892784118652 -5.899996757507324 1.1117714643478394
    vertex -7.734683036804199 -6.134905815124512 1.1117714643478394
  endloop
endfacet
facet normal 0.0 0.0 0.0
  outer loop
    vertex -7.77268123626709 -6.139525413513184 1.3042107820510864
    vertex -7.734683036804199 -6.134905815124512 1.1117714643478394
    vertex -7.729422569274902 -6.375555992126465 1.3042107820510864
  endloop
endfacet
facet normal 0.0 0.0 0.0
  outer loop
    vertex -7.729422569274902 -6.375555992126465 1.3042107820510864
    vertex -7.734683036804199 -6.134905815124512 1.1117714643478394
    vertex -7.692259788513184 -6.366396903991699 1.1117714643478394
  endloop
endfacet
facet normal 0.0 0.0 0.0
  outer loop
    vertex -7.729422569274902 -6.375555992126465 1.3042107820510864
    vertex -7.692259788513184 -6.366396903991699 1.1117714643478394
    vertex -7.6580305099487305 -6.6046552658081055 1.3042107820510864
  endloop
endfacet
facet normal 0.0 0.0 0.0
  outer loop
    vertex -7.6580305099487305 -6.6046552658081055 1.3042107820510864
    vertex -7.692259788513184 -6.366396903991699 1.1117714643478394
    vertex -7.622241020202637 -6.5910749435424805 1.1117714643478394
  endloop
endfacet
facet normal 0.0 0.0 0.0
  outer loop
    vertex -7.6580305099487305 -6.6046552658081055 1.3042107820510864
    vertex -7.622241020202637 -6.5910749435424805 1.1117714643478394
    vertex -7.5595502853393555 -6.823477268218994 1.3042107820510864
  endloop
endfacet
facet normal 0.0 0.0 0.0
  outer loop
    vertex -7.5595502853393555 -6.823477268218994 1.3042107820510864
    vertex -7.622241020202637 -6.5910749435424805 1.1117714643478394
    vertex -7.525652885437012 -6.805685520172119 1.1117714643478394
  endloop
endfacet
facet normal 0.0 0.0 0.0
  outer loop
    vertex -7.5595502853393555 -6.823477268218994 1.3042107820510864
    vertex -7.525652885437012 -6.805685520172119 1.1117714643478394
    vertex -7.435412406921387 -7.028833866119385 1.3042107820510864
  endloop
endfacet
facet normal 0.0 0.0 0.0
  outer loop
    vertex -7.435412406921387 -7.028833866119385 1.3042107820510864
    vertex -7.525652885437012 -6.805685520172119 1.1117714643478394
    vertex -7.403903007507324 -7.007086277008057 1.1117714643478394
  endloop
endfacet
facet normal 0.0 0.0 0.0
  outer loop
    vertex -7.435412406921387 -7.028833866119385 1.3042107820510864
    vertex -7.403903007507324 -7.007086277008057 1.1117714643478394
    vertex -7.287421226501465 -7.217726230621338 1.3042107820510864
  endloop
endfacet
facet normal 0.0 0.0 0.0
  outer loop
    vertex -7.287421226501465 -7.217726230621338 1.3042107820510864
    vertex -7.403903007507324 -7.007086277008057 1.1117714643478394
    vertex -7.258761405944824 -7.192347049713135 1.1117714643478394
  endloop
endfacet
facet normal 0.0 0.0 0.0
  outer loop
    vertex -7.287421226501465 -7.217726230621338 1.3042107820510864
    vertex -7.258761405944824 -7.192347049713135 1.1117714643478394
    vertex -7.117732048034668 -7.387403964996338 1.3042107820510864
  endloop
endfacet
facet normal 0.0 0.0 0.0
  outer loop
    vertex -7.117732048034668 -7.387403964996338 1.3042107820510864
    vertex -7.258761405944824 -7.192347049713135 1.1117714643478394
    vertex -7.092352867126465 -7.358755588531494 1.1117714643478394
  endloop
endfacet
facet normal 0.0 0.0 0.0
  outer loop
    vertex -7.117732048034668 -7.387403964996338 1.3042107820510864
    vertex -7.092352867126465 -7.358755588531494 1.1117714643478394
    vertex -6.928839683532715 -7.535406589508057 1.3042107820510864
  endloop
endfacet
facet normal 0.0 0.0 0.0
  outer loop
    vertex -6.928839683532715 -7.535406589508057 1.3042107820510864
    vertex -7.092352867126465 -7.358755588531494 1.1117714643478394
    vertex -6.907092094421387 -7.503897190093994 1.1117714643478394
  endloop
endfacet
facet normal 0.0 0.0 0.0
  outer loop
    vertex -6.928839683532715 -7.535406589508057 1.3042107820510864
    vertex -6.907092094421387 -7.503897190093994 1.1117714643478394
    vertex -6.723483085632324 -7.659544467926025 1.3042107820510864
  endloop
endfacet
facet normal 0.0 0.0 0.0
  outer loop
    vertex -6.723483085632324 -7.659544467926025 1.3042107820510864
    vertex -6.907092094421387 -7.503897190093994 1.1117714643478394
    vertex -6.705691337585449 -7.625647068023682 1.1117714643478394
  endloop
endfacet
facet normal 0.0 0.0 0.0
  outer loop
    vertex -6.723483085632324 -7.659544467926025 1.3042107820510864
    vertex -6.705691337585449 -7.625647068023682 1.1117714643478394
    vertex -6.504660606384277 -7.7580246925354 1.3042106628417969
  endloop
endfacet
facet normal 0.0 0.0 0.0
  outer loop
    vertex -6.504660606384277 -7.7580246925354 1.3042106628417969
    vertex -6.705691337585449 -7.625647068023682 1.1117714643478394
    vertex -6.491080284118652 -7.722235202789307 1.1117713451385498
  endloop
endfacet
facet normal 0.0 0.0 0.0
  outer loop
    vertex -6.504660606384277 -7.7580246925354 1.3042106628417969
    vertex -6.491080284118652 -7.722235202789307 1.1117713451385498
    vertex -6.275561332702637 -7.829416751861572 1.3042106628417969
  endloop
endfacet
facet normal 0.0 0.0 0.0
  outer loop
    vertex -6.275561332702637 -7.829416751861572 1.3042106628417969
    vertex -6.491080284118652 -7.722235202789307 1.1117713451385498
    vertex -6.266402244567871 -7.7922539710998535 1.1117713451385498
  endloop
endfacet
facet normal 0.0 0.0 0.0
  outer loop
    vertex -6.275561332702637 -7.829416751861572 1.3042106628417969
    vertex -6.266402244567871 -7.7922539710998535 1.1117713451385498
    vertex -6.0395307540893555 -7.87267541885376 1.3042106628417969
  endloop
endfacet
facet normal 0.0 0.0 0.0
  outer loop
    vertex -6.0395307540893555 -7.87267541885376 1.3042106628417969
    vertex -6.266402244567871 -7.7922539710998535 1.1117713451385498
    vertex -6.034911155700684 -7.834677219390869 1.1117713451385498
  endloop
endfacet
facet normal 0.0 0.0 0.0
  outer loop
    vertex -7.748892784118652 -5.899996757507324 1.1117714643478394
    vertex -7.685820579528809 -5.899996757507324 0.9259750843048096
    vertex -7.734683036804199 -6.134905815124512 1.1117714643478394
  endloop
endfacet
facet normal 0.0 0.0 0.0
  outer loop
    vertex -7.734683036804199 -6.134905815124512 1.1117714643478394
    vertex -7.685820579528809 -5.899996757507324 0.9259750843048096
    vertex -7.672072410583496 -6.127306938171387 0.9259750843048096
  endloop
endfacet
facet normal 0.0 0.0 0.0
  outer loop
    vertex -7.734683036804199 -6.134905815124512 1.1117714643478394
    vertex -7.672072410583496 -6.127306938171387 0.9259750843048096
    vertex -7.692259788513184 -6.366396903991699 1.1117714643478394
  endloop
endfacet
facet normal 0.0 0.0 0.0
  outer loop
    vertex -7.692259788513184 -6.366396903991699 1.1117714643478394
    vertex -7.672072410583496 -6.127306938171387 0.9259750843048096
    vertex -7.6310224533081055 -6.35129451751709 0.9259750843048096
  endloop
endfacet
facet normal 0.0 0.0 0.0
  outer loop
    vertex -7.692259788513184 -6.366396903991699 1.1117714643478394
    vertex -7.6310224533081055 -6.35129451751709 0.9259750843048096
    vertex -7.622241020202637 -6.5910749435424805 1.1117714643478394
  endloop
endfacet
facet normal 0.0 0.0 0.0
  outer loop
    vertex -7.622241020202637 -6.5910749435424805 1.1117714643478394
    vertex -7.6310224533081055 -6.35129451751709 0.9259750843048096
    vertex -7.56326961517334 -6.568717002868652 0.9259750843048096
  endloop
endfacet
facet normal 0.0 0.0 0.0
  outer loop
    vertex -7.622241020202637 -6.5910749435424805 1.1117714643478394
    vertex -7.56326961517334 -6.568717002868652 0.9259750843048096
    vertex -7.525652885437012 -6.805685520172119 1.1117714643478394
  endloop
endfacet
facet normal 0.0 0.0 0.0
  outer loop
    vertex -7.525652885437012 -6.805685520172119 1.1117714643478394
    vertex -7.56326961517334 -6.568717002868652 0.9259750843048096
    vertex -7.469809532165527 -6.776377201080322 0.9259750843048096
  endloop
endfacet
facet normal 0.0 0.0 0.0
  outer loop
    vertex -7.525652885437012 -6.805685520172119 1.1117714643478394
    vertex -7.469809532165527 -6.776377201080322 0.9259750843048096
    vertex -7.403903007507324 -7.007086277008057 1.1117714643478394
  endloop
endfacet
facet normal 0.0 0.0 0.0
  outer loop
    vertex -7.403903007507324 -7.007086277008057 1.1117714643478394
    vertex -7.469809532165527 -6.776377201080322 0.9259750843048096
    vertex -7.3520002365112305 -6.971266269683838 0.9259750843048096
  endloop
endfacet
facet normal 0.0 0.0 0.0
  outer loop
    vertex -7.403903007507324 -7.007086277008057 1.1117714643478394
    vertex -7.3520002365112305 -6.971266269683838 0.9259750843048096
    vertex -7.258761405944824 -7.192347049713135 1.1117714643478394
  endloop
endfacet
facet normal 0.0 0.0 0.0
  outer loop
    vertex -7.258761405944824 -7.192347049713135 1.1117714643478394
    vertex -7.3520002365112305 -6.971266269683838 0.9259750843048096
    vertex -7.211562156677246 -7.150526523590088 0.9259750843048096
  endloop
endfacet
facet normal 0.0 0.0 0.0
  outer loop
    vertex -7.258761405944824 -7.192347049713135 1.1117714643478394
    vertex -7.211562156677246 -7.150526523590088 0.9259750843048096
    vertex -7.092352867126465 -7.358755588531494 1.1117714643478394
  endloop
endfacet
facet normal 0.0 0.0 0.0
  outer loop
    vertex -7.092352867126465 -7.358755588531494 1.1117714643478394
    vertex -7.211562156677246 -7.150526523590088 0.9259750843048096
    vertex -7.050532341003418 -7.311544895172119 0.9259750843048096
  endloop
endfacet
facet normal 0.0 0.0 0.0
  outer loop
    vertex -7.092352867126465 -7.358755588531494 1.1117714643478394
    vertex -7.050532341003418 -7.311544895172119 0.9259750843048096
    vertex -6.907092094421387 -7.503897190093994 1.1117714643478394
  endloop
endfacet
facet normal 0.0 0.0 0.0
  outer loop
    vertex -6.907092094421387 -7.503897190093994 1.1117714643478394
    vertex -7.050532341003418 -7.311544895172119 0.9259750843048096
    vertex -6.871272087097168 -7.4519944190979 0.9259750843048096
  endloop
endfacet
facet normal 0.0 0.0 0.0
  outer loop
    vertex -6.907092094421387 -7.503897190093994 1.1117714643478394
    vertex -6.871272087097168 -7.4519944190979 0.9259750843048096
    vertex -6.705691337585449 -7.625647068023682 1.1117714643478394
  endloop
endfacet
facet normal 0.0 0.0 0.0
  outer loop
    vertex -6.705691337585449 -7.625647068023682 1.1117714643478394
    vertex -6.871272087097168 -7.4519944190979 0.9259750843048096
    vertex -6.676383018493652 -7.569803714752197 0.9259750843048096
  endloop
endfacet
facet normal 0.0 0.0 0.0
  outer loop
    vertex -6.705691337585449 -7.625647068023682 1.1117714643478394
    vertex -6.676383018493652 -7.569803714752197 0.9259750843048096
    vertex -6.491080284118652 -7.722235202789307 1.1117713451385498
  endloop
endfacet
facet normal 0.0 0.0 0.0
  outer loop
    vertex -6.491080284118652 -7.722235202789307 1.1117713451385498
    vertex -6.676383018493652 -7.569803714752197 0.9259750843048096
    vertex -6.468722343444824 -7.66326379776001 0.9259750843048096
  endloop
endfacet
facet normal 0.0 0.0 0.0
  outer loop
    vertex -6.491080284118652 -7.722235202789307 1.1117713451385498
    vertex -6.468722343444824 -7.66326379776001 0.9259750843048096
    vertex -6.266402244567871 -7.7922539710998535 1.1117713451385498
  endloop
endfacet
facet normal 0.0 0.0 0.0
  outer loop
    vertex -6.266402244567871 -7.7922539710998535 1.1117713451385498
    vertex -6.468722343444824 -7.66326379776001 0.9259750843048096
    vertex -6.251311302185059 -7.731016635894775 0.9259750843048096
  endloop
endfacet
facet normal 0.0 0.0 0.0
  outer loop
    vertex -6.266402244567871 -7.7922539710998535 1.1117713451385498
    vertex -6.251311302185059 -7.731016635894775 0.9259750843048096
    vertex -6.034911155700684 -7.834677219390869 1.1117713451385498
  endloop
endfacet
facet normal 0.0 0.0 0.0
  outer loop
    vertex -6.034911155700684 -7.834677219390869 1.1117713451385498
    vertex -6.251311302185059 -7.731016635894775 0.9259750843048096
    vertex -6.027312278747559 -7.772066593170166 0.9259750843048096
  endloop
endfacet
facet normal 0.0 0.0 0.0
  outer loop
    vertex -7.685820579528809 -5.899996757507324 0.9259750843048096
    vertex -7.5990400314331055 -5.899996757507324 0.7500002384185791
    vertex -7.672072410583496 -6.127306938171387 0.9259750843048096
  endloop
endfacet
facet normal 0.0 0.0 0.0
  outer loop
    vertex -7.672072410583496 -6.127306938171387 0.9259750843048096
    vertex -7.5990400314331055 -5.899996757507324 0.7500002384185791
    vertex -7.585921287536621 -6.116847038269043 0.7500002384185791
  endloop
endfacet
facet normal 0.0 0.0 0.0
  outer loop
    vertex -7.672072410583496 -6.127306938171387 0.9259750843048096
    vertex -7.585921287536621 -6.116847038269043 0.7500002384185791
    vertex -7.6310224533081055 -6.35129451751709 0.9259750843048096
  endloop
endfacet
facet normal 0.0 0.0 0.0
  outer loop
    vertex -7.6310224533081055 -6.35129451751709 0.9259750843048096
    vertex -7.585921287536621 -6.116847038269043 0.7500002384185791
    vertex -7.546759605407715 -6.330534934997559 0.7500002384185791
  endloop
endfacet
facet normal 0.0 0.0 0.0
  outer loop
    vertex -7.6310224533081055 -6.35129451751709 0.9259750843048096
    vertex -7.546759605407715 -6.330534934997559 0.7500002384185791
    vertex -7.56326961517334 -6.568717002868652 0.9259750843048096
  endloop
endfacet
facet normal 0.0 0.0 0.0
  outer loop
    vertex -7.56326961517334 -6.568717002868652 0.9259750843048096
    vertex -7.546759605407715 -6.330534934997559 0.7500002384185791
    vertex -7.482131004333496 -6.537947654724121 0.7500002384185791
  endloop
endfacet
facet normal 0.0 0.0 0.0
  outer loop
    vertex -7.56326961517334 -6.568717002868652 0.9259750843048096
    vertex -7.482131004333496 -6.537947654724121 0.7500002384185791
    vertex -7.469809532165527 -6.776377201080322 0.9259750843048096
  endloop
endfacet
facet normal 0.0 0.0 0.0
  outer loop
    vertex -7.469809532165527 -6.776377201080322 0.9259750843048096
    vertex -7.482131004333496 -6.537947654724121 0.7500002384185791
    vertex -7.392970085144043 -6.736044406890869 0.7500002384185791
  endloop
endfacet
facet normal 0.0 0.0 0.0
  outer loop
    vertex -7.469809532165527 -6.776377201080322 0.9259750843048096
    vertex -7.392970085144043 -6.736044406890869 0.7500002384185791
    vertex -7.3520002365112305 -6.971266269683838 0.9259750843048096
  endloop
endfacet
facet normal 0.0 0.0 0.0
  outer loop
    vertex -7.3520002365112305 -6.971266269683838 0.9259750843048096
    vertex -7.392970085144043 -6.736044406890869 0.7500002384185791
    vertex -7.280581474304199 -6.9219651222229 0.7500002384185791
  endloop
endfacet
facet normal 0.0 0.0 0.0
  outer loop
    vertex -7.3520002365112305 -6.971266269683838 0.9259750843048096
    vertex -7.280581474304199 -6.9219651222229 0.7500002384185791
    vertex -7.211562156677246 -7.150526523590088 0.9259750843048096
  endloop
endfacet
facet normal 0.0 0.0 0.0
  outer loop
    vertex -7.211562156677246 -7.150526523590088 0.9259750843048096
    vertex -7.280581474304199 -6.9219651222229 0.7500002384185791
    vertex -7.146601676940918 -7.0929741859436035 0.7500002384185791
  endloop
endfacet
facet normal 0.0 0.0 0.0
  outer loop
    vertex -7.211562156677246 -7.150526523590088 0.9259750843048096
    vertex -7.146601676940918 -7.0929741859436035 0.7500002384185791
    vertex -7.050532341003418 -7.311544895172119 0.9259750843048096
  endloop
endfacet
facet normal 0.0 0.0 0.0
  outer loop
    vertex -7.050532341003418 -7.311544895172119 0.9259750843048096
    vertex -7.146601676940918 -7.0929741859436035 0.7500002384185791
    vertex -6.992980003356934 -7.246595859527588 0.7500002384185791
  endloop
endfacet
facet normal 0.0 0.0 0.0
  outer loop
    vertex -7.050532341003418 -7.311544895172119 0.9259750843048096
    vertex -6.992980003356934 -7.246595859527588 0.7500002384185791
    vertex -6.871272087097168 -7.4519944190979 0.9259750843048096
  endloop
endfacet
facet normal 0.0 0.0 0.0
  outer loop
    vertex -6.871272087097168 -7.4519944190979 0.9259750843048096
    vertex -6.992980003356934 -7.246595859527588 0.7500002384185791
    vertex -6.8219709396362305 -7.380575656890869 0.7500002384185791
  endloop
endfacet
facet normal 0.0 0.0 0.0
  outer loop
    vertex -6.871272087097168 -7.4519944190979 0.9259750843048096
    vertex -6.8219709396362305 -7.380575656890869 0.7500002384185791
    vertex -6.676383018493652 -7.569803714752197 0.9259750843048096
  endloop
endfacet
facet normal 0.0 0.0 0.0
  outer loop
    vertex -6.676383018493652 -7.569803714752197 0.9259750843048096
    vertex -6.8219709396362305 -7.380575656890869 0.7500002384185791
    vertex -6.636050224304199 -7.492964267730713 0.7500002384185791
  endloop
endfacet
facet normal 0.0 0.0 0.0
  outer loop
    vertex -6.676383018493652 -7.569803714752197 0.9259750843048096
    vertex -6.636050224304199 -7.492964267730713 0.7500002384185791
    vertex -6.468722343444824 -7.66326379776001 0.9259750843048096
  endloop
endfacet
facet normal 0.0 0.0 0.0
  outer loop
    vertex -6.468722343444824 -7.66326379776001 0.9259750843048096
    vertex -6.636050224304199 -7.492964267730713 0.7500002384185791
    vertex -6.437952995300293 -7.582125186920166 0.7500002384185791
  endloop
endfacet
facet normal 0.0 0.0 0.0
  outer loop
    vertex -6.468722343444824 -7.66326379776001 0.9259750843048096
    vertex -6.437952995300293 -7.582125186920166 0.7500002384185791
    vertex -6.251311302185059 -7.731016635894775 0.9259750843048096
  endloop
endfacet
facet normal 0.0 0.0 0.0
  outer loop
    vertex -6.251311302185059 -7.731016635894775 0.9259750843048096
    vertex -6.437952995300293 -7.582125186920166 0.7500002384185791
    vertex -6.2305402755737305 -7.646753787994385 0.7500002384185791
  endloop
endfacet
facet normal 0.0 0.0 0.0
  outer loop
    vertex -6.251311302185059 -7.731016635894775 0.9259750843048096
    vertex -6.2305402755737305 -7.646753787994385 0.7500002384185791
    vertex -6.027312278747559 -7.772066593170166 0.9259750843048096
  endloop
endfacet
facet normal 0.0 0.0 0.0
  outer loop
    vertex -6.027312278747559 -7.772066593170166 0.9259750843048096
    vertex -6.2305402755737305 -7.646753787994385 0.7500002384185791
    vertex -6.016852378845215 -7.685915470123291 0.7500002384185791
  endloop
endfacet
facet normal 0.0 0.0 0.0
  outer loop
    vertex -7.5990400314331055 -5.899996757507324 0.7500002384185791
    vertex -7.4900312423706055 -5.899996757507324 0.5868582725524902
    vertex -7.585921287536621 -6.116847038269043 0.7500002384185791
  endloop
endfacet
facet normal 0.0 0.0 0.0
  outer loop
    vertex -7.585921287536621 -6.116847038269043 0.7500002384185791
    vertex -7.4900312423706055 -5.899996757507324 0.5868582725524902
    vertex -7.477709770202637 -6.103705406188965 0.5868582725524902
  endloop
endfacet
facet normal 0.0 0.0 0.0
  outer loop
    vertex -7.585921287536621 -6.116847038269043 0.7500002384185791
    vertex -7.477709770202637 -6.103705406188965 0.5868582725524902
    vertex -7.546759605407715 -6.330534934997559 0.7500002384185791
  endloop
endfacet
facet normal 0.0 0.0 0.0
  outer loop
    vertex -7.546759605407715 -6.330534934997559 0.7500002384185791
    vertex -7.477709770202637 -6.103705406188965 0.5868582725524902
    vertex -7.440920829772949 -6.304446220397949 0.5868582725524902
  endloop
endfacet
facet normal 0.0 0.0 0.0
  outer loop
    vertex -7.546759605407715 -6.330534934997559 0.7500002384185791
    vertex -7.440920829772949 -6.304446220397949 0.5868582725524902
    vertex -7.482131004333496 -6.537947654724121 0.7500002384185791
  endloop
endfacet
facet normal 0.0 0.0 0.0
  outer loop
    vertex -7.482131004333496 -6.537947654724121 0.7500002384185791
    vertex -7.440920829772949 -6.304446220397949 0.5868582725524902
    vertex -7.380202293395996 -6.499285697937012 0.5868582725524902
  endloop
endfacet
facet normal 0.0 0.0 0.0
  outer loop
    vertex -7.482131004333496 -6.537947654724121 0.7500002384185791
    vertex -7.380202293395996 -6.499285697937012 0.5868582725524902
    vertex -7.392970085144043 -6.736044406890869 0.7500002384185791
  endloop
endfacet
facet normal 0.0 0.0 0.0
  outer loop
    vertex -7.392970085144043 -6.736044406890869 0.7500002384185791
    vertex -7.380202293395996 -6.499285697937012 0.5868582725524902
    vertex -7.296450614929199 -6.685385227203369 0.5868582725524902
  endloop
endfacet
facet normal 0.0 0.0 0.0
  outer loop
    vertex -7.392970085144043 -6.736044406890869 0.7500002384185791
    vertex -7.296450614929199 -6.685385227203369 0.5868582725524902
    vertex -7.280581474304199 -6.9219651222229 0.7500002384185791
  endloop
endfacet
facet normal 0.0 0.0 0.0
  outer loop
    vertex -7.280581474304199 -6.9219651222229 0.7500002384185791
    vertex -7.296450614929199 -6.685385227203369 0.5868582725524902
    vertex -7.190871238708496 -6.860044956207275 0.5868582725524902
  endloop
endfacet
facet normal 0.0 0.0 0.0
  outer loop
    vertex -7.280581474304199 -6.9219651222229 0.7500002384185791
    vertex -7.190871238708496 -6.860044956207275 0.5868582725524902
    vertex -7.146601676940918 -7.0929741859436035 0.7500002384185791
  endloop
endfacet
facet normal 0.0 0.0 0.0
  outer loop
    vertex -7.146601676940918 -7.0929741859436035 0.7500002384185791
    vertex -7.190871238708496 -6.860044956207275 0.5868582725524902
    vertex -7.065001487731934 -7.020697116851807 0.5868582725524902
  endloop
endfacet
facet normal 0.0 0.0 0.0
  outer loop
    vertex -7.146601676940918 -7.0929741859436035 0.7500002384185791
    vertex -7.065001487731934 -7.020697116851807 0.5868582725524902
    vertex -6.992980003356934 -7.246595859527588 0.7500002384185791
  endloop
endfacet
facet normal 0.0 0.0 0.0
  outer loop
    vertex -6.992980003356934 -7.246595859527588 0.7500002384185791
    vertex -7.065001487731934 -7.020697116851807 0.5868582725524902
    vertex -6.920702934265137 -7.1649956703186035 0.5868582725524902
  endloop
endfacet
facet normal 0.0 0.0 0.0
  outer loop
    vertex -6.992980003356934 -7.246595859527588 0.7500002384185791
    vertex -6.920702934265137 -7.1649956703186035 0.5868582725524902
    vertex -6.8219709396362305 -7.380575656890869 0.7500002384185791
  endloop
endfacet
facet normal 0.0 0.0 0.0
  outer loop
    vertex -6.8219709396362305 -7.380575656890869 0.7500002384185791
    vertex -6.920702934265137 -7.1649956703186035 0.5868582725524902
    vertex -6.7600507736206055 -7.290865421295166 0.5868582725524902
  endloop
endfacet
facet normal 0.0 0.0 0.0
  outer loop
    vertex -6.8219709396362305 -7.380575656890869 0.7500002384185791
    vertex -6.7600507736206055 -7.290865421295166 0.5868582725524902
    vertex -6.636050224304199 -7.492964267730713 0.7500002384185791
  endloop
endfacet
facet normal 0.0 0.0 0.0
  outer loop
    vertex -6.636050224304199 -7.492964267730713 0.7500002384185791
    vertex -6.7600507736206055 -7.290865421295166 0.5868582725524902
    vertex -6.585402488708496 -7.396444797515869 0.5868582725524902
  endloop
endfacet
facet normal 0.0 0.0 0.0
  outer loop
    vertex -6.636050224304199 -7.492964267730713 0.7500002384185791
    vertex -6.585402488708496 -7.396444797515869 0.5868582725524902
    vertex -6.437952995300293 -7.582125186920166 0.7500002384185791
  endloop
endfacet
facet normal 0.0 0.0 0.0
  outer loop
    vertex -6.437952995300293 -7.582125186920166 0.7500002384185791
    vertex -6.585402488708496 -7.396444797515869 0.5868582725524902
    vertex -6.399291038513184 -7.480196475982666 0.5868582725524902
  endloop
endfacet
facet normal 0.0 0.0 0.0
  outer loop
    vertex -6.437952995300293 -7.582125186920166 0.7500002384185791
    vertex -6.399291038513184 -7.480196475982666 0.5868582725524902
    vertex -6.2305402755737305 -7.646753787994385 0.7500002384185791
  endloop
endfacet
facet normal 0.0 0.0 0.0
  outer loop
    vertex -6.2305402755737305 -7.646753787994385 0.7500002384185791
    vertex -6.399291038513184 -7.480196475982666 0.5868582725524902
    vertex -6.204451560974121 -7.540915012359619 0.5868582725524902
  endloop
endfacet
facet normal 0.0 0.0 0.0
  outer loop
    vertex -6.2305402755737305 -7.646753787994385 0.7500002384185791
    vertex -6.204451560974121 -7.540915012359619 0.5868582725524902
    vertex -6.016852378845215 -7.685915470123291 0.7500002384185791
  endloop
endfacet
facet normal 0.0 0.0 0.0
  outer loop
    vertex -6.016852378845215 -7.685915470123291 0.7500002384185791
    vertex -6.204451560974121 -7.540915012359619 0.5868582725524902
    vertex -6.003710746765137 -7.577703952789307 0.5868582725524902
  endloop
endfacet
facet normal 0.0 0.0 0.0
  outer loop
    vertex -7.4900312423706055 -5.899996757507324 0.5868582725524902
    vertex -7.360659599304199 -5.899996757507324 0.43934035301208496
    vertex -7.477709770202637 -6.103705406188965 0.5868582725524902
  endloop
endfacet
facet normal 0.0 0.0 0.0
  outer loop
    vertex -7.477709770202637 -6.103705406188965 0.5868582725524902
    vertex -7.360659599304199 -5.899996757507324 0.43934035301208496
    vertex -7.34928035736084 -6.0881147384643555 0.43934035301208496
  endloop
endfacet
facet normal 0.0 0.0 0.0
  outer loop
    vertex -7.477709770202637 -6.103705406188965 0.5868582725524902
    vertex -7.34928035736084 -6.0881147384643555 0.43934035301208496
    vertex -7.440920829772949 -6.304446220397949 0.5868582725524902
  endloop
endfacet
facet normal 0.0 0.0 0.0
  outer loop
    vertex -7.440920829772949 -6.304446220397949 0.5868582725524902
    vertex -7.34928035736084 -6.0881147384643555 0.43934035301208496
    vertex -7.315310478210449 -6.273486137390137 0.43934035301208496
  endloop
endfacet
facet normal 0.0 0.0 0.0
  outer loop
    vertex -7.440920829772949 -6.304446220397949 0.5868582725524902
    vertex -7.315310478210449 -6.273486137390137 0.43934035301208496
    vertex -7.380202293395996 -6.499285697937012 0.5868582725524902
  endloop
endfacet
facet normal 0.0 0.0 0.0
  outer loop
    vertex -7.380202293395996 -6.499285697937012 0.5868582725524902
    vertex -7.315310478210449 -6.273486137390137 0.43934035301208496
    vertex -7.259242057800293 -6.453417778015137 0.43934035301208496
  endloop
endfacet
facet normal 0.0 0.0 0.0
  outer loop
    vertex -7.380202293395996 -6.499285697937012 0.5868582725524902
    vertex -7.259242057800293 -6.453417778015137 0.43934035301208496
    vertex -7.296450614929199 -6.685385227203369 0.5868582725524902
  endloop
endfacet
facet normal 0.0 0.0 0.0
  outer loop
    vertex -7.296450614929199 -6.685385227203369 0.5868582725524902
    vertex -7.259242057800293 -6.453417778015137 0.43934035301208496
    vertex -7.181891441345215 -6.625266075134277 0.43934035301208496
  endloop
endfacet
facet normal 0.0 0.0 0.0
  outer loop
    vertex -7.296450614929199 -6.685385227203369 0.5868582725524902
    vertex -7.181891441345215 -6.625266075134277 0.43934035301208496
    vertex -7.190871238708496 -6.860044956207275 0.5868582725524902
  endloop
endfacet
facet normal 0.0 0.0 0.0
  outer loop
    vertex -7.190871238708496 -6.860044956207275 0.5868582725524902
    vertex -7.181891441345215 -6.625266075134277 0.43934035301208496
    vertex -7.084403038024902 -6.7865471839904785 0.43934035301208496
  endloop
endfacet
facet normal 0.0 0.0 0.0
  outer loop
    vertex -7.190871238708496 -6.860044956207275 0.5868582725524902
    vertex -7.084403038024902 -6.7865471839904785 0.43934035301208496
    vertex -7.065001487731934 -7.020697116851807 0.5868582725524902
  endloop
endfacet
facet normal 0.0 0.0 0.0
  outer loop
    vertex -7.065001487731934 -7.020697116851807 0.5868582725524902
    vertex -7.084403038024902 -6.7865471839904785 0.43934035301208496
    vertex -6.968173027038574 -6.9349045753479 0.43934035301208496
  endloop
endfacet
facet normal 0.0 0.0 0.0
  outer loop
    vertex -7.065001487731934 -7.020697116851807 0.5868582725524902
    vertex -6.968173027038574 -6.9349045753479 0.43934035301208496
    vertex -6.920702934265137 -7.1649956703186035 0.5868582725524902
  endloop
endfacet
facet normal 0.0 0.0 0.0
  outer loop
    vertex -6.920702934265137 -7.1649956703186035 0.5868582725524902
    vertex -6.968173027038574 -6.9349045753479 0.43934035301208496
    vertex -6.8349103927612305 -7.068167209625244 0.43934035301208496
  endloop
endfacet
facet normal 0.0 0.0 0.0
  outer loop
    vertex -6.920702934265137 -7.1649956703186035 0.5868582725524902
    vertex -6.8349103927612305 -7.068167209625244 0.43934035301208496
    vertex -6.7600507736206055 -7.290865421295166 0.5868582725524902
  endloop
endfacet
facet normal 0.0 0.0 0.0
  outer loop
    vertex -6.7600507736206055 -7.290865421295166 0.5868582725524902
    vertex -6.8349103927612305 -7.068167209625244 0.43934035301208496
    vertex -6.68656063079834 -7.184397220611572 0.43934035301208496
  endloop
endfacet
facet normal 0.0 0.0 0.0
  outer loop
    vertex -6.7600507736206055 -7.290865421295166 0.5868582725524902
    vertex -6.68656063079834 -7.184397220611572 0.43934035301208496
    vertex -6.585402488708496 -7.396444797515869 0.5868582725524902
  endloop
endfacet
facet normal 0.0 0.0 0.0
  outer loop
    vertex -6.585402488708496 -7.396444797515869 0.5868582725524902
    vertex -6.68656063079834 -7.184397220611572 0.43934035301208496
    vertex -6.525271415710449 -7.281885623931885 0.43934035301208496
  endloop
endfacet
facet normal 0.0 0.0 0.0
  outer loop
    vertex -6.585402488708496 -7.396444797515869 0.5868582725524902
    vertex -6.525271415710449 -7.281885623931885 0.43934035301208496
    vertex -6.399291038513184 -7.480196475982666 0.5868582725524902
  endloop
endfacet
facet normal 0.0 0.0 0.0
  outer loop
    vertex -6.399291038513184 -7.480196475982666 0.5868582725524902
    vertex -6.525271415710449 -7.281885623931885 0.43934035301208496
    vertex -6.353423118591309 -7.359236240386963 0.43934035301208496
  endloop
endfacet
facet normal 0.0 0.0 0.0
  outer loop
    vertex -6.399291038513184 -7.480196475982666 0.5868582725524902
    vertex -6.353423118591309 -7.359236240386963 0.43934035301208496
    vertex -6.204451560974121 -7.540915012359619 0.5868582725524902
  endloop
endfacet
facet normal 0.0 0.0 0.0
  outer loop
    vertex -6.204451560974121 -7.540915012359619 0.5868582725524902
    vertex -6.353423118591309 -7.359236240386963 0.43934035301208496
    vertex -6.173491477966309 -7.415304660797119 0.43934035301208496
  endloop
endfacet
facet normal 0.0 0.0 0.0
  outer loop
    vertex -6.204451560974121 -7.540915012359619 0.5868582725524902
    vertex -6.173491477966309 -7.415304660797119 0.43934035301208496
    vertex -6.003710746765137 -7.577703952789307 0.5868582725524902
  endloop
endfacet
facet normal 0.0 0.0 0.0
  outer loop
    vertex -6.003710746765137 -7.577703952789307 0.5868582725524902
    vertex -6.173491477966309 -7.415304660797119 0.43934035301208496
    vertex -5.988120079040527 -7.44927453994751 0.43934035301208496
  endloop
endfacet
facet normal 0.0 0.0 0.0
  outer loop
    vertex -7.360659599304199 -5.899996757507324 0.43934035301208496
    vertex -7.213141441345215 -5.899996757507324 0.3099701404571533
    vertex -7.34928035736084 -6.0881147384643555 0.43934035301208496
  endloop
endfacet
facet normal 0.0 0.0 0.0
  outer loop
    vertex -7.34928035736084 -6.0881147384643555 0.43934035301208496
    vertex -7.213141441345215 -5.899996757507324 0.3099701404571533
    vertex -7.202841758728027 -6.070326805114746 0.3099701404571533
  endloop
endfacet
facet normal 0.0 0.0 0.0
  outer loop
    vertex -7.34928035736084 -6.0881147384643555 0.43934035301208496
    vertex -7.202841758728027 -6.070326805114746 0.3099701404571533
    vertex -7.315310478210449 -6.273486137390137 0.43934035301208496
  endloop
endfacet
facet normal 0.0 0.0 0.0
  outer loop
    vertex -7.315310478210449 -6.273486137390137 0.43934035301208496
    vertex -7.202841758728027 -6.070326805114746 0.3099701404571533
    vertex -7.172080039978027 -6.238184928894043 0.3099701404571533
  endloop
endfacet
facet normal 0.0 0.0 0.0
  outer loop
    vertex -7.315310478210449 -6.273486137390137 0.43934035301208496
    vertex -7.172080039978027 -6.238184928894043 0.3099701404571533
    vertex -7.259242057800293 -6.453417778015137 0.43934035301208496
  endloop
endfacet
facet normal 0.0 0.0 0.0
  outer loop
    vertex -7.259242057800293 -6.453417778015137 0.43934035301208496
    vertex -7.172080039978027 -6.238184928894043 0.3099701404571533
    vertex -7.121310234069824 -6.401106834411621 0.3099701404571533
  endloop
endfacet
facet normal 0.0 0.0 0.0
  outer loop
    vertex -7.259242057800293 -6.453417778015137 0.43934035301208496
    vertex -7.121310234069824 -6.401106834411621 0.3099701404571533
    vertex -7.181891441345215 -6.625266075134277 0.43934035301208496
  endloop
endfacet
facet normal 0.0 0.0 0.0
  outer loop
    vertex -7.181891441345215 -6.625266075134277 0.43934035301208496
    vertex -7.121310234069824 -6.401106834411621 0.3099701404571533
    vertex -7.051272392272949 -6.556715965270996 0.3099701404571533
  endloop
endfacet
facet normal 0.0 0.0 0.0
  outer loop
    vertex -7.181891441345215 -6.625266075134277 0.43934035301208496
    vertex -7.051272392272949 -6.556715965270996 0.3099701404571533
    vertex -7.084403038024902 -6.7865471839904785 0.43934035301208496
  endloop
endfacet
facet normal 0.0 0.0 0.0
  outer loop
    vertex -7.084403038024902 -6.7865471839904785 0.43934035301208496
    vertex -7.051272392272949 -6.556715965270996 0.3099701404571533
    vertex -6.9629926681518555 -6.7027459144592285 0.3099701404571533
  endloop
endfacet
facet normal 0.0 0.0 0.0
  outer loop
    vertex -7.084403038024902 -6.7865471839904785 0.43934035301208496
    vertex -6.9629926681518555 -6.7027459144592285 0.3099701404571533
    vertex -6.968173027038574 -6.9349045753479 0.43934035301208496
  endloop
endfacet
facet normal 0.0 0.0 0.0
  outer loop
    vertex -6.968173027038574 -6.9349045753479 0.43934035301208496
    vertex -6.9629926681518555 -6.7027459144592285 0.3099701404571533
    vertex -6.857752799987793 -6.8370842933654785 0.3099701404571533
  endloop
endfacet
facet normal 0.0 0.0 0.0
  outer loop
    vertex -6.968173027038574 -6.9349045753479 0.43934035301208496
    vertex -6.857752799987793 -6.8370842933654785 0.3099701404571533
    vertex -6.8349103927612305 -7.068167209625244 0.43934035301208496
  endloop
endfacet
facet normal 0.0 0.0 0.0
  outer loop
    vertex -6.8349103927612305 -7.068167209625244 0.43934035301208496
    vertex -6.857752799987793 -6.8370842933654785 0.3099701404571533
    vertex -6.737090110778809 -6.957746982574463 0.3099701404571533
  endloop
endfacet
facet normal 0.0 0.0 0.0
  outer loop
    vertex -6.8349103927612305 -7.068167209625244 0.43934035301208496
    vertex -6.737090110778809 -6.957746982574463 0.3099701404571533
    vertex -6.68656063079834 -7.184397220611572 0.43934035301208496
  endloop
endfacet
facet normal 0.0 0.0 0.0
  outer loop
    vertex -6.68656063079834 -7.184397220611572 0.43934035301208496
    vertex -6.737090110778809 -6.957746982574463 0.3099701404571533
    vertex -6.6027631759643555 -7.062986850738525 0.3099701404571533
  endloop
endfacet
facet normal 0.0 0.0 0.0
  outer loop
    vertex -6.68656063079834 -7.184397220611572 0.43934035301208496
    vertex -6.6027631759643555 -7.062986850738525 0.3099701404571533
    vertex -6.525271415710449 -7.281885623931885 0.43934035301208496
  endloop
endfacet
facet normal 0.0 0.0 0.0
  outer loop
    vertex -6.525271415710449 -7.281885623931885 0.43934035301208496
    vertex -6.6027631759643555 -7.062986850738525 0.3099701404571533
    vertex -6.456721305847168 -7.151266574859619 0.3099701404571533
  endloop
endfacet
facet normal 0.0 0.0 0.0
  outer loop
    vertex -6.525271415710449 -7.281885623931885 0.43934035301208496
    vertex -6.456721305847168 -7.151266574859619 0.3099701404571533
    vertex -6.353423118591309 -7.359236240386963 0.43934035301208496
  endloop
endfacet
facet normal 0.0 0.0 0.0
  outer loop
    vertex -6.353423118591309 -7.359236240386963 0.43934035301208496
    vertex -6.456721305847168 -7.151266574859619 0.3099701404571533
    vertex -6.301112174987793 -7.221304416656494 0.3099701404571533
  endloop
endfacet
facet normal 0.0 0.0 0.0
  outer loop
    vertex -6.353423118591309 -7.359236240386963 0.43934035301208496
    vertex -6.301112174987793 -7.221304416656494 0.3099701404571533
    vertex -6.173491477966309 -7.415304660797119 0.43934035301208496
  endloop
endfacet
facet normal 0.0 0.0 0.0
  outer loop
    vertex -6.173491477966309 -7.415304660797119 0.43934035301208496
    vertex -6.301112174987793 -7.221304416656494 0.3099701404571533
    vertex -6.138190269470215 -7.272074222564697 0.3099701404571533
  endloop
endfacet
facet normal 0.0 0.0 0.0
  outer loop
    vertex -6.173491477966309 -7.415304660797119 0.43934035301208496
    vertex -6.138190269470215 -7.272074222564697 0.3099701404571533
    vertex -5.988120079040527 -7.44927453994751 0.43934035301208496
  endloop
endfacet
facet normal 0.0 0.0 0.0
  outer loop
    vertex -5.988120079040527 -7.44927453994751 0.43934035301208496
    vertex -6.138190269470215 -7.272074222564697 0.3099701404571533
    vertex -5.970332145690918 -7.302835941314697 0.3099701404571533
  endloop
endfacet
facet normal 0.0 0.0 0.0
  outer loop
    vertex -7.213141441345215 -5.899996757507324 0.3099701404571533
    vertex -7.050002098083496 -5.899996757507324 0.20096230506896973
    vertex -7.202841758728027 -6.070326805114746 0.3099701404571533
  endloop
endfacet
facet normal 0.0 0.0 0.0
  outer loop
    vertex -7.202841758728027 -6.070326805114746 0.3099701404571533
    vertex -7.050002098083496 -5.899996757507324 0.20096230506896973
    vertex -7.040892601013184 -6.050665855407715 0.20096230506896973
  endloop
endfacet
facet normal 0.0 0.0 0.0
  outer loop
    vertex -7.202841758728027 -6.070326805114746 0.3099701404571533
    vertex -7.040892601013184 -6.050665855407715 0.20096230506896973
    vertex -7.172080039978027 -6.238184928894043 0.3099701404571533
  endloop
endfacet
facet normal 0.0 0.0 0.0
  outer loop
    vertex -7.172080039978027 -6.238184928894043 0.3099701404571533
    vertex -7.040892601013184 -6.050665855407715 0.20096230506896973
    vertex -7.0136823654174805 -6.1991376876831055 0.20096230506896973
  endloop
endfacet
facet normal 0.0 0.0 0.0
  outer loop
    vertex -7.172080039978027 -6.238184928894043 0.3099701404571533
    vertex -7.0136823654174805 -6.1991376876831055 0.20096230506896973
    vertex -7.121310234069824 -6.401106834411621 0.3099701404571533
  endloop
endfacet
facet normal 0.0 0.0 0.0
  outer loop
    vertex -7.121310234069824 -6.401106834411621 0.3099701404571533
    vertex -7.0136823654174805 -6.1991376876831055 0.20096230506896973
    vertex -6.968771934509277 -6.343245506286621 0.20096230506896973
  endloop
endfacet
facet normal 0.0 0.0 0.0
  outer loop
    vertex -7.121310234069824 -6.401106834411621 0.3099701404571533
    vertex -6.968771934509277 -6.343245506286621 0.20096230506896973
    vertex -7.051272392272949 -6.556715965270996 0.3099701404571533
  endloop
endfacet
facet normal 0.0 0.0 0.0
  outer loop
    vertex -7.051272392272949 -6.556715965270996 0.3099701404571533
    vertex -6.968771934509277 -6.343245506286621 0.20096230506896973
    vertex -6.906821250915527 -6.480895042419434 0.20096230506896973
  endloop
endfacet
facet normal 0.0 0.0 0.0
  outer loop
    vertex -7.051272392272949 -6.556715965270996 0.3099701404571533
    vertex -6.906821250915527 -6.480895042419434 0.20096230506896973
    vertex -6.9629926681518555 -6.7027459144592285 0.3099701404571533
  endloop
endfacet
facet normal 0.0 0.0 0.0
  outer loop
    vertex -6.9629926681518555 -6.7027459144592285 0.3099701404571533
    vertex -6.906821250915527 -6.480895042419434 0.20096230506896973
    vertex -6.828730583190918 -6.610075950622559 0.20096230506896973
  endloop
endfacet
facet normal 0.0 0.0 0.0
  outer loop
    vertex -6.9629926681518555 -6.7027459144592285 0.3099701404571533
    vertex -6.828730583190918 -6.610075950622559 0.20096230506896973
    vertex -6.857752799987793 -6.8370842933654785 0.3099701404571533
  endloop
endfacet
facet normal 0.0 0.0 0.0
  outer loop
    vertex -6.857752799987793 -6.8370842933654785 0.3099701404571533
    vertex -6.828730583190918 -6.610075950622559 0.20096230506896973
    vertex -6.735640525817871 -6.728895664215088 0.20096230506896973
  endloop
endfacet
facet normal 0.0 0.0 0.0
  outer loop
    vertex -6.857752799987793 -6.8370842933654785 0.3099701404571533
    vertex -6.735640525817871 -6.728895664215088 0.20096230506896973
    vertex -6.737090110778809 -6.957746982574463 0.3099701404571533
  endloop
endfacet
facet normal 0.0 0.0 0.0
  outer loop
    vertex -6.737090110778809 -6.957746982574463 0.3099701404571533
    vertex -6.735640525817871 -6.728895664215088 0.20096230506896973
    vertex -6.628901481628418 -6.835634708404541 0.20096230506896973
  endloop
endfacet
facet normal 0.0 0.0 0.0
  outer loop
    vertex -6.737090110778809 -6.957746982574463 0.3099701404571533
    vertex -6.628901481628418 -6.835634708404541 0.20096230506896973
    vertex -6.6027631759643555 -7.062986850738525 0.3099701404571533
  endloop
endfacet
facet normal 0.0 0.0 0.0
  outer loop
    vertex -6.6027631759643555 -7.062986850738525 0.3099701404571533
    vertex -6.628901481628418 -6.835634708404541 0.20096230506896973
    vertex -6.5100812911987305 -6.928724765777588 0.20096230506896973
  endloop
endfacet
facet normal 0.0 0.0 0.0
  outer loop
    vertex -6.6027631759643555 -7.062986850738525 0.3099701404571533
    vertex -6.5100812911987305 -6.928724765777588 0.20096230506896973
    vertex -6.456721305847168 -7.151266574859619 0.3099701404571533
  endloop
endfacet
facet normal 0.0 0.0 0.0
  outer loop
    vertex -6.456721305847168 -7.151266574859619 0.3099701404571533
    vertex -6.5100812911987305 -6.928724765777588 0.20096230506896973
    vertex -6.3809003829956055 -7.006815433502197 0.20096230506896973
  endloop
endfacet
facet normal 0.0 0.0 0.0
  outer loop
    vertex -6.456721305847168 -7.151266574859619 0.3099701404571533
    vertex -6.3809003829956055 -7.006815433502197 0.20096230506896973
    vertex -6.301112174987793 -7.221304416656494 0.3099701404571533
  endloop
endfacet
facet normal 0.0 0.0 0.0
  outer loop
    vertex -6.301112174987793 -7.221304416656494 0.3099701404571533
    vertex -6.3809003829956055 -7.006815433502197 0.20096230506896973
    vertex -6.24326229095459 -7.068766117095947 0.20096230506896973
  endloop
endfacet
facet normal 0.0 0.0 0.0
  outer loop
    vertex -6.301112174987793 -7.221304416656494 0.3099701404571533
    vertex -6.24326229095459 -7.068766117095947 0.20096230506896973
    vertex -6.138190269470215 -7.272074222564697 0.3099701404571533
  endloop
endfacet
facet normal 0.0 0.0 0.0
  outer loop
    vertex -6.138190269470215 -7.272074222564697 0.3099701404571533
    vertex -6.24326229095459 -7.068766117095947 0.20096230506896973
    vertex -6.099143028259277 -7.11367654800415 0.20096230506896973
  endloop
endfacet
facet normal 0.0 0.0 0.0
  outer loop
    vertex -6.138190269470215 -7.272074222564697 0.3099701404571533
    vertex -6.099143028259277 -7.11367654800415 0.20096230506896973
    vertex -5.970332145690918 -7.302835941314697 0.3099701404571533
  endloop
endfacet
facet normal 0.0 0.0 0.0
  outer loop
    vertex -5.970332145690918 -7.302835941314697 0.3099701404571533
    vertex -6.099143028259277 -7.11367654800415 0.20096230506896973
    vertex -5.950671195983887 -7.140875339508057 0.20096230506896973
  endloop
endfacet
facet normal 0.0 0.0 0.0
  outer loop
    vertex -7.050002098083496 -5.899996757507324 0.20096230506896973
    vertex -6.874022483825684 -5.899996757507324 0.1141812801361084
    vertex -7.040892601013184 -6.050665855407715 0.20096230506896973
  endloop
endfacet
facet normal 0.0 0.0 0.0
  outer loop
    vertex -7.040892601013184 -6.050665855407715 0.20096230506896973
    vertex -6.874022483825684 -5.899996757507324 0.1141812801361084
    vertex -6.8661909103393555 -6.02945613861084 0.1141812801361084
  endloop
endfacet
facet normal 0.0 0.0 0.0
  outer loop
    vertex -7.040892601013184 -6.050665855407715 0.20096230506896973
    vertex -6.8661909103393555 -6.02945613861084 0.1141812801361084
    vertex -7.0136823654174805 -6.1991376876831055 0.20096230506896973
  endloop
endfacet
facet normal 0.0 0.0 0.0
  outer loop
    vertex -7.0136823654174805 -6.1991376876831055 0.20096230506896973
    vertex -6.8661909103393555 -6.02945613861084 0.1141812801361084
    vertex -6.84281063079834 -6.157027244567871 0.1141812801361084
  endloop
endfacet
facet normal 0.0 0.0 0.0
  outer loop
    vertex -7.0136823654174805 -6.1991376876831055 0.20096230506896973
    vertex -6.84281063079834 -6.157027244567871 0.1141812801361084
    vertex -6.968771934509277 -6.343245506286621 0.20096230506896973
  endloop
endfacet
facet normal 0.0 0.0 0.0
  outer loop
    vertex -6.968771934509277 -6.343245506286621 0.20096230506896973
    vertex -6.84281063079834 -6.157027244567871 0.1141812801361084
    vertex -6.804232597351074 -6.280844688415527 0.1141812801361084
  endloop
endfacet
facet normal 0.0 0.0 0.0
  outer loop
    vertex -6.968771934509277 -6.343245506286621 0.20096230506896973
    vertex -6.804232597351074 -6.280844688415527 0.1141812801361084
    vertex -6.906821250915527 -6.480895042419434 0.20096230506896973
  endloop
endfacet
facet normal 0.0 0.0 0.0
  outer loop
    vertex -6.906821250915527 -6.480895042419434 0.20096230506896973
    vertex -6.804232597351074 -6.280844688415527 0.1141812801361084
    vertex -6.751002311706543 -6.399115562438965 0.1141812801361084
  endloop
endfacet
facet normal 0.0 0.0 0.0
  outer loop
    vertex -6.906821250915527 -6.480895042419434 0.20096230506896973
    vertex -6.751002311706543 -6.399115562438965 0.1141812801361084
    vertex -6.828730583190918 -6.610075950622559 0.20096230506896973
  endloop
endfacet
facet normal 0.0 0.0 0.0
  outer loop
    vertex -6.828730583190918 -6.610075950622559 0.20096230506896973
    vertex -6.751002311706543 -6.399115562438965 0.1141812801361084
    vertex -6.683901786804199 -6.510104179382324 0.1141812801361084
  endloop
endfacet
facet normal 0.0 0.0 0.0
  outer loop
    vertex -6.828730583190918 -6.610075950622559 0.20096230506896973
    vertex -6.683901786804199 -6.510104179382324 0.1141812801361084
    vertex -6.735640525817871 -6.728895664215088 0.20096230506896973
  endloop
endfacet
facet normal 0.0 0.0 0.0
  outer loop
    vertex -6.735640525817871 -6.728895664215088 0.20096230506896973
    vertex -6.683901786804199 -6.510104179382324 0.1141812801361084
    vertex -6.6039228439331055 -6.612204551696777 0.1141812801361084
  endloop
endfacet
facet normal 0.0 0.0 0.0
  outer loop
    vertex -6.735640525817871 -6.728895664215088 0.20096230506896973
    vertex -6.6039228439331055 -6.612204551696777 0.1141812801361084
    vertex -6.628901481628418 -6.835634708404541 0.20096230506896973
  endloop
endfacet
facet normal 0.0 0.0 0.0
  outer loop
    vertex -6.628901481628418 -6.835634708404541 0.20096230506896973
    vertex -6.6039228439331055 -6.612204551696777 0.1141812801361084
    vertex -6.512209892272949 -6.703917026519775 0.1141812801361084
  endloop
endfacet
facet normal 0.0 0.0 0.0
  outer loop
    vertex -6.628901481628418 -6.835634708404541 0.20096230506896973
    vertex -6.512209892272949 -6.703917026519775 0.1141812801361084
    vertex -6.5100812911987305 -6.928724765777588 0.20096230506896973
  endloop
endfacet
facet normal 0.0 0.0 0.0
  outer loop
    vertex -6.5100812911987305 -6.928724765777588 0.20096230506896973
    vertex -6.512209892272949 -6.703917026519775 0.1141812801361084
    vertex -6.410109519958496 -6.783895969390869 0.1141812801361084
  endloop
endfacet
facet normal 0.0 0.0 0.0
  outer loop
    vertex -6.5100812911987305 -6.928724765777588 0.20096230506896973
    vertex -6.410109519958496 -6.783895969390869 0.1141812801361084
    vertex -6.3809003829956055 -7.006815433502197 0.20096230506896973
  endloop
endfacet
facet normal 0.0 0.0 0.0
  outer loop
    vertex -6.3809003829956055 -7.006815433502197 0.20096230506896973
    vertex -6.410109519958496 -6.783895969390869 0.1141812801361084
    vertex -6.299120903015137 -6.850996494293213 0.1141812801361084
  endloop
endfacet
facet normal 0.0 0.0 0.0
  outer loop
    vertex -6.3809003829956055 -7.006815433502197 0.20096230506896973
    vertex -6.299120903015137 -6.850996494293213 0.1141812801361084
    vertex -6.24326229095459 -7.068766117095947 0.20096230506896973
  endloop
endfacet
facet normal 0.0 0.0 0.0
  outer loop
    vertex -6.24326229095459 -7.068766117095947 0.20096230506896973
    vertex -6.299120903015137 -6.850996494293213 0.1141812801361084
    vertex -6.180850028991699 -6.904226779937744 0.1141812801361084
  endloop
endfacet
facet normal 0.0 0.0 0.0
  outer loop
    vertex -6.24326229095459 -7.068766117095947 0.20096230506896973
    vertex -6.180850028991699 -6.904226779937744 0.1141812801361084
    vertex -6.099143028259277 -7.11367654800415 0.20096230506896973
  endloop
endfacet
facet normal 0.0 0.0 0.0
  outer loop
    vertex -6.099143028259277 -7.11367654800415 0.20096230506896973
    vertex -6.180850028991699 -6.904226779937744 0.1141812801361084
    vertex -6.057032585144043 -6.94280481338501 0.1141812801361084
  endloop
endfacet
facet normal 0.0 0.0 0.0
  outer loop
    vertex -6.099143028259277 -7.11367654800415 0.20096230506896973
    vertex -6.057032585144043 -6.94280481338501 0.1141812801361084
    vertex -5.950671195983887 -7.140875339508057 0.20096230506896973
  endloop
endfacet
facet normal 0.0 0.0 0.0
  outer loop
    vertex -5.950671195983887 -7.140875339508057 0.20096230506896973
    vertex -6.057032585144043 -6.94280481338501 0.1141812801361084
    vertex -5.929461479187012 -6.966185092926025 0.1141812801361084
  endloop
endfacet
facet normal 0.0 0.0 0.0
  outer loop
    vertex -6.874022483825684 -5.899996757507324 0.1141812801361084
    vertex -6.688231468200684 -5.899996757507324 0.05111122131347656
    vertex -6.8661909103393555 -6.02945613861084 0.1141812801361084
  endloop
endfacet
facet normal 0.0 0.0 0.0
  outer loop
    vertex -6.8661909103393555 -6.02945613861084 0.1141812801361084
    vertex -6.688231468200684 -5.899996757507324 0.05111122131347656
    vertex -6.681750297546387 -6.00705623626709 0.05111122131347656
  endloop
endfacet
facet normal 0.0 0.0 0.0
  outer loop
    vertex -6.8661909103393555 -6.02945613861084 0.1141812801361084
    vertex -6.681750297546387 -6.00705623626709 0.05111122131347656
    vertex -6.84281063079834 -6.157027244567871 0.1141812801361084
  endloop
endfacet
facet normal 0.0 0.0 0.0
  outer loop
    vertex -6.84281063079834 -6.157027244567871 0.1141812801361084
    vertex -6.681750297546387 -6.00705623626709 0.05111122131347656
    vertex -6.662421226501465 -6.112566947937012 0.05111122131347656
  endloop
endfacet
facet normal 0.0 0.0 0.0
  outer loop
    vertex -6.84281063079834 -6.157027244567871 0.1141812801361084
    vertex -6.662421226501465 -6.112566947937012 0.05111122131347656
    vertex -6.804232597351074 -6.280844688415527 0.1141812801361084
  endloop
endfacet
facet normal 0.0 0.0 0.0
  outer loop
    vertex -6.804232597351074 -6.280844688415527 0.1141812801361084
    vertex -6.662421226501465 -6.112566947937012 0.05111122131347656
    vertex -6.630511283874512 -6.214964866638184 0.05111122131347656
  endloop
endfacet
facet normal 0.0 0.0 0.0
  outer loop
    vertex -6.804232597351074 -6.280844688415527 0.1141812801361084
    vertex -6.630511283874512 -6.214964866638184 0.05111122131347656
    vertex -6.751002311706543 -6.399115562438965 0.1141812801361084
  endloop
endfacet
facet normal 0.0 0.0 0.0
  outer loop
    vertex -6.751002311706543 -6.399115562438965 0.1141812801361084
    vertex -6.630511283874512 -6.214964866638184 0.05111122131347656
    vertex -6.586489677429199 -6.312777519226074 0.05111122131347656
  endloop
endfacet
facet normal 0.0 0.0 0.0
  outer loop
    vertex -6.751002311706543 -6.399115562438965 0.1141812801361084
    vertex -6.586489677429199 -6.312777519226074 0.05111122131347656
    vertex -6.683901786804199 -6.510104179382324 0.1141812801361084
  endloop
endfacet
facet normal 0.0 0.0 0.0
  outer loop
    vertex -6.683901786804199 -6.510104179382324 0.1141812801361084
    vertex -6.586489677429199 -6.312777519226074 0.05111122131347656
    vertex -6.531001091003418 -6.404566764831543 0.05111122131347656
  endloop
endfacet
facet normal 0.0 0.0 0.0
  outer loop
    vertex -6.683901786804199 -6.510104179382324 0.1141812801361084
    vertex -6.531001091003418 -6.404566764831543 0.05111122131347656
    vertex -6.6039228439331055 -6.612204551696777 0.1141812801361084
  endloop
endfacet
facet normal 0.0 0.0 0.0
  outer loop
    vertex -6.6039228439331055 -6.612204551696777 0.1141812801361084
    vertex -6.531001091003418 -6.404566764831543 0.05111122131347656
    vertex -6.464850425720215 -6.488997459411621 0.05111122131347656
  endloop
endfacet
facet normal 0.0 0.0 0.0
  outer loop
    vertex -6.6039228439331055 -6.612204551696777 0.1141812801361084
    vertex -6.464850425720215 -6.488997459411621 0.05111122131347656
    vertex -6.512209892272949 -6.703917026519775 0.1141812801361084
  endloop
endfacet
facet normal 0.0 0.0 0.0
  outer loop
    vertex -6.512209892272949 -6.703917026519775 0.1141812801361084
    vertex -6.464850425720215 -6.488997459411621 0.05111122131347656
    vertex -6.389002799987793 -6.564845085144043 0.05111122131347656
  endloop
endfacet
facet normal 0.0 0.0 0.0
  outer loop
    vertex -6.512209892272949 -6.703917026519775 0.1141812801361084
    vertex -6.389002799987793 -6.564845085144043 0.05111122131347656
    vertex -6.410109519958496 -6.783895969390869 0.1141812801361084
  endloop
endfacet
facet normal 0.0 0.0 0.0
  outer loop
    vertex -6.410109519958496 -6.783895969390869 0.1141812801361084
    vertex -6.389002799987793 -6.564845085144043 0.05111122131347656
    vertex -6.304572105407715 -6.630995750427246 0.05111122131347656
  endloop
endfacet
facet normal 0.0 0.0 0.0
  outer loop
    vertex -6.410109519958496 -6.783895969390869 0.1141812801361084
    vertex -6.304572105407715 -6.630995750427246 0.05111122131347656
    vertex -6.299120903015137 -6.850996494293213 0.1141812801361084
  endloop
endfacet
facet normal 0.0 0.0 0.0
  outer loop
    vertex -6.299120903015137 -6.850996494293213 0.1141812801361084
    vertex -6.304572105407715 -6.630995750427246 0.05111122131347656
    vertex -6.212782859802246 -6.686483860015869 0.05111122131347656
  endloop
endfacet
facet normal 0.0 0.0 0.0
  outer loop
    vertex -6.299120903015137 -6.850996494293213 0.1141812801361084
    vertex -6.212782859802246 -6.686483860015869 0.05111122131347656
    vertex -6.180850028991699 -6.904226779937744 0.1141812801361084
  endloop
endfacet
facet normal 0.0 0.0 0.0
  outer loop
    vertex -6.180850028991699 -6.904226779937744 0.1141812801361084
    vertex -6.212782859802246 -6.686483860015869 0.05111122131347656
    vertex -6.1149702072143555 -6.730505466461182 0.05111122131347656
  endloop
endfacet
facet normal 0.0 0.0 0.0
  outer loop
    vertex -6.180850028991699 -6.904226779937744 0.1141812801361084
    vertex -6.1149702072143555 -6.730505466461182 0.05111122131347656
    vertex -6.057032585144043 -6.94280481338501 0.1141812801361084
  endloop
endfacet
facet normal 0.0 0.0 0.0
  outer loop
    vertex -6.057032585144043 -6.94280481338501 0.1141812801361084
    vertex -6.1149702072143555 -6.730505466461182 0.05111122131347656
    vertex -6.012572288513184 -6.762415409088135 0.05111122131347656
  endloop
endfacet
facet normal 0.0 0.0 0.0
  outer loop
    vertex -6.057032585144043 -6.94280481338501 0.1141812801361084
    vertex -6.012572288513184 -6.762415409088135 0.05111122131347656
    vertex -5.929461479187012 -6.966185092926025 0.1141812801361084
  endloop
endfacet
facet normal 0.0 0.0 0.0
  outer loop
    vertex -5.929461479187012 -6.966185092926025 0.1141812801361084
    vertex -6.012572288513184 -6.762415409088135 0.05111122131347656
    vertex -5.907061576843262 -6.781744480133057 0.05111122131347656
  endloop
endfacet
facet normal 0.0 0.0 0.0
  outer loop
    vertex -6.688231468200684 -5.899996757507324 0.05111122131347656
    vertex -6.495791435241699 -5.899996757507324 0.012833356857299805
    vertex -6.681750297546387 -6.00705623626709 0.05111122131347656
  endloop
endfacet
facet normal 0.0 0.0 0.0
  outer loop
    vertex -6.681750297546387 -6.00705623626709 0.05111122131347656
    vertex -6.495791435241699 -5.899996757507324 0.012833356857299805
    vertex -6.490721702575684 -5.9838666915893555 0.012833356857299805
  endloop
endfacet
facet normal 0.0 0.0 0.0
  outer loop
    vertex -6.681750297546387 -6.00705623626709 0.05111122131347656
    vertex -6.490721702575684 -5.9838666915893555 0.012833356857299805
    vertex -6.662421226501465 -6.112566947937012 0.05111122131347656
  endloop
endfacet
facet normal 0.0 0.0 0.0
  outer loop
    vertex -6.662421226501465 -6.112566947937012 0.05111122131347656
    vertex -6.490721702575684 -5.9838666915893555 0.012833356857299805
    vertex -6.475569725036621 -6.06650447845459 0.012833356857299805
  endloop
endfacet
facet normal 0.0 0.0 0.0
  outer loop
    vertex -6.662421226501465 -6.112566947937012 0.05111122131347656
    vertex -6.475569725036621 -6.06650447845459 0.012833356857299805
    vertex -6.630511283874512 -6.214964866638184 0.05111122131347656
  endloop
endfacet
facet normal 0.0 0.0 0.0
  outer loop
    vertex -6.630511283874512 -6.214964866638184 0.05111122131347656
    vertex -6.475569725036621 -6.06650447845459 0.012833356857299805
    vertex -6.4505720138549805 -6.146727561950684 0.012833356857299805
  endloop
endfacet
facet normal 0.0 0.0 0.0
  outer loop
    vertex -6.630511283874512 -6.214964866638184 0.05111122131347656
    vertex -6.4505720138549805 -6.146727561950684 0.012833356857299805
    vertex -6.586489677429199 -6.312777519226074 0.05111122131347656
  endloop
endfacet
facet normal 0.0 0.0 0.0
  outer loop
    vertex -6.586489677429199 -6.312777519226074 0.05111122131347656
    vertex -6.4505720138549805 -6.146727561950684 0.012833356857299805
    vertex -6.416090965270996 -6.223345756530762 0.012833356857299805
  endloop
endfacet
facet normal 0.0 0.0 0.0
  outer loop
    vertex -6.586489677429199 -6.312777519226074 0.05111122131347656
    vertex -6.416090965270996 -6.223345756530762 0.012833356857299805
    vertex -6.531001091003418 -6.404566764831543 0.05111122131347656
  endloop
endfacet
facet normal 0.0 0.0 0.0
  outer loop
    vertex -6.531001091003418 -6.404566764831543 0.05111122131347656
    vertex -6.416090965270996 -6.223345756530762 0.012833356857299805
    vertex -6.372622489929199 -6.295245170593262 0.012833356857299805
  endloop
endfacet
facet normal 0.0 0.0 0.0
  outer loop
    vertex -6.531001091003418 -6.404566764831543 0.05111122131347656
    vertex -6.372622489929199 -6.295245170593262 0.012833356857299805
    vertex -6.464850425720215 -6.488997459411621 0.05111122131347656
  endloop
endfacet
facet normal 0.0 0.0 0.0
  outer loop
    vertex -6.464850425720215 -6.488997459411621 0.05111122131347656
    vertex -6.372622489929199 -6.295245170593262 0.012833356857299805
    vertex -6.320799827575684 -6.361384391784668 0.012833356857299805
  endloop
endfacet
facet normal 0.0 0.0 0.0
  outer loop
    vertex -6.464850425720215 -6.488997459411621 0.05111122131347656
    vertex -6.320799827575684 -6.361384391784668 0.012833356857299805
    vertex -6.389002799987793 -6.564845085144043 0.05111122131347656
  endloop
endfacet
facet normal 0.0 0.0 0.0
  outer loop
    vertex -6.389002799987793 -6.564845085144043 0.05111122131347656
    vertex -6.320799827575684 -6.361384391784668 0.012833356857299805
    vertex -6.26138973236084 -6.420794486999512 0.012833356857299805
  endloop
endfacet
facet normal 0.0 0.0 0.0
  outer loop
    vertex -6.389002799987793 -6.564845085144043 0.05111122131347656
    vertex -6.26138973236084 -6.420794486999512 0.012833356857299805
    vertex -6.304572105407715 -6.630995750427246 0.05111122131347656
  endloop
endfacet
facet normal 0.0 0.0 0.0
  outer loop
    vertex -6.304572105407715 -6.630995750427246 0.05111122131347656
    vertex -6.26138973236084 -6.420794486999512 0.012833356857299805
    vertex -6.195250511169434 -6.472617149353027 0.012833356857299805
  endloop
endfacet
facet normal 0.0 0.0 0.0
  outer loop
    vertex -6.304572105407715 -6.630995750427246 0.05111122131347656
    vertex -6.195250511169434 -6.472617149353027 0.012833356857299805
    vertex -6.212782859802246 -6.686483860015869 0.05111122131347656
  endloop
endfacet
facet normal 0.0 0.0 0.0
  outer loop
    vertex -6.212782859802246 -6.686483860015869 0.05111122131347656
    vertex -6.195250511169434 -6.472617149353027 0.012833356857299805
    vertex -6.123351097106934 -6.516085624694824 0.012833356857299805
  endloop
endfacet
facet normal 0.0 0.0 0.0
  outer loop
    vertex -6.212782859802246 -6.686483860015869 0.05111122131347656
    vertex -6.123351097106934 -6.516085624694824 0.012833356857299805
    vertex -6.1149702072143555 -6.730505466461182 0.05111122131347656
  endloop
endfacet
facet normal 0.0 0.0 0.0
  outer loop
    vertex -6.1149702072143555 -6.730505466461182 0.05111122131347656
    vertex -6.123351097106934 -6.516085624694824 0.012833356857299805
    vertex -6.0467329025268555 -6.550566673278809 0.012833356857299805
  endloop
endfacet
facet normal 0.0 0.0 0.0
  outer loop
    vertex -6.1149702072143555 -6.730505466461182 0.05111122131347656
    vertex -6.0467329025268555 -6.550566673278809 0.012833356857299805
    vertex -6.012572288513184 -6.762415409088135 0.05111122131347656
  endloop
endfacet
facet normal 0.0 0.0 0.0
  outer loop
    vertex -6.012572288513184 -6.762415409088135 0.05111122131347656
    vertex -6.0467329025268555 -6.550566673278809 0.012833356857299805
    vertex -5.966509819030762 -6.575564384460449 0.012833356857299805
  endloop
endfacet
facet normal 0.0 0.0 0.0
  outer loop
    vertex -6.012572288513184 -6.762415409088135 0.05111122131347656
    vertex -5.966509819030762 -6.575564384460449 0.012833356857299805
    vertex -5.907061576843262 -6.781744480133057 0.05111122131347656
  endloop
endfacet
facet normal 0.0 0.0 0.0
  outer loop
    vertex -5.907061576843262 -6.781744480133057 0.05111122131347656
    vertex -5.966509819030762 -6.575564384460449 0.012833356857299805
    vertex -5.883872032165527 -6.590704917907715 0.012833356857299805
  endloop
endfacet
facet normal 0.0 0.0 0.0
  outer loop
    vertex -6.495791435241699 -5.899996757507324 0.012833356857299805
    vertex -6.300002098083496 -5.899996757507324 2.384185791015625e-07
    vertex -6.490721702575684 -5.9838666915893555 0.012833356857299805
  endloop
endfacet
facet normal 0.0 0.0 0.0
  outer loop
    vertex -6.490721702575684 -5.9838666915893555 0.012833356857299805
    vertex -6.300002098083496 -5.899996757507324 2.384185791015625e-07
    vertex -6.287463188171387 -6.011256217956543 2.384185791015625e-07
  endloop
endfacet
facet normal 0.0 0.0 0.0
  outer loop
    vertex -6.490721702575684 -5.9838666915893555 0.012833356857299805
    vertex -6.287463188171387 -6.011256217956543 2.384185791015625e-07
    vertex -6.475569725036621 -6.06650447845459 0.012833356857299805
  endloop
endfacet
facet normal 0.0 0.0 0.0
  outer loop
    vertex -6.475569725036621 -6.06650447845459 0.012833356857299805
    vertex -6.287463188171387 -6.011256217956543 2.384185791015625e-07
    vertex -6.4505720138549805 -6.146727561950684 0.012833356857299805
  endloop
endfacet
facet normal 0.0 0.0 0.0
  outer loop
    vertex -6.287463188171387 -6.011256217956543 2.384185791015625e-07
    vertex -6.250479698181152 -6.116934776306152 2.384185791015625e-07
    vertex -6.4505720138549805 -6.146727561950684 0.012833356857299805
  endloop
endfacet
facet normal 0.0 0.0 0.0
  outer loop
    vertex -6.4505720138549805 -6.146727561950684 0.012833356857299805
    vertex -6.250479698181152 -6.116934776306152 2.384185791015625e-07
    vertex -6.416090965270996 -6.223345756530762 0.012833356857299805
  endloop
endfacet
facet normal 0.0 0.0 0.0
  outer loop
    vertex -6.416090965270996 -6.223345756530762 0.012833356857299805
    vertex -6.250479698181152 -6.116934776306152 2.384185791015625e-07
    vertex -6.372622489929199 -6.295245170593262 0.012833356857299805
  endloop
endfacet
facet normal 0.0 0.0 0.0
  outer loop
    vertex -6.372622489929199 -6.295245170593262 0.012833356857299805
    vertex -6.250479698181152 -6.116934776306152 2.384185791015625e-07
    vertex -6.190913200378418 -6.211737632751465 2.384185791015625e-07
  endloop
endfacet
facet normal 0.0 0.0 0.0
  outer loop
    vertex -6.372622489929199 -6.295245170593262 0.012833356857299805
    vertex -6.190913200378418 -6.211737632751465 2.384185791015625e-07
    vertex -6.320799827575684 -6.361384391784668 0.012833356857299805
  endloop
endfacet
facet normal 0.0 0.0 0.0
  outer loop
    vertex -6.320799827575684 -6.361384391784668 0.012833356857299805
    vertex -6.190913200378418 -6.211737632751465 2.384185791015625e-07
    vertex -6.111742973327637 -6.290907859802246 2.384185791015625e-07
  endloop
endfacet
facet normal 0.0 0.0 0.0
  outer loop
    vertex -6.320799827575684 -6.361384391784668 0.012833356857299805
    vertex -6.111742973327637 -6.290907859802246 2.384185791015625e-07
    vertex -6.26138973236084 -6.420794486999512 0.012833356857299805
  endloop
endfacet
facet normal 0.0 0.0 0.0
  outer loop
    vertex -6.26138973236084 -6.420794486999512 0.012833356857299805
    vertex -6.111742973327637 -6.290907859802246 2.384185791015625e-07
    vertex -6.195250511169434 -6.472617149353027 0.012833356857299805
  endloop
endfacet
facet normal 0.0 0.0 0.0
  outer loop
    vertex -6.111742973327637 -6.290907859802246 2.384185791015625e-07
    vertex -6.016940116882324 -6.3504743576049805 2.384185791015625e-07
    vertex -6.195250511169434 -6.472617149353027 0.012833356857299805
  endloop
endfacet
facet normal 0.0 0.0 0.0
  outer loop
    vertex -6.195250511169434 -6.472617149353027 0.012833356857299805
    vertex -6.016940116882324 -6.3504743576049805 2.384185791015625e-07
    vertex -6.123351097106934 -6.516085624694824 0.012833356857299805
  endloop
endfacet
facet normal 0.0 0.0 0.0
  outer loop
    vertex -6.123351097106934 -6.516085624694824 0.012833356857299805
    vertex -6.016940116882324 -6.3504743576049805 2.384185791015625e-07
    vertex -6.0467329025268555 -6.550566673278809 0.012833356857299805
  endloop
endfacet
facet normal 0.0 0.0 0.0
  outer loop
    vertex -6.0467329025268555 -6.550566673278809 0.012833356857299805
    vertex -6.016940116882324 -6.3504743576049805 2.384185791015625e-07
    vertex -5.911261558532715 -6.387457847595215 2.384185791015625e-07
  endloop
endfacet
facet normal 0.0 0.0 0.0
  outer loop
    vertex -6.0467329025268555 -6.550566673278809 0.012833356857299805
    vertex -5.911261558532715 -6.387457847595215 2.384185791015625e-07
    vertex -5.966509819030762 -6.575564384460449 0.012833356857299805
  endloop
endfacet
facet normal 0.0 0.0 0.0
  outer loop
    vertex -5.966509819030762 -6.575564384460449 0.012833356857299805
    vertex -5.911261558532715 -6.387457847595215 2.384185791015625e-07
    vertex -5.883872032165527 -6.590704917907715 0.012833356857299805
  endloop
endfacet
facet normal 0.0 0.0 0.0
  outer loop
    vertex 5.899998664855957 -6.595786094665527 0.012833356857299805
    vertex 1.9999969005584717 -6.595786094665527 0.012833356857299805
    vertex 5.899998664855957 -6.399996757507324 2.384185791015625e-07
  endloop
endfacet
facet normal 0.0 0.0 0.0
  outer loop
    vertex 5.899998664855957 -6.399996757507324 2.384185791015625e-07
    vertex 1.9999969005584717 -6.595786094665527 0.012833356857299805
    vertex -1.900000810623169 -6.595786094665527 0.012833356857299805
  endloop
endfacet
facet normal 0.0 0.0 0.0
  outer loop
    vertex 5.899998664855957 -6.399996757507324 2.384185791015625e-07
    vertex -1.900000810623169 -6.595786094665527 0.012833356857299805
    vertex -5.800002098083496 -6.399996757507324 2.384185791015625e-07
  endloop
endfacet
facet normal 0.0 0.0 0.0
  outer loop
    vertex -5.800002098083496 -6.399996757507324 2.384185791015625e-07
    vertex -1.900000810623169 -6.595786094665527 0.012833356857299805
    vertex -5.800002098083496 -6.595786094665527 0.012833356857299805
  endloop
endfacet
facet normal 0.0 0.0 0.0
  outer loop
    vertex -5.800002098083496 -6.595786094665527 0.012833356857299805
    vertex -1.900000810623169 -6.595786094665527 0.012833356857299805
    vertex -5.800002098083496 -6.7882256507873535 0.05111122131347656
  endloop
endfacet
facet normal 0.0 0.0 0.0
  outer loop
    vertex -5.800002098083496 -6.7882256507873535 0.05111122131347656
    vertex -1.900000810623169 -6.595786094665527 0.012833356857299805
    vertex -1.900000810623169 -6.7882256507873535 0.05111122131347656
  endloop
endfacet
facet normal 0.0 0.0 0.0
  outer loop
    vertex -5.800002098083496 -6.7882256507873535 0.05111122131347656
    vertex -1.900000810623169 -6.7882256507873535 0.05111122131347656
    vertex -5.800002098083496 -6.9740166664123535 0.1141812801361084
  endloop
endfacet
facet normal 0.0 0.0 0.0
  outer loop
    vertex -5.800002098083496 -6.9740166664123535 0.1141812801361084
    vertex -1.900000810623169 -6.7882256507873535 0.05111122131347656
    vertex -1.900000810623169 -6.9740166664123535 0.1141812801361084
  endloop
endfacet
facet normal 0.0 0.0 0.0
  outer loop
    vertex -5.800002098083496 -6.9740166664123535 0.1141812801361084
    vertex -1.900000810623169 -6.9740166664123535 0.1141812801361084
    vertex -5.800002098083496 -7.149996280670166 0.20096230506896973
  endloop
endfacet
facet normal 0.0 0.0 0.0
  outer loop
    vertex -5.800002098083496 -7.149996280670166 0.20096230506896973
    vertex -1.900000810623169 -6.9740166664123535 0.1141812801361084
    vertex -1.900000810623169 -7.149996280670166 0.20096230506896973
  endloop
endfacet
facet normal 0.0 0.0 0.0
  outer loop
    vertex -5.800002098083496 -7.149996280670166 0.20096230506896973
    vertex -1.900000810623169 -7.149996280670166 0.20096230506896973
    vertex -5.800002098083496 -7.313135623931885 0.3099701404571533
  endloop
endfacet
facet normal 0.0 0.0 0.0
  outer loop
    vertex -5.800002098083496 -7.313135623931885 0.3099701404571533
    vertex -1.900000810623169 -7.149996280670166 0.20096230506896973
    vertex -1.900000810623169 -7.313135623931885 0.3099701404571533
  endloop
endfacet
facet normal 0.0 0.0 0.0
  outer loop
    vertex -5.800002098083496 -7.313135623931885 0.3099701404571533
    vertex -1.900000810623169 -7.313135623931885 0.3099701404571533
    vertex -5.800002098083496 -7.460653781890869 0.43934035301208496
  endloop
endfacet
facet normal 0.0 0.0 0.0
  outer loop
    vertex -5.800002098083496 -7.460653781890869 0.43934035301208496
    vertex -1.900000810623169 -7.313135623931885 0.3099701404571533
    vertex -1.900000810623169 -7.460653781890869 0.43934035301208496
  endloop
endfacet
facet normal 0.0 0.0 0.0
  outer loop
    vertex -5.800002098083496 -7.460653781890869 0.43934035301208496
    vertex -1.900000810623169 -7.460653781890869 0.43934035301208496
    vertex -5.800002098083496 -7.590025424957275 0.5868582725524902
  endloop
endfacet
facet normal 0.0 0.0 0.0
  outer loop
    vertex -5.800002098083496 -7.590025424957275 0.5868582725524902
    vertex -1.900000810623169 -7.460653781890869 0.43934035301208496
    vertex -1.900000810623169 -7.590025424957275 0.5868582725524902
  endloop
endfacet
facet normal 0.0 0.0 0.0
  outer loop
    vertex -5.800002098083496 -7.590025424957275 0.5868582725524902
    vertex -1.900000810623169 -7.590025424957275 0.5868582725524902
    vertex -5.800002098083496 -7.699034214019775 0.7500002384185791
  endloop
endfacet
facet normal 0.0 0.0 0.0
  outer loop
    vertex -5.800002098083496 -7.699034214019775 0.7500002384185791
    vertex -1.900000810623169 -7.590025424957275 0.5868582725524902
    vertex -1.900000810623169 -7.699034214019775 0.7500002384185791
  endloop
endfacet
facet normal 0.0 0.0 0.0
  outer loop
    vertex -5.800002098083496 -7.699034214019775 0.7500002384185791
    vertex -1.900000810623169 -7.699034214019775 0.7500002384185791
    vertex -5.800002098083496 -7.7858147621154785 0.9259750843048096
  endloop
endfacet
facet normal 0.0 0.0 0.0
  outer loop
    vertex -5.800002098083496 -7.7858147621154785 0.9259750843048096
    vertex -1.900000810623169 -7.699034214019775 0.7500002384185791
    vertex -1.900000810623169 -7.7858147621154785 0.9259750843048096
  endloop
endfacet
facet normal 0.0 0.0 0.0
  outer loop
    vertex -5.800002098083496 -7.7858147621154785 0.9259750843048096
    vertex -1.900000810623169 -7.7858147621154785 0.9259750843048096
    vertex -5.800002098083496 -7.848886966705322 1.1117713451385498
  endloop
endfacet
facet normal 0.0 0.0 0.0
  outer loop
    vertex -5.800002098083496 -7.848886966705322 1.1117713451385498
    vertex -1.900000810623169 -7.7858147621154785 0.9259750843048096
    vertex -1.900000810623169 -7.848886966705322 1.1117713451385498
  endloop
endfacet
facet normal 0.0 0.0 0.0
  outer loop
    vertex -5.800002098083496 -7.848886966705322 1.1117713451385498
    vertex -1.900000810623169 -7.848886966705322 1.1117713451385498
    vertex -5.800002098083496 -7.8871636390686035 1.3042106628417969
  endloop
endfacet
facet normal 0.0 0.0 0.0
  outer loop
    vertex -5.800002098083496 -7.8871636390686035 1.3042106628417969
    vertex -1.900000810623169 -7.848886966705322 1.1117713451385498
    vertex -1.900000810623169 -7.8871636390686035 1.3042106628417969
  endloop
endfacet
facet normal 0.0 0.0 0.0
  outer loop
    vertex -5.800002098083496 -7.8871636390686035 1.3042106628417969
    vertex -1.900000810623169 -7.8871636390686035 1.3042106628417969
    vertex -5.800002098083496 -7.899996280670166 1.4999998807907104
  endloop
endfacet
facet normal 0.0 0.0 0.0
  outer loop
    vertex -5.800002098083496 -7.899996280670166 1.4999998807907104
    vertex -1.900000810623169 -7.8871636390686035 1.3042106628417969
    vertex 1.9999969005584717 -7.8871636390686035 1.3042106628417969
  endloop
endfacet
facet normal 0.0 0.0 0.0
  outer loop
    vertex -5.800002098083496 -7.899996280670166 1.4999998807907104
    vertex 1.9999969005584717 -7.8871636390686035 1.3042106628417969
    vertex 5.899998664855957 -7.899996280670166 1.4999998807907104
  endloop
endfacet
facet normal 0.0 0.0 0.0
  outer loop
    vertex 5.899998664855957 -7.899996280670166 1.4999998807907104
    vertex 1.9999969005584717 -7.8871636390686035 1.3042106628417969
    vertex 5.899998664855957 -7.8871636390686035 1.3042106628417969
  endloop
endfacet
facet normal 0.0 0.0 0.0
  outer loop
    vertex 5.899998664855957 -7.8871636390686035 1.3042106628417969
    vertex 1.9999969005584717 -7.8871636390686035 1.3042106628417969
    vertex 5.899998664855957 -7.848886966705322 1.1117713451385498
  endloop
endfacet
facet normal 0.0 0.0 0.0
  outer loop
    vertex 5.899998664855957 -7.848886966705322 1.1117713451385498
    vertex 1.9999969005584717 -7.8871636390686035 1.3042106628417969
    vertex 1.9999969005584717 -7.848886966705322 1.1117713451385498
  endloop
endfacet
facet normal 0.0 0.0 0.0
  outer loop
    vertex 5.899998664855957 -7.848886966705322 1.1117713451385498
    vertex 1.9999969005584717 -7.848886966705322 1.1117713451385498
    vertex 5.899998664855957 -7.7858147621154785 0.9259750843048096
  endloop
endfacet
facet normal 0.0 0.0 0.0
  outer loop
    vertex 5.899998664855957 -7.7858147621154785 0.9259750843048096
    vertex 1.9999969005584717 -7.848886966705322 1.1117713451385498
    vertex 1.9999969005584717 -7.7858147621154785 0.9259750843048096
  endloop
endfacet
facet normal 0.0 0.0 0.0
  outer loop
    vertex 5.899998664855957 -7.7858147621154785 0.9259750843048096
    vertex 1.9999969005584717 -7.7858147621154785 0.9259750843048096
    vertex 5.899998664855957 -7.699034214019775 0.7500002384185791
  endloop
endfacet
facet normal 0.0 0.0 0.0
  outer loop
    vertex 5.899998664855957 -7.699034214019775 0.7500002384185791
    vertex 1.9999969005584717 -7.7858147621154785 0.9259750843048096
    vertex 1.9999969005584717 -7.699034214019775 0.7500002384185791
  endloop
endfacet
facet normal 0.0 0.0 0.0
  outer loop
    vertex 5.899998664855957 -7.699034214019775 0.7500002384185791
    vertex 1.9999969005584717 -7.699034214019775 0.7500002384185791
    vertex 5.899998664855957 -7.590025424957275 0.5868582725524902
  endloop
endfacet
facet normal 0.0 0.0 0.0
  outer loop
    vertex 5.899998664855957 -7.590025424957275 0.5868582725524902
    vertex 1.9999969005584717 -7.699034214019775 0.7500002384185791
    vertex 1.9999969005584717 -7.590025424957275 0.5868582725524902
  endloop
endfacet
facet normal 0.0 0.0 0.0
  outer loop
    vertex 5.899998664855957 -7.590025424957275 0.5868582725524902
    vertex 1.9999969005584717 -7.590025424957275 0.5868582725524902
    vertex 5.899998664855957 -7.460653781890869 0.43934035301208496
  endloop
endfacet
facet normal 0.0 0.0 0.0
  outer loop
    vertex 5.899998664855957 -7.460653781890869 0.43934035301208496
    vertex 1.9999969005584717 -7.590025424957275 0.5868582725524902
    vertex 1.9999969005584717 -7.460653781890869 0.43934035301208496
  endloop
endfacet
facet normal 0.0 0.0 0.0
  outer loop
    vertex 5.899998664855957 -7.460653781890869 0.43934035301208496
    vertex 1.9999969005584717 -7.460653781890869 0.43934035301208496
    vertex 5.899998664855957 -7.313135623931885 0.3099701404571533
  endloop
endfacet
facet normal 0.0 0.0 0.0
  outer loop
    vertex 5.899998664855957 -7.313135623931885 0.3099701404571533
    vertex 1.9999969005584717 -7.460653781890869 0.43934035301208496
    vertex 1.9999969005584717 -7.313135623931885 0.3099701404571533
  endloop
endfacet
facet normal 0.0 0.0 0.0
  outer loop
    vertex 5.899998664855957 -7.313135623931885 0.3099701404571533
    vertex 1.9999969005584717 -7.313135623931885 0.3099701404571533
    vertex 5.899998664855957 -7.149996280670166 0.20096230506896973
  endloop
endfacet
facet normal 0.0 0.0 0.0
  outer loop
    vertex 5.899998664855957 -7.149996280670166 0.20096230506896973
    vertex 1.9999969005584717 -7.313135623931885 0.3099701404571533
    vertex 1.9999969005584717 -7.149996280670166 0.20096230506896973
  endloop
endfacet
facet normal 0.0 0.0 0.0
  outer loop
    vertex 5.899998664855957 -7.149996280670166 0.20096230506896973
    vertex 1.9999969005584717 -7.149996280670166 0.20096230506896973
    vertex 5.899998664855957 -6.9740166664123535 0.1141812801361084
  endloop
endfacet
facet normal 0.0 0.0 0.0
  outer loop
    vertex 5.899998664855957 -6.9740166664123535 0.1141812801361084
    vertex 1.9999969005584717 -7.149996280670166 0.20096230506896973
    vertex 1.9999969005584717 -6.9740166664123535 0.1141812801361084
  endloop
endfacet
facet normal 0.0 0.0 0.0
  outer loop
    vertex 5.899998664855957 -6.9740166664123535 0.1141812801361084
    vertex 1.9999969005584717 -6.9740166664123535 0.1141812801361084
    vertex 5.899998664855957 -6.7882256507873535 0.05111122131347656
  endloop
endfacet
facet normal 0.0 0.0 0.0
  outer loop
    vertex 5.899998664855957 -6.7882256507873535 0.05111122131347656
    vertex 1.9999969005584717 -6.9740166664123535 0.1141812801361084
    vertex 1.9999969005584717 -6.7882256507873535 0.05111122131347656
  endloop
endfacet
facet normal 0.0 0.0 0.0
  outer loop
    vertex 5.899998664855957 -6.7882256507873535 0.05111122131347656
    vertex 1.9999969005584717 -6.7882256507873535 0.05111122131347656
    vertex 5.899998664855957 -6.595786094665527 0.012833356857299805
  endloop
endfacet
facet normal 0.0 0.0 0.0
  outer loop
    vertex 5.899998664855957 -6.595786094665527 0.012833356857299805
    vertex 1.9999969005584717 -6.7882256507873535 0.05111122131347656
    vertex 1.9999969005584717 -6.595786094665527 0.012833356857299805
  endloop
endfacet
facet normal 0.0 0.0 0.0
  outer loop
    vertex -1.900000810623169 -6.7882256507873535 0.05111122131347656
    vertex -1.900000810623169 -6.595786094665527 0.012833356857299805
    vertex 1.9999969005584717 -6.595786094665527 0.012833356857299805
  endloop
endfacet
facet normal 0.0 0.0 0.0
  outer loop
    vertex -1.900000810623169 -6.7882256507873535 0.05111122131347656
    vertex 1.9999969005584717 -6.595786094665527 0.012833356857299805
    vertex 1.9999969005584717 -6.7882256507873535 0.05111122131347656
  endloop
endfacet
facet normal 0.0 0.0 0.0
  outer loop
    vertex -1.900000810623169 -6.9740166664123535 0.1141812801361084
    vertex -1.900000810623169 -6.7882256507873535 0.05111122131347656
    vertex 1.9999969005584717 -6.7882256507873535 0.05111122131347656
  endloop
endfacet
facet normal 0.0 0.0 0.0
  outer loop
    vertex -1.900000810623169 -6.9740166664123535 0.1141812801361084
    vertex 1.9999969005584717 -6.7882256507873535 0.05111122131347656
    vertex 1.9999969005584717 -6.9740166664123535 0.1141812801361084
  endloop
endfacet
facet normal 0.0 0.0 0.0
  outer loop
    vertex -1.900000810623169 -7.149996280670166 0.20096230506896973
    vertex -1.900000810623169 -6.9740166664123535 0.1141812801361084
    vertex 1.9999969005584717 -6.9740166664123535 0.1141812801361084
  endloop
endfacet
facet normal 0.0 0.0 0.0
  outer loop
    vertex -1.900000810623169 -7.149996280670166 0.20096230506896973
    vertex 1.9999969005584717 -6.9740166664123535 0.1141812801361084
    vertex 1.9999969005584717 -7.149996280670166 0.20096230506896973
  endloop
endfacet
facet normal 0.0 0.0 0.0
  outer loop
    vertex -1.900000810623169 -7.313135623931885 0.3099701404571533
    vertex -1.900000810623169 -7.149996280670166 0.20096230506896973
    vertex 1.9999969005584717 -7.149996280670166 0.20096230506896973
  endloop
endfacet
facet normal 0.0 0.0 0.0
  outer loop
    vertex -1.900000810623169 -7.313135623931885 0.3099701404571533
    vertex 1.9999969005584717 -7.149996280670166 0.20096230506896973
    vertex 1.9999969005584717 -7.313135623931885 0.3099701404571533
  endloop
endfacet
facet normal 0.0 0.0 0.0
  outer loop
    vertex -1.900000810623169 -7.460653781890869 0.43934035301208496
    vertex -1.900000810623169 -7.313135623931885 0.3099701404571533
    vertex 1.9999969005584717 -7.313135623931885 0.3099701404571533
  endloop
endfacet
facet normal 0.0 0.0 0.0
  outer loop
    vertex -1.900000810623169 -7.460653781890869 0.43934035301208496
    vertex 1.9999969005584717 -7.313135623931885 0.3099701404571533
    vertex 1.9999969005584717 -7.460653781890869 0.43934035301208496
  endloop
endfacet
facet normal 0.0 0.0 0.0
  outer loop
    vertex -1.900000810623169 -7.590025424957275 0.5868582725524902
    vertex -1.900000810623169 -7.460653781890869 0.43934035301208496
    vertex 1.9999969005584717 -7.460653781890869 0.43934035301208496
  endloop
endfacet
facet normal 0.0 0.0 0.0
  outer loop
    vertex -1.900000810623169 -7.590025424957275 0.5868582725524902
    vertex 1.9999969005584717 -7.460653781890869 0.43934035301208496
    vertex 1.9999969005584717 -7.590025424957275 0.5868582725524902
  endloop
endfacet
facet normal 0.0 0.0 0.0
  outer loop
    vertex -1.900000810623169 -7.699034214019775 0.7500002384185791
    vertex -1.900000810623169 -7.590025424957275 0.5868582725524902
    vertex 1.9999969005584717 -7.590025424957275 0.5868582725524902
  endloop
endfacet
facet normal 0.0 0.0 0.0
  outer loop
    vertex -1.900000810623169 -7.699034214019775 0.7500002384185791
    vertex 1.9999969005584717 -7.590025424957275 0.5868582725524902
    vertex 1.9999969005584717 -7.699034214019775 0.7500002384185791
  endloop
endfacet
facet normal 0.0 0.0 0.0
  outer loop
    vertex -1.900000810623169 -7.7858147621154785 0.9259750843048096
    vertex -1.900000810623169 -7.699034214019775 0.7500002384185791
    vertex 1.9999969005584717 -7.699034214019775 0.7500002384185791
  endloop
endfacet
facet normal 0.0 0.0 0.0
  outer loop
    vertex -1.900000810623169 -7.7858147621154785 0.9259750843048096
    vertex 1.9999969005584717 -7.699034214019775 0.7500002384185791
    vertex 1.9999969005584717 -7.7858147621154785 0.9259750843048096
  endloop
endfacet
facet normal 0.0 0.0 0.0
  outer loop
    vertex -1.900000810623169 -7.848886966705322 1.1117713451385498
    vertex -1.900000810623169 -7.7858147621154785 0.9259750843048096
    vertex 1.9999969005584717 -7.7858147621154785 0.9259750843048096
  endloop
endfacet
facet normal 0.0 0.0 0.0
  outer loop
    vertex -1.900000810623169 -7.848886966705322 1.1117713451385498
    vertex 1.9999969005584717 -7.7858147621154785 0.9259750843048096
    vertex 1.9999969005584717 -7.848886966705322 1.1117713451385498
  endloop
endfacet
facet normal 0.0 0.0 0.0
  outer loop
    vertex -1.900000810623169 -7.8871636390686035 1.3042106628417969
    vertex -1.900000810623169 -7.848886966705322 1.1117713451385498
    vertex 1.9999969005584717 -7.848886966705322 1.1117713451385498
  endloop
endfacet
facet normal 0.0 0.0 0.0
  outer loop
    vertex -1.900000810623169 -7.8871636390686035 1.3042106628417969
    vertex 1.9999969005584717 -7.848886966705322 1.1117713451385498
    vertex 1.9999969005584717 -7.8871636390686035 1.3042106628417969
  endloop
endfacet
facet normal 0.0 0.0 0.0
  outer loop
    vertex 6.387457847595215 -6.011256217956543 2.384185791015625e-07
    vertex 6.399998664855957 -5.899996757507324 2.384185791015625e-07
    vertex 6.5907182693481445 -5.9838666915893555 0.012833356857299805
  endloop
endfacet
facet normal 0.0 0.0 0.0
  outer loop
    vertex 6.5907182693481445 -5.9838666915893555 0.012833356857299805
    vertex 6.399998664855957 -5.899996757507324 2.384185791015625e-07
    vertex 6.59578800201416 -5.899996757507324 0.012833356857299805
  endloop
endfacet
facet normal 0.0 0.0 0.0
  outer loop
    vertex 6.5907182693481445 -5.9838666915893555 0.012833356857299805
    vertex 6.59578800201416 -5.899996757507324 0.012833356857299805
    vertex 6.7882280349731445 -5.899996757507324 0.05111122131347656
  endloop
endfacet
facet normal 0.0 0.0 0.0
  outer loop
    vertex 6.5907182693481445 -5.9838666915893555 0.012833356857299805
    vertex 6.7882280349731445 -5.899996757507324 0.05111122131347656
    vertex 6.7817487716674805 -6.00705623626709 0.05111122131347656
  endloop
endfacet
facet normal 0.0 0.0 0.0
  outer loop
    vertex 6.7817487716674805 -6.00705623626709 0.05111122131347656
    vertex 6.7882280349731445 -5.899996757507324 0.05111122131347656
    vertex 6.974028587341309 -5.899996757507324 0.1141812801361084
  endloop
endfacet
facet normal 0.0 0.0 0.0
  outer loop
    vertex 6.7817487716674805 -6.00705623626709 0.05111122131347656
    vertex 6.974028587341309 -5.899996757507324 0.1141812801361084
    vertex 6.966189384460449 -6.02945613861084 0.1141812801361084
  endloop
endfacet
facet normal 0.0 0.0 0.0
  outer loop
    vertex 6.966189384460449 -6.02945613861084 0.1141812801361084
    vertex 6.974028587341309 -5.899996757507324 0.1141812801361084
    vertex 7.149998664855957 -5.899996757507324 0.20096230506896973
  endloop
endfacet
facet normal 0.0 0.0 0.0
  outer loop
    vertex 6.966189384460449 -6.02945613861084 0.1141812801361084
    vertex 7.149998664855957 -5.899996757507324 0.20096230506896973
    vertex 7.1408891677856445 -6.050665855407715 0.20096230506896973
  endloop
endfacet
facet normal 0.0 0.0 0.0
  outer loop
    vertex 7.1408891677856445 -6.050665855407715 0.20096230506896973
    vertex 7.149998664855957 -5.899996757507324 0.20096230506896973
    vertex 7.313138008117676 -5.899996757507324 0.3099701404571533
  endloop
endfacet
facet normal 0.0 0.0 0.0
  outer loop
    vertex 7.1408891677856445 -6.050665855407715 0.20096230506896973
    vertex 7.313138008117676 -5.899996757507324 0.3099701404571533
    vertex 7.302838325500488 -6.070326805114746 0.3099701404571533
  endloop
endfacet
facet normal 0.0 0.0 0.0
  outer loop
    vertex 7.302838325500488 -6.070326805114746 0.3099701404571533
    vertex 7.313138008117676 -5.899996757507324 0.3099701404571533
    vertex 7.460658073425293 -5.899996757507324 0.43934035301208496
  endloop
endfacet
facet normal 0.0 0.0 0.0
  outer loop
    vertex 7.302838325500488 -6.070326805114746 0.3099701404571533
    vertex 7.460658073425293 -5.899996757507324 0.43934035301208496
    vertex 7.449278831481934 -6.0881147384643555 0.43934035301208496
  endloop
endfacet
facet normal 0.0 0.0 0.0
  outer loop
    vertex 7.449278831481934 -6.0881147384643555 0.43934035301208496
    vertex 7.460658073425293 -5.899996757507324 0.43934035301208496
    vertex 7.590027809143066 -5.899996757507324 0.5868582725524902
  endloop
endfacet
facet normal 0.0 0.0 0.0
  outer loop
    vertex 7.449278831481934 -6.0881147384643555 0.43934035301208496
    vertex 7.590027809143066 -5.899996757507324 0.5868582725524902
    vertex 7.5777082443237305 -6.103705406188965 0.5868582725524902
  endloop
endfacet
facet normal 0.0 0.0 0.0
  outer loop
    vertex 7.5777082443237305 -6.103705406188965 0.5868582725524902
    vertex 7.590027809143066 -5.899996757507324 0.5868582725524902
    vertex 7.699038505554199 -5.899996757507324 0.7500002384185791
  endloop
endfacet
facet normal 0.0 0.0 0.0
  outer loop
    vertex 7.5777082443237305 -6.103705406188965 0.5868582725524902
    vertex 7.699038505554199 -5.899996757507324 0.7500002384185791
    vertex 7.685917854309082 -6.116847038269043 0.7500002384185791
  endloop
endfacet
facet normal 0.0 0.0 0.0
  outer loop
    vertex 7.685917854309082 -6.116847038269043 0.7500002384185791
    vertex 7.699038505554199 -5.899996757507324 0.7500002384185791
    vertex 7.785819053649902 -5.899996757507324 0.9259750843048096
  endloop
endfacet
facet normal 0.0 0.0 0.0
  outer loop
    vertex 7.685917854309082 -6.116847038269043 0.7500002384185791
    vertex 7.785819053649902 -5.899996757507324 0.9259750843048096
    vertex 7.772068977355957 -6.127306938171387 0.9259750843048096
  endloop
endfacet
facet normal 0.0 0.0 0.0
  outer loop
    vertex 7.772068977355957 -6.127306938171387 0.9259750843048096
    vertex 7.785819053649902 -5.899996757507324 0.9259750843048096
    vertex 7.848889350891113 -5.899996757507324 1.1117714643478394
  endloop
endfacet
facet normal 0.0 0.0 0.0
  outer loop
    vertex 7.772068977355957 -6.127306938171387 0.9259750843048096
    vertex 7.848889350891113 -5.899996757507324 1.1117714643478394
    vertex 7.83467960357666 -6.134905815124512 1.1117714643478394
  endloop
endfacet
facet normal 0.0 0.0 0.0
  outer loop
    vertex 7.83467960357666 -6.134905815124512 1.1117714643478394
    vertex 7.848889350891113 -5.899996757507324 1.1117714643478394
    vertex 7.887167930603027 -5.899996757507324 1.3042107820510864
  endloop
endfacet
facet normal 0.0 0.0 0.0
  outer loop
    vertex 7.83467960357666 -6.134905815124512 1.1117714643478394
    vertex 7.887167930603027 -5.899996757507324 1.3042107820510864
    vertex 7.872677803039551 -6.139525413513184 1.3042107820510864
  endloop
endfacet
facet normal 0.0 0.0 0.0
  outer loop
    vertex 7.872677803039551 -6.139525413513184 1.3042107820510864
    vertex 7.887167930603027 -5.899996757507324 1.3042107820510864
    vertex 7.899998664855957 -5.899996757507324 1.5
  endloop
endfacet
facet normal 0.0 0.0 0.0
  outer loop
    vertex 7.872677803039551 -6.139525413513184 1.3042107820510864
    vertex 7.899998664855957 -5.899996757507324 1.5
    vertex 7.885418891906738 -6.141066551208496 1.5
  endloop
endfacet
facet normal 0.0 0.0 0.0
  outer loop
    vertex 7.872677803039551 -6.139525413513184 1.3042107820510864
    vertex 7.885418891906738 -6.141066551208496 1.5
    vertex 7.829419136047363 -6.375555992126465 1.3042107820510864
  endloop
endfacet
facet normal 0.0 0.0 0.0
  outer loop
    vertex 7.829419136047363 -6.375555992126465 1.3042107820510864
    vertex 7.885418891906738 -6.141066551208496 1.5
    vertex 7.8418779373168945 -6.378626823425293 1.5
  endloop
endfacet
facet normal 0.0 0.0 0.0
  outer loop
    vertex 7.829419136047363 -6.375555992126465 1.3042107820510864
    vertex 7.8418779373168945 -6.378626823425293 1.5
    vertex 7.758028984069824 -6.6046552658081055 1.3042107820510864
  endloop
endfacet
facet normal 0.0 0.0 0.0
  outer loop
    vertex 7.758028984069824 -6.6046552658081055 1.3042107820510864
    vertex 7.8418779373168945 -6.378626823425293 1.5
    vertex 7.770028114318848 -6.609206199645996 1.5
  endloop
endfacet
facet normal 0.0 0.0 0.0
  outer loop
    vertex 7.758028984069824 -6.6046552658081055 1.3042107820510864
    vertex 7.770028114318848 -6.609206199645996 1.5
    vertex 7.659548759460449 -6.823477268218994 1.3042107820510864
  endloop
endfacet
facet normal 0.0 0.0 0.0
  outer loop
    vertex 7.659548759460449 -6.823477268218994 1.3042107820510864
    vertex 7.770028114318848 -6.609206199645996 1.5
    vertex 7.6709089279174805 -6.8294358253479 1.5
  endloop
endfacet
facet normal 0.0 0.0 0.0
  outer loop
    vertex 7.659548759460449 -6.823477268218994 1.3042107820510864
    vertex 7.6709089279174805 -6.8294358253479 1.5
    vertex 7.535408973693848 -7.028833866119385 1.3042107820510864
  endloop
endfacet
facet normal 0.0 0.0 0.0
  outer loop
    vertex 7.535408973693848 -7.028833866119385 1.3042107820510864
    vertex 7.6709089279174805 -6.8294358253479 1.5
    vertex 7.545968055725098 -7.036123752593994 1.5
  endloop
endfacet
facet normal 0.0 0.0 0.0
  outer loop
    vertex 7.535408973693848 -7.028833866119385 1.3042107820510864
    vertex 7.545968055725098 -7.036123752593994 1.5
    vertex 7.387417793273926 -7.217726230621338 1.3042107820510864
  endloop
endfacet
facet normal 0.0 0.0 0.0
  outer loop
    vertex 7.387417793273926 -7.217726230621338 1.3042107820510864
    vertex 7.545968055725098 -7.036123752593994 1.5
    vertex 7.397019386291504 -7.226236820220947 1.5
  endloop
endfacet
facet normal 0.0 0.0 0.0
  outer loop
    vertex 7.387417793273926 -7.217726230621338 1.3042107820510864
    vertex 7.397019386291504 -7.226236820220947 1.5
    vertex 7.217738151550293 -7.387403964996338 1.3042107820510864
  endloop
endfacet
facet normal 0.0 0.0 0.0
  outer loop
    vertex 7.217738151550293 -7.387403964996338 1.3042107820510864
    vertex 7.397019386291504 -7.226236820220947 1.5
    vertex 7.226248741149902 -7.397017002105713 1.5
  endloop
endfacet
facet normal 0.0 0.0 0.0
  outer loop
    vertex 7.217738151550293 -7.387403964996338 1.3042107820510864
    vertex 7.226248741149902 -7.397017002105713 1.5
    vertex 7.028838157653809 -7.535406589508057 1.3042107820510864
  endloop
endfacet
facet normal 0.0 0.0 0.0
  outer loop
    vertex 7.028838157653809 -7.535406589508057 1.3042107820510864
    vertex 7.226248741149902 -7.397017002105713 1.5
    vertex 7.036128044128418 -7.545965671539307 1.5
  endloop
endfacet
facet normal 0.0 0.0 0.0
  outer loop
    vertex 7.028838157653809 -7.535406589508057 1.3042107820510864
    vertex 7.036128044128418 -7.545965671539307 1.5
    vertex 6.823477745056152 -7.659544467926025 1.3042107820510864
  endloop
endfacet
facet normal 0.0 0.0 0.0
  outer loop
    vertex 6.823477745056152 -7.659544467926025 1.3042107820510864
    vertex 7.036128044128418 -7.545965671539307 1.5
    vertex 6.8294477462768555 -7.670904636383057 1.5
  endloop
endfacet
facet normal 0.0 0.0 0.0
  outer loop
    vertex 6.823477745056152 -7.659544467926025 1.3042107820510864
    vertex 6.8294477462768555 -7.670904636383057 1.5
    vertex 6.604659080505371 -7.7580246925354 1.3042106628417969
  endloop
endfacet
facet normal 0.0 0.0 0.0
  outer loop
    vertex 6.604659080505371 -7.7580246925354 1.3042106628417969
    vertex 6.8294477462768555 -7.670904636383057 1.5
    vertex 6.609208106994629 -7.770025730133057 1.4999998807907104
  endloop
endfacet
facet normal 0.0 0.0 0.0
  outer loop
    vertex 6.604659080505371 -7.7580246925354 1.3042106628417969
    vertex 6.609208106994629 -7.770025730133057 1.4999998807907104
    vertex 6.375557899475098 -7.829416751861572 1.3042106628417969
  endloop
endfacet
facet normal 0.0 0.0 0.0
  outer loop
    vertex 6.375557899475098 -7.829416751861572 1.3042106628417969
    vertex 6.609208106994629 -7.770025730133057 1.4999998807907104
    vertex 6.378628730773926 -7.8418755531311035 1.4999998807907104
  endloop
endfacet
facet normal 0.0 0.0 0.0
  outer loop
    vertex 6.375557899475098 -7.829416751861572 1.3042106628417969
    vertex 6.378628730773926 -7.8418755531311035 1.4999998807907104
    vertex 6.139529228210449 -7.87267541885376 1.3042106628417969
  endloop
endfacet
facet normal 0.0 0.0 0.0
  outer loop
    vertex 6.139529228210449 -7.87267541885376 1.3042106628417969
    vertex 6.378628730773926 -7.8418755531311035 1.4999998807907104
    vertex 6.141068458557129 -7.885416507720947 1.4999998807907104
  endloop
endfacet
facet normal 0.0 0.0 0.0
  outer loop
    vertex 6.139529228210449 -7.87267541885376 1.3042106628417969
    vertex 6.141068458557129 -7.885416507720947 1.4999998807907104
    vertex 5.899998664855957 -7.8871636390686035 1.3042106628417969
  endloop
endfacet
facet normal 0.0 0.0 0.0
  outer loop
    vertex 5.899998664855957 -7.8871636390686035 1.3042106628417969
    vertex 6.141068458557129 -7.885416507720947 1.4999998807907104
    vertex 5.899998664855957 -7.899996280670166 1.4999998807907104
  endloop
endfacet
facet normal 0.0 0.0 0.0
  outer loop
    vertex 5.899998664855957 -7.8871636390686035 1.3042106628417969
    vertex 5.899998664855957 -7.848886966705322 1.1117713451385498
    vertex 6.139529228210449 -7.87267541885376 1.3042106628417969
  endloop
endfacet
facet normal 0.0 0.0 0.0
  outer loop
    vertex 6.139529228210449 -7.87267541885376 1.3042106628417969
    vertex 5.899998664855957 -7.848886966705322 1.1117713451385498
    vertex 6.1349077224731445 -7.834677219390869 1.1117713451385498
  endloop
endfacet
facet normal 0.0 0.0 0.0
  outer loop
    vertex 6.139529228210449 -7.87267541885376 1.3042106628417969
    vertex 6.1349077224731445 -7.834677219390869 1.1117713451385498
    vertex 6.375557899475098 -7.829416751861572 1.3042106628417969
  endloop
endfacet
facet normal 0.0 0.0 0.0
  outer loop
    vertex 6.375557899475098 -7.829416751861572 1.3042106628417969
    vertex 6.1349077224731445 -7.834677219390869 1.1117713451385498
    vertex 6.366398811340332 -7.7922539710998535 1.1117713451385498
  endloop
endfacet
facet normal 0.0 0.0 0.0
  outer loop
    vertex 6.375557899475098 -7.829416751861572 1.3042106628417969
    vertex 6.366398811340332 -7.7922539710998535 1.1117713451385498
    vertex 6.604659080505371 -7.7580246925354 1.3042106628417969
  endloop
endfacet
facet normal 0.0 0.0 0.0
  outer loop
    vertex 6.604659080505371 -7.7580246925354 1.3042106628417969
    vertex 6.366398811340332 -7.7922539710998535 1.1117713451385498
    vertex 6.59108829498291 -7.722235202789307 1.1117713451385498
  endloop
endfacet
facet normal 0.0 0.0 0.0
  outer loop
    vertex 6.604659080505371 -7.7580246925354 1.3042106628417969
    vertex 6.59108829498291 -7.722235202789307 1.1117713451385498
    vertex 6.823477745056152 -7.659544467926025 1.3042107820510864
  endloop
endfacet
facet normal 0.0 0.0 0.0
  outer loop
    vertex 6.823477745056152 -7.659544467926025 1.3042107820510864
    vertex 6.59108829498291 -7.722235202789307 1.1117713451385498
    vertex 6.80568790435791 -7.625647068023682 1.1117714643478394
  endloop
endfacet
facet normal 0.0 0.0 0.0
  outer loop
    vertex 6.823477745056152 -7.659544467926025 1.3042107820510864
    vertex 6.80568790435791 -7.625647068023682 1.1117714643478394
    vertex 7.028838157653809 -7.535406589508057 1.3042107820510864
  endloop
endfacet
facet normal 0.0 0.0 0.0
  outer loop
    vertex 7.028838157653809 -7.535406589508057 1.3042107820510864
    vertex 6.80568790435791 -7.625647068023682 1.1117714643478394
    vertex 7.007098197937012 -7.503897190093994 1.1117714643478394
  endloop
endfacet
facet normal 0.0 0.0 0.0
  outer loop
    vertex 7.028838157653809 -7.535406589508057 1.3042107820510864
    vertex 7.007098197937012 -7.503897190093994 1.1117714643478394
    vertex 7.217738151550293 -7.387403964996338 1.3042107820510864
  endloop
endfacet
facet normal 0.0 0.0 0.0
  outer loop
    vertex 7.217738151550293 -7.387403964996338 1.3042107820510864
    vertex 7.007098197937012 -7.503897190093994 1.1117714643478394
    vertex 7.192349433898926 -7.358755588531494 1.1117714643478394
  endloop
endfacet
facet normal 0.0 0.0 0.0
  outer loop
    vertex 7.217738151550293 -7.387403964996338 1.3042107820510864
    vertex 7.192349433898926 -7.358755588531494 1.1117714643478394
    vertex 7.387417793273926 -7.217726230621338 1.3042107820510864
  endloop
endfacet
facet normal 0.0 0.0 0.0
  outer loop
    vertex 7.387417793273926 -7.217726230621338 1.3042107820510864
    vertex 7.192349433898926 -7.358755588531494 1.1117714643478394
    vertex 7.358757972717285 -7.192347049713135 1.1117714643478394
  endloop
endfacet
facet normal 0.0 0.0 0.0
  outer loop
    vertex 7.387417793273926 -7.217726230621338 1.3042107820510864
    vertex 7.358757972717285 -7.192347049713135 1.1117714643478394
    vertex 7.535408973693848 -7.028833866119385 1.3042107820510864
  endloop
endfacet
facet normal 0.0 0.0 0.0
  outer loop
    vertex 7.535408973693848 -7.028833866119385 1.3042107820510864
    vertex 7.358757972717285 -7.192347049713135 1.1117714643478394
    vertex 7.503899574279785 -7.007086277008057 1.1117714643478394
  endloop
endfacet
facet normal 0.0 0.0 0.0
  outer loop
    vertex 7.535408973693848 -7.028833866119385 1.3042107820510864
    vertex 7.503899574279785 -7.007086277008057 1.1117714643478394
    vertex 7.659548759460449 -6.823477268218994 1.3042107820510864
  endloop
endfacet
facet normal 0.0 0.0 0.0
  outer loop
    vertex 7.659548759460449 -6.823477268218994 1.3042107820510864
    vertex 7.503899574279785 -7.007086277008057 1.1117714643478394
    vertex 7.625658988952637 -6.805685520172119 1.1117714643478394
  endloop
endfacet
facet normal 0.0 0.0 0.0
  outer loop
    vertex 7.659548759460449 -6.823477268218994 1.3042107820510864
    vertex 7.625658988952637 -6.805685520172119 1.1117714643478394
    vertex 7.758028984069824 -6.6046552658081055 1.3042107820510864
  endloop
endfacet
facet normal 0.0 0.0 0.0
  outer loop
    vertex 7.758028984069824 -6.6046552658081055 1.3042107820510864
    vertex 7.625658988952637 -6.805685520172119 1.1117714643478394
    vertex 7.7222394943237305 -6.5910749435424805 1.1117714643478394
  endloop
endfacet
facet normal 0.0 0.0 0.0
  outer loop
    vertex 7.758028984069824 -6.6046552658081055 1.3042107820510864
    vertex 7.7222394943237305 -6.5910749435424805 1.1117714643478394
    vertex 7.829419136047363 -6.375555992126465 1.3042107820510864
  endloop
endfacet
facet normal 0.0 0.0 0.0
  outer loop
    vertex 7.829419136047363 -6.375555992126465 1.3042107820510864
    vertex 7.7222394943237305 -6.5910749435424805 1.1117714643478394
    vertex 7.792258262634277 -6.366396903991699 1.1117714643478394
  endloop
endfacet
facet normal 0.0 0.0 0.0
  outer loop
    vertex 7.829419136047363 -6.375555992126465 1.3042107820510864
    vertex 7.792258262634277 -6.366396903991699 1.1117714643478394
    vertex 7.872677803039551 -6.139525413513184 1.3042107820510864
  endloop
endfacet
facet normal 0.0 0.0 0.0
  outer loop
    vertex 7.872677803039551 -6.139525413513184 1.3042107820510864
    vertex 7.792258262634277 -6.366396903991699 1.1117714643478394
    vertex 7.83467960357666 -6.134905815124512 1.1117714643478394
  endloop
endfacet
facet normal 0.0 0.0 0.0
  outer loop
    vertex 5.899998664855957 -7.848886966705322 1.1117713451385498
    vertex 5.899998664855957 -7.7858147621154785 0.9259750843048096
    vertex 6.1349077224731445 -7.834677219390869 1.1117713451385498
  endloop
endfacet
facet normal 0.0 0.0 0.0
  outer loop
    vertex 6.1349077224731445 -7.834677219390869 1.1117713451385498
    vertex 5.899998664855957 -7.7858147621154785 0.9259750843048096
    vertex 6.1273088455200195 -7.772066593170166 0.9259750843048096
  endloop
endfacet
facet normal 0.0 0.0 0.0
  outer loop
    vertex 6.1349077224731445 -7.834677219390869 1.1117713451385498
    vertex 6.1273088455200195 -7.772066593170166 0.9259750843048096
    vertex 6.366398811340332 -7.7922539710998535 1.1117713451385498
  endloop
endfacet
facet normal 0.0 0.0 0.0
  outer loop
    vertex 6.366398811340332 -7.7922539710998535 1.1117713451385498
    vertex 6.1273088455200195 -7.772066593170166 0.9259750843048096
    vertex 6.3513078689575195 -7.731016635894775 0.9259750843048096
  endloop
endfacet
facet normal 0.0 0.0 0.0
  outer loop
    vertex 6.366398811340332 -7.7922539710998535 1.1117713451385498
    vertex 6.3513078689575195 -7.731016635894775 0.9259750843048096
    vertex 6.59108829498291 -7.722235202789307 1.1117713451385498
  endloop
endfacet
facet normal 0.0 0.0 0.0
  outer loop
    vertex 6.59108829498291 -7.722235202789307 1.1117713451385498
    vertex 6.3513078689575195 -7.731016635894775 0.9259750843048096
    vertex 6.568718910217285 -7.66326379776001 0.9259750843048096
  endloop
endfacet
facet normal 0.0 0.0 0.0
  outer loop
    vertex 6.59108829498291 -7.722235202789307 1.1117713451385498
    vertex 6.568718910217285 -7.66326379776001 0.9259750843048096
    vertex 6.80568790435791 -7.625647068023682 1.1117714643478394
  endloop
endfacet
facet normal 0.0 0.0 0.0
  outer loop
    vertex 6.80568790435791 -7.625647068023682 1.1117714643478394
    vertex 6.568718910217285 -7.66326379776001 0.9259750843048096
    vertex 6.776379585266113 -7.569803714752197 0.9259750843048096
  endloop
endfacet
facet normal 0.0 0.0 0.0
  outer loop
    vertex 6.80568790435791 -7.625647068023682 1.1117714643478394
    vertex 6.776379585266113 -7.569803714752197 0.9259750843048096
    vertex 7.007098197937012 -7.503897190093994 1.1117714643478394
  endloop
endfacet
facet normal 0.0 0.0 0.0
  outer loop
    vertex 7.007098197937012 -7.503897190093994 1.1117714643478394
    vertex 6.776379585266113 -7.569803714752197 0.9259750843048096
    vertex 6.971268653869629 -7.4519944190979 0.9259750843048096
  endloop
endfacet
facet normal 0.0 0.0 0.0
  outer loop
    vertex 7.007098197937012 -7.503897190093994 1.1117714643478394
    vertex 6.971268653869629 -7.4519944190979 0.9259750843048096
    vertex 7.192349433898926 -7.358755588531494 1.1117714643478394
  endloop
endfacet
facet normal 0.0 0.0 0.0
  outer loop
    vertex 7.192349433898926 -7.358755588531494 1.1117714643478394
    vertex 6.971268653869629 -7.4519944190979 0.9259750843048096
    vertex 7.150528907775879 -7.311544895172119 0.9259750843048096
  endloop
endfacet
facet normal 0.0 0.0 0.0
  outer loop
    vertex 7.192349433898926 -7.358755588531494 1.1117714643478394
    vertex 7.150528907775879 -7.311544895172119 0.9259750843048096
    vertex 7.358757972717285 -7.192347049713135 1.1117714643478394
  endloop
endfacet
facet normal 0.0 0.0 0.0
  outer loop
    vertex 7.358757972717285 -7.192347049713135 1.1117714643478394
    vertex 7.150528907775879 -7.311544895172119 0.9259750843048096
    vertex 7.311558723449707 -7.150526523590088 0.9259750843048096
  endloop
endfacet
facet normal 0.0 0.0 0.0
  outer loop
    vertex 7.358757972717285 -7.192347049713135 1.1117714643478394
    vertex 7.311558723449707 -7.150526523590088 0.9259750843048096
    vertex 7.503899574279785 -7.007086277008057 1.1117714643478394
  endloop
endfacet
facet normal 0.0 0.0 0.0
  outer loop
    vertex 7.503899574279785 -7.007086277008057 1.1117714643478394
    vertex 7.311558723449707 -7.150526523590088 0.9259750843048096
    vertex 7.451998710632324 -6.971266269683838 0.9259750843048096
  endloop
endfacet
facet normal 0.0 0.0 0.0
  outer loop
    vertex 7.503899574279785 -7.007086277008057 1.1117714643478394
    vertex 7.451998710632324 -6.971266269683838 0.9259750843048096
    vertex 7.625658988952637 -6.805685520172119 1.1117714643478394
  endloop
endfacet
facet normal 0.0 0.0 0.0
  outer loop
    vertex 7.625658988952637 -6.805685520172119 1.1117714643478394
    vertex 7.451998710632324 -6.971266269683838 0.9259750843048096
    vertex 7.569808006286621 -6.776377201080322 0.9259750843048096
  endloop
endfacet
facet normal 0.0 0.0 0.0
  outer loop
    vertex 7.625658988952637 -6.805685520172119 1.1117714643478394
    vertex 7.569808006286621 -6.776377201080322 0.9259750843048096
    vertex 7.7222394943237305 -6.5910749435424805 1.1117714643478394
  endloop
endfacet
facet normal 0.0 0.0 0.0
  outer loop
    vertex 7.7222394943237305 -6.5910749435424805 1.1117714643478394
    vertex 7.569808006286621 -6.776377201080322 0.9259750843048096
    vertex 7.663268089294434 -6.568717002868652 0.9259750843048096
  endloop
endfacet
facet normal 0.0 0.0 0.0
  outer loop
    vertex 7.7222394943237305 -6.5910749435424805 1.1117714643478394
    vertex 7.663268089294434 -6.568717002868652 0.9259750843048096
    vertex 7.792258262634277 -6.366396903991699 1.1117714643478394
  endloop
endfacet
facet normal 0.0 0.0 0.0
  outer loop
    vertex 7.792258262634277 -6.366396903991699 1.1117714643478394
    vertex 7.663268089294434 -6.568717002868652 0.9259750843048096
    vertex 7.731019020080566 -6.35129451751709 0.9259750843048096
  endloop
endfacet
facet normal 0.0 0.0 0.0
  outer loop
    vertex 7.792258262634277 -6.366396903991699 1.1117714643478394
    vertex 7.731019020080566 -6.35129451751709 0.9259750843048096
    vertex 7.83467960357666 -6.134905815124512 1.1117714643478394
  endloop
endfacet
facet normal 0.0 0.0 0.0
  outer loop
    vertex 7.83467960357666 -6.134905815124512 1.1117714643478394
    vertex 7.731019020080566 -6.35129451751709 0.9259750843048096
    vertex 7.772068977355957 -6.127306938171387 0.9259750843048096
  endloop
endfacet
facet normal 0.0 0.0 0.0
  outer loop
    vertex 5.899998664855957 -7.7858147621154785 0.9259750843048096
    vertex 5.899998664855957 -7.699034214019775 0.7500002384185791
    vertex 6.1273088455200195 -7.772066593170166 0.9259750843048096
  endloop
endfacet
facet normal 0.0 0.0 0.0
  outer loop
    vertex 6.1273088455200195 -7.772066593170166 0.9259750843048096
    vertex 5.899998664855957 -7.699034214019775 0.7500002384185791
    vertex 6.116848945617676 -7.685915470123291 0.7500002384185791
  endloop
endfacet
facet normal 0.0 0.0 0.0
  outer loop
    vertex 6.1273088455200195 -7.772066593170166 0.9259750843048096
    vertex 6.116848945617676 -7.685915470123291 0.7500002384185791
    vertex 6.3513078689575195 -7.731016635894775 0.9259750843048096
  endloop
endfacet
facet normal 0.0 0.0 0.0
  outer loop
    vertex 6.3513078689575195 -7.731016635894775 0.9259750843048096
    vertex 6.116848945617676 -7.685915470123291 0.7500002384185791
    vertex 6.330538749694824 -7.646753787994385 0.7500002384185791
  endloop
endfacet
facet normal 0.0 0.0 0.0
  outer loop
    vertex 6.3513078689575195 -7.731016635894775 0.9259750843048096
    vertex 6.330538749694824 -7.646753787994385 0.7500002384185791
    vertex 6.568718910217285 -7.66326379776001 0.9259750843048096
  endloop
endfacet
facet normal 0.0 0.0 0.0
  outer loop
    vertex 6.568718910217285 -7.66326379776001 0.9259750843048096
    vertex 6.330538749694824 -7.646753787994385 0.7500002384185791
    vertex 6.537949562072754 -7.582125186920166 0.7500002384185791
  endloop
endfacet
facet normal 0.0 0.0 0.0
  outer loop
    vertex 6.568718910217285 -7.66326379776001 0.9259750843048096
    vertex 6.537949562072754 -7.582125186920166 0.7500002384185791
    vertex 6.776379585266113 -7.569803714752197 0.9259750843048096
  endloop
endfacet
facet normal 0.0 0.0 0.0
  outer loop
    vertex 6.776379585266113 -7.569803714752197 0.9259750843048096
    vertex 6.537949562072754 -7.582125186920166 0.7500002384185791
    vertex 6.736058235168457 -7.492964267730713 0.7500002384185791
  endloop
endfacet
facet normal 0.0 0.0 0.0
  outer loop
    vertex 6.776379585266113 -7.569803714752197 0.9259750843048096
    vertex 6.736058235168457 -7.492964267730713 0.7500002384185791
    vertex 6.971268653869629 -7.4519944190979 0.9259750843048096
  endloop
endfacet
facet normal 0.0 0.0 0.0
  outer loop
    vertex 6.971268653869629 -7.4519944190979 0.9259750843048096
    vertex 6.736058235168457 -7.492964267730713 0.7500002384185791
    vertex 6.921969413757324 -7.380575656890869 0.7500002384185791
  endloop
endfacet
facet normal 0.0 0.0 0.0
  outer loop
    vertex 6.971268653869629 -7.4519944190979 0.9259750843048096
    vertex 6.921969413757324 -7.380575656890869 0.7500002384185791
    vertex 7.150528907775879 -7.311544895172119 0.9259750843048096
  endloop
endfacet
facet normal 0.0 0.0 0.0
  outer loop
    vertex 7.150528907775879 -7.311544895172119 0.9259750843048096
    vertex 6.921969413757324 -7.380575656890869 0.7500002384185791
    vertex 7.092978477478027 -7.246595859527588 0.7500002384185791
  endloop
endfacet
facet normal 0.0 0.0 0.0
  outer loop
    vertex 7.150528907775879 -7.311544895172119 0.9259750843048096
    vertex 7.092978477478027 -7.246595859527588 0.7500002384185791
    vertex 7.311558723449707 -7.150526523590088 0.9259750843048096
  endloop
endfacet
facet normal 0.0 0.0 0.0
  outer loop
    vertex 7.311558723449707 -7.150526523590088 0.9259750843048096
    vertex 7.092978477478027 -7.246595859527588 0.7500002384185791
    vertex 7.246598243713379 -7.0929741859436035 0.7500002384185791
  endloop
endfacet
facet normal 0.0 0.0 0.0
  outer loop
    vertex 7.311558723449707 -7.150526523590088 0.9259750843048096
    vertex 7.246598243713379 -7.0929741859436035 0.7500002384185791
    vertex 7.451998710632324 -6.971266269683838 0.9259750843048096
  endloop
endfacet
facet normal 0.0 0.0 0.0
  outer loop
    vertex 7.451998710632324 -6.971266269683838 0.9259750843048096
    vertex 7.246598243713379 -7.0929741859436035 0.7500002384185791
    vertex 7.38057804107666 -6.9219651222229 0.7500002384185791
  endloop
endfacet
facet normal 0.0 0.0 0.0
  outer loop
    vertex 7.451998710632324 -6.971266269683838 0.9259750843048096
    vertex 7.38057804107666 -6.9219651222229 0.7500002384185791
    vertex 7.569808006286621 -6.776377201080322 0.9259750843048096
  endloop
endfacet
facet normal 0.0 0.0 0.0
  outer loop
    vertex 7.569808006286621 -6.776377201080322 0.9259750843048096
    vertex 7.38057804107666 -6.9219651222229 0.7500002384185791
    vertex 7.492968559265137 -6.736044406890869 0.7500002384185791
  endloop
endfacet
facet normal 0.0 0.0 0.0
  outer loop
    vertex 7.569808006286621 -6.776377201080322 0.9259750843048096
    vertex 7.492968559265137 -6.736044406890869 0.7500002384185791
    vertex 7.663268089294434 -6.568717002868652 0.9259750843048096
  endloop
endfacet
facet normal 0.0 0.0 0.0
  outer loop
    vertex 7.663268089294434 -6.568717002868652 0.9259750843048096
    vertex 7.492968559265137 -6.736044406890869 0.7500002384185791
    vertex 7.58212947845459 -6.537947654724121 0.7500002384185791
  endloop
endfacet
facet normal 0.0 0.0 0.0
  outer loop
    vertex 7.663268089294434 -6.568717002868652 0.9259750843048096
    vertex 7.58212947845459 -6.537947654724121 0.7500002384185791
    vertex 7.731019020080566 -6.35129451751709 0.9259750843048096
  endloop
endfacet
facet normal 0.0 0.0 0.0
  outer loop
    vertex 7.731019020080566 -6.35129451751709 0.9259750843048096
    vertex 7.58212947845459 -6.537947654724121 0.7500002384185791
    vertex 7.646758079528809 -6.330534934997559 0.7500002384185791
  endloop
endfacet
facet normal 0.0 0.0 0.0
  outer loop
    vertex 7.731019020080566 -6.35129451751709 0.9259750843048096
    vertex 7.646758079528809 -6.330534934997559 0.7500002384185791
    vertex 7.772068977355957 -6.127306938171387 0.9259750843048096
  endloop
endfacet
facet normal 0.0 0.0 0.0
  outer loop
    vertex 7.772068977355957 -6.127306938171387 0.9259750843048096
    vertex 7.646758079528809 -6.330534934997559 0.7500002384185791
    vertex 7.685917854309082 -6.116847038269043 0.7500002384185791
  endloop
endfacet
facet normal 0.0 0.0 0.0
  outer loop
    vertex 5.899998664855957 -7.699034214019775 0.7500002384185791
    vertex 5.899998664855957 -7.590025424957275 0.5868582725524902
    vertex 6.116848945617676 -7.685915470123291 0.7500002384185791
  endloop
endfacet
facet normal 0.0 0.0 0.0
  outer loop
    vertex 6.116848945617676 -7.685915470123291 0.7500002384185791
    vertex 5.899998664855957 -7.590025424957275 0.5868582725524902
    vertex 6.1037092208862305 -7.577703952789307 0.5868582725524902
  endloop
endfacet
facet normal 0.0 0.0 0.0
  outer loop
    vertex 6.116848945617676 -7.685915470123291 0.7500002384185791
    vertex 6.1037092208862305 -7.577703952789307 0.5868582725524902
    vertex 6.330538749694824 -7.646753787994385 0.7500002384185791
  endloop
endfacet
facet normal 0.0 0.0 0.0
  outer loop
    vertex 6.330538749694824 -7.646753787994385 0.7500002384185791
    vertex 6.1037092208862305 -7.577703952789307 0.5868582725524902
    vertex 6.304448127746582 -7.540915012359619 0.5868582725524902
  endloop
endfacet
facet normal 0.0 0.0 0.0
  outer loop
    vertex 6.330538749694824 -7.646753787994385 0.7500002384185791
    vertex 6.304448127746582 -7.540915012359619 0.5868582725524902
    vertex 6.537949562072754 -7.582125186920166 0.7500002384185791
  endloop
endfacet
facet normal 0.0 0.0 0.0
  outer loop
    vertex 6.537949562072754 -7.582125186920166 0.7500002384185791
    vertex 6.304448127746582 -7.540915012359619 0.5868582725524902
    vertex 6.499289512634277 -7.480196475982666 0.5868582725524902
  endloop
endfacet
facet normal 0.0 0.0 0.0
  outer loop
    vertex 6.537949562072754 -7.582125186920166 0.7500002384185791
    vertex 6.499289512634277 -7.480196475982666 0.5868582725524902
    vertex 6.736058235168457 -7.492964267730713 0.7500002384185791
  endloop
endfacet
facet normal 0.0 0.0 0.0
  outer loop
    vertex 6.736058235168457 -7.492964267730713 0.7500002384185791
    vertex 6.499289512634277 -7.480196475982666 0.5868582725524902
    vertex 6.685399055480957 -7.396444797515869 0.5868582725524902
  endloop
endfacet
facet normal 0.0 0.0 0.0
  outer loop
    vertex 6.736058235168457 -7.492964267730713 0.7500002384185791
    vertex 6.685399055480957 -7.396444797515869 0.5868582725524902
    vertex 6.921969413757324 -7.380575656890869 0.7500002384185791
  endloop
endfacet
facet normal 0.0 0.0 0.0
  outer loop
    vertex 6.921969413757324 -7.380575656890869 0.7500002384185791
    vertex 6.685399055480957 -7.396444797515869 0.5868582725524902
    vertex 6.860049247741699 -7.290865421295166 0.5868582725524902
  endloop
endfacet
facet normal 0.0 0.0 0.0
  outer loop
    vertex 6.921969413757324 -7.380575656890869 0.7500002384185791
    vertex 6.860049247741699 -7.290865421295166 0.5868582725524902
    vertex 7.092978477478027 -7.246595859527588 0.7500002384185791
  endloop
endfacet
facet normal 0.0 0.0 0.0
  outer loop
    vertex 7.092978477478027 -7.246595859527588 0.7500002384185791
    vertex 6.860049247741699 -7.290865421295166 0.5868582725524902
    vertex 7.020699501037598 -7.1649956703186035 0.5868582725524902
  endloop
endfacet
facet normal 0.0 0.0 0.0
  outer loop
    vertex 7.092978477478027 -7.246595859527588 0.7500002384185791
    vertex 7.020699501037598 -7.1649956703186035 0.5868582725524902
    vertex 7.246598243713379 -7.0929741859436035 0.7500002384185791
  endloop
endfacet
facet normal 0.0 0.0 0.0
  outer loop
    vertex 7.246598243713379 -7.0929741859436035 0.7500002384185791
    vertex 7.020699501037598 -7.1649956703186035 0.5868582725524902
    vertex 7.165009498596191 -7.020697116851807 0.5868582725524902
  endloop
endfacet
facet normal 0.0 0.0 0.0
  outer loop
    vertex 7.246598243713379 -7.0929741859436035 0.7500002384185791
    vertex 7.165009498596191 -7.020697116851807 0.5868582725524902
    vertex 7.38057804107666 -6.9219651222229 0.7500002384185791
  endloop
endfacet
facet normal 0.0 0.0 0.0
  outer loop
    vertex 7.38057804107666 -6.9219651222229 0.7500002384185791
    vertex 7.165009498596191 -7.020697116851807 0.5868582725524902
    vertex 7.290867805480957 -6.860044956207275 0.5868582725524902
  endloop
endfacet
facet normal 0.0 0.0 0.0
  outer loop
    vertex 7.38057804107666 -6.9219651222229 0.7500002384185791
    vertex 7.290867805480957 -6.860044956207275 0.5868582725524902
    vertex 7.492968559265137 -6.736044406890869 0.7500002384185791
  endloop
endfacet
facet normal 0.0 0.0 0.0
  outer loop
    vertex 7.492968559265137 -6.736044406890869 0.7500002384185791
    vertex 7.290867805480957 -6.860044956207275 0.5868582725524902
    vertex 7.396449089050293 -6.685385227203369 0.5868582725524902
  endloop
endfacet
facet normal 0.0 0.0 0.0
  outer loop
    vertex 7.492968559265137 -6.736044406890869 0.7500002384185791
    vertex 7.396449089050293 -6.685385227203369 0.5868582725524902
    vertex 7.58212947845459 -6.537947654724121 0.7500002384185791
  endloop
endfacet
facet normal 0.0 0.0 0.0
  outer loop
    vertex 7.58212947845459 -6.537947654724121 0.7500002384185791
    vertex 7.396449089050293 -6.685385227203369 0.5868582725524902
    vertex 7.480208396911621 -6.499285697937012 0.5868582725524902
  endloop
endfacet
facet normal 0.0 0.0 0.0
  outer loop
    vertex 7.58212947845459 -6.537947654724121 0.7500002384185791
    vertex 7.480208396911621 -6.499285697937012 0.5868582725524902
    vertex 7.646758079528809 -6.330534934997559 0.7500002384185791
  endloop
endfacet
facet normal 0.0 0.0 0.0
  outer loop
    vertex 7.646758079528809 -6.330534934997559 0.7500002384185791
    vertex 7.480208396911621 -6.499285697937012 0.5868582725524902
    vertex 7.540919303894043 -6.304446220397949 0.5868582725524902
  endloop
endfacet
facet normal 0.0 0.0 0.0
  outer loop
    vertex 7.646758079528809 -6.330534934997559 0.7500002384185791
    vertex 7.540919303894043 -6.304446220397949 0.5868582725524902
    vertex 7.685917854309082 -6.116847038269043 0.7500002384185791
  endloop
endfacet
facet normal 0.0 0.0 0.0
  outer loop
    vertex 7.685917854309082 -6.116847038269043 0.7500002384185791
    vertex 7.540919303894043 -6.304446220397949 0.5868582725524902
    vertex 7.5777082443237305 -6.103705406188965 0.5868582725524902
  endloop
endfacet
facet normal 0.0 0.0 0.0
  outer loop
    vertex 5.899998664855957 -7.590025424957275 0.5868582725524902
    vertex 5.899998664855957 -7.460653781890869 0.43934035301208496
    vertex 6.1037092208862305 -7.577703952789307 0.5868582725524902
  endloop
endfacet
facet normal 0.0 0.0 0.0
  outer loop
    vertex 6.1037092208862305 -7.577703952789307 0.5868582725524902
    vertex 5.899998664855957 -7.460653781890869 0.43934035301208496
    vertex 6.088118553161621 -7.44927453994751 0.43934035301208496
  endloop
endfacet
facet normal 0.0 0.0 0.0
  outer loop
    vertex 6.1037092208862305 -7.577703952789307 0.5868582725524902
    vertex 6.088118553161621 -7.44927453994751 0.43934035301208496
    vertex 6.304448127746582 -7.540915012359619 0.5868582725524902
  endloop
endfacet
facet normal 0.0 0.0 0.0
  outer loop
    vertex 6.304448127746582 -7.540915012359619 0.5868582725524902
    vertex 6.088118553161621 -7.44927453994751 0.43934035301208496
    vertex 6.2734880447387695 -7.415304660797119 0.43934035301208496
  endloop
endfacet
facet normal 0.0 0.0 0.0
  outer loop
    vertex 6.304448127746582 -7.540915012359619 0.5868582725524902
    vertex 6.2734880447387695 -7.415304660797119 0.43934035301208496
    vertex 6.499289512634277 -7.480196475982666 0.5868582725524902
  endloop
endfacet
facet normal 0.0 0.0 0.0
  outer loop
    vertex 6.499289512634277 -7.480196475982666 0.5868582725524902
    vertex 6.2734880447387695 -7.415304660797119 0.43934035301208496
    vertex 6.453417778015137 -7.359236240386963 0.43934035301208496
  endloop
endfacet
facet normal 0.0 0.0 0.0
  outer loop
    vertex 6.499289512634277 -7.480196475982666 0.5868582725524902
    vertex 6.453417778015137 -7.359236240386963 0.43934035301208496
    vertex 6.685399055480957 -7.396444797515869 0.5868582725524902
  endloop
endfacet
facet normal 0.0 0.0 0.0
  outer loop
    vertex 6.685399055480957 -7.396444797515869 0.5868582725524902
    vertex 6.453417778015137 -7.359236240386963 0.43934035301208496
    vertex 6.625279426574707 -7.281885623931885 0.43934035301208496
  endloop
endfacet
facet normal 0.0 0.0 0.0
  outer loop
    vertex 6.685399055480957 -7.396444797515869 0.5868582725524902
    vertex 6.625279426574707 -7.281885623931885 0.43934035301208496
    vertex 6.860049247741699 -7.290865421295166 0.5868582725524902
  endloop
endfacet
facet normal 0.0 0.0 0.0
  outer loop
    vertex 6.860049247741699 -7.290865421295166 0.5868582725524902
    vertex 6.625279426574707 -7.281885623931885 0.43934035301208496
    vertex 6.786559104919434 -7.184397220611572 0.43934035301208496
  endloop
endfacet
facet normal 0.0 0.0 0.0
  outer loop
    vertex 6.860049247741699 -7.290865421295166 0.5868582725524902
    vertex 6.786559104919434 -7.184397220611572 0.43934035301208496
    vertex 7.020699501037598 -7.1649956703186035 0.5868582725524902
  endloop
endfacet
facet normal 0.0 0.0 0.0
  outer loop
    vertex 7.020699501037598 -7.1649956703186035 0.5868582725524902
    vertex 6.786559104919434 -7.184397220611572 0.43934035301208496
    vertex 6.934908866882324 -7.068167209625244 0.43934035301208496
  endloop
endfacet
facet normal 0.0 0.0 0.0
  outer loop
    vertex 7.020699501037598 -7.1649956703186035 0.5868582725524902
    vertex 6.934908866882324 -7.068167209625244 0.43934035301208496
    vertex 7.165009498596191 -7.020697116851807 0.5868582725524902
  endloop
endfacet
facet normal 0.0 0.0 0.0
  outer loop
    vertex 7.165009498596191 -7.020697116851807 0.5868582725524902
    vertex 6.934908866882324 -7.068167209625244 0.43934035301208496
    vertex 7.068169593811035 -6.9349045753479 0.43934035301208496
  endloop
endfacet
facet normal 0.0 0.0 0.0
  outer loop
    vertex 7.165009498596191 -7.020697116851807 0.5868582725524902
    vertex 7.068169593811035 -6.9349045753479 0.43934035301208496
    vertex 7.290867805480957 -6.860044956207275 0.5868582725524902
  endloop
endfacet
facet normal 0.0 0.0 0.0
  outer loop
    vertex 7.290867805480957 -6.860044956207275 0.5868582725524902
    vertex 7.068169593811035 -6.9349045753479 0.43934035301208496
    vertex 7.184399604797363 -6.7865471839904785 0.43934035301208496
  endloop
endfacet
facet normal 0.0 0.0 0.0
  outer loop
    vertex 7.290867805480957 -6.860044956207275 0.5868582725524902
    vertex 7.184399604797363 -6.7865471839904785 0.43934035301208496
    vertex 7.396449089050293 -6.685385227203369 0.5868582725524902
  endloop
endfacet
facet normal 0.0 0.0 0.0
  outer loop
    vertex 7.396449089050293 -6.685385227203369 0.5868582725524902
    vertex 7.184399604797363 -6.7865471839904785 0.43934035301208496
    vertex 7.281899452209473 -6.625266075134277 0.43934035301208496
  endloop
endfacet
facet normal 0.0 0.0 0.0
  outer loop
    vertex 7.396449089050293 -6.685385227203369 0.5868582725524902
    vertex 7.281899452209473 -6.625266075134277 0.43934035301208496
    vertex 7.480208396911621 -6.499285697937012 0.5868582725524902
  endloop
endfacet
facet normal 0.0 0.0 0.0
  outer loop
    vertex 7.480208396911621 -6.499285697937012 0.5868582725524902
    vertex 7.281899452209473 -6.625266075134277 0.43934035301208496
    vertex 7.359238624572754 -6.453417778015137 0.43934035301208496
  endloop
endfacet
facet normal 0.0 0.0 0.0
  outer loop
    vertex 7.480208396911621 -6.499285697937012 0.5868582725524902
    vertex 7.359238624572754 -6.453417778015137 0.43934035301208496
    vertex 7.540919303894043 -6.304446220397949 0.5868582725524902
  endloop
endfacet
facet normal 0.0 0.0 0.0
  outer loop
    vertex 7.540919303894043 -6.304446220397949 0.5868582725524902
    vertex 7.359238624572754 -6.453417778015137 0.43934035301208496
    vertex 7.415308952331543 -6.273486137390137 0.43934035301208496
  endloop
endfacet
facet normal 0.0 0.0 0.0
  outer loop
    vertex 7.540919303894043 -6.304446220397949 0.5868582725524902
    vertex 7.415308952331543 -6.273486137390137 0.43934035301208496
    vertex 7.5777082443237305 -6.103705406188965 0.5868582725524902
  endloop
endfacet
facet normal 0.0 0.0 0.0
  outer loop
    vertex 7.5777082443237305 -6.103705406188965 0.5868582725524902
    vertex 7.415308952331543 -6.273486137390137 0.43934035301208496
    vertex 7.449278831481934 -6.0881147384643555 0.43934035301208496
  endloop
endfacet
facet normal 0.0 0.0 0.0
  outer loop
    vertex 5.899998664855957 -7.460653781890869 0.43934035301208496
    vertex 5.899998664855957 -7.313135623931885 0.3099701404571533
    vertex 6.088118553161621 -7.44927453994751 0.43934035301208496
  endloop
endfacet
facet normal 0.0 0.0 0.0
  outer loop
    vertex 6.088118553161621 -7.44927453994751 0.43934035301208496
    vertex 5.899998664855957 -7.313135623931885 0.3099701404571533
    vertex 6.070338249206543 -7.302835941314697 0.3099701404571533
  endloop
endfacet
facet normal 0.0 0.0 0.0
  outer loop
    vertex 6.088118553161621 -7.44927453994751 0.43934035301208496
    vertex 6.070338249206543 -7.302835941314697 0.3099701404571533
    vertex 6.2734880447387695 -7.415304660797119 0.43934035301208496
  endloop
endfacet
facet normal 0.0 0.0 0.0
  outer loop
    vertex 6.2734880447387695 -7.415304660797119 0.43934035301208496
    vertex 6.070338249206543 -7.302835941314697 0.3099701404571533
    vertex 6.238188743591309 -7.272074222564697 0.3099701404571533
  endloop
endfacet
facet normal 0.0 0.0 0.0
  outer loop
    vertex 6.2734880447387695 -7.415304660797119 0.43934035301208496
    vertex 6.238188743591309 -7.272074222564697 0.3099701404571533
    vertex 6.453417778015137 -7.359236240386963 0.43934035301208496
  endloop
endfacet
facet normal 0.0 0.0 0.0
  outer loop
    vertex 6.453417778015137 -7.359236240386963 0.43934035301208496
    vertex 6.238188743591309 -7.272074222564697 0.3099701404571533
    vertex 6.401108741760254 -7.221304416656494 0.3099701404571533
  endloop
endfacet
facet normal 0.0 0.0 0.0
  outer loop
    vertex 6.453417778015137 -7.359236240386963 0.43934035301208496
    vertex 6.401108741760254 -7.221304416656494 0.3099701404571533
    vertex 6.625279426574707 -7.281885623931885 0.43934035301208496
  endloop
endfacet
facet normal 0.0 0.0 0.0
  outer loop
    vertex 6.625279426574707 -7.281885623931885 0.43934035301208496
    vertex 6.401108741760254 -7.221304416656494 0.3099701404571533
    vertex 6.556717872619629 -7.151266574859619 0.3099701404571533
  endloop
endfacet
facet normal 0.0 0.0 0.0
  outer loop
    vertex 6.625279426574707 -7.281885623931885 0.43934035301208496
    vertex 6.556717872619629 -7.151266574859619 0.3099701404571533
    vertex 6.786559104919434 -7.184397220611572 0.43934035301208496
  endloop
endfacet
facet normal 0.0 0.0 0.0
  outer loop
    vertex 6.786559104919434 -7.184397220611572 0.43934035301208496
    vertex 6.556717872619629 -7.151266574859619 0.3099701404571533
    vertex 6.702757835388184 -7.062986850738525 0.3099701404571533
  endloop
endfacet
facet normal 0.0 0.0 0.0
  outer loop
    vertex 6.786559104919434 -7.184397220611572 0.43934035301208496
    vertex 6.702757835388184 -7.062986850738525 0.3099701404571533
    vertex 6.934908866882324 -7.068167209625244 0.43934035301208496
  endloop
endfacet
facet normal 0.0 0.0 0.0
  outer loop
    vertex 6.934908866882324 -7.068167209625244 0.43934035301208496
    vertex 6.702757835388184 -7.062986850738525 0.3099701404571533
    vertex 6.837088584899902 -6.957746982574463 0.3099701404571533
  endloop
endfacet
facet normal 0.0 0.0 0.0
  outer loop
    vertex 6.934908866882324 -7.068167209625244 0.43934035301208496
    vertex 6.837088584899902 -6.957746982574463 0.3099701404571533
    vertex 7.068169593811035 -6.9349045753479 0.43934035301208496
  endloop
endfacet
facet normal 0.0 0.0 0.0
  outer loop
    vertex 7.068169593811035 -6.9349045753479 0.43934035301208496
    vertex 6.837088584899902 -6.957746982574463 0.3099701404571533
    vertex 6.957749366760254 -6.8370842933654785 0.3099701404571533
  endloop
endfacet
facet normal 0.0 0.0 0.0
  outer loop
    vertex 7.068169593811035 -6.9349045753479 0.43934035301208496
    vertex 6.957749366760254 -6.8370842933654785 0.3099701404571533
    vertex 7.184399604797363 -6.7865471839904785 0.43934035301208496
  endloop
endfacet
facet normal 0.0 0.0 0.0
  outer loop
    vertex 7.184399604797363 -6.7865471839904785 0.43934035301208496
    vertex 6.957749366760254 -6.8370842933654785 0.3099701404571533
    vertex 7.062989234924316 -6.7027459144592285 0.3099701404571533
  endloop
endfacet
facet normal 0.0 0.0 0.0
  outer loop
    vertex 7.184399604797363 -6.7865471839904785 0.43934035301208496
    vertex 7.062989234924316 -6.7027459144592285 0.3099701404571533
    vertex 7.281899452209473 -6.625266075134277 0.43934035301208496
  endloop
endfacet
facet normal 0.0 0.0 0.0
  outer loop
    vertex 7.281899452209473 -6.625266075134277 0.43934035301208496
    vertex 7.062989234924316 -6.7027459144592285 0.3099701404571533
    vertex 7.151278495788574 -6.556715965270996 0.3099701404571533
  endloop
endfacet
facet normal 0.0 0.0 0.0
  outer loop
    vertex 7.281899452209473 -6.625266075134277 0.43934035301208496
    vertex 7.151278495788574 -6.556715965270996 0.3099701404571533
    vertex 7.359238624572754 -6.453417778015137 0.43934035301208496
  endloop
endfacet
facet normal 0.0 0.0 0.0
  outer loop
    vertex 7.359238624572754 -6.453417778015137 0.43934035301208496
    vertex 7.151278495788574 -6.556715965270996 0.3099701404571533
    vertex 7.221308708190918 -6.401106834411621 0.3099701404571533
  endloop
endfacet
facet normal 0.0 0.0 0.0
  outer loop
    vertex 7.359238624572754 -6.453417778015137 0.43934035301208496
    vertex 7.221308708190918 -6.401106834411621 0.3099701404571533
    vertex 7.415308952331543 -6.273486137390137 0.43934035301208496
  endloop
endfacet
facet normal 0.0 0.0 0.0
  outer loop
    vertex 7.415308952331543 -6.273486137390137 0.43934035301208496
    vertex 7.221308708190918 -6.401106834411621 0.3099701404571533
    vertex 7.272078514099121 -6.238184928894043 0.3099701404571533
  endloop
endfacet
facet normal 0.0 0.0 0.0
  outer loop
    vertex 7.415308952331543 -6.273486137390137 0.43934035301208496
    vertex 7.272078514099121 -6.238184928894043 0.3099701404571533
    vertex 7.449278831481934 -6.0881147384643555 0.43934035301208496
  endloop
endfacet
facet normal 0.0 0.0 0.0
  outer loop
    vertex 7.449278831481934 -6.0881147384643555 0.43934035301208496
    vertex 7.272078514099121 -6.238184928894043 0.3099701404571533
    vertex 7.302838325500488 -6.070326805114746 0.3099701404571533
  endloop
endfacet
facet normal 0.0 0.0 0.0
  outer loop
    vertex 5.899998664855957 -7.313135623931885 0.3099701404571533
    vertex 5.899998664855957 -7.149996280670166 0.20096230506896973
    vertex 6.070338249206543 -7.302835941314697 0.3099701404571533
  endloop
endfacet
facet normal 0.0 0.0 0.0
  outer loop
    vertex 6.070338249206543 -7.302835941314697 0.3099701404571533
    vertex 5.899998664855957 -7.149996280670166 0.20096230506896973
    vertex 6.050667762756348 -7.140875339508057 0.20096230506896973
  endloop
endfacet
facet normal 0.0 0.0 0.0
  outer loop
    vertex 6.070338249206543 -7.302835941314697 0.3099701404571533
    vertex 6.050667762756348 -7.140875339508057 0.20096230506896973
    vertex 6.238188743591309 -7.272074222564697 0.3099701404571533
  endloop
endfacet
facet normal 0.0 0.0 0.0
  outer loop
    vertex 6.238188743591309 -7.272074222564697 0.3099701404571533
    vertex 6.050667762756348 -7.140875339508057 0.20096230506896973
    vertex 6.199149131774902 -7.11367654800415 0.20096230506896973
  endloop
endfacet
facet normal 0.0 0.0 0.0
  outer loop
    vertex 6.238188743591309 -7.272074222564697 0.3099701404571533
    vertex 6.199149131774902 -7.11367654800415 0.20096230506896973
    vertex 6.401108741760254 -7.221304416656494 0.3099701404571533
  endloop
endfacet
facet normal 0.0 0.0 0.0
  outer loop
    vertex 6.401108741760254 -7.221304416656494 0.3099701404571533
    vertex 6.199149131774902 -7.11367654800415 0.20096230506896973
    vertex 6.343258857727051 -7.068766117095947 0.20096230506896973
  endloop
endfacet
facet normal 0.0 0.0 0.0
  outer loop
    vertex 6.401108741760254 -7.221304416656494 0.3099701404571533
    vertex 6.343258857727051 -7.068766117095947 0.20096230506896973
    vertex 6.556717872619629 -7.151266574859619 0.3099701404571533
  endloop
endfacet
facet normal 0.0 0.0 0.0
  outer loop
    vertex 6.556717872619629 -7.151266574859619 0.3099701404571533
    vertex 6.343258857727051 -7.068766117095947 0.20096230506896973
    vertex 6.480898857116699 -7.006815433502197 0.20096230506896973
  endloop
endfacet
facet normal 0.0 0.0 0.0
  outer loop
    vertex 6.556717872619629 -7.151266574859619 0.3099701404571533
    vertex 6.480898857116699 -7.006815433502197 0.20096230506896973
    vertex 6.702757835388184 -7.062986850738525 0.3099701404571533
  endloop
endfacet
facet normal 0.0 0.0 0.0
  outer loop
    vertex 6.702757835388184 -7.062986850738525 0.3099701404571533
    vertex 6.480898857116699 -7.006815433502197 0.20096230506896973
    vertex 6.610077857971191 -6.928724765777588 0.20096230506896973
  endloop
endfacet
facet normal 0.0 0.0 0.0
  outer loop
    vertex 6.702757835388184 -7.062986850738525 0.3099701404571533
    vertex 6.610077857971191 -6.928724765777588 0.20096230506896973
    vertex 6.837088584899902 -6.957746982574463 0.3099701404571533
  endloop
endfacet
facet normal 0.0 0.0 0.0
  outer loop
    vertex 6.837088584899902 -6.957746982574463 0.3099701404571533
    vertex 6.610077857971191 -6.928724765777588 0.20096230506896973
    vertex 6.728898048400879 -6.835634708404541 0.20096230506896973
  endloop
endfacet
facet normal 0.0 0.0 0.0
  outer loop
    vertex 6.837088584899902 -6.957746982574463 0.3099701404571533
    vertex 6.728898048400879 -6.835634708404541 0.20096230506896973
    vertex 6.957749366760254 -6.8370842933654785 0.3099701404571533
  endloop
endfacet
facet normal 0.0 0.0 0.0
  outer loop
    vertex 6.957749366760254 -6.8370842933654785 0.3099701404571533
    vertex 6.728898048400879 -6.835634708404541 0.20096230506896973
    vertex 6.835638999938965 -6.728895664215088 0.20096230506896973
  endloop
endfacet
facet normal 0.0 0.0 0.0
  outer loop
    vertex 6.957749366760254 -6.8370842933654785 0.3099701404571533
    vertex 6.835638999938965 -6.728895664215088 0.20096230506896973
    vertex 7.062989234924316 -6.7027459144592285 0.3099701404571533
  endloop
endfacet
facet normal 0.0 0.0 0.0
  outer loop
    vertex 7.062989234924316 -6.7027459144592285 0.3099701404571533
    vertex 6.835638999938965 -6.728895664215088 0.20096230506896973
    vertex 6.928729057312012 -6.610075950622559 0.20096230506896973
  endloop
endfacet
facet normal 0.0 0.0 0.0
  outer loop
    vertex 7.062989234924316 -6.7027459144592285 0.3099701404571533
    vertex 6.928729057312012 -6.610075950622559 0.20096230506896973
    vertex 7.151278495788574 -6.556715965270996 0.3099701404571533
  endloop
endfacet
facet normal 0.0 0.0 0.0
  outer loop
    vertex 7.151278495788574 -6.556715965270996 0.3099701404571533
    vertex 6.928729057312012 -6.610075950622559 0.20096230506896973
    vertex 7.006817817687988 -6.480895042419434 0.20096230506896973
  endloop
endfacet
facet normal 0.0 0.0 0.0
  outer loop
    vertex 7.151278495788574 -6.556715965270996 0.3099701404571533
    vertex 7.006817817687988 -6.480895042419434 0.20096230506896973
    vertex 7.221308708190918 -6.401106834411621 0.3099701404571533
  endloop
endfacet
facet normal 0.0 0.0 0.0
  outer loop
    vertex 7.221308708190918 -6.401106834411621 0.3099701404571533
    vertex 7.006817817687988 -6.480895042419434 0.20096230506896973
    vertex 7.068768501281738 -6.343245506286621 0.20096230506896973
  endloop
endfacet
facet normal 0.0 0.0 0.0
  outer loop
    vertex 7.221308708190918 -6.401106834411621 0.3099701404571533
    vertex 7.068768501281738 -6.343245506286621 0.20096230506896973
    vertex 7.272078514099121 -6.238184928894043 0.3099701404571533
  endloop
endfacet
facet normal 0.0 0.0 0.0
  outer loop
    vertex 7.272078514099121 -6.238184928894043 0.3099701404571533
    vertex 7.068768501281738 -6.343245506286621 0.20096230506896973
    vertex 7.113678932189941 -6.1991376876831055 0.20096230506896973
  endloop
endfacet
facet normal 0.0 0.0 0.0
  outer loop
    vertex 7.272078514099121 -6.238184928894043 0.3099701404571533
    vertex 7.113678932189941 -6.1991376876831055 0.20096230506896973
    vertex 7.302838325500488 -6.070326805114746 0.3099701404571533
  endloop
endfacet
facet normal 0.0 0.0 0.0
  outer loop
    vertex 7.302838325500488 -6.070326805114746 0.3099701404571533
    vertex 7.113678932189941 -6.1991376876831055 0.20096230506896973
    vertex 7.1408891677856445 -6.050665855407715 0.20096230506896973
  endloop
endfacet
facet normal 0.0 0.0 0.0
  outer loop
    vertex 5.899998664855957 -7.149996280670166 0.20096230506896973
    vertex 5.899998664855957 -6.9740166664123535 0.1141812801361084
    vertex 6.050667762756348 -7.140875339508057 0.20096230506896973
  endloop
endfacet
facet normal 0.0 0.0 0.0
  outer loop
    vertex 6.050667762756348 -7.140875339508057 0.20096230506896973
    vertex 5.899998664855957 -6.9740166664123535 0.1141812801361084
    vertex 6.029458045959473 -6.966185092926025 0.1141812801361084
  endloop
endfacet
facet normal 0.0 0.0 0.0
  outer loop
    vertex 6.050667762756348 -7.140875339508057 0.20096230506896973
    vertex 6.029458045959473 -6.966185092926025 0.1141812801361084
    vertex 6.199149131774902 -7.11367654800415 0.20096230506896973
  endloop
endfacet
facet normal 0.0 0.0 0.0
  outer loop
    vertex 6.199149131774902 -7.11367654800415 0.20096230506896973
    vertex 6.029458045959473 -6.966185092926025 0.1141812801361084
    vertex 6.157029151916504 -6.94280481338501 0.1141812801361084
  endloop
endfacet
facet normal 0.0 0.0 0.0
  outer loop
    vertex 6.199149131774902 -7.11367654800415 0.20096230506896973
    vertex 6.157029151916504 -6.94280481338501 0.1141812801361084
    vertex 6.343258857727051 -7.068766117095947 0.20096230506896973
  endloop
endfacet
facet normal 0.0 0.0 0.0
  outer loop
    vertex 6.343258857727051 -7.068766117095947 0.20096230506896973
    vertex 6.157029151916504 -6.94280481338501 0.1141812801361084
    vertex 6.280858039855957 -6.904226779937744 0.1141812801361084
  endloop
endfacet
facet normal 0.0 0.0 0.0
  outer loop
    vertex 6.343258857727051 -7.068766117095947 0.20096230506896973
    vertex 6.280858039855957 -6.904226779937744 0.1141812801361084
    vertex 6.480898857116699 -7.006815433502197 0.20096230506896973
  endloop
endfacet
facet normal 0.0 0.0 0.0
  outer loop
    vertex 6.480898857116699 -7.006815433502197 0.20096230506896973
    vertex 6.280858039855957 -6.904226779937744 0.1141812801361084
    vertex 6.3991193771362305 -6.850996494293213 0.1141812801361084
  endloop
endfacet
facet normal 0.0 0.0 0.0
  outer loop
    vertex 6.480898857116699 -7.006815433502197 0.20096230506896973
    vertex 6.3991193771362305 -6.850996494293213 0.1141812801361084
    vertex 6.610077857971191 -6.928724765777588 0.20096230506896973
  endloop
endfacet
facet normal 0.0 0.0 0.0
  outer loop
    vertex 6.610077857971191 -6.928724765777588 0.20096230506896973
    vertex 6.3991193771362305 -6.850996494293213 0.1141812801361084
    vertex 6.510119438171387 -6.783895969390869 0.1141812801361084
  endloop
endfacet
facet normal 0.0 0.0 0.0
  outer loop
    vertex 6.610077857971191 -6.928724765777588 0.20096230506896973
    vertex 6.510119438171387 -6.783895969390869 0.1141812801361084
    vertex 6.728898048400879 -6.835634708404541 0.20096230506896973
  endloop
endfacet
facet normal 0.0 0.0 0.0
  outer loop
    vertex 6.728898048400879 -6.835634708404541 0.20096230506896973
    vertex 6.510119438171387 -6.783895969390869 0.1141812801361084
    vertex 6.612208366394043 -6.703917026519775 0.1141812801361084
  endloop
endfacet
facet normal 0.0 0.0 0.0
  outer loop
    vertex 6.728898048400879 -6.835634708404541 0.20096230506896973
    vertex 6.612208366394043 -6.703917026519775 0.1141812801361084
    vertex 6.835638999938965 -6.728895664215088 0.20096230506896973
  endloop
endfacet
facet normal 0.0 0.0 0.0
  outer loop
    vertex 6.835638999938965 -6.728895664215088 0.20096230506896973
    vertex 6.612208366394043 -6.703917026519775 0.1141812801361084
    vertex 6.703919410705566 -6.612204551696777 0.1141812801361084
  endloop
endfacet
facet normal 0.0 0.0 0.0
  outer loop
    vertex 6.835638999938965 -6.728895664215088 0.20096230506896973
    vertex 6.703919410705566 -6.612204551696777 0.1141812801361084
    vertex 6.928729057312012 -6.610075950622559 0.20096230506896973
  endloop
endfacet
facet normal 0.0 0.0 0.0
  outer loop
    vertex 6.928729057312012 -6.610075950622559 0.20096230506896973
    vertex 6.703919410705566 -6.612204551696777 0.1141812801361084
    vertex 6.783907890319824 -6.510104179382324 0.1141812801361084
  endloop
endfacet
facet normal 0.0 0.0 0.0
  outer loop
    vertex 6.928729057312012 -6.610075950622559 0.20096230506896973
    vertex 6.783907890319824 -6.510104179382324 0.1141812801361084
    vertex 7.006817817687988 -6.480895042419434 0.20096230506896973
  endloop
endfacet
facet normal 0.0 0.0 0.0
  outer loop
    vertex 7.006817817687988 -6.480895042419434 0.20096230506896973
    vertex 6.783907890319824 -6.510104179382324 0.1141812801361084
    vertex 6.850998878479004 -6.399115562438965 0.1141812801361084
  endloop
endfacet
facet normal 0.0 0.0 0.0
  outer loop
    vertex 7.006817817687988 -6.480895042419434 0.20096230506896973
    vertex 6.850998878479004 -6.399115562438965 0.1141812801361084
    vertex 7.068768501281738 -6.343245506286621 0.20096230506896973
  endloop
endfacet
facet normal 0.0 0.0 0.0
  outer loop
    vertex 7.068768501281738 -6.343245506286621 0.20096230506896973
    vertex 6.850998878479004 -6.399115562438965 0.1141812801361084
    vertex 6.904229164123535 -6.280844688415527 0.1141812801361084
  endloop
endfacet
facet normal 0.0 0.0 0.0
  outer loop
    vertex 7.068768501281738 -6.343245506286621 0.20096230506896973
    vertex 6.904229164123535 -6.280844688415527 0.1141812801361084
    vertex 7.113678932189941 -6.1991376876831055 0.20096230506896973
  endloop
endfacet
facet normal 0.0 0.0 0.0
  outer loop
    vertex 7.113678932189941 -6.1991376876831055 0.20096230506896973
    vertex 6.904229164123535 -6.280844688415527 0.1141812801361084
    vertex 6.942818641662598 -6.157027244567871 0.1141812801361084
  endloop
endfacet
facet normal 0.0 0.0 0.0
  outer loop
    vertex 7.113678932189941 -6.1991376876831055 0.20096230506896973
    vertex 6.942818641662598 -6.157027244567871 0.1141812801361084
    vertex 7.1408891677856445 -6.050665855407715 0.20096230506896973
  endloop
endfacet
facet normal 0.0 0.0 0.0
  outer loop
    vertex 7.1408891677856445 -6.050665855407715 0.20096230506896973
    vertex 6.942818641662598 -6.157027244567871 0.1141812801361084
    vertex 6.966189384460449 -6.02945613861084 0.1141812801361084
  endloop
endfacet
facet normal 0.0 0.0 0.0
  outer loop
    vertex 5.899998664855957 -6.9740166664123535 0.1141812801361084
    vertex 5.899998664855957 -6.7882256507873535 0.05111122131347656
    vertex 6.029458045959473 -6.966185092926025 0.1141812801361084
  endloop
endfacet
facet normal 0.0 0.0 0.0
  outer loop
    vertex 6.029458045959473 -6.966185092926025 0.1141812801361084
    vertex 5.899998664855957 -6.7882256507873535 0.05111122131347656
    vertex 6.007058143615723 -6.781744480133057 0.05111122131347656
  endloop
endfacet
facet normal 0.0 0.0 0.0
  outer loop
    vertex 6.029458045959473 -6.966185092926025 0.1141812801361084
    vertex 6.007058143615723 -6.781744480133057 0.05111122131347656
    vertex 6.157029151916504 -6.94280481338501 0.1141812801361084
  endloop
endfacet
facet normal 0.0 0.0 0.0
  outer loop
    vertex 6.157029151916504 -6.94280481338501 0.1141812801361084
    vertex 6.007058143615723 -6.781744480133057 0.05111122131347656
    vertex 6.1125688552856445 -6.762415409088135 0.05111122131347656
  endloop
endfacet
facet normal 0.0 0.0 0.0
  outer loop
    vertex 6.157029151916504 -6.94280481338501 0.1141812801361084
    vertex 6.1125688552856445 -6.762415409088135 0.05111122131347656
    vertex 6.280858039855957 -6.904226779937744 0.1141812801361084
  endloop
endfacet
facet normal 0.0 0.0 0.0
  outer loop
    vertex 6.280858039855957 -6.904226779937744 0.1141812801361084
    vertex 6.1125688552856445 -6.762415409088135 0.05111122131347656
    vertex 6.214968681335449 -6.730505466461182 0.05111122131347656
  endloop
endfacet
facet normal 0.0 0.0 0.0
  outer loop
    vertex 6.280858039855957 -6.904226779937744 0.1141812801361084
    vertex 6.214968681335449 -6.730505466461182 0.05111122131347656
    vertex 6.3991193771362305 -6.850996494293213 0.1141812801361084
  endloop
endfacet
facet normal 0.0 0.0 0.0
  outer loop
    vertex 6.3991193771362305 -6.850996494293213 0.1141812801361084
    vertex 6.214968681335449 -6.730505466461182 0.05111122131347656
    vertex 6.312779426574707 -6.686483860015869 0.05111122131347656
  endloop
endfacet
facet normal 0.0 0.0 0.0
  outer loop
    vertex 6.3991193771362305 -6.850996494293213 0.1141812801361084
    vertex 6.312779426574707 -6.686483860015869 0.05111122131347656
    vertex 6.510119438171387 -6.783895969390869 0.1141812801361084
  endloop
endfacet
facet normal 0.0 0.0 0.0
  outer loop
    vertex 6.510119438171387 -6.783895969390869 0.1141812801361084
    vertex 6.312779426574707 -6.686483860015869 0.05111122131347656
    vertex 6.404568672180176 -6.630995750427246 0.05111122131347656
  endloop
endfacet
facet normal 0.0 0.0 0.0
  outer loop
    vertex 6.510119438171387 -6.783895969390869 0.1141812801361084
    vertex 6.404568672180176 -6.630995750427246 0.05111122131347656
    vertex 6.612208366394043 -6.703917026519775 0.1141812801361084
  endloop
endfacet
facet normal 0.0 0.0 0.0
  outer loop
    vertex 6.612208366394043 -6.703917026519775 0.1141812801361084
    vertex 6.404568672180176 -6.630995750427246 0.05111122131347656
    vertex 6.489008903503418 -6.564845085144043 0.05111122131347656
  endloop
endfacet
facet normal 0.0 0.0 0.0
  outer loop
    vertex 6.612208366394043 -6.703917026519775 0.1141812801361084
    vertex 6.489008903503418 -6.564845085144043 0.05111122131347656
    vertex 6.703919410705566 -6.612204551696777 0.1141812801361084
  endloop
endfacet
facet normal 0.0 0.0 0.0
  outer loop
    vertex 6.703919410705566 -6.612204551696777 0.1141812801361084
    vertex 6.489008903503418 -6.564845085144043 0.05111122131347656
    vertex 6.564848899841309 -6.488997459411621 0.05111122131347656
  endloop
endfacet
facet normal 0.0 0.0 0.0
  outer loop
    vertex 6.703919410705566 -6.612204551696777 0.1141812801361084
    vertex 6.564848899841309 -6.488997459411621 0.05111122131347656
    vertex 6.783907890319824 -6.510104179382324 0.1141812801361084
  endloop
endfacet
facet normal 0.0 0.0 0.0
  outer loop
    vertex 6.783907890319824 -6.510104179382324 0.1141812801361084
    vertex 6.564848899841309 -6.488997459411621 0.05111122131347656
    vertex 6.630999565124512 -6.404566764831543 0.05111122131347656
  endloop
endfacet
facet normal 0.0 0.0 0.0
  outer loop
    vertex 6.783907890319824 -6.510104179382324 0.1141812801361084
    vertex 6.630999565124512 -6.404566764831543 0.05111122131347656
    vertex 6.850998878479004 -6.399115562438965 0.1141812801361084
  endloop
endfacet
facet normal 0.0 0.0 0.0
  outer loop
    vertex 6.850998878479004 -6.399115562438965 0.1141812801361084
    vertex 6.630999565124512 -6.404566764831543 0.05111122131347656
    vertex 6.686488151550293 -6.312777519226074 0.05111122131347656
  endloop
endfacet
facet normal 0.0 0.0 0.0
  outer loop
    vertex 6.850998878479004 -6.399115562438965 0.1141812801361084
    vertex 6.686488151550293 -6.312777519226074 0.05111122131347656
    vertex 6.904229164123535 -6.280844688415527 0.1141812801361084
  endloop
endfacet
facet normal 0.0 0.0 0.0
  outer loop
    vertex 6.904229164123535 -6.280844688415527 0.1141812801361084
    vertex 6.686488151550293 -6.312777519226074 0.05111122131347656
    vertex 6.730507850646973 -6.214964866638184 0.05111122131347656
  endloop
endfacet
facet normal 0.0 0.0 0.0
  outer loop
    vertex 6.904229164123535 -6.280844688415527 0.1141812801361084
    vertex 6.730507850646973 -6.214964866638184 0.05111122131347656
    vertex 6.942818641662598 -6.157027244567871 0.1141812801361084
  endloop
endfacet
facet normal 0.0 0.0 0.0
  outer loop
    vertex 6.942818641662598 -6.157027244567871 0.1141812801361084
    vertex 6.730507850646973 -6.214964866638184 0.05111122131347656
    vertex 6.762417793273926 -6.112566947937012 0.05111122131347656
  endloop
endfacet
facet normal 0.0 0.0 0.0
  outer loop
    vertex 6.942818641662598 -6.157027244567871 0.1141812801361084
    vertex 6.762417793273926 -6.112566947937012 0.05111122131347656
    vertex 6.966189384460449 -6.02945613861084 0.1141812801361084
  endloop
endfacet
facet normal 0.0 0.0 0.0
  outer loop
    vertex 6.966189384460449 -6.02945613861084 0.1141812801361084
    vertex 6.762417793273926 -6.112566947937012 0.05111122131347656
    vertex 6.7817487716674805 -6.00705623626709 0.05111122131347656
  endloop
endfacet
facet normal 0.0 0.0 0.0
  outer loop
    vertex 5.899998664855957 -6.7882256507873535 0.05111122131347656
    vertex 5.899998664855957 -6.595786094665527 0.012833356857299805
    vertex 6.007058143615723 -6.781744480133057 0.05111122131347656
  endloop
endfacet
facet normal 0.0 0.0 0.0
  outer loop
    vertex 6.007058143615723 -6.781744480133057 0.05111122131347656
    vertex 5.899998664855957 -6.595786094665527 0.012833356857299805
    vertex 5.983868598937988 -6.590704917907715 0.012833356857299805
  endloop
endfacet
facet normal 0.0 0.0 0.0
  outer loop
    vertex 6.007058143615723 -6.781744480133057 0.05111122131347656
    vertex 5.983868598937988 -6.590704917907715 0.012833356857299805
    vertex 6.1125688552856445 -6.762415409088135 0.05111122131347656
  endloop
endfacet
facet normal 0.0 0.0 0.0
  outer loop
    vertex 6.1125688552856445 -6.762415409088135 0.05111122131347656
    vertex 5.983868598937988 -6.590704917907715 0.012833356857299805
    vertex 6.0665082931518555 -6.575564384460449 0.012833356857299805
  endloop
endfacet
facet normal 0.0 0.0 0.0
  outer loop
    vertex 6.1125688552856445 -6.762415409088135 0.05111122131347656
    vertex 6.0665082931518555 -6.575564384460449 0.012833356857299805
    vertex 6.214968681335449 -6.730505466461182 0.05111122131347656
  endloop
endfacet
facet normal 0.0 0.0 0.0
  outer loop
    vertex 6.214968681335449 -6.730505466461182 0.05111122131347656
    vertex 6.0665082931518555 -6.575564384460449 0.012833356857299805
    vertex 6.146729469299316 -6.550566673278809 0.012833356857299805
  endloop
endfacet
facet normal 0.0 0.0 0.0
  outer loop
    vertex 6.214968681335449 -6.730505466461182 0.05111122131347656
    vertex 6.146729469299316 -6.550566673278809 0.012833356857299805
    vertex 6.312779426574707 -6.686483860015869 0.05111122131347656
  endloop
endfacet
facet normal 0.0 0.0 0.0
  outer loop
    vertex 6.312779426574707 -6.686483860015869 0.05111122131347656
    vertex 6.146729469299316 -6.550566673278809 0.012833356857299805
    vertex 6.223349571228027 -6.516085624694824 0.012833356857299805
  endloop
endfacet
facet normal 0.0 0.0 0.0
  outer loop
    vertex 6.312779426574707 -6.686483860015869 0.05111122131347656
    vertex 6.223349571228027 -6.516085624694824 0.012833356857299805
    vertex 6.404568672180176 -6.630995750427246 0.05111122131347656
  endloop
endfacet
facet normal 0.0 0.0 0.0
  outer loop
    vertex 6.404568672180176 -6.630995750427246 0.05111122131347656
    vertex 6.223349571228027 -6.516085624694824 0.012833356857299805
    vertex 6.295248985290527 -6.472617149353027 0.012833356857299805
  endloop
endfacet
facet normal 0.0 0.0 0.0
  outer loop
    vertex 6.404568672180176 -6.630995750427246 0.05111122131347656
    vertex 6.295248985290527 -6.472617149353027 0.012833356857299805
    vertex 6.489008903503418 -6.564845085144043 0.05111122131347656
  endloop
endfacet
facet normal 0.0 0.0 0.0
  outer loop
    vertex 6.489008903503418 -6.564845085144043 0.05111122131347656
    vertex 6.295248985290527 -6.472617149353027 0.012833356857299805
    vertex 6.361388206481934 -6.420794486999512 0.012833356857299805
  endloop
endfacet
facet normal 0.0 0.0 0.0
  outer loop
    vertex 6.489008903503418 -6.564845085144043 0.05111122131347656
    vertex 6.361388206481934 -6.420794486999512 0.012833356857299805
    vertex 6.564848899841309 -6.488997459411621 0.05111122131347656
  endloop
endfacet
facet normal 0.0 0.0 0.0
  outer loop
    vertex 6.564848899841309 -6.488997459411621 0.05111122131347656
    vertex 6.361388206481934 -6.420794486999512 0.012833356857299805
    vertex 6.420807838439941 -6.361384391784668 0.012833356857299805
  endloop
endfacet
facet normal 0.0 0.0 0.0
  outer loop
    vertex 6.564848899841309 -6.488997459411621 0.05111122131347656
    vertex 6.420807838439941 -6.361384391784668 0.012833356857299805
    vertex 6.630999565124512 -6.404566764831543 0.05111122131347656
  endloop
endfacet
facet normal 0.0 0.0 0.0
  outer loop
    vertex 6.630999565124512 -6.404566764831543 0.05111122131347656
    vertex 6.420807838439941 -6.361384391784668 0.012833356857299805
    vertex 6.47261905670166 -6.295245170593262 0.012833356857299805
  endloop
endfacet
facet normal 0.0 0.0 0.0
  outer loop
    vertex 6.630999565124512 -6.404566764831543 0.05111122131347656
    vertex 6.47261905670166 -6.295245170593262 0.012833356857299805
    vertex 6.686488151550293 -6.312777519226074 0.05111122131347656
  endloop
endfacet
facet normal 0.0 0.0 0.0
  outer loop
    vertex 6.686488151550293 -6.312777519226074 0.05111122131347656
    vertex 6.47261905670166 -6.295245170593262 0.012833356857299805
    vertex 6.51608943939209 -6.223345756530762 0.012833356857299805
  endloop
endfacet
facet normal 0.0 0.0 0.0
  outer loop
    vertex 6.686488151550293 -6.312777519226074 0.05111122131347656
    vertex 6.51608943939209 -6.223345756530762 0.012833356857299805
    vertex 6.730507850646973 -6.214964866638184 0.05111122131347656
  endloop
endfacet
facet normal 0.0 0.0 0.0
  outer loop
    vertex 6.730507850646973 -6.214964866638184 0.05111122131347656
    vertex 6.51608943939209 -6.223345756530762 0.012833356857299805
    vertex 6.550568580627441 -6.146727561950684 0.012833356857299805
  endloop
endfacet
facet normal 0.0 0.0 0.0
  outer loop
    vertex 6.730507850646973 -6.214964866638184 0.05111122131347656
    vertex 6.550568580627441 -6.146727561950684 0.012833356857299805
    vertex 6.762417793273926 -6.112566947937012 0.05111122131347656
  endloop
endfacet
facet normal 0.0 0.0 0.0
  outer loop
    vertex 6.762417793273926 -6.112566947937012 0.05111122131347656
    vertex 6.550568580627441 -6.146727561950684 0.012833356857299805
    vertex 6.575568199157715 -6.06650447845459 0.012833356857299805
  endloop
endfacet
facet normal 0.0 0.0 0.0
  outer loop
    vertex 6.762417793273926 -6.112566947937012 0.05111122131347656
    vertex 6.575568199157715 -6.06650447845459 0.012833356857299805
    vertex 6.7817487716674805 -6.00705623626709 0.05111122131347656
  endloop
endfacet
facet normal 0.0 0.0 0.0
  outer loop
    vertex 6.7817487716674805 -6.00705623626709 0.05111122131347656
    vertex 6.575568199157715 -6.06650447845459 0.012833356857299805
    vertex 6.5907182693481445 -5.9838666915893555 0.012833356857299805
  endloop
endfacet
facet normal 0.0 0.0 0.0
  outer loop
    vertex 5.899998664855957 -6.595786094665527 0.012833356857299805
    vertex 5.899998664855957 -6.399996757507324 2.384185791015625e-07
    vertex 5.983868598937988 -6.590704917907715 0.012833356857299805
  endloop
endfacet
facet normal 0.0 0.0 0.0
  outer loop
    vertex 5.983868598937988 -6.590704917907715 0.012833356857299805
    vertex 5.899998664855957 -6.399996757507324 2.384185791015625e-07
    vertex 6.011258125305176 -6.387457847595215 2.384185791015625e-07
  endloop
endfacet
facet normal 0.0 0.0 0.0
  outer loop
    vertex 5.983868598937988 -6.590704917907715 0.012833356857299805
    vertex 6.011258125305176 -6.387457847595215 2.384185791015625e-07
    vertex 6.0665082931518555 -6.575564384460449 0.012833356857299805
  endloop
endfacet
facet normal 0.0 0.0 0.0
  outer loop
    vertex 6.0665082931518555 -6.575564384460449 0.012833356857299805
    vertex 6.011258125305176 -6.387457847595215 2.384185791015625e-07
    vertex 6.146729469299316 -6.550566673278809 0.012833356857299805
  endloop
endfacet
facet normal 0.0 0.0 0.0
  outer loop
    vertex 6.011258125305176 -6.387457847595215 2.384185791015625e-07
    vertex 6.116938591003418 -6.3504743576049805 2.384185791015625e-07
    vertex 6.146729469299316 -6.550566673278809 0.012833356857299805
  endloop
endfacet
facet normal 0.0 0.0 0.0
  outer loop
    vertex 6.146729469299316 -6.550566673278809 0.012833356857299805
    vertex 6.116938591003418 -6.3504743576049805 2.384185791015625e-07
    vertex 6.223349571228027 -6.516085624694824 0.012833356857299805
  endloop
endfacet
facet normal 0.0 0.0 0.0
  outer loop
    vertex 6.223349571228027 -6.516085624694824 0.012833356857299805
    vertex 6.116938591003418 -6.3504743576049805 2.384185791015625e-07
    vertex 6.295248985290527 -6.472617149353027 0.012833356857299805
  endloop
endfacet
facet normal 0.0 0.0 0.0
  outer loop
    vertex 6.295248985290527 -6.472617149353027 0.012833356857299805
    vertex 6.116938591003418 -6.3504743576049805 2.384185791015625e-07
    vertex 6.211749076843262 -6.290907859802246 2.384185791015625e-07
  endloop
endfacet
facet normal 0.0 0.0 0.0
  outer loop
    vertex 6.295248985290527 -6.472617149353027 0.012833356857299805
    vertex 6.211749076843262 -6.290907859802246 2.384185791015625e-07
    vertex 6.361388206481934 -6.420794486999512 0.012833356857299805
  endloop
endfacet
facet normal 0.0 0.0 0.0
  outer loop
    vertex 6.361388206481934 -6.420794486999512 0.012833356857299805
    vertex 6.211749076843262 -6.290907859802246 2.384185791015625e-07
    vertex 6.290919303894043 -6.211737632751465 2.384185791015625e-07
  endloop
endfacet
facet normal 0.0 0.0 0.0
  outer loop
    vertex 6.361388206481934 -6.420794486999512 0.012833356857299805
    vertex 6.290919303894043 -6.211737632751465 2.384185791015625e-07
    vertex 6.420807838439941 -6.361384391784668 0.012833356857299805
  endloop
endfacet
facet normal 0.0 0.0 0.0
  outer loop
    vertex 6.420807838439941 -6.361384391784668 0.012833356857299805
    vertex 6.290919303894043 -6.211737632751465 2.384185791015625e-07
    vertex 6.47261905670166 -6.295245170593262 0.012833356857299805
  endloop
endfacet
facet normal 0.0 0.0 0.0
  outer loop
    vertex 6.290919303894043 -6.211737632751465 2.384185791015625e-07
    vertex 6.350489616394043 -6.116934776306152 2.384185791015625e-07
    vertex 6.47261905670166 -6.295245170593262 0.012833356857299805
  endloop
endfacet
facet normal 0.0 0.0 0.0
  outer loop
    vertex 6.47261905670166 -6.295245170593262 0.012833356857299805
    vertex 6.350489616394043 -6.116934776306152 2.384185791015625e-07
    vertex 6.51608943939209 -6.223345756530762 0.012833356857299805
  endloop
endfacet
facet normal 0.0 0.0 0.0
  outer loop
    vertex 6.51608943939209 -6.223345756530762 0.012833356857299805
    vertex 6.350489616394043 -6.116934776306152 2.384185791015625e-07
    vertex 6.550568580627441 -6.146727561950684 0.012833356857299805
  endloop
endfacet
facet normal 0.0 0.0 0.0
  outer loop
    vertex 6.550568580627441 -6.146727561950684 0.012833356857299805
    vertex 6.350489616394043 -6.116934776306152 2.384185791015625e-07
    vertex 6.387457847595215 -6.011256217956543 2.384185791015625e-07
  endloop
endfacet
facet normal 0.0 0.0 0.0
  outer loop
    vertex 6.550568580627441 -6.146727561950684 0.012833356857299805
    vertex 6.387457847595215 -6.011256217956543 2.384185791015625e-07
    vertex 6.575568199157715 -6.06650447845459 0.012833356857299805
  endloop
endfacet
facet normal 0.0 0.0 0.0
  outer loop
    vertex 6.575568199157715 -6.06650447845459 0.012833356857299805
    vertex 6.387457847595215 -6.011256217956543 2.384185791015625e-07
    vertex 6.5907182693481445 -5.9838666915893555 0.012833356857299805
  endloop
endfacet
facet normal 0.0 0.0 0.0
  outer loop
    vertex 6.59578800201416 5.90000057220459 0.012833356857299805
    vertex 6.59578800201416 1.9666744470596313 0.012833356857299805
    vertex 6.399998664855957 5.90000057220459 2.384185791015625e-07
  endloop
endfacet
facet normal 0.0 0.0 0.0
  outer loop
    vertex 6.399998664855957 5.90000057220459 2.384185791015625e-07
    vertex 6.59578800201416 1.9666744470596313 0.012833356857299805
    vertex 6.59578800201416 -1.9666668176651 0.012833356857299805
  endloop
endfacet
facet normal 0.0 0.0 0.0
  outer loop
    vertex 6.399998664855957 5.90000057220459 2.384185791015625e-07
    vertex 6.59578800201416 -1.9666668176651 0.012833356857299805
    vertex 6.399998664855957 -5.899996757507324 2.384185791015625e-07
  endloop
endfacet
facet normal 0.0 0.0 0.0
  outer loop
    vertex 6.399998664855957 -5.899996757507324 2.384185791015625e-07
    vertex 6.59578800201416 -1.9666668176651 0.012833356857299805
    vertex 6.59578800201416 -5.899996757507324 0.012833356857299805
  endloop
endfacet
facet normal 0.0 0.0 0.0
  outer loop
    vertex 6.59578800201416 -5.899996757507324 0.012833356857299805
    vertex 6.59578800201416 -1.9666668176651 0.012833356857299805
    vertex 6.7882280349731445 -5.899996757507324 0.05111122131347656
  endloop
endfacet
facet normal 0.0 0.0 0.0
  outer loop
    vertex 6.7882280349731445 -5.899996757507324 0.05111122131347656
    vertex 6.59578800201416 -1.9666668176651 0.012833356857299805
    vertex 6.7882280349731445 -1.9666668176651 0.05111122131347656
  endloop
endfacet
facet normal 0.0 0.0 0.0
  outer loop
    vertex 6.7882280349731445 -5.899996757507324 0.05111122131347656
    vertex 6.7882280349731445 -1.9666668176651 0.05111122131347656
    vertex 6.974028587341309 -5.899996757507324 0.1141812801361084
  endloop
endfacet
facet normal 0.0 0.0 0.0
  outer loop
    vertex 6.974028587341309 -5.899996757507324 0.1141812801361084
    vertex 6.7882280349731445 -1.9666668176651 0.05111122131347656
    vertex 6.974028587341309 -1.9666668176651 0.1141812801361084
  endloop
endfacet
facet normal 0.0 0.0 0.0
  outer loop
    vertex 6.974028587341309 -5.899996757507324 0.1141812801361084
    vertex 6.974028587341309 -1.9666668176651 0.1141812801361084
    vertex 7.149998664855957 -5.899996757507324 0.20096230506896973
  endloop
endfacet
facet normal 0.0 0.0 0.0
  outer loop
    vertex 7.149998664855957 -5.899996757507324 0.20096230506896973
    vertex 6.974028587341309 -1.9666668176651 0.1141812801361084
    vertex 7.149998664855957 -1.9666668176651 0.20096230506896973
  endloop
endfacet
facet normal 0.0 0.0 0.0
  outer loop
    vertex 7.149998664855957 -5.899996757507324 0.20096230506896973
    vertex 7.149998664855957 -1.9666668176651 0.20096230506896973
    vertex 7.313138008117676 -5.899996757507324 0.3099701404571533
  endloop
endfacet
facet normal 0.0 0.0 0.0
  outer loop
    vertex 7.313138008117676 -5.899996757507324 0.3099701404571533
    vertex 7.149998664855957 -1.9666668176651 0.20096230506896973
    vertex 7.313138008117676 -1.9666668176651 0.3099701404571533
  endloop
endfacet
facet normal 0.0 0.0 0.0
  outer loop
    vertex 7.313138008117676 -5.899996757507324 0.3099701404571533
    vertex 7.313138008117676 -1.9666668176651 0.3099701404571533
    vertex 7.460658073425293 -5.899996757507324 0.43934035301208496
  endloop
endfacet
facet normal 0.0 0.0 0.0
  outer loop
    vertex 7.460658073425293 -5.899996757507324 0.43934035301208496
    vertex 7.313138008117676 -1.9666668176651 0.3099701404571533
    vertex 7.460658073425293 -1.9666668176651 0.43934035301208496
  endloop
endfacet
facet normal 0.0 0.0 0.0
  outer loop
    vertex 7.460658073425293 -5.899996757507324 0.43934035301208496
    vertex 7.460658073425293 -1.9666668176651 0.43934035301208496
    vertex 7.590027809143066 -5.899996757507324 0.5868582725524902
  endloop
endfacet
facet normal 0.0 0.0 0.0
  outer loop
    vertex 7.590027809143066 -5.899996757507324 0.5868582725524902
    vertex 7.460658073425293 -1.9666668176651 0.43934035301208496
    vertex 7.590027809143066 -1.9666668176651 0.5868582725524902
  endloop
endfacet
facet normal 0.0 0.0 0.0
  outer loop
    vertex 7.590027809143066 -5.899996757507324 0.5868582725524902
    vertex 7.590027809143066 -1.9666668176651 0.5868582725524902
    vertex 7.699038505554199 -5.899996757507324 0.7500002384185791
  endloop
endfacet
facet normal 0.0 0.0 0.0
  outer loop
    vertex 7.699038505554199 -5.899996757507324 0.7500002384185791
    vertex 7.590027809143066 -1.9666668176651 0.5868582725524902
    vertex 7.699038505554199 -1.9666668176651 0.7500002384185791
  endloop
endfacet
facet normal 0.0 0.0 0.0
  outer loop
    vertex 7.699038505554199 -5.899996757507324 0.7500002384185791
    vertex 7.699038505554199 -1.9666668176651 0.7500002384185791
    vertex 7.785819053649902 -5.899996757507324 0.9259750843048096
  endloop
endfacet
facet normal 0.0 0.0 0.0
  outer loop
    vertex 7.785819053649902 -5.899996757507324 0.9259750843048096
    vertex 7.699038505554199 -1.9666668176651 0.7500002384185791
    vertex 7.785819053649902 -1.9666668176651 0.9259750843048096
  endloop
endfacet
facet normal 0.0 0.0 0.0
  outer loop
    vertex 7.785819053649902 -5.899996757507324 0.9259750843048096
    vertex 7.785819053649902 -1.9666668176651 0.9259750843048096
    vertex 7.848889350891113 -5.899996757507324 1.1117714643478394
  endloop
endfacet
facet normal 0.0 0.0 0.0
  outer loop
    vertex 7.848889350891113 -5.899996757507324 1.1117714643478394
    vertex 7.785819053649902 -1.9666668176651 0.9259750843048096
    vertex 7.848889350891113 -1.9666668176651 1.1117714643478394
  endloop
endfacet
facet normal 0.0 0.0 0.0
  outer loop
    vertex 7.848889350891113 -5.899996757507324 1.1117714643478394
    vertex 7.848889350891113 -1.9666668176651 1.1117714643478394
    vertex 7.887167930603027 -5.899996757507324 1.3042107820510864
  endloop
endfacet
facet normal 0.0 0.0 0.0
  outer loop
    vertex 7.887167930603027 -5.899996757507324 1.3042107820510864
    vertex 7.848889350891113 -1.9666668176651 1.1117714643478394
    vertex 7.887167930603027 -1.9666668176651 1.3042107820510864
  endloop
endfacet
facet normal 0.0 0.0 0.0
  outer loop
    vertex 7.887167930603027 -5.899996757507324 1.3042107820510864
    vertex 7.887167930603027 -1.9666668176651 1.3042107820510864
    vertex 7.899998664855957 -5.899996757507324 1.5
  endloop
endfacet
facet normal 0.0 0.0 0.0
  outer loop
    vertex 7.899998664855957 -5.899996757507324 1.5
    vertex 7.887167930603027 -1.9666668176651 1.3042107820510864
    vertex 7.887167930603027 1.9666744470596313 1.3042107820510864
  endloop
endfacet
facet normal 0.0 0.0 0.0
  outer loop
    vertex 7.899998664855957 -5.899996757507324 1.5
    vertex 7.887167930603027 1.9666744470596313 1.3042107820510864
    vertex 7.899998664855957 5.90000057220459 1.5
  endloop
endfacet
facet normal 0.0 0.0 0.0
  outer loop
    vertex 7.899998664855957 5.90000057220459 1.5
    vertex 7.887167930603027 1.9666744470596313 1.3042107820510864
    vertex 7.887167930603027 5.90000057220459 1.3042107820510864
  endloop
endfacet
facet normal 0.0 0.0 0.0
  outer loop
    vertex 7.887167930603027 5.90000057220459 1.3042107820510864
    vertex 7.887167930603027 1.9666744470596313 1.3042107820510864
    vertex 7.848889350891113 5.90000057220459 1.1117714643478394
  endloop
endfacet
facet normal 0.0 0.0 0.0
  outer loop
    vertex 7.848889350891113 5.90000057220459 1.1117714643478394
    vertex 7.887167930603027 1.9666744470596313 1.3042107820510864
    vertex 7.848889350891113 1.9666744470596313 1.1117714643478394
  endloop
endfacet
facet normal 0.0 0.0 0.0
  outer loop
    vertex 7.848889350891113 5.90000057220459 1.1117714643478394
    vertex 7.848889350891113 1.9666744470596313 1.1117714643478394
    vertex 7.785819053649902 5.90000057220459 0.9259750843048096
  endloop
endfacet
facet normal 0.0 0.0 0.0
  outer loop
    vertex 7.785819053649902 5.90000057220459 0.9259750843048096
    vertex 7.848889350891113 1.9666744470596313 1.1117714643478394
    vertex 7.785819053649902 1.9666744470596313 0.9259750843048096
  endloop
endfacet
facet normal 0.0 0.0 0.0
  outer loop
    vertex 7.785819053649902 5.90000057220459 0.9259750843048096
    vertex 7.785819053649902 1.9666744470596313 0.9259750843048096
    vertex 7.699038505554199 5.90000057220459 0.7500002384185791
  endloop
endfacet
facet normal 0.0 0.0 0.0
  outer loop
    vertex 7.699038505554199 5.90000057220459 0.7500002384185791
    vertex 7.785819053649902 1.9666744470596313 0.9259750843048096
    vertex 7.699038505554199 1.9666744470596313 0.7500002384185791
  endloop
endfacet
facet normal 0.0 0.0 0.0
  outer loop
    vertex 7.699038505554199 5.90000057220459 0.7500002384185791
    vertex 7.699038505554199 1.9666744470596313 0.7500002384185791
    vertex 7.590027809143066 5.90000057220459 0.5868582725524902
  endloop
endfacet
facet normal 0.0 0.0 0.0
  outer loop
    vertex 7.590027809143066 5.90000057220459 0.5868582725524902
    vertex 7.699038505554199 1.9666744470596313 0.7500002384185791
    vertex 7.590027809143066 1.9666744470596313 0.5868582725524902
  endloop
endfacet
facet normal 0.0 0.0 0.0
  outer loop
    vertex 7.590027809143066 5.90000057220459 0.5868582725524902
    vertex 7.590027809143066 1.9666744470596313 0.5868582725524902
    vertex 7.460658073425293 5.90000057220459 0.43934035301208496
  endloop
endfacet
facet normal 0.0 0.0 0.0
  outer loop
    vertex 7.460658073425293 5.90000057220459 0.43934035301208496
    vertex 7.590027809143066 1.9666744470596313 0.5868582725524902
    vertex 7.460658073425293 1.9666744470596313 0.43934035301208496
  endloop
endfacet
facet normal 0.0 0.0 0.0
  outer loop
    vertex 7.460658073425293 5.90000057220459 0.43934035301208496
    vertex 7.460658073425293 1.9666744470596313 0.43934035301208496
    vertex 7.313138008117676 5.90000057220459 0.3099701404571533
  endloop
endfacet
facet normal 0.0 0.0 0.0
  outer loop
    vertex 7.313138008117676 5.90000057220459 0.3099701404571533
    vertex 7.460658073425293 1.9666744470596313 0.43934035301208496
    vertex 7.313138008117676 1.9666744470596313 0.3099701404571533
  endloop
endfacet
facet normal 0.0 0.0 0.0
  outer loop
    vertex 7.313138008117676 5.90000057220459 0.3099701404571533
    vertex 7.313138008117676 1.9666744470596313 0.3099701404571533
    vertex 7.149998664855957 5.90000057220459 0.20096230506896973
  endloop
endfacet
facet normal 0.0 0.0 0.0
  outer loop
    vertex 7.149998664855957 5.90000057220459 0.20096230506896973
    vertex 7.313138008117676 1.9666744470596313 0.3099701404571533
    vertex 7.149998664855957 1.9666744470596313 0.20096230506896973
  endloop
endfacet
facet normal 0.0 0.0 0.0
  outer loop
    vertex 7.149998664855957 5.90000057220459 0.20096230506896973
    vertex 7.149998664855957 1.9666744470596313 0.20096230506896973
    vertex 6.974028587341309 5.90000057220459 0.1141812801361084
  endloop
endfacet
facet normal 0.0 0.0 0.0
  outer loop
    vertex 6.974028587341309 5.90000057220459 0.1141812801361084
    vertex 7.149998664855957 1.9666744470596313 0.20096230506896973
    vertex 6.974028587341309 1.9666744470596313 0.1141812801361084
  endloop
endfacet
facet normal 0.0 0.0 0.0
  outer loop
    vertex 6.974028587341309 5.90000057220459 0.1141812801361084
    vertex 6.974028587341309 1.9666744470596313 0.1141812801361084
    vertex 6.7882280349731445 5.90000057220459 0.05111122131347656
  endloop
endfacet
facet normal 0.0 0.0 0.0
  outer loop
    vertex 6.7882280349731445 5.90000057220459 0.05111122131347656
    vertex 6.974028587341309 1.9666744470596313 0.1141812801361084
    vertex 6.7882280349731445 1.9666744470596313 0.05111122131347656
  endloop
endfacet
facet normal 0.0 0.0 0.0
  outer loop
    vertex 6.7882280349731445 5.90000057220459 0.05111122131347656
    vertex 6.7882280349731445 1.9666744470596313 0.05111122131347656
    vertex 6.59578800201416 5.90000057220459 0.012833356857299805
  endloop
endfacet
facet normal 0.0 0.0 0.0
  outer loop
    vertex 6.59578800201416 5.90000057220459 0.012833356857299805
    vertex 6.7882280349731445 1.9666744470596313 0.05111122131347656
    vertex 6.59578800201416 1.9666744470596313 0.012833356857299805
  endloop
endfacet
facet normal 0.0 0.0 0.0
  outer loop
    vertex 6.7882280349731445 -1.9666668176651 0.05111122131347656
    vertex 6.59578800201416 -1.9666668176651 0.012833356857299805
    vertex 6.59578800201416 1.9666744470596313 0.012833356857299805
  endloop
endfacet
facet normal 0.0 0.0 0.0
  outer loop
    vertex 6.7882280349731445 -1.9666668176651 0.05111122131347656
    vertex 6.59578800201416 1.9666744470596313 0.012833356857299805
    vertex 6.7882280349731445 1.9666744470596313 0.05111122131347656
  endloop
endfacet
facet normal 0.0 0.0 0.0
  outer loop
    vertex 6.974028587341309 -1.9666668176651 0.1141812801361084
    vertex 6.7882280349731445 -1.9666668176651 0.05111122131347656
    vertex 6.7882280349731445 1.9666744470596313 0.05111122131347656
  endloop
endfacet
facet normal 0.0 0.0 0.0
  outer loop
    vertex 6.974028587341309 -1.9666668176651 0.1141812801361084
    vertex 6.7882280349731445 1.9666744470596313 0.05111122131347656
    vertex 6.974028587341309 1.9666744470596313 0.1141812801361084
  endloop
endfacet
facet normal 0.0 0.0 0.0
  outer loop
    vertex 7.149998664855957 -1.9666668176651 0.20096230506896973
    vertex 6.974028587341309 -1.9666668176651 0.1141812801361084
    vertex 6.974028587341309 1.9666744470596313 0.1141812801361084
  endloop
endfacet
facet normal 0.0 0.0 0.0
  outer loop
    vertex 7.149998664855957 -1.9666668176651 0.20096230506896973
    vertex 6.974028587341309 1.9666744470596313 0.1141812801361084
    vertex 7.149998664855957 1.9666744470596313 0.20096230506896973
  endloop
endfacet
facet normal 0.0 0.0 0.0
  outer loop
    vertex 7.313138008117676 -1.9666668176651 0.3099701404571533
    vertex 7.149998664855957 -1.9666668176651 0.20096230506896973
    vertex 7.149998664855957 1.9666744470596313 0.20096230506896973
  endloop
endfacet
facet normal 0.0 0.0 0.0
  outer loop
    vertex 7.313138008117676 -1.9666668176651 0.3099701404571533
    vertex 7.149998664855957 1.9666744470596313 0.20096230506896973
    vertex 7.313138008117676 1.9666744470596313 0.3099701404571533
  endloop
endfacet
facet normal 0.0 0.0 0.0
  outer loop
    vertex 7.460658073425293 -1.9666668176651 0.43934035301208496
    vertex 7.313138008117676 -1.9666668176651 0.3099701404571533
    vertex 7.313138008117676 1.9666744470596313 0.3099701404571533
  endloop
endfacet
facet normal 0.0 0.0 0.0
  outer loop
    vertex 7.460658073425293 -1.9666668176651 0.43934035301208496
    vertex 7.313138008117676 1.9666744470596313 0.3099701404571533
    vertex 7.460658073425293 1.9666744470596313 0.43934035301208496
  endloop
endfacet
facet normal 0.0 0.0 0.0
  outer loop
    vertex 7.590027809143066 -1.9666668176651 0.5868582725524902
    vertex 7.460658073425293 -1.9666668176651 0.43934035301208496
    vertex 7.460658073425293 1.9666744470596313 0.43934035301208496
  endloop
endfacet
facet normal 0.0 0.0 0.0
  outer loop
    vertex 7.590027809143066 -1.9666668176651 0.5868582725524902
    vertex 7.460658073425293 1.9666744470596313 0.43934035301208496
    vertex 7.590027809143066 1.9666744470596313 0.5868582725524902
  endloop
endfacet
facet normal 0.0 0.0 0.0
  outer loop
    vertex 7.699038505554199 -1.9666668176651 0.7500002384185791
    vertex 7.590027809143066 -1.9666668176651 0.5868582725524902
    vertex 7.590027809143066 1.9666744470596313 0.5868582725524902
  endloop
endfacet
facet normal 0.0 0.0 0.0
  outer loop
    vertex 7.699038505554199 -1.9666668176651 0.7500002384185791
    vertex 7.590027809143066 1.9666744470596313 0.5868582725524902
    vertex 7.699038505554199 1.9666744470596313 0.7500002384185791
  endloop
endfacet
facet normal 0.0 0.0 0.0
  outer loop
    vertex 7.785819053649902 -1.9666668176651 0.9259750843048096
    vertex 7.699038505554199 -1.9666668176651 0.7500002384185791
    vertex 7.699038505554199 1.9666744470596313 0.7500002384185791
  endloop
endfacet
facet normal 0.0 0.0 0.0
  outer loop
    vertex 7.785819053649902 -1.9666668176651 0.9259750843048096
    vertex 7.699038505554199 1.9666744470596313 0.7500002384185791
    vertex 7.785819053649902 1.9666744470596313 0.9259750843048096
  endloop
endfacet
facet normal 0.0 0.0 0.0
  outer loop
    vertex 7.848889350891113 -1.9666668176651 1.1117714643478394
    vertex 7.785819053649902 -1.9666668176651 0.9259750843048096
    vertex 7.785819053649902 1.9666744470596313 0.9259750843048096
  endloop
endfacet
facet normal 0.0 0.0 0.0
  outer loop
    vertex 7.848889350891113 -1.9666668176651 1.1117714643478394
    vertex 7.785819053649902 1.9666744470596313 0.9259750843048096
    vertex 7.848889350891113 1.9666744470596313 1.1117714643478394
  endloop
endfacet
facet normal 0.0 0.0 0.0
  outer loop
    vertex 7.887167930603027 -1.9666668176651 1.3042107820510864
    vertex 7.848889350891113 -1.9666668176651 1.1117714643478394
    vertex 7.848889350891113 1.9666744470596313 1.1117714643478394
  endloop
endfacet
facet normal 0.0 0.0 0.0
  outer loop
    vertex 7.887167930603027 -1.9666668176651 1.3042107820510864
    vertex 7.848889350891113 1.9666744470596313 1.1117714643478394
    vertex 7.887167930603027 1.9666744470596313 1.3042107820510864
  endloop
endfacet
facet normal 0.0 0.0 0.0
  outer loop
    vertex 6.011258125305176 6.3874616622924805 2.384185791015625e-07
    vertex 5.899998664855957 6.40000057220459 2.384185791015625e-07
    vertex 5.983868598937988 6.590723991394043 0.012833356857299805
  endloop
endfacet
facet normal 0.0 0.0 0.0
  outer loop
    vertex 5.983868598937988 6.590723991394043 0.012833356857299805
    vertex 5.899998664855957 6.40000057220459 2.384185791015625e-07
    vertex 5.899998664855957 6.595793724060059 0.012833356857299805
  endloop
endfacet
facet normal 0.0 0.0 0.0
  outer loop
    vertex 5.983868598937988 6.590723991394043 0.012833356857299805
    vertex 5.899998664855957 6.595793724060059 0.012833356857299805
    vertex 5.899998664855957 6.788233280181885 0.05111122131347656
  endloop
endfacet
facet normal 0.0 0.0 0.0
  outer loop
    vertex 5.983868598937988 6.590723991394043 0.012833356857299805
    vertex 5.899998664855957 6.788233280181885 0.05111122131347656
    vertex 6.007058143615723 6.781752109527588 0.05111122131347656
  endloop
endfacet
facet normal 0.0 0.0 0.0
  outer loop
    vertex 6.007058143615723 6.781752109527588 0.05111122131347656
    vertex 5.899998664855957 6.788233280181885 0.05111122131347656
    vertex 5.899998664855957 6.974031925201416 0.1141812801361084
  endloop
endfacet
facet normal 0.0 0.0 0.0
  outer loop
    vertex 6.007058143615723 6.781752109527588 0.05111122131347656
    vertex 5.899998664855957 6.974031925201416 0.1141812801361084
    vertex 6.029458045959473 6.966200351715088 0.1141812801361084
  endloop
endfacet
facet normal 0.0 0.0 0.0
  outer loop
    vertex 6.029458045959473 6.966200351715088 0.1141812801361084
    vertex 5.899998664855957 6.974031925201416 0.1141812801361084
    vertex 5.899998664855957 7.150000095367432 0.20096230506896973
  endloop
endfacet
facet normal 0.0 0.0 0.0
  outer loop
    vertex 6.029458045959473 6.966200351715088 0.1141812801361084
    vertex 5.899998664855957 7.150000095367432 0.20096230506896973
    vertex 6.050667762756348 7.140890598297119 0.20096230506896973
  endloop
endfacet
facet normal 0.0 0.0 0.0
  outer loop
    vertex 6.050667762756348 7.140890598297119 0.20096230506896973
    vertex 5.899998664855957 7.150000095367432 0.20096230506896973
    vertex 5.899998664855957 7.313143253326416 0.3099701404571533
  endloop
endfacet
facet normal 0.0 0.0 0.0
  outer loop
    vertex 6.050667762756348 7.140890598297119 0.20096230506896973
    vertex 5.899998664855957 7.313143253326416 0.3099701404571533
    vertex 6.070338249206543 7.302839756011963 0.3099701404571533
  endloop
endfacet
facet normal 0.0 0.0 0.0
  outer loop
    vertex 6.070338249206543 7.302839756011963 0.3099701404571533
    vertex 5.899998664855957 7.313143253326416 0.3099701404571533
    vertex 5.899998664855957 7.4606614112854 0.43934035301208496
  endloop
endfacet
facet normal 0.0 0.0 0.0
  outer loop
    vertex 6.070338249206543 7.302839756011963 0.3099701404571533
    vertex 5.899998664855957 7.4606614112854 0.43934035301208496
    vertex 6.088118553161621 7.449282169342041 0.43934035301208496
  endloop
endfacet
facet normal 0.0 0.0 0.0
  outer loop
    vertex 6.088118553161621 7.449282169342041 0.43934035301208496
    vertex 5.899998664855957 7.4606614112854 0.43934035301208496
    vertex 5.899998664855957 7.590033054351807 0.5868582725524902
  endloop
endfacet
facet normal 0.0 0.0 0.0
  outer loop
    vertex 6.088118553161621 7.449282169342041 0.43934035301208496
    vertex 5.899998664855957 7.590033054351807 0.5868582725524902
    vertex 6.1037092208862305 7.577711582183838 0.5868582725524902
  endloop
endfacet
facet normal 0.0 0.0 0.0
  outer loop
    vertex 6.1037092208862305 7.577711582183838 0.5868582725524902
    vertex 5.899998664855957 7.590033054351807 0.5868582725524902
    vertex 5.899998664855957 7.699041843414307 0.7500002384185791
  endloop
endfacet
facet normal 0.0 0.0 0.0
  outer loop
    vertex 6.1037092208862305 7.577711582183838 0.5868582725524902
    vertex 5.899998664855957 7.699041843414307 0.7500002384185791
    vertex 6.116848945617676 7.685923099517822 0.7500002384185791
  endloop
endfacet
facet normal 0.0 0.0 0.0
  outer loop
    vertex 6.116848945617676 7.685923099517822 0.7500002384185791
    vertex 5.899998664855957 7.699041843414307 0.7500002384185791
    vertex 5.899998664855957 7.78582239151001 0.9259750843048096
  endloop
endfacet
facet normal 0.0 0.0 0.0
  outer loop
    vertex 6.116848945617676 7.685923099517822 0.7500002384185791
    vertex 5.899998664855957 7.78582239151001 0.9259750843048096
    vertex 6.1273088455200195 7.772070407867432 0.9259750843048096
  endloop
endfacet
facet normal 0.0 0.0 0.0
  outer loop
    vertex 6.1273088455200195 7.772070407867432 0.9259750843048096
    vertex 5.899998664855957 7.78582239151001 0.9259750843048096
    vertex 5.899998664855957 7.848890781402588 1.111771583557129
  endloop
endfacet
facet normal 0.0 0.0 0.0
  outer loop
    vertex 6.1273088455200195 7.772070407867432 0.9259750843048096
    vertex 5.899998664855957 7.848890781402588 1.111771583557129
    vertex 6.1349077224731445 7.834681034088135 1.111771583557129
  endloop
endfacet
facet normal 0.0 0.0 0.0
  outer loop
    vertex 6.1349077224731445 7.834681034088135 1.111771583557129
    vertex 5.899998664855957 7.848890781402588 1.111771583557129
    vertex 5.899998664855957 7.887171268463135 1.304210901260376
  endloop
endfacet
facet normal 0.0 0.0 0.0
  outer loop
    vertex 6.1349077224731445 7.834681034088135 1.111771583557129
    vertex 5.899998664855957 7.887171268463135 1.304210901260376
    vertex 6.139529228210449 7.872683048248291 1.304210901260376
  endloop
endfacet
facet normal 0.0 0.0 0.0
  outer loop
    vertex 6.139529228210449 7.872683048248291 1.304210901260376
    vertex 5.899998664855957 7.887171268463135 1.304210901260376
    vertex 5.899998664855957 7.900000095367432 1.5000001192092896
  endloop
endfacet
facet normal 0.0 0.0 0.0
  outer loop
    vertex 6.139529228210449 7.872683048248291 1.304210901260376
    vertex 5.899998664855957 7.900000095367432 1.5000001192092896
    vertex 6.141068458557129 7.885420322418213 1.5000001192092896
  endloop
endfacet
facet normal 0.0 0.0 0.0
  outer loop
    vertex 6.139529228210449 7.872683048248291 1.304210901260376
    vertex 6.141068458557129 7.885420322418213 1.5000001192092896
    vertex 6.375557899475098 7.829420566558838 1.304210901260376
  endloop
endfacet
facet normal 0.0 0.0 0.0
  outer loop
    vertex 6.375557899475098 7.829420566558838 1.304210901260376
    vertex 6.141068458557129 7.885420322418213 1.5000001192092896
    vertex 6.378628730773926 7.841883182525635 1.5000001192092896
  endloop
endfacet
facet normal 0.0 0.0 0.0
  outer loop
    vertex 6.375557899475098 7.829420566558838 1.304210901260376
    vertex 6.378628730773926 7.841883182525635 1.5000001192092896
    vertex 6.604659080505371 7.758032321929932 1.304210901260376
  endloop
endfacet
facet normal 0.0 0.0 0.0
  outer loop
    vertex 6.604659080505371 7.758032321929932 1.304210901260376
    vertex 6.378628730773926 7.841883182525635 1.5000001192092896
    vertex 6.609208106994629 7.770033359527588 1.5000001192092896
  endloop
endfacet
facet normal 0.0 0.0 0.0
  outer loop
    vertex 6.604659080505371 7.758032321929932 1.304210901260376
    vertex 6.609208106994629 7.770033359527588 1.5000001192092896
    vertex 6.823477745056152 7.659552097320557 1.3042107820510864
  endloop
endfacet
facet normal 0.0 0.0 0.0
  outer loop
    vertex 6.823477745056152 7.659552097320557 1.3042107820510864
    vertex 6.609208106994629 7.770033359527588 1.5000001192092896
    vertex 6.8294477462768555 7.670912265777588 1.5
  endloop
endfacet
facet normal 0.0 0.0 0.0
  outer loop
    vertex 6.823477745056152 7.659552097320557 1.3042107820510864
    vertex 6.8294477462768555 7.670912265777588 1.5
    vertex 7.028838157653809 7.535410404205322 1.3042107820510864
  endloop
endfacet
facet normal 0.0 0.0 0.0
  outer loop
    vertex 7.028838157653809 7.535410404205322 1.3042107820510864
    vertex 6.8294477462768555 7.670912265777588 1.5
    vertex 7.036128044128418 7.545973300933838 1.5
  endloop
endfacet
facet normal 0.0 0.0 0.0
  outer loop
    vertex 7.028838157653809 7.535410404205322 1.3042107820510864
    vertex 7.036128044128418 7.545973300933838 1.5
    vertex 7.217738151550293 7.387423038482666 1.3042107820510864
  endloop
endfacet
facet normal 0.0 0.0 0.0
  outer loop
    vertex 7.217738151550293 7.387423038482666 1.3042107820510864
    vertex 7.036128044128418 7.545973300933838 1.5
    vertex 7.226248741149902 7.3970208168029785 1.5
  endloop
endfacet
facet normal 0.0 0.0 0.0
  outer loop
    vertex 7.217738151550293 7.387423038482666 1.3042107820510864
    vertex 7.226248741149902 7.3970208168029785 1.5
    vertex 7.387417793273926 7.2177414894104 1.3042107820510864
  endloop
endfacet
facet normal 0.0 0.0 0.0
  outer loop
    vertex 7.387417793273926 7.2177414894104 1.3042107820510864
    vertex 7.226248741149902 7.3970208168029785 1.5
    vertex 7.397019386291504 7.22625207901001 1.5
  endloop
endfacet
facet normal 0.0 0.0 0.0
  outer loop
    vertex 7.387417793273926 7.2177414894104 1.3042107820510864
    vertex 7.397019386291504 7.22625207901001 1.5
    vertex 7.535408973693848 7.028841495513916 1.3042107820510864
  endloop
endfacet
facet normal 0.0 0.0 0.0
  outer loop
    vertex 7.535408973693848 7.028841495513916 1.3042107820510864
    vertex 7.397019386291504 7.22625207901001 1.5
    vertex 7.545968055725098 7.036131381988525 1.5
  endloop
endfacet
facet normal 0.0 0.0 0.0
  outer loop
    vertex 7.535408973693848 7.028841495513916 1.3042107820510864
    vertex 7.545968055725098 7.036131381988525 1.5
    vertex 7.659548759460449 6.82348108291626 1.3042107820510864
  endloop
endfacet
facet normal 0.0 0.0 0.0
  outer loop
    vertex 7.659548759460449 6.82348108291626 1.3042107820510864
    vertex 7.545968055725098 7.036131381988525 1.5
    vertex 7.6709089279174805 6.829451084136963 1.5
  endloop
endfacet
facet normal 0.0 0.0 0.0
  outer loop
    vertex 7.659548759460449 6.82348108291626 1.3042107820510864
    vertex 7.6709089279174805 6.829451084136963 1.5
    vertex 7.758028984069824 6.604662895202637 1.3042107820510864
  endloop
endfacet
facet normal 0.0 0.0 0.0
  outer loop
    vertex 7.758028984069824 6.604662895202637 1.3042107820510864
    vertex 7.6709089279174805 6.829451084136963 1.5
    vertex 7.770028114318848 6.609213829040527 1.5
  endloop
endfacet
facet normal 0.0 0.0 0.0
  outer loop
    vertex 7.758028984069824 6.604662895202637 1.3042107820510864
    vertex 7.770028114318848 6.609213829040527 1.5
    vertex 7.829419136047363 6.375563621520996 1.3042107820510864
  endloop
endfacet
facet normal 0.0 0.0 0.0
  outer loop
    vertex 7.829419136047363 6.375563621520996 1.3042107820510864
    vertex 7.770028114318848 6.609213829040527 1.5
    vertex 7.8418779373168945 6.378630638122559 1.5
  endloop
endfacet
facet normal 0.0 0.0 0.0
  outer loop
    vertex 7.829419136047363 6.375563621520996 1.3042107820510864
    vertex 7.8418779373168945 6.378630638122559 1.5
    vertex 7.872677803039551 6.139533042907715 1.3042107820510864
  endloop
endfacet
facet normal 0.0 0.0 0.0
  outer loop
    vertex 7.872677803039551 6.139533042907715 1.3042107820510864
    vertex 7.8418779373168945 6.378630638122559 1.5
    vertex 7.885418891906738 6.141070365905762 1.5
  endloop
endfacet
facet normal 0.0 0.0 0.0
  outer loop
    vertex 7.872677803039551 6.139533042907715 1.3042107820510864
    vertex 7.885418891906738 6.141070365905762 1.5
    vertex 7.887167930603027 5.90000057220459 1.3042107820510864
  endloop
endfacet
facet normal 0.0 0.0 0.0
  outer loop
    vertex 7.887167930603027 5.90000057220459 1.3042107820510864
    vertex 7.885418891906738 6.141070365905762 1.5
    vertex 7.899998664855957 5.90000057220459 1.5
  endloop
endfacet
facet normal 0.0 0.0 0.0
  outer loop
    vertex 7.887167930603027 5.90000057220459 1.3042107820510864
    vertex 7.848889350891113 5.90000057220459 1.1117714643478394
    vertex 7.872677803039551 6.139533042907715 1.3042107820510864
  endloop
endfacet
facet normal 0.0 0.0 0.0
  outer loop
    vertex 7.872677803039551 6.139533042907715 1.3042107820510864
    vertex 7.848889350891113 5.90000057220459 1.1117714643478394
    vertex 7.83467960357666 6.134913444519043 1.1117714643478394
  endloop
endfacet
facet normal 0.0 0.0 0.0
  outer loop
    vertex 7.872677803039551 6.139533042907715 1.3042107820510864
    vertex 7.83467960357666 6.134913444519043 1.1117714643478394
    vertex 7.829419136047363 6.375563621520996 1.3042107820510864
  endloop
endfacet
facet normal 0.0 0.0 0.0
  outer loop
    vertex 7.829419136047363 6.375563621520996 1.3042107820510864
    vertex 7.83467960357666 6.134913444519043 1.1117714643478394
    vertex 7.792258262634277 6.366400718688965 1.1117714643478394
  endloop
endfacet
facet normal 0.0 0.0 0.0
  outer loop
    vertex 7.829419136047363 6.375563621520996 1.3042107820510864
    vertex 7.792258262634277 6.366400718688965 1.1117714643478394
    vertex 7.758028984069824 6.604662895202637 1.3042107820510864
  endloop
endfacet
facet normal 0.0 0.0 0.0
  outer loop
    vertex 7.758028984069824 6.604662895202637 1.3042107820510864
    vertex 7.792258262634277 6.366400718688965 1.1117714643478394
    vertex 7.7222394943237305 6.591090202331543 1.1117714643478394
  endloop
endfacet
facet normal 0.0 0.0 0.0
  outer loop
    vertex 7.758028984069824 6.604662895202637 1.3042107820510864
    vertex 7.7222394943237305 6.591090202331543 1.1117714643478394
    vertex 7.659548759460449 6.82348108291626 1.3042107820510864
  endloop
endfacet
facet normal 0.0 0.0 0.0
  outer loop
    vertex 7.659548759460449 6.82348108291626 1.3042107820510864
    vertex 7.7222394943237305 6.591090202331543 1.1117714643478394
    vertex 7.625658988952637 6.80569314956665 1.1117714643478394
  endloop
endfacet
facet normal 0.0 0.0 0.0
  outer loop
    vertex 7.659548759460449 6.82348108291626 1.3042107820510864
    vertex 7.625658988952637 6.80569314956665 1.1117714643478394
    vertex 7.535408973693848 7.028841495513916 1.3042107820510864
  endloop
endfacet
facet normal 0.0 0.0 0.0
  outer loop
    vertex 7.535408973693848 7.028841495513916 1.3042107820510864
    vertex 7.625658988952637 6.80569314956665 1.1117714643478394
    vertex 7.503899574279785 7.007101535797119 1.1117714643478394
  endloop
endfacet
facet normal 0.0 0.0 0.0
  outer loop
    vertex 7.535408973693848 7.028841495513916 1.3042107820510864
    vertex 7.503899574279785 7.007101535797119 1.1117714643478394
    vertex 7.387417793273926 7.2177414894104 1.3042107820510864
  endloop
endfacet
facet normal 0.0 0.0 0.0
  outer loop
    vertex 7.387417793273926 7.2177414894104 1.3042107820510864
    vertex 7.503899574279785 7.007101535797119 1.1117714643478394
    vertex 7.358757972717285 7.1923508644104 1.1117714643478394
  endloop
endfacet
facet normal 0.0 0.0 0.0
  outer loop
    vertex 7.387417793273926 7.2177414894104 1.3042107820510864
    vertex 7.358757972717285 7.1923508644104 1.1117714643478394
    vertex 7.217738151550293 7.387423038482666 1.3042107820510864
  endloop
endfacet
facet normal 0.0 0.0 0.0
  outer loop
    vertex 7.217738151550293 7.387423038482666 1.3042107820510864
    vertex 7.358757972717285 7.1923508644104 1.1117714643478394
    vertex 7.192349433898926 7.358770847320557 1.1117714643478394
  endloop
endfacet
facet normal 0.0 0.0 0.0
  outer loop
    vertex 7.217738151550293 7.387423038482666 1.3042107820510864
    vertex 7.192349433898926 7.358770847320557 1.1117714643478394
    vertex 7.028838157653809 7.535410404205322 1.3042107820510864
  endloop
endfacet
facet normal 0.0 0.0 0.0
  outer loop
    vertex 7.028838157653809 7.535410404205322 1.3042107820510864
    vertex 7.192349433898926 7.358770847320557 1.1117714643478394
    vertex 7.007098197937012 7.50390100479126 1.1117714643478394
  endloop
endfacet
facet normal 0.0 0.0 0.0
  outer loop
    vertex 7.028838157653809 7.535410404205322 1.3042107820510864
    vertex 7.007098197937012 7.50390100479126 1.1117714643478394
    vertex 6.823477745056152 7.659552097320557 1.3042107820510864
  endloop
endfacet
facet normal 0.0 0.0 0.0
  outer loop
    vertex 6.823477745056152 7.659552097320557 1.3042107820510864
    vertex 7.007098197937012 7.50390100479126 1.1117714643478394
    vertex 6.80568790435791 7.625662326812744 1.1117714643478394
  endloop
endfacet
facet normal 0.0 0.0 0.0
  outer loop
    vertex 6.823477745056152 7.659552097320557 1.3042107820510864
    vertex 6.80568790435791 7.625662326812744 1.1117714643478394
    vertex 6.604659080505371 7.758032321929932 1.304210901260376
  endloop
endfacet
facet normal 0.0 0.0 0.0
  outer loop
    vertex 6.604659080505371 7.758032321929932 1.304210901260376
    vertex 6.80568790435791 7.625662326812744 1.1117714643478394
    vertex 6.59108829498291 7.722242832183838 1.111771583557129
  endloop
endfacet
facet normal 0.0 0.0 0.0
  outer loop
    vertex 6.604659080505371 7.758032321929932 1.304210901260376
    vertex 6.59108829498291 7.722242832183838 1.111771583557129
    vertex 6.375557899475098 7.829420566558838 1.304210901260376
  endloop
endfacet
facet normal 0.0 0.0 0.0
  outer loop
    vertex 6.375557899475098 7.829420566558838 1.304210901260376
    vertex 6.59108829498291 7.722242832183838 1.111771583557129
    vertex 6.366398811340332 7.792261600494385 1.111771583557129
  endloop
endfacet
facet normal 0.0 0.0 0.0
  outer loop
    vertex 6.375557899475098 7.829420566558838 1.304210901260376
    vertex 6.366398811340332 7.792261600494385 1.111771583557129
    vertex 6.139529228210449 7.872683048248291 1.304210901260376
  endloop
endfacet
facet normal 0.0 0.0 0.0
  outer loop
    vertex 6.139529228210449 7.872683048248291 1.304210901260376
    vertex 6.366398811340332 7.792261600494385 1.111771583557129
    vertex 6.1349077224731445 7.834681034088135 1.111771583557129
  endloop
endfacet
facet normal 0.0 0.0 0.0
  outer loop
    vertex 7.848889350891113 5.90000057220459 1.1117714643478394
    vertex 7.785819053649902 5.90000057220459 0.9259750843048096
    vertex 7.83467960357666 6.134913444519043 1.1117714643478394
  endloop
endfacet
facet normal 0.0 0.0 0.0
  outer loop
    vertex 7.83467960357666 6.134913444519043 1.1117714643478394
    vertex 7.785819053649902 5.90000057220459 0.9259750843048096
    vertex 7.772068977355957 6.127310752868652 0.9259750843048096
  endloop
endfacet
facet normal 0.0 0.0 0.0
  outer loop
    vertex 7.83467960357666 6.134913444519043 1.1117714643478394
    vertex 7.772068977355957 6.127310752868652 0.9259750843048096
    vertex 7.792258262634277 6.366400718688965 1.1117714643478394
  endloop
endfacet
facet normal 0.0 0.0 0.0
  outer loop
    vertex 7.792258262634277 6.366400718688965 1.1117714643478394
    vertex 7.772068977355957 6.127310752868652 0.9259750843048096
    vertex 7.731019020080566 6.351313591003418 0.9259750843048096
  endloop
endfacet
facet normal 0.0 0.0 0.0
  outer loop
    vertex 7.792258262634277 6.366400718688965 1.1117714643478394
    vertex 7.731019020080566 6.351313591003418 0.9259750843048096
    vertex 7.7222394943237305 6.591090202331543 1.1117714643478394
  endloop
endfacet
facet normal 0.0 0.0 0.0
  outer loop
    vertex 7.7222394943237305 6.591090202331543 1.1117714643478394
    vertex 7.731019020080566 6.351313591003418 0.9259750843048096
    vertex 7.663268089294434 6.568720817565918 0.9259750843048096
  endloop
endfacet
facet normal 0.0 0.0 0.0
  outer loop
    vertex 7.7222394943237305 6.591090202331543 1.1117714643478394
    vertex 7.663268089294434 6.568720817565918 0.9259750843048096
    vertex 7.625658988952637 6.80569314956665 1.1117714643478394
  endloop
endfacet
facet normal 0.0 0.0 0.0
  outer loop
    vertex 7.625658988952637 6.80569314956665 1.1117714643478394
    vertex 7.663268089294434 6.568720817565918 0.9259750843048096
    vertex 7.569808006286621 6.776381015777588 0.9259750843048096
  endloop
endfacet
facet normal 0.0 0.0 0.0
  outer loop
    vertex 7.625658988952637 6.80569314956665 1.1117714643478394
    vertex 7.569808006286621 6.776381015777588 0.9259750843048096
    vertex 7.503899574279785 7.007101535797119 1.1117714643478394
  endloop
endfacet
facet normal 0.0 0.0 0.0
  outer loop
    vertex 7.503899574279785 7.007101535797119 1.1117714643478394
    vertex 7.569808006286621 6.776381015777588 0.9259750843048096
    vertex 7.451998710632324 6.9712700843811035 0.9259750843048096
  endloop
endfacet
facet normal 0.0 0.0 0.0
  outer loop
    vertex 7.503899574279785 7.007101535797119 1.1117714643478394
    vertex 7.451998710632324 6.9712700843811035 0.9259750843048096
    vertex 7.358757972717285 7.1923508644104 1.1117714643478394
  endloop
endfacet
facet normal 0.0 0.0 0.0
  outer loop
    vertex 7.358757972717285 7.1923508644104 1.1117714643478394
    vertex 7.451998710632324 6.9712700843811035 0.9259750843048096
    vertex 7.311558723449707 7.1505303382873535 0.9259750843048096
  endloop
endfacet
facet normal 0.0 0.0 0.0
  outer loop
    vertex 7.358757972717285 7.1923508644104 1.1117714643478394
    vertex 7.311558723449707 7.1505303382873535 0.9259750843048096
    vertex 7.192349433898926 7.358770847320557 1.1117714643478394
  endloop
endfacet
facet normal 0.0 0.0 0.0
  outer loop
    vertex 7.192349433898926 7.358770847320557 1.1117714643478394
    vertex 7.311558723449707 7.1505303382873535 0.9259750843048096
    vertex 7.150528907775879 7.311560153961182 0.9259750843048096
  endloop
endfacet
facet normal 0.0 0.0 0.0
  outer loop
    vertex 7.192349433898926 7.358770847320557 1.1117714643478394
    vertex 7.150528907775879 7.311560153961182 0.9259750843048096
    vertex 7.007098197937012 7.50390100479126 1.1117714643478394
  endloop
endfacet
facet normal 0.0 0.0 0.0
  outer loop
    vertex 7.007098197937012 7.50390100479126 1.1117714643478394
    vertex 7.150528907775879 7.311560153961182 0.9259750843048096
    vertex 6.971268653869629 7.452002048492432 0.9259750843048096
  endloop
endfacet
facet normal 0.0 0.0 0.0
  outer loop
    vertex 7.007098197937012 7.50390100479126 1.1117714643478394
    vertex 6.971268653869629 7.452002048492432 0.9259750843048096
    vertex 6.80568790435791 7.625662326812744 1.1117714643478394
  endloop
endfacet
facet normal 0.0 0.0 0.0
  outer loop
    vertex 6.80568790435791 7.625662326812744 1.1117714643478394
    vertex 6.971268653869629 7.452002048492432 0.9259750843048096
    vertex 6.776379585266113 7.5698113441467285 0.9259750843048096
  endloop
endfacet
facet normal 0.0 0.0 0.0
  outer loop
    vertex 6.80568790435791 7.625662326812744 1.1117714643478394
    vertex 6.776379585266113 7.5698113441467285 0.9259750843048096
    vertex 6.59108829498291 7.722242832183838 1.111771583557129
  endloop
endfacet
facet normal 0.0 0.0 0.0
  outer loop
    vertex 6.59108829498291 7.722242832183838 1.111771583557129
    vertex 6.776379585266113 7.5698113441467285 0.9259750843048096
    vertex 6.568718910217285 7.663271427154541 0.9259750843048096
  endloop
endfacet
facet normal 0.0 0.0 0.0
  outer loop
    vertex 6.59108829498291 7.722242832183838 1.111771583557129
    vertex 6.568718910217285 7.663271427154541 0.9259750843048096
    vertex 6.366398811340332 7.792261600494385 1.111771583557129
  endloop
endfacet
facet normal 0.0 0.0 0.0
  outer loop
    vertex 6.366398811340332 7.792261600494385 1.111771583557129
    vertex 6.568718910217285 7.663271427154541 0.9259750843048096
    vertex 6.3513078689575195 7.731020450592041 0.9259750843048096
  endloop
endfacet
facet normal 0.0 0.0 0.0
  outer loop
    vertex 6.366398811340332 7.792261600494385 1.111771583557129
    vertex 6.3513078689575195 7.731020450592041 0.9259750843048096
    vertex 6.1349077224731445 7.834681034088135 1.111771583557129
  endloop
endfacet
facet normal 0.0 0.0 0.0
  outer loop
    vertex 6.1349077224731445 7.834681034088135 1.111771583557129
    vertex 6.3513078689575195 7.731020450592041 0.9259750843048096
    vertex 6.1273088455200195 7.772070407867432 0.9259750843048096
  endloop
endfacet
facet normal 0.0 0.0 0.0
  outer loop
    vertex 7.785819053649902 5.90000057220459 0.9259750843048096
    vertex 7.699038505554199 5.90000057220459 0.7500002384185791
    vertex 7.772068977355957 6.127310752868652 0.9259750843048096
  endloop
endfacet
facet normal 0.0 0.0 0.0
  outer loop
    vertex 7.772068977355957 6.127310752868652 0.9259750843048096
    vertex 7.699038505554199 5.90000057220459 0.7500002384185791
    vertex 7.685917854309082 6.116850852966309 0.7500002384185791
  endloop
endfacet
facet normal 0.0 0.0 0.0
  outer loop
    vertex 7.772068977355957 6.127310752868652 0.9259750843048096
    vertex 7.685917854309082 6.116850852966309 0.7500002384185791
    vertex 7.731019020080566 6.351313591003418 0.9259750843048096
  endloop
endfacet
facet normal 0.0 0.0 0.0
  outer loop
    vertex 7.731019020080566 6.351313591003418 0.9259750843048096
    vertex 7.685917854309082 6.116850852966309 0.7500002384185791
    vertex 7.646758079528809 6.33054256439209 0.7500002384185791
  endloop
endfacet
facet normal 0.0 0.0 0.0
  outer loop
    vertex 7.731019020080566 6.351313591003418 0.9259750843048096
    vertex 7.646758079528809 6.33054256439209 0.7500002384185791
    vertex 7.663268089294434 6.568720817565918 0.9259750843048096
  endloop
endfacet
facet normal 0.0 0.0 0.0
  outer loop
    vertex 7.663268089294434 6.568720817565918 0.9259750843048096
    vertex 7.646758079528809 6.33054256439209 0.7500002384185791
    vertex 7.58212947845459 6.537951469421387 0.7500002384185791
  endloop
endfacet
facet normal 0.0 0.0 0.0
  outer loop
    vertex 7.663268089294434 6.568720817565918 0.9259750843048096
    vertex 7.58212947845459 6.537951469421387 0.7500002384185791
    vertex 7.569808006286621 6.776381015777588 0.9259750843048096
  endloop
endfacet
facet normal 0.0 0.0 0.0
  outer loop
    vertex 7.569808006286621 6.776381015777588 0.9259750843048096
    vertex 7.58212947845459 6.537951469421387 0.7500002384185791
    vertex 7.492968559265137 6.736063480377197 0.7500002384185791
  endloop
endfacet
facet normal 0.0 0.0 0.0
  outer loop
    vertex 7.569808006286621 6.776381015777588 0.9259750843048096
    vertex 7.492968559265137 6.736063480377197 0.7500002384185791
    vertex 7.451998710632324 6.9712700843811035 0.9259750843048096
  endloop
endfacet
facet normal 0.0 0.0 0.0
  outer loop
    vertex 7.451998710632324 6.9712700843811035 0.9259750843048096
    vertex 7.492968559265137 6.736063480377197 0.7500002384185791
    vertex 7.38057804107666 6.921972751617432 0.7500002384185791
  endloop
endfacet
facet normal 0.0 0.0 0.0
  outer loop
    vertex 7.451998710632324 6.9712700843811035 0.9259750843048096
    vertex 7.38057804107666 6.921972751617432 0.7500002384185791
    vertex 7.311558723449707 7.1505303382873535 0.9259750843048096
  endloop
endfacet
facet normal 0.0 0.0 0.0
  outer loop
    vertex 7.311558723449707 7.1505303382873535 0.9259750843048096
    vertex 7.38057804107666 6.921972751617432 0.7500002384185791
    vertex 7.246598243713379 7.092981815338135 0.7500002384185791
  endloop
endfacet
facet normal 0.0 0.0 0.0
  outer loop
    vertex 7.311558723449707 7.1505303382873535 0.9259750843048096
    vertex 7.246598243713379 7.092981815338135 0.7500002384185791
    vertex 7.150528907775879 7.311560153961182 0.9259750843048096
  endloop
endfacet
facet normal 0.0 0.0 0.0
  outer loop
    vertex 7.150528907775879 7.311560153961182 0.9259750843048096
    vertex 7.246598243713379 7.092981815338135 0.7500002384185791
    vertex 7.092978477478027 7.246603488922119 0.7500002384185791
  endloop
endfacet
facet normal 0.0 0.0 0.0
  outer loop
    vertex 7.150528907775879 7.311560153961182 0.9259750843048096
    vertex 7.092978477478027 7.246603488922119 0.7500002384185791
    vertex 6.971268653869629 7.452002048492432 0.9259750843048096
  endloop
endfacet
facet normal 0.0 0.0 0.0
  outer loop
    vertex 6.971268653869629 7.452002048492432 0.9259750843048096
    vertex 7.092978477478027 7.246603488922119 0.7500002384185791
    vertex 6.921969413757324 7.3805832862854 0.7500002384185791
  endloop
endfacet
facet normal 0.0 0.0 0.0
  outer loop
    vertex 6.971268653869629 7.452002048492432 0.9259750843048096
    vertex 6.921969413757324 7.3805832862854 0.7500002384185791
    vertex 6.776379585266113 7.5698113441467285 0.9259750843048096
  endloop
endfacet
facet normal 0.0 0.0 0.0
  outer loop
    vertex 6.776379585266113 7.5698113441467285 0.9259750843048096
    vertex 6.921969413757324 7.3805832862854 0.7500002384185791
    vertex 6.736058235168457 7.492971897125244 0.7500002384185791
  endloop
endfacet
facet normal 0.0 0.0 0.0
  outer loop
    vertex 6.776379585266113 7.5698113441467285 0.9259750843048096
    vertex 6.736058235168457 7.492971897125244 0.7500002384185791
    vertex 6.568718910217285 7.663271427154541 0.9259750843048096
  endloop
endfacet
facet normal 0.0 0.0 0.0
  outer loop
    vertex 6.568718910217285 7.663271427154541 0.9259750843048096
    vertex 6.736058235168457 7.492971897125244 0.7500002384185791
    vertex 6.537949562072754 7.582132816314697 0.7500002384185791
  endloop
endfacet
facet normal 0.0 0.0 0.0
  outer loop
    vertex 6.568718910217285 7.663271427154541 0.9259750843048096
    vertex 6.537949562072754 7.582132816314697 0.7500002384185791
    vertex 6.3513078689575195 7.731020450592041 0.9259750843048096
  endloop
endfacet
facet normal 0.0 0.0 0.0
  outer loop
    vertex 6.3513078689575195 7.731020450592041 0.9259750843048096
    vertex 6.537949562072754 7.582132816314697 0.7500002384185791
    vertex 6.330538749694824 7.646761417388916 0.7500002384185791
  endloop
endfacet
facet normal 0.0 0.0 0.0
  outer loop
    vertex 6.3513078689575195 7.731020450592041 0.9259750843048096
    vertex 6.330538749694824 7.646761417388916 0.7500002384185791
    vertex 6.1273088455200195 7.772070407867432 0.9259750843048096
  endloop
endfacet
facet normal 0.0 0.0 0.0
  outer loop
    vertex 6.1273088455200195 7.772070407867432 0.9259750843048096
    vertex 6.330538749694824 7.646761417388916 0.7500002384185791
    vertex 6.116848945617676 7.685923099517822 0.7500002384185791
  endloop
endfacet
facet normal 0.0 0.0 0.0
  outer loop
    vertex 7.699038505554199 5.90000057220459 0.7500002384185791
    vertex 7.590027809143066 5.90000057220459 0.5868582725524902
    vertex 7.685917854309082 6.116850852966309 0.7500002384185791
  endloop
endfacet
facet normal 0.0 0.0 0.0
  outer loop
    vertex 7.685917854309082 6.116850852966309 0.7500002384185791
    vertex 7.590027809143066 5.90000057220459 0.5868582725524902
    vertex 7.5777082443237305 6.103713035583496 0.5868582725524902
  endloop
endfacet
facet normal 0.0 0.0 0.0
  outer loop
    vertex 7.685917854309082 6.116850852966309 0.7500002384185791
    vertex 7.5777082443237305 6.103713035583496 0.5868582725524902
    vertex 7.646758079528809 6.33054256439209 0.7500002384185791
  endloop
endfacet
facet normal 0.0 0.0 0.0
  outer loop
    vertex 7.646758079528809 6.33054256439209 0.7500002384185791
    vertex 7.5777082443237305 6.103713035583496 0.5868582725524902
    vertex 7.540919303894043 6.3044538497924805 0.5868582725524902
  endloop
endfacet
facet normal 0.0 0.0 0.0
  outer loop
    vertex 7.646758079528809 6.33054256439209 0.7500002384185791
    vertex 7.540919303894043 6.3044538497924805 0.5868582725524902
    vertex 7.58212947845459 6.537951469421387 0.7500002384185791
  endloop
endfacet
facet normal 0.0 0.0 0.0
  outer loop
    vertex 7.58212947845459 6.537951469421387 0.7500002384185791
    vertex 7.540919303894043 6.3044538497924805 0.5868582725524902
    vertex 7.480208396911621 6.499293327331543 0.5868582725524902
  endloop
endfacet
facet normal 0.0 0.0 0.0
  outer loop
    vertex 7.58212947845459 6.537951469421387 0.7500002384185791
    vertex 7.480208396911621 6.499293327331543 0.5868582725524902
    vertex 7.492968559265137 6.736063480377197 0.7500002384185791
  endloop
endfacet
facet normal 0.0 0.0 0.0
  outer loop
    vertex 7.492968559265137 6.736063480377197 0.7500002384185791
    vertex 7.480208396911621 6.499293327331543 0.5868582725524902
    vertex 7.396449089050293 6.685400485992432 0.5868582725524902
  endloop
endfacet
facet normal 0.0 0.0 0.0
  outer loop
    vertex 7.492968559265137 6.736063480377197 0.7500002384185791
    vertex 7.396449089050293 6.685400485992432 0.5868582725524902
    vertex 7.38057804107666 6.921972751617432 0.7500002384185791
  endloop
endfacet
facet normal 0.0 0.0 0.0
  outer loop
    vertex 7.38057804107666 6.921972751617432 0.7500002384185791
    vertex 7.396449089050293 6.685400485992432 0.5868582725524902
    vertex 7.290867805480957 6.860052585601807 0.5868582725524902
  endloop
endfacet
facet normal 0.0 0.0 0.0
  outer loop
    vertex 7.38057804107666 6.921972751617432 0.7500002384185791
    vertex 7.290867805480957 6.860052585601807 0.5868582725524902
    vertex 7.246598243713379 7.092981815338135 0.7500002384185791
  endloop
endfacet
facet normal 0.0 0.0 0.0
  outer loop
    vertex 7.246598243713379 7.092981815338135 0.7500002384185791
    vertex 7.290867805480957 6.860052585601807 0.5868582725524902
    vertex 7.165009498596191 7.020700931549072 0.5868582725524902
  endloop
endfacet
facet normal 0.0 0.0 0.0
  outer loop
    vertex 7.246598243713379 7.092981815338135 0.7500002384185791
    vertex 7.165009498596191 7.020700931549072 0.5868582725524902
    vertex 7.092978477478027 7.246603488922119 0.7500002384185791
  endloop
endfacet
facet normal 0.0 0.0 0.0
  outer loop
    vertex 7.092978477478027 7.246603488922119 0.7500002384185791
    vertex 7.165009498596191 7.020700931549072 0.5868582725524902
    vertex 7.020699501037598 7.165010929107666 0.5868582725524902
  endloop
endfacet
facet normal 0.0 0.0 0.0
  outer loop
    vertex 7.092978477478027 7.246603488922119 0.7500002384185791
    vertex 7.020699501037598 7.165010929107666 0.5868582725524902
    vertex 6.921969413757324 7.3805832862854 0.7500002384185791
  endloop
endfacet
facet normal 0.0 0.0 0.0
  outer loop
    vertex 6.921969413757324 7.3805832862854 0.7500002384185791
    vertex 7.020699501037598 7.165010929107666 0.5868582725524902
    vertex 6.860049247741699 7.290873050689697 0.5868582725524902
  endloop
endfacet
facet normal 0.0 0.0 0.0
  outer loop
    vertex 6.921969413757324 7.3805832862854 0.7500002384185791
    vertex 6.860049247741699 7.290873050689697 0.5868582725524902
    vertex 6.736058235168457 7.492971897125244 0.7500002384185791
  endloop
endfacet
facet normal 0.0 0.0 0.0
  outer loop
    vertex 6.736058235168457 7.492971897125244 0.7500002384185791
    vertex 6.860049247741699 7.290873050689697 0.5868582725524902
    vertex 6.685399055480957 7.3964524269104 0.5868582725524902
  endloop
endfacet
facet normal 0.0 0.0 0.0
  outer loop
    vertex 6.736058235168457 7.492971897125244 0.7500002384185791
    vertex 6.685399055480957 7.3964524269104 0.5868582725524902
    vertex 6.537949562072754 7.582132816314697 0.7500002384185791
  endloop
endfacet
facet normal 0.0 0.0 0.0
  outer loop
    vertex 6.537949562072754 7.582132816314697 0.7500002384185791
    vertex 6.685399055480957 7.3964524269104 0.5868582725524902
    vertex 6.499289512634277 7.4802117347717285 0.5868582725524902
  endloop
endfacet
facet normal 0.0 0.0 0.0
  outer loop
    vertex 6.537949562072754 7.582132816314697 0.7500002384185791
    vertex 6.499289512634277 7.4802117347717285 0.5868582725524902
    vertex 6.330538749694824 7.646761417388916 0.7500002384185791
  endloop
endfacet
facet normal 0.0 0.0 0.0
  outer loop
    vertex 6.330538749694824 7.646761417388916 0.7500002384185791
    vertex 6.499289512634277 7.4802117347717285 0.5868582725524902
    vertex 6.304448127746582 7.54092264175415 0.5868582725524902
  endloop
endfacet
facet normal 0.0 0.0 0.0
  outer loop
    vertex 6.330538749694824 7.646761417388916 0.7500002384185791
    vertex 6.304448127746582 7.54092264175415 0.5868582725524902
    vertex 6.116848945617676 7.685923099517822 0.7500002384185791
  endloop
endfacet
facet normal 0.0 0.0 0.0
  outer loop
    vertex 6.116848945617676 7.685923099517822 0.7500002384185791
    vertex 6.304448127746582 7.54092264175415 0.5868582725524902
    vertex 6.1037092208862305 7.577711582183838 0.5868582725524902
  endloop
endfacet
facet normal 0.0 0.0 0.0
  outer loop
    vertex 7.590027809143066 5.90000057220459 0.5868582725524902
    vertex 7.460658073425293 5.90000057220459 0.43934035301208496
    vertex 7.5777082443237305 6.103713035583496 0.5868582725524902
  endloop
endfacet
facet normal 0.0 0.0 0.0
  outer loop
    vertex 7.5777082443237305 6.103713035583496 0.5868582725524902
    vertex 7.460658073425293 5.90000057220459 0.43934035301208496
    vertex 7.449278831481934 6.088122367858887 0.43934035301208496
  endloop
endfacet
facet normal 0.0 0.0 0.0
  outer loop
    vertex 7.5777082443237305 6.103713035583496 0.5868582725524902
    vertex 7.449278831481934 6.088122367858887 0.43934035301208496
    vertex 7.540919303894043 6.3044538497924805 0.5868582725524902
  endloop
endfacet
facet normal 0.0 0.0 0.0
  outer loop
    vertex 7.540919303894043 6.3044538497924805 0.5868582725524902
    vertex 7.449278831481934 6.088122367858887 0.43934035301208496
    vertex 7.415308952331543 6.273493766784668 0.43934035301208496
  endloop
endfacet
facet normal 0.0 0.0 0.0
  outer loop
    vertex 7.540919303894043 6.3044538497924805 0.5868582725524902
    vertex 7.415308952331543 6.273493766784668 0.43934035301208496
    vertex 7.480208396911621 6.499293327331543 0.5868582725524902
  endloop
endfacet
facet normal 0.0 0.0 0.0
  outer loop
    vertex 7.480208396911621 6.499293327331543 0.5868582725524902
    vertex 7.415308952331543 6.273493766784668 0.43934035301208496
    vertex 7.359238624572754 6.453421592712402 0.43934035301208496
  endloop
endfacet
facet normal 0.0 0.0 0.0
  outer loop
    vertex 7.480208396911621 6.499293327331543 0.5868582725524902
    vertex 7.359238624572754 6.453421592712402 0.43934035301208496
    vertex 7.396449089050293 6.685400485992432 0.5868582725524902
  endloop
endfacet
facet normal 0.0 0.0 0.0
  outer loop
    vertex 7.396449089050293 6.685400485992432 0.5868582725524902
    vertex 7.359238624572754 6.453421592712402 0.43934035301208496
    vertex 7.281899452209473 6.62528133392334 0.43934035301208496
  endloop
endfacet
facet normal 0.0 0.0 0.0
  outer loop
    vertex 7.396449089050293 6.685400485992432 0.5868582725524902
    vertex 7.281899452209473 6.62528133392334 0.43934035301208496
    vertex 7.290867805480957 6.860052585601807 0.5868582725524902
  endloop
endfacet
facet normal 0.0 0.0 0.0
  outer loop
    vertex 7.290867805480957 6.860052585601807 0.5868582725524902
    vertex 7.281899452209473 6.62528133392334 0.43934035301208496
    vertex 7.184399604797363 6.786562442779541 0.43934035301208496
  endloop
endfacet
facet normal 0.0 0.0 0.0
  outer loop
    vertex 7.290867805480957 6.860052585601807 0.5868582725524902
    vertex 7.184399604797363 6.786562442779541 0.43934035301208496
    vertex 7.165009498596191 7.020700931549072 0.5868582725524902
  endloop
endfacet
facet normal 0.0 0.0 0.0
  outer loop
    vertex 7.165009498596191 7.020700931549072 0.5868582725524902
    vertex 7.184399604797363 6.786562442779541 0.43934035301208496
    vertex 7.068169593811035 6.934912204742432 0.43934035301208496
  endloop
endfacet
facet normal 0.0 0.0 0.0
  outer loop
    vertex 7.165009498596191 7.020700931549072 0.5868582725524902
    vertex 7.068169593811035 6.934912204742432 0.43934035301208496
    vertex 7.020699501037598 7.165010929107666 0.5868582725524902
  endloop
endfacet
facet normal 0.0 0.0 0.0
  outer loop
    vertex 7.020699501037598 7.165010929107666 0.5868582725524902
    vertex 7.068169593811035 6.934912204742432 0.43934035301208496
    vertex 6.934908866882324 7.06817102432251 0.43934035301208496
  endloop
endfacet
facet normal 0.0 0.0 0.0
  outer loop
    vertex 7.020699501037598 7.165010929107666 0.5868582725524902
    vertex 6.934908866882324 7.06817102432251 0.43934035301208496
    vertex 6.860049247741699 7.290873050689697 0.5868582725524902
  endloop
endfacet
facet normal 0.0 0.0 0.0
  outer loop
    vertex 6.860049247741699 7.290873050689697 0.5868582725524902
    vertex 6.934908866882324 7.06817102432251 0.43934035301208496
    vertex 6.786559104919434 7.184401035308838 0.43934035301208496
  endloop
endfacet
facet normal 0.0 0.0 0.0
  outer loop
    vertex 6.860049247741699 7.290873050689697 0.5868582725524902
    vertex 6.786559104919434 7.184401035308838 0.43934035301208496
    vertex 6.685399055480957 7.3964524269104 0.5868582725524902
  endloop
endfacet
facet normal 0.0 0.0 0.0
  outer loop
    vertex 6.685399055480957 7.3964524269104 0.5868582725524902
    vertex 6.786559104919434 7.184401035308838 0.43934035301208496
    vertex 6.625279426574707 7.281900882720947 0.43934035301208496
  endloop
endfacet
facet normal 0.0 0.0 0.0
  outer loop
    vertex 6.685399055480957 7.3964524269104 0.5868582725524902
    vertex 6.625279426574707 7.281900882720947 0.43934035301208496
    vertex 6.499289512634277 7.4802117347717285 0.5868582725524902
  endloop
endfacet
facet normal 0.0 0.0 0.0
  outer loop
    vertex 6.499289512634277 7.4802117347717285 0.5868582725524902
    vertex 6.625279426574707 7.281900882720947 0.43934035301208496
    vertex 6.453417778015137 7.3592400550842285 0.43934035301208496
  endloop
endfacet
facet normal 0.0 0.0 0.0
  outer loop
    vertex 6.499289512634277 7.4802117347717285 0.5868582725524902
    vertex 6.453417778015137 7.3592400550842285 0.43934035301208496
    vertex 6.304448127746582 7.54092264175415 0.5868582725524902
  endloop
endfacet
facet normal 0.0 0.0 0.0
  outer loop
    vertex 6.304448127746582 7.54092264175415 0.5868582725524902
    vertex 6.453417778015137 7.3592400550842285 0.43934035301208496
    vertex 6.2734880447387695 7.41531229019165 0.43934035301208496
  endloop
endfacet
facet normal 0.0 0.0 0.0
  outer loop
    vertex 6.304448127746582 7.54092264175415 0.5868582725524902
    vertex 6.2734880447387695 7.41531229019165 0.43934035301208496
    vertex 6.1037092208862305 7.577711582183838 0.5868582725524902
  endloop
endfacet
facet normal 0.0 0.0 0.0
  outer loop
    vertex 6.1037092208862305 7.577711582183838 0.5868582725524902
    vertex 6.2734880447387695 7.41531229019165 0.43934035301208496
    vertex 6.088118553161621 7.449282169342041 0.43934035301208496
  endloop
endfacet
facet normal 0.0 0.0 0.0
  outer loop
    vertex 7.460658073425293 5.90000057220459 0.43934035301208496
    vertex 7.313138008117676 5.90000057220459 0.3099701404571533
    vertex 7.449278831481934 6.088122367858887 0.43934035301208496
  endloop
endfacet
facet normal 0.0 0.0 0.0
  outer loop
    vertex 7.449278831481934 6.088122367858887 0.43934035301208496
    vertex 7.313138008117676 5.90000057220459 0.3099701404571533
    vertex 7.302838325500488 6.070342063903809 0.3099701404571533
  endloop
endfacet
facet normal 0.0 0.0 0.0
  outer loop
    vertex 7.449278831481934 6.088122367858887 0.43934035301208496
    vertex 7.302838325500488 6.070342063903809 0.3099701404571533
    vertex 7.415308952331543 6.273493766784668 0.43934035301208496
  endloop
endfacet
facet normal 0.0 0.0 0.0
  outer loop
    vertex 7.415308952331543 6.273493766784668 0.43934035301208496
    vertex 7.302838325500488 6.070342063903809 0.3099701404571533
    vertex 7.272078514099121 6.238192558288574 0.3099701404571533
  endloop
endfacet
facet normal 0.0 0.0 0.0
  outer loop
    vertex 7.415308952331543 6.273493766784668 0.43934035301208496
    vertex 7.272078514099121 6.238192558288574 0.3099701404571533
    vertex 7.359238624572754 6.453421592712402 0.43934035301208496
  endloop
endfacet
facet normal 0.0 0.0 0.0
  outer loop
    vertex 7.359238624572754 6.453421592712402 0.43934035301208496
    vertex 7.272078514099121 6.238192558288574 0.3099701404571533
    vertex 7.221308708190918 6.401110649108887 0.3099701404571533
  endloop
endfacet
facet normal 0.0 0.0 0.0
  outer loop
    vertex 7.359238624572754 6.453421592712402 0.43934035301208496
    vertex 7.221308708190918 6.401110649108887 0.3099701404571533
    vertex 7.281899452209473 6.62528133392334 0.43934035301208496
  endloop
endfacet
facet normal 0.0 0.0 0.0
  outer loop
    vertex 7.281899452209473 6.62528133392334 0.43934035301208496
    vertex 7.221308708190918 6.401110649108887 0.3099701404571533
    vertex 7.151278495788574 6.556723594665527 0.3099701404571533
  endloop
endfacet
facet normal 0.0 0.0 0.0
  outer loop
    vertex 7.281899452209473 6.62528133392334 0.43934035301208496
    vertex 7.151278495788574 6.556723594665527 0.3099701404571533
    vertex 7.184399604797363 6.786562442779541 0.43934035301208496
  endloop
endfacet
facet normal 0.0 0.0 0.0
  outer loop
    vertex 7.184399604797363 6.786562442779541 0.43934035301208496
    vertex 7.151278495788574 6.556723594665527 0.3099701404571533
    vertex 7.062989234924316 6.702761173248291 0.3099701404571533
  endloop
endfacet
facet normal 0.0 0.0 0.0
  outer loop
    vertex 7.184399604797363 6.786562442779541 0.43934035301208496
    vertex 7.062989234924316 6.702761173248291 0.3099701404571533
    vertex 7.068169593811035 6.934912204742432 0.43934035301208496
  endloop
endfacet
facet normal 0.0 0.0 0.0
  outer loop
    vertex 7.068169593811035 6.934912204742432 0.43934035301208496
    vertex 7.062989234924316 6.702761173248291 0.3099701404571533
    vertex 6.957749366760254 6.83709192276001 0.3099701404571533
  endloop
endfacet
facet normal 0.0 0.0 0.0
  outer loop
    vertex 7.068169593811035 6.934912204742432 0.43934035301208496
    vertex 6.957749366760254 6.83709192276001 0.3099701404571533
    vertex 6.934908866882324 7.06817102432251 0.43934035301208496
  endloop
endfacet
facet normal 0.0 0.0 0.0
  outer loop
    vertex 6.934908866882324 7.06817102432251 0.43934035301208496
    vertex 6.957749366760254 6.83709192276001 0.3099701404571533
    vertex 6.837088584899902 6.9577507972717285 0.3099701404571533
  endloop
endfacet
facet normal 0.0 0.0 0.0
  outer loop
    vertex 6.934908866882324 7.06817102432251 0.43934035301208496
    vertex 6.837088584899902 6.9577507972717285 0.3099701404571533
    vertex 6.786559104919434 7.184401035308838 0.43934035301208496
  endloop
endfacet
facet normal 0.0 0.0 0.0
  outer loop
    vertex 6.786559104919434 7.184401035308838 0.43934035301208496
    vertex 6.837088584899902 6.9577507972717285 0.3099701404571533
    vertex 6.702757835388184 7.062990665435791 0.3099701404571533
  endloop
endfacet
facet normal 0.0 0.0 0.0
  outer loop
    vertex 6.786559104919434 7.184401035308838 0.43934035301208496
    vertex 6.702757835388184 7.062990665435791 0.3099701404571533
    vertex 6.625279426574707 7.281900882720947 0.43934035301208496
  endloop
endfacet
facet normal 0.0 0.0 0.0
  outer loop
    vertex 6.625279426574707 7.281900882720947 0.43934035301208496
    vertex 6.702757835388184 7.062990665435791 0.3099701404571533
    vertex 6.556717872619629 7.151281833648682 0.3099701404571533
  endloop
endfacet
facet normal 0.0 0.0 0.0
  outer loop
    vertex 6.625279426574707 7.281900882720947 0.43934035301208496
    vertex 6.556717872619629 7.151281833648682 0.3099701404571533
    vertex 6.453417778015137 7.3592400550842285 0.43934035301208496
  endloop
endfacet
facet normal 0.0 0.0 0.0
  outer loop
    vertex 6.453417778015137 7.3592400550842285 0.43934035301208496
    vertex 6.556717872619629 7.151281833648682 0.3099701404571533
    vertex 6.401108741760254 7.221312046051025 0.3099701404571533
  endloop
endfacet
facet normal 0.0 0.0 0.0
  outer loop
    vertex 6.453417778015137 7.3592400550842285 0.43934035301208496
    vertex 6.401108741760254 7.221312046051025 0.3099701404571533
    vertex 6.2734880447387695 7.41531229019165 0.43934035301208496
  endloop
endfacet
facet normal 0.0 0.0 0.0
  outer loop
    vertex 6.2734880447387695 7.41531229019165 0.43934035301208496
    vertex 6.401108741760254 7.221312046051025 0.3099701404571533
    vertex 6.238188743591309 7.2720818519592285 0.3099701404571533
  endloop
endfacet
facet normal 0.0 0.0 0.0
  outer loop
    vertex 6.2734880447387695 7.41531229019165 0.43934035301208496
    vertex 6.238188743591309 7.2720818519592285 0.3099701404571533
    vertex 6.088118553161621 7.449282169342041 0.43934035301208496
  endloop
endfacet
facet normal 0.0 0.0 0.0
  outer loop
    vertex 6.088118553161621 7.449282169342041 0.43934035301208496
    vertex 6.238188743591309 7.2720818519592285 0.3099701404571533
    vertex 6.070338249206543 7.302839756011963 0.3099701404571533
  endloop
endfacet
facet normal 0.0 0.0 0.0
  outer loop
    vertex 7.313138008117676 5.90000057220459 0.3099701404571533
    vertex 7.149998664855957 5.90000057220459 0.20096230506896973
    vertex 7.302838325500488 6.070342063903809 0.3099701404571533
  endloop
endfacet
facet normal 0.0 0.0 0.0
  outer loop
    vertex 7.302838325500488 6.070342063903809 0.3099701404571533
    vertex 7.149998664855957 5.90000057220459 0.20096230506896973
    vertex 7.1408891677856445 6.050673484802246 0.20096230506896973
  endloop
endfacet
facet normal 0.0 0.0 0.0
  outer loop
    vertex 7.302838325500488 6.070342063903809 0.3099701404571533
    vertex 7.1408891677856445 6.050673484802246 0.20096230506896973
    vertex 7.272078514099121 6.238192558288574 0.3099701404571533
  endloop
endfacet
facet normal 0.0 0.0 0.0
  outer loop
    vertex 7.272078514099121 6.238192558288574 0.3099701404571533
    vertex 7.1408891677856445 6.050673484802246 0.20096230506896973
    vertex 7.113678932189941 6.199152946472168 0.20096230506896973
  endloop
endfacet
facet normal 0.0 0.0 0.0
  outer loop
    vertex 7.272078514099121 6.238192558288574 0.3099701404571533
    vertex 7.113678932189941 6.199152946472168 0.20096230506896973
    vertex 7.221308708190918 6.401110649108887 0.3099701404571533
  endloop
endfacet
facet normal 0.0 0.0 0.0
  outer loop
    vertex 7.221308708190918 6.401110649108887 0.3099701404571533
    vertex 7.113678932189941 6.199152946472168 0.20096230506896973
    vertex 7.068768501281738 6.343260765075684 0.20096230506896973
  endloop
endfacet
facet normal 0.0 0.0 0.0
  outer loop
    vertex 7.221308708190918 6.401110649108887 0.3099701404571533
    vertex 7.068768501281738 6.343260765075684 0.20096230506896973
    vertex 7.151278495788574 6.556723594665527 0.3099701404571533
  endloop
endfacet
facet normal 0.0 0.0 0.0
  outer loop
    vertex 7.151278495788574 6.556723594665527 0.3099701404571533
    vertex 7.068768501281738 6.343260765075684 0.20096230506896973
    vertex 7.006817817687988 6.480902671813965 0.20096230506896973
  endloop
endfacet
facet normal 0.0 0.0 0.0
  outer loop
    vertex 7.151278495788574 6.556723594665527 0.3099701404571533
    vertex 7.006817817687988 6.480902671813965 0.20096230506896973
    vertex 7.062989234924316 6.702761173248291 0.3099701404571533
  endloop
endfacet
facet normal 0.0 0.0 0.0
  outer loop
    vertex 7.062989234924316 6.702761173248291 0.3099701404571533
    vertex 7.006817817687988 6.480902671813965 0.20096230506896973
    vertex 6.928729057312012 6.61008358001709 0.20096230506896973
  endloop
endfacet
facet normal 0.0 0.0 0.0
  outer loop
    vertex 7.062989234924316 6.702761173248291 0.3099701404571533
    vertex 6.928729057312012 6.61008358001709 0.20096230506896973
    vertex 6.957749366760254 6.83709192276001 0.3099701404571533
  endloop
endfacet
facet normal 0.0 0.0 0.0
  outer loop
    vertex 6.957749366760254 6.83709192276001 0.3099701404571533
    vertex 6.928729057312012 6.61008358001709 0.20096230506896973
    vertex 6.835638999938965 6.728903293609619 0.20096230506896973
  endloop
endfacet
facet normal 0.0 0.0 0.0
  outer loop
    vertex 6.957749366760254 6.83709192276001 0.3099701404571533
    vertex 6.835638999938965 6.728903293609619 0.20096230506896973
    vertex 6.837088584899902 6.9577507972717285 0.3099701404571533
  endloop
endfacet
facet normal 0.0 0.0 0.0
  outer loop
    vertex 6.837088584899902 6.9577507972717285 0.3099701404571533
    vertex 6.835638999938965 6.728903293609619 0.20096230506896973
    vertex 6.728898048400879 6.835642337799072 0.20096230506896973
  endloop
endfacet
facet normal 0.0 0.0 0.0
  outer loop
    vertex 6.837088584899902 6.9577507972717285 0.3099701404571533
    vertex 6.728898048400879 6.835642337799072 0.20096230506896973
    vertex 6.702757835388184 7.062990665435791 0.3099701404571533
  endloop
endfacet
facet normal 0.0 0.0 0.0
  outer loop
    vertex 6.702757835388184 7.062990665435791 0.3099701404571533
    vertex 6.728898048400879 6.835642337799072 0.20096230506896973
    vertex 6.610077857971191 6.928732395172119 0.20096230506896973
  endloop
endfacet
facet normal 0.0 0.0 0.0
  outer loop
    vertex 6.702757835388184 7.062990665435791 0.3099701404571533
    vertex 6.610077857971191 6.928732395172119 0.20096230506896973
    vertex 6.556717872619629 7.151281833648682 0.3099701404571533
  endloop
endfacet
facet normal 0.0 0.0 0.0
  outer loop
    vertex 6.556717872619629 7.151281833648682 0.3099701404571533
    vertex 6.610077857971191 6.928732395172119 0.20096230506896973
    vertex 6.480898857116699 7.0068230628967285 0.20096230506896973
  endloop
endfacet
facet normal 0.0 0.0 0.0
  outer loop
    vertex 6.556717872619629 7.151281833648682 0.3099701404571533
    vertex 6.480898857116699 7.0068230628967285 0.20096230506896973
    vertex 6.401108741760254 7.221312046051025 0.3099701404571533
  endloop
endfacet
facet normal 0.0 0.0 0.0
  outer loop
    vertex 6.401108741760254 7.221312046051025 0.3099701404571533
    vertex 6.480898857116699 7.0068230628967285 0.20096230506896973
    vertex 6.343258857727051 7.068769931793213 0.20096230506896973
  endloop
endfacet
facet normal 0.0 0.0 0.0
  outer loop
    vertex 6.401108741760254 7.221312046051025 0.3099701404571533
    vertex 6.343258857727051 7.068769931793213 0.20096230506896973
    vertex 6.238188743591309 7.2720818519592285 0.3099701404571533
  endloop
endfacet
facet normal 0.0 0.0 0.0
  outer loop
    vertex 6.238188743591309 7.2720818519592285 0.3099701404571533
    vertex 6.343258857727051 7.068769931793213 0.20096230506896973
    vertex 6.199149131774902 7.113680362701416 0.20096230506896973
  endloop
endfacet
facet normal 0.0 0.0 0.0
  outer loop
    vertex 6.238188743591309 7.2720818519592285 0.3099701404571533
    vertex 6.199149131774902 7.113680362701416 0.20096230506896973
    vertex 6.070338249206543 7.302839756011963 0.3099701404571533
  endloop
endfacet
facet normal 0.0 0.0 0.0
  outer loop
    vertex 6.070338249206543 7.302839756011963 0.3099701404571533
    vertex 6.199149131774902 7.113680362701416 0.20096230506896973
    vertex 6.050667762756348 7.140890598297119 0.20096230506896973
  endloop
endfacet
facet normal 0.0 0.0 0.0
  outer loop
    vertex 7.149998664855957 5.90000057220459 0.20096230506896973
    vertex 6.974028587341309 5.90000057220459 0.1141812801361084
    vertex 7.1408891677856445 6.050673484802246 0.20096230506896973
  endloop
endfacet
facet normal 0.0 0.0 0.0
  outer loop
    vertex 7.1408891677856445 6.050673484802246 0.20096230506896973
    vertex 6.974028587341309 5.90000057220459 0.1141812801361084
    vertex 6.966189384460449 6.029463768005371 0.1141812801361084
  endloop
endfacet
facet normal 0.0 0.0 0.0
  outer loop
    vertex 7.1408891677856445 6.050673484802246 0.20096230506896973
    vertex 6.966189384460449 6.029463768005371 0.1141812801361084
    vertex 7.113678932189941 6.199152946472168 0.20096230506896973
  endloop
endfacet
facet normal 0.0 0.0 0.0
  outer loop
    vertex 7.113678932189941 6.199152946472168 0.20096230506896973
    vertex 6.966189384460449 6.029463768005371 0.1141812801361084
    vertex 6.942818641662598 6.157031059265137 0.1141812801361084
  endloop
endfacet
facet normal 0.0 0.0 0.0
  outer loop
    vertex 7.113678932189941 6.199152946472168 0.20096230506896973
    vertex 6.942818641662598 6.157031059265137 0.1141812801361084
    vertex 7.068768501281738 6.343260765075684 0.20096230506896973
  endloop
endfacet
facet normal 0.0 0.0 0.0
  outer loop
    vertex 7.068768501281738 6.343260765075684 0.20096230506896973
    vertex 6.942818641662598 6.157031059265137 0.1141812801361084
    vertex 6.904229164123535 6.2808637619018555 0.1141812801361084
  endloop
endfacet
facet normal 0.0 0.0 0.0
  outer loop
    vertex 7.068768501281738 6.343260765075684 0.20096230506896973
    vertex 6.904229164123535 6.2808637619018555 0.1141812801361084
    vertex 7.006817817687988 6.480902671813965 0.20096230506896973
  endloop
endfacet
facet normal 0.0 0.0 0.0
  outer loop
    vertex 7.006817817687988 6.480902671813965 0.20096230506896973
    vertex 6.904229164123535 6.2808637619018555 0.1141812801361084
    vertex 6.850998878479004 6.399130821228027 0.1141812801361084
  endloop
endfacet
facet normal 0.0 0.0 0.0
  outer loop
    vertex 7.006817817687988 6.480902671813965 0.20096230506896973
    vertex 6.850998878479004 6.399130821228027 0.1141812801361084
    vertex 6.928729057312012 6.61008358001709 0.20096230506896973
  endloop
endfacet
facet normal 0.0 0.0 0.0
  outer loop
    vertex 6.928729057312012 6.61008358001709 0.20096230506896973
    vertex 6.850998878479004 6.399130821228027 0.1141812801361084
    vertex 6.783907890319824 6.510123252868652 0.1141812801361084
  endloop
endfacet
facet normal 0.0 0.0 0.0
  outer loop
    vertex 6.928729057312012 6.61008358001709 0.20096230506896973
    vertex 6.783907890319824 6.510123252868652 0.1141812801361084
    vertex 6.835638999938965 6.728903293609619 0.20096230506896973
  endloop
endfacet
facet normal 0.0 0.0 0.0
  outer loop
    vertex 6.835638999938965 6.728903293609619 0.20096230506896973
    vertex 6.783907890319824 6.510123252868652 0.1141812801361084
    vertex 6.703919410705566 6.612212181091309 0.1141812801361084
  endloop
endfacet
facet normal 0.0 0.0 0.0
  outer loop
    vertex 6.835638999938965 6.728903293609619 0.20096230506896973
    vertex 6.703919410705566 6.612212181091309 0.1141812801361084
    vertex 6.728898048400879 6.835642337799072 0.20096230506896973
  endloop
endfacet
facet normal 0.0 0.0 0.0
  outer loop
    vertex 6.728898048400879 6.835642337799072 0.20096230506896973
    vertex 6.703919410705566 6.612212181091309 0.1141812801361084
    vertex 6.612208366394043 6.703920841217041 0.1141812801361084
  endloop
endfacet
facet normal 0.0 0.0 0.0
  outer loop
    vertex 6.728898048400879 6.835642337799072 0.20096230506896973
    vertex 6.612208366394043 6.703920841217041 0.1141812801361084
    vertex 6.610077857971191 6.928732395172119 0.20096230506896973
  endloop
endfacet
facet normal 0.0 0.0 0.0
  outer loop
    vertex 6.610077857971191 6.928732395172119 0.20096230506896973
    vertex 6.612208366394043 6.703920841217041 0.1141812801361084
    vertex 6.510119438171387 6.783911228179932 0.1141812801361084
  endloop
endfacet
facet normal 0.0 0.0 0.0
  outer loop
    vertex 6.610077857971191 6.928732395172119 0.20096230506896973
    vertex 6.510119438171387 6.783911228179932 0.1141812801361084
    vertex 6.480898857116699 7.0068230628967285 0.20096230506896973
  endloop
endfacet
facet normal 0.0 0.0 0.0
  outer loop
    vertex 6.480898857116699 7.0068230628967285 0.20096230506896973
    vertex 6.510119438171387 6.783911228179932 0.1141812801361084
    vertex 6.3991193771362305 6.8510003089904785 0.1141812801361084
  endloop
endfacet
facet normal 0.0 0.0 0.0
  outer loop
    vertex 6.480898857116699 7.0068230628967285 0.20096230506896973
    vertex 6.3991193771362305 6.8510003089904785 0.1141812801361084
    vertex 6.343258857727051 7.068769931793213 0.20096230506896973
  endloop
endfacet
facet normal 0.0 0.0 0.0
  outer loop
    vertex 6.343258857727051 7.068769931793213 0.20096230506896973
    vertex 6.3991193771362305 6.8510003089904785 0.1141812801361084
    vertex 6.280858039855957 6.90423059463501 0.1141812801361084
  endloop
endfacet
facet normal 0.0 0.0 0.0
  outer loop
    vertex 6.343258857727051 7.068769931793213 0.20096230506896973
    vertex 6.280858039855957 6.90423059463501 0.1141812801361084
    vertex 6.199149131774902 7.113680362701416 0.20096230506896973
  endloop
endfacet
facet normal 0.0 0.0 0.0
  outer loop
    vertex 6.199149131774902 7.113680362701416 0.20096230506896973
    vertex 6.280858039855957 6.90423059463501 0.1141812801361084
    vertex 6.157029151916504 6.942820072174072 0.1141812801361084
  endloop
endfacet
facet normal 0.0 0.0 0.0
  outer loop
    vertex 6.199149131774902 7.113680362701416 0.20096230506896973
    vertex 6.157029151916504 6.942820072174072 0.1141812801361084
    vertex 6.050667762756348 7.140890598297119 0.20096230506896973
  endloop
endfacet
facet normal 0.0 0.0 0.0
  outer loop
    vertex 6.050667762756348 7.140890598297119 0.20096230506896973
    vertex 6.157029151916504 6.942820072174072 0.1141812801361084
    vertex 6.029458045959473 6.966200351715088 0.1141812801361084
  endloop
endfacet
facet normal 0.0 0.0 0.0
  outer loop
    vertex 6.974028587341309 5.90000057220459 0.1141812801361084
    vertex 6.7882280349731445 5.90000057220459 0.05111122131347656
    vertex 6.966189384460449 6.029463768005371 0.1141812801361084
  endloop
endfacet
facet normal 0.0 0.0 0.0
  outer loop
    vertex 6.966189384460449 6.029463768005371 0.1141812801361084
    vertex 6.7882280349731445 5.90000057220459 0.05111122131347656
    vertex 6.7817487716674805 6.007071495056152 0.05111122131347656
  endloop
endfacet
facet normal 0.0 0.0 0.0
  outer loop
    vertex 6.966189384460449 6.029463768005371 0.1141812801361084
    vertex 6.7817487716674805 6.007071495056152 0.05111122131347656
    vertex 6.942818641662598 6.157031059265137 0.1141812801361084
  endloop
endfacet
facet normal 0.0 0.0 0.0
  outer loop
    vertex 6.942818641662598 6.157031059265137 0.1141812801361084
    vertex 6.7817487716674805 6.007071495056152 0.05111122131347656
    vertex 6.762417793273926 6.112570762634277 0.05111122131347656
  endloop
endfacet
facet normal 0.0 0.0 0.0
  outer loop
    vertex 6.942818641662598 6.157031059265137 0.1141812801361084
    vertex 6.762417793273926 6.112570762634277 0.05111122131347656
    vertex 6.904229164123535 6.2808637619018555 0.1141812801361084
  endloop
endfacet
facet normal 0.0 0.0 0.0
  outer loop
    vertex 6.904229164123535 6.2808637619018555 0.1141812801361084
    vertex 6.762417793273926 6.112570762634277 0.05111122131347656
    vertex 6.730507850646973 6.214972496032715 0.05111122131347656
  endloop
endfacet
facet normal 0.0 0.0 0.0
  outer loop
    vertex 6.904229164123535 6.2808637619018555 0.1141812801361084
    vertex 6.730507850646973 6.214972496032715 0.05111122131347656
    vertex 6.850998878479004 6.399130821228027 0.1141812801361084
  endloop
endfacet
facet normal 0.0 0.0 0.0
  outer loop
    vertex 6.850998878479004 6.399130821228027 0.1141812801361084
    vertex 6.730507850646973 6.214972496032715 0.05111122131347656
    vertex 6.686488151550293 6.31278133392334 0.05111122131347656
  endloop
endfacet
facet normal 0.0 0.0 0.0
  outer loop
    vertex 6.850998878479004 6.399130821228027 0.1141812801361084
    vertex 6.686488151550293 6.31278133392334 0.05111122131347656
    vertex 6.783907890319824 6.510123252868652 0.1141812801361084
  endloop
endfacet
facet normal 0.0 0.0 0.0
  outer loop
    vertex 6.783907890319824 6.510123252868652 0.1141812801361084
    vertex 6.686488151550293 6.31278133392334 0.05111122131347656
    vertex 6.630999565124512 6.404570579528809 0.05111122131347656
  endloop
endfacet
facet normal 0.0 0.0 0.0
  outer loop
    vertex 6.783907890319824 6.510123252868652 0.1141812801361084
    vertex 6.630999565124512 6.404570579528809 0.05111122131347656
    vertex 6.703919410705566 6.612212181091309 0.1141812801361084
  endloop
endfacet
facet normal 0.0 0.0 0.0
  outer loop
    vertex 6.703919410705566 6.612212181091309 0.1141812801361084
    vertex 6.630999565124512 6.404570579528809 0.05111122131347656
    vertex 6.564848899841309 6.489012718200684 0.05111122131347656
  endloop
endfacet
facet normal 0.0 0.0 0.0
  outer loop
    vertex 6.703919410705566 6.612212181091309 0.1141812801361084
    vertex 6.564848899841309 6.489012718200684 0.05111122131347656
    vertex 6.612208366394043 6.703920841217041 0.1141812801361084
  endloop
endfacet
facet normal 0.0 0.0 0.0
  outer loop
    vertex 6.612208366394043 6.703920841217041 0.1141812801361084
    vertex 6.564848899841309 6.489012718200684 0.05111122131347656
    vertex 6.489008903503418 6.564852714538574 0.05111122131347656
  endloop
endfacet
facet normal 0.0 0.0 0.0
  outer loop
    vertex 6.612208366394043 6.703920841217041 0.1141812801361084
    vertex 6.489008903503418 6.564852714538574 0.05111122131347656
    vertex 6.510119438171387 6.783911228179932 0.1141812801361084
  endloop
endfacet
facet normal 0.0 0.0 0.0
  outer loop
    vertex 6.510119438171387 6.783911228179932 0.1141812801361084
    vertex 6.489008903503418 6.564852714538574 0.05111122131347656
    vertex 6.404568672180176 6.631003379821777 0.05111122131347656
  endloop
endfacet
facet normal 0.0 0.0 0.0
  outer loop
    vertex 6.510119438171387 6.783911228179932 0.1141812801361084
    vertex 6.404568672180176 6.631003379821777 0.05111122131347656
    vertex 6.3991193771362305 6.8510003089904785 0.1141812801361084
  endloop
endfacet
facet normal 0.0 0.0 0.0
  outer loop
    vertex 6.3991193771362305 6.8510003089904785 0.1141812801361084
    vertex 6.404568672180176 6.631003379821777 0.05111122131347656
    vertex 6.312779426574707 6.6864914894104 0.05111122131347656
  endloop
endfacet
facet normal 0.0 0.0 0.0
  outer loop
    vertex 6.3991193771362305 6.8510003089904785 0.1141812801361084
    vertex 6.312779426574707 6.6864914894104 0.05111122131347656
    vertex 6.280858039855957 6.90423059463501 0.1141812801361084
  endloop
endfacet
facet normal 0.0 0.0 0.0
  outer loop
    vertex 6.280858039855957 6.90423059463501 0.1141812801361084
    vertex 6.312779426574707 6.6864914894104 0.05111122131347656
    vertex 6.214968681335449 6.730513095855713 0.05111122131347656
  endloop
endfacet
facet normal 0.0 0.0 0.0
  outer loop
    vertex 6.280858039855957 6.90423059463501 0.1141812801361084
    vertex 6.214968681335449 6.730513095855713 0.05111122131347656
    vertex 6.157029151916504 6.942820072174072 0.1141812801361084
  endloop
endfacet
facet normal 0.0 0.0 0.0
  outer loop
    vertex 6.157029151916504 6.942820072174072 0.1141812801361084
    vertex 6.214968681335449 6.730513095855713 0.05111122131347656
    vertex 6.1125688552856445 6.762423038482666 0.05111122131347656
  endloop
endfacet
facet normal 0.0 0.0 0.0
  outer loop
    vertex 6.157029151916504 6.942820072174072 0.1141812801361084
    vertex 6.1125688552856445 6.762423038482666 0.05111122131347656
    vertex 6.029458045959473 6.966200351715088 0.1141812801361084
  endloop
endfacet
facet normal 0.0 0.0 0.0
  outer loop
    vertex 6.029458045959473 6.966200351715088 0.1141812801361084
    vertex 6.1125688552856445 6.762423038482666 0.05111122131347656
    vertex 6.007058143615723 6.781752109527588 0.05111122131347656
  endloop
endfacet
facet normal 0.0 0.0 0.0
  outer loop
    vertex 6.7882280349731445 5.90000057220459 0.05111122131347656
    vertex 6.59578800201416 5.90000057220459 0.012833356857299805
    vertex 6.7817487716674805 6.007071495056152 0.05111122131347656
  endloop
endfacet
facet normal 0.0 0.0 0.0
  outer loop
    vertex 6.7817487716674805 6.007071495056152 0.05111122131347656
    vertex 6.59578800201416 5.90000057220459 0.012833356857299805
    vertex 6.5907182693481445 5.983870506286621 0.012833356857299805
  endloop
endfacet
facet normal 0.0 0.0 0.0
  outer loop
    vertex 6.7817487716674805 6.007071495056152 0.05111122131347656
    vertex 6.5907182693481445 5.983870506286621 0.012833356857299805
    vertex 6.762417793273926 6.112570762634277 0.05111122131347656
  endloop
endfacet
facet normal 0.0 0.0 0.0
  outer loop
    vertex 6.762417793273926 6.112570762634277 0.05111122131347656
    vertex 6.5907182693481445 5.983870506286621 0.012833356857299805
    vertex 6.575568199157715 6.066512107849121 0.012833356857299805
  endloop
endfacet
facet normal 0.0 0.0 0.0
  outer loop
    vertex 6.762417793273926 6.112570762634277 0.05111122131347656
    vertex 6.575568199157715 6.066512107849121 0.012833356857299805
    vertex 6.730507850646973 6.214972496032715 0.05111122131347656
  endloop
endfacet
facet normal 0.0 0.0 0.0
  outer loop
    vertex 6.730507850646973 6.214972496032715 0.05111122131347656
    vertex 6.575568199157715 6.066512107849121 0.012833356857299805
    vertex 6.550568580627441 6.146731376647949 0.012833356857299805
  endloop
endfacet
facet normal 0.0 0.0 0.0
  outer loop
    vertex 6.730507850646973 6.214972496032715 0.05111122131347656
    vertex 6.550568580627441 6.146731376647949 0.012833356857299805
    vertex 6.686488151550293 6.31278133392334 0.05111122131347656
  endloop
endfacet
facet normal 0.0 0.0 0.0
  outer loop
    vertex 6.686488151550293 6.31278133392334 0.05111122131347656
    vertex 6.550568580627441 6.146731376647949 0.012833356857299805
    vertex 6.51608943939209 6.223353385925293 0.012833356857299805
  endloop
endfacet
facet normal 0.0 0.0 0.0
  outer loop
    vertex 6.686488151550293 6.31278133392334 0.05111122131347656
    vertex 6.51608943939209 6.223353385925293 0.012833356857299805
    vertex 6.630999565124512 6.404570579528809 0.05111122131347656
  endloop
endfacet
facet normal 0.0 0.0 0.0
  outer loop
    vertex 6.630999565124512 6.404570579528809 0.05111122131347656
    vertex 6.51608943939209 6.223353385925293 0.012833356857299805
    vertex 6.47261905670166 6.295252799987793 0.012833356857299805
  endloop
endfacet
facet normal 0.0 0.0 0.0
  outer loop
    vertex 6.630999565124512 6.404570579528809 0.05111122131347656
    vertex 6.47261905670166 6.295252799987793 0.012833356857299805
    vertex 6.564848899841309 6.489012718200684 0.05111122131347656
  endloop
endfacet
facet normal 0.0 0.0 0.0
  outer loop
    vertex 6.564848899841309 6.489012718200684 0.05111122131347656
    vertex 6.47261905670166 6.295252799987793 0.012833356857299805
    vertex 6.420807838439941 6.361392021179199 0.012833356857299805
  endloop
endfacet
facet normal 0.0 0.0 0.0
  outer loop
    vertex 6.564848899841309 6.489012718200684 0.05111122131347656
    vertex 6.420807838439941 6.361392021179199 0.012833356857299805
    vertex 6.489008903503418 6.564852714538574 0.05111122131347656
  endloop
endfacet
facet normal 0.0 0.0 0.0
  outer loop
    vertex 6.489008903503418 6.564852714538574 0.05111122131347656
    vertex 6.420807838439941 6.361392021179199 0.012833356857299805
    vertex 6.361388206481934 6.42081356048584 0.012833356857299805
  endloop
endfacet
facet normal 0.0 0.0 0.0
  outer loop
    vertex 6.489008903503418 6.564852714538574 0.05111122131347656
    vertex 6.361388206481934 6.42081356048584 0.012833356857299805
    vertex 6.404568672180176 6.631003379821777 0.05111122131347656
  endloop
endfacet
facet normal 0.0 0.0 0.0
  outer loop
    vertex 6.404568672180176 6.631003379821777 0.05111122131347656
    vertex 6.361388206481934 6.42081356048584 0.012833356857299805
    vertex 6.295248985290527 6.472620964050293 0.012833356857299805
  endloop
endfacet
facet normal 0.0 0.0 0.0
  outer loop
    vertex 6.404568672180176 6.631003379821777 0.05111122131347656
    vertex 6.295248985290527 6.472620964050293 0.012833356857299805
    vertex 6.312779426574707 6.6864914894104 0.05111122131347656
  endloop
endfacet
facet normal 0.0 0.0 0.0
  outer loop
    vertex 6.312779426574707 6.6864914894104 0.05111122131347656
    vertex 6.295248985290527 6.472620964050293 0.012833356857299805
    vertex 6.223349571228027 6.5160932540893555 0.012833356857299805
  endloop
endfacet
facet normal 0.0 0.0 0.0
  outer loop
    vertex 6.312779426574707 6.6864914894104 0.05111122131347656
    vertex 6.223349571228027 6.5160932540893555 0.012833356857299805
    vertex 6.214968681335449 6.730513095855713 0.05111122131347656
  endloop
endfacet
facet normal 0.0 0.0 0.0
  outer loop
    vertex 6.214968681335449 6.730513095855713 0.05111122131347656
    vertex 6.223349571228027 6.5160932540893555 0.012833356857299805
    vertex 6.146729469299316 6.550581932067871 0.012833356857299805
  endloop
endfacet
facet normal 0.0 0.0 0.0
  outer loop
    vertex 6.214968681335449 6.730513095855713 0.05111122131347656
    vertex 6.146729469299316 6.550581932067871 0.012833356857299805
    vertex 6.1125688552856445 6.762423038482666 0.05111122131347656
  endloop
endfacet
facet normal 0.0 0.0 0.0
  outer loop
    vertex 6.1125688552856445 6.762423038482666 0.05111122131347656
    vertex 6.146729469299316 6.550581932067871 0.012833356857299805
    vertex 6.0665082931518555 6.5755720138549805 0.012833356857299805
  endloop
endfacet
facet normal 0.0 0.0 0.0
  outer loop
    vertex 6.1125688552856445 6.762423038482666 0.05111122131347656
    vertex 6.0665082931518555 6.5755720138549805 0.012833356857299805
    vertex 6.007058143615723 6.781752109527588 0.05111122131347656
  endloop
endfacet
facet normal 0.0 0.0 0.0
  outer loop
    vertex 6.007058143615723 6.781752109527588 0.05111122131347656
    vertex 6.0665082931518555 6.5755720138549805 0.012833356857299805
    vertex 5.983868598937988 6.590723991394043 0.012833356857299805
  endloop
endfacet
facet normal 0.0 0.0 0.0
  outer loop
    vertex 6.59578800201416 5.90000057220459 0.012833356857299805
    vertex 6.399998664855957 5.90000057220459 2.384185791015625e-07
    vertex 6.5907182693481445 5.983870506286621 0.012833356857299805
  endloop
endfacet
facet normal 0.0 0.0 0.0
  outer loop
    vertex 6.5907182693481445 5.983870506286621 0.012833356857299805
    vertex 6.399998664855957 5.90000057220459 2.384185791015625e-07
    vertex 6.387457847595215 6.011263847351074 2.384185791015625e-07
  endloop
endfacet
facet normal 0.0 0.0 0.0
  outer loop
    vertex 6.5907182693481445 5.983870506286621 0.012833356857299805
    vertex 6.387457847595215 6.011263847351074 2.384185791015625e-07
    vertex 6.575568199157715 6.066512107849121 0.012833356857299805
  endloop
endfacet
facet normal 0.0 0.0 0.0
  outer loop
    vertex 6.575568199157715 6.066512107849121 0.012833356857299805
    vertex 6.387457847595215 6.011263847351074 2.384185791015625e-07
    vertex 6.550568580627441 6.146731376647949 0.012833356857299805
  endloop
endfacet
facet normal 0.0 0.0 0.0
  outer loop
    vertex 6.387457847595215 6.011263847351074 2.384185791015625e-07
    vertex 6.350489616394043 6.116942405700684 2.384185791015625e-07
    vertex 6.550568580627441 6.146731376647949 0.012833356857299805
  endloop
endfacet
facet normal 0.0 0.0 0.0
  outer loop
    vertex 6.550568580627441 6.146731376647949 0.012833356857299805
    vertex 6.350489616394043 6.116942405700684 2.384185791015625e-07
    vertex 6.51608943939209 6.223353385925293 0.012833356857299805
  endloop
endfacet
facet normal 0.0 0.0 0.0
  outer loop
    vertex 6.51608943939209 6.223353385925293 0.012833356857299805
    vertex 6.350489616394043 6.116942405700684 2.384185791015625e-07
    vertex 6.47261905670166 6.295252799987793 0.012833356857299805
  endloop
endfacet
facet normal 0.0 0.0 0.0
  outer loop
    vertex 6.47261905670166 6.295252799987793 0.012833356857299805
    vertex 6.350489616394043 6.116942405700684 2.384185791015625e-07
    vertex 6.290919303894043 6.211752891540527 2.384185791015625e-07
  endloop
endfacet
facet normal 0.0 0.0 0.0
  outer loop
    vertex 6.47261905670166 6.295252799987793 0.012833356857299805
    vertex 6.290919303894043 6.211752891540527 2.384185791015625e-07
    vertex 6.420807838439941 6.361392021179199 0.012833356857299805
  endloop
endfacet
facet normal 0.0 0.0 0.0
  outer loop
    vertex 6.420807838439941 6.361392021179199 0.012833356857299805
    vertex 6.290919303894043 6.211752891540527 2.384185791015625e-07
    vertex 6.211749076843262 6.290923118591309 2.384185791015625e-07
  endloop
endfacet
facet normal 0.0 0.0 0.0
  outer loop
    vertex 6.420807838439941 6.361392021179199 0.012833356857299805
    vertex 6.211749076843262 6.290923118591309 2.384185791015625e-07
    vertex 6.361388206481934 6.42081356048584 0.012833356857299805
  endloop
endfacet
facet normal 0.0 0.0 0.0
  outer loop
    vertex 6.361388206481934 6.42081356048584 0.012833356857299805
    vertex 6.211749076843262 6.290923118591309 2.384185791015625e-07
    vertex 6.295248985290527 6.472620964050293 0.012833356857299805
  endloop
endfacet
facet normal 0.0 0.0 0.0
  outer loop
    vertex 6.211749076843262 6.290923118591309 2.384185791015625e-07
    vertex 6.116938591003418 6.350493431091309 2.384185791015625e-07
    vertex 6.295248985290527 6.472620964050293 0.012833356857299805
  endloop
endfacet
facet normal 0.0 0.0 0.0
  outer loop
    vertex 6.295248985290527 6.472620964050293 0.012833356857299805
    vertex 6.116938591003418 6.350493431091309 2.384185791015625e-07
    vertex 6.223349571228027 6.5160932540893555 0.012833356857299805
  endloop
endfacet
facet normal 0.0 0.0 0.0
  outer loop
    vertex 6.223349571228027 6.5160932540893555 0.012833356857299805
    vertex 6.116938591003418 6.350493431091309 2.384185791015625e-07
    vertex 6.146729469299316 6.550581932067871 0.012833356857299805
  endloop
endfacet
facet normal 0.0 0.0 0.0
  outer loop
    vertex 6.146729469299316 6.550581932067871 0.012833356857299805
    vertex 6.116938591003418 6.350493431091309 2.384185791015625e-07
    vertex 6.011258125305176 6.3874616622924805 2.384185791015625e-07
  endloop
endfacet
facet normal 0.0 0.0 0.0
  outer loop
    vertex 6.146729469299316 6.550581932067871 0.012833356857299805
    vertex 6.011258125305176 6.3874616622924805 2.384185791015625e-07
    vertex 6.0665082931518555 6.5755720138549805 0.012833356857299805
  endloop
endfacet
facet normal 0.0 0.0 0.0
  outer loop
    vertex 6.0665082931518555 6.5755720138549805 0.012833356857299805
    vertex 6.011258125305176 6.3874616622924805 2.384185791015625e-07
    vertex 5.983868598937988 6.590723991394043 0.012833356857299805
  endloop
endfacet
facet normal 0.0 0.0 0.0
  outer loop
    vertex -5.800002098083496 6.595793724060059 0.012833356857299805
    vertex -1.900000810623169 6.595793724060059 0.012833356857299805
    vertex -5.800002098083496 6.40000057220459 2.384185791015625e-07
  endloop
endfacet
facet normal 0.0 0.0 0.0
  outer loop
    vertex -5.800002098083496 6.40000057220459 2.384185791015625e-07
    vertex -1.900000810623169 6.595793724060059 0.012833356857299805
    vertex 1.9999969005584717 6.595793724060059 0.012833356857299805
  endloop
endfacet
facet normal 0.0 0.0 0.0
  outer loop
    vertex -5.800002098083496 6.40000057220459 2.384185791015625e-07
    vertex 1.9999969005584717 6.595793724060059 0.012833356857299805
    vertex 5.899998664855957 6.40000057220459 2.384185791015625e-07
  endloop
endfacet
facet normal 0.0 0.0 0.0
  outer loop
    vertex 5.899998664855957 6.40000057220459 2.384185791015625e-07
    vertex 1.9999969005584717 6.595793724060059 0.012833356857299805
    vertex 5.899998664855957 6.595793724060059 0.012833356857299805
  endloop
endfacet
facet normal 0.0 0.0 0.0
  outer loop
    vertex 5.899998664855957 6.595793724060059 0.012833356857299805
    vertex 1.9999969005584717 6.595793724060059 0.012833356857299805
    vertex 5.899998664855957 6.788233280181885 0.05111122131347656
  endloop
endfacet
facet normal 0.0 0.0 0.0
  outer loop
    vertex 5.899998664855957 6.788233280181885 0.05111122131347656
    vertex 1.9999969005584717 6.595793724060059 0.012833356857299805
    vertex 1.9999969005584717 6.788233280181885 0.05111122131347656
  endloop
endfacet
facet normal 0.0 0.0 0.0
  outer loop
    vertex 5.899998664855957 6.788233280181885 0.05111122131347656
    vertex 1.9999969005584717 6.788233280181885 0.05111122131347656
    vertex 5.899998664855957 6.974031925201416 0.1141812801361084
  endloop
endfacet
facet normal 0.0 0.0 0.0
  outer loop
    vertex 5.899998664855957 6.974031925201416 0.1141812801361084
    vertex 1.9999969005584717 6.788233280181885 0.05111122131347656
    vertex 1.9999969005584717 6.974031925201416 0.1141812801361084
  endloop
endfacet
facet normal 0.0 0.0 0.0
  outer loop
    vertex 5.899998664855957 6.974031925201416 0.1141812801361084
    vertex 1.9999969005584717 6.974031925201416 0.1141812801361084
    vertex 5.899998664855957 7.150000095367432 0.20096230506896973
  endloop
endfacet
facet normal 0.0 0.0 0.0
  outer loop
    vertex 5.899998664855957 7.150000095367432 0.20096230506896973
    vertex 1.9999969005584717 6.974031925201416 0.1141812801361084
    vertex 1.9999969005584717 7.150000095367432 0.20096230506896973
  endloop
endfacet
facet normal 0.0 0.0 0.0
  outer loop
    vertex 5.899998664855957 7.150000095367432 0.20096230506896973
    vertex 1.9999969005584717 7.150000095367432 0.20096230506896973
    vertex 5.899998664855957 7.313143253326416 0.3099701404571533
  endloop
endfacet
facet normal 0.0 0.0 0.0
  outer loop
    vertex 5.899998664855957 7.313143253326416 0.3099701404571533
    vertex 1.9999969005584717 7.150000095367432 0.20096230506896973
    vertex 1.9999969005584717 7.313143253326416 0.3099701404571533
  endloop
endfacet
facet normal 0.0 0.0 0.0
  outer loop
    vertex 5.899998664855957 7.313143253326416 0.3099701404571533
    vertex 1.9999969005584717 7.313143253326416 0.3099701404571533
    vertex 5.899998664855957 7.4606614112854 0.43934035301208496
  endloop
endfacet
facet normal 0.0 0.0 0.0
  outer loop
    vertex 5.899998664855957 7.4606614112854 0.43934035301208496
    vertex 1.9999969005584717 7.313143253326416 0.3099701404571533
    vertex 1.9999969005584717 7.4606614112854 0.43934035301208496
  endloop
endfacet
facet normal 0.0 0.0 0.0
  outer loop
    vertex 5.899998664855957 7.4606614112854 0.43934035301208496
    vertex 1.9999969005584717 7.4606614112854 0.43934035301208496
    vertex 5.899998664855957 7.590033054351807 0.5868582725524902
  endloop
endfacet
facet normal 0.0 0.0 0.0
  outer loop
    vertex 5.899998664855957 7.590033054351807 0.5868582725524902
    vertex 1.9999969005584717 7.4606614112854 0.43934035301208496
    vertex 1.9999969005584717 7.590033054351807 0.5868582725524902
  endloop
endfacet
facet normal 0.0 0.0 0.0
  outer loop
    vertex 5.899998664855957 7.590033054351807 0.5868582725524902
    vertex 1.9999969005584717 7.590033054351807 0.5868582725524902
    vertex 5.899998664855957 7.699041843414307 0.7500002384185791
  endloop
endfacet
facet normal 0.0 0.0 0.0
  outer loop
    vertex 5.899998664855957 7.699041843414307 0.7500002384185791
    vertex 1.9999969005584717 7.590033054351807 0.5868582725524902
    vertex 1.9999969005584717 7.699041843414307 0.7500002384185791
  endloop
endfacet
facet normal 0.0 0.0 0.0
  outer loop
    vertex 5.899998664855957 7.699041843414307 0.7500002384185791
    vertex 1.9999969005584717 7.699041843414307 0.7500002384185791
    vertex 5.899998664855957 7.78582239151001 0.9259750843048096
  endloop
endfacet
facet normal 0.0 0.0 0.0
  outer loop
    vertex 5.899998664855957 7.78582239151001 0.9259750843048096
    vertex 1.9999969005584717 7.699041843414307 0.7500002384185791
    vertex 1.9999969005584717 7.78582239151001 0.9259750843048096
  endloop
endfacet
facet normal 0.0 0.0 0.0
  outer loop
    vertex 5.899998664855957 7.78582239151001 0.9259750843048096
    vertex 1.9999969005584717 7.78582239151001 0.9259750843048096
    vertex 5.899998664855957 7.848890781402588 1.111771583557129
  endloop
endfacet
facet normal 0.0 0.0 0.0
  outer loop
    vertex 5.899998664855957 7.848890781402588 1.111771583557129
    vertex 1.9999969005584717 7.78582239151001 0.9259750843048096
    vertex 1.9999969005584717 7.848890781402588 1.111771583557129
  endloop
endfacet
facet normal 0.0 0.0 0.0
  outer loop
    vertex 5.899998664855957 7.848890781402588 1.111771583557129
    vertex 1.9999969005584717 7.848890781402588 1.111771583557129
    vertex 5.899998664855957 7.887171268463135 1.304210901260376
  endloop
endfacet
facet normal 0.0 0.0 0.0
  outer loop
    vertex 5.899998664855957 7.887171268463135 1.304210901260376
    vertex 1.9999969005584717 7.848890781402588 1.111771583557129
    vertex 1.9999969005584717 7.887171268463135 1.304210901260376
  endloop
endfacet
facet normal 0.0 0.0 0.0
  outer loop
    vertex 5.899998664855957 7.887171268463135 1.304210901260376
    vertex 1.9999969005584717 7.887171268463135 1.304210901260376
    vertex 5.899998664855957 7.900000095367432 1.5000001192092896
  endloop
endfacet
facet normal 0.0 0.0 0.0
  outer loop
    vertex 5.899998664855957 7.900000095367432 1.5000001192092896
    vertex 1.9999969005584717 7.887171268463135 1.304210901260376
    vertex -1.900000810623169 7.887171268463135 1.304210901260376
  endloop
endfacet
facet normal 0.0 0.0 0.0
  outer loop
    vertex 5.899998664855957 7.900000095367432 1.5000001192092896
    vertex -1.900000810623169 7.887171268463135 1.304210901260376
    vertex -5.800002098083496 7.900000095367432 1.5000001192092896
  endloop
endfacet
facet normal 0.0 0.0 0.0
  outer loop
    vertex -5.800002098083496 7.900000095367432 1.5000001192092896
    vertex -1.900000810623169 7.887171268463135 1.304210901260376
    vertex -5.800002098083496 7.887171268463135 1.304210901260376
  endloop
endfacet
facet normal 0.0 0.0 0.0
  outer loop
    vertex -5.800002098083496 7.887171268463135 1.304210901260376
    vertex -1.900000810623169 7.887171268463135 1.304210901260376
    vertex -5.800002098083496 7.848890781402588 1.111771583557129
  endloop
endfacet
facet normal 0.0 0.0 0.0
  outer loop
    vertex -5.800002098083496 7.848890781402588 1.111771583557129
    vertex -1.900000810623169 7.887171268463135 1.304210901260376
    vertex -1.900000810623169 7.848890781402588 1.111771583557129
  endloop
endfacet
facet normal 0.0 0.0 0.0
  outer loop
    vertex -5.800002098083496 7.848890781402588 1.111771583557129
    vertex -1.900000810623169 7.848890781402588 1.111771583557129
    vertex -5.800002098083496 7.78582239151001 0.9259750843048096
  endloop
endfacet
facet normal 0.0 0.0 0.0
  outer loop
    vertex -5.800002098083496 7.78582239151001 0.9259750843048096
    vertex -1.900000810623169 7.848890781402588 1.111771583557129
    vertex -1.900000810623169 7.78582239151001 0.9259750843048096
  endloop
endfacet
facet normal 0.0 0.0 0.0
  outer loop
    vertex -5.800002098083496 7.78582239151001 0.9259750843048096
    vertex -1.900000810623169 7.78582239151001 0.9259750843048096
    vertex -5.800002098083496 7.699041843414307 0.7500002384185791
  endloop
endfacet
facet normal 0.0 0.0 0.0
  outer loop
    vertex -5.800002098083496 7.699041843414307 0.7500002384185791
    vertex -1.900000810623169 7.78582239151001 0.9259750843048096
    vertex -1.900000810623169 7.699041843414307 0.7500002384185791
  endloop
endfacet
facet normal 0.0 0.0 0.0
  outer loop
    vertex -5.800002098083496 7.699041843414307 0.7500002384185791
    vertex -1.900000810623169 7.699041843414307 0.7500002384185791
    vertex -5.800002098083496 7.590033054351807 0.5868582725524902
  endloop
endfacet
facet normal 0.0 0.0 0.0
  outer loop
    vertex -5.800002098083496 7.590033054351807 0.5868582725524902
    vertex -1.900000810623169 7.699041843414307 0.7500002384185791
    vertex -1.900000810623169 7.590033054351807 0.5868582725524902
  endloop
endfacet
facet normal 0.0 0.0 0.0
  outer loop
    vertex -5.800002098083496 7.590033054351807 0.5868582725524902
    vertex -1.900000810623169 7.590033054351807 0.5868582725524902
    vertex -5.800002098083496 7.4606614112854 0.43934035301208496
  endloop
endfacet
facet normal 0.0 0.0 0.0
  outer loop
    vertex -5.800002098083496 7.4606614112854 0.43934035301208496
    vertex -1.900000810623169 7.590033054351807 0.5868582725524902
    vertex -1.900000810623169 7.4606614112854 0.43934035301208496
  endloop
endfacet
facet normal 0.0 0.0 0.0
  outer loop
    vertex -5.800002098083496 7.4606614112854 0.43934035301208496
    vertex -1.900000810623169 7.4606614112854 0.43934035301208496
    vertex -5.800002098083496 7.313143253326416 0.3099701404571533
  endloop
endfacet
facet normal 0.0 0.0 0.0
  outer loop
    vertex -5.800002098083496 7.313143253326416 0.3099701404571533
    vertex -1.900000810623169 7.4606614112854 0.43934035301208496
    vertex -1.900000810623169 7.313143253326416 0.3099701404571533
  endloop
endfacet
facet normal 0.0 0.0 0.0
  outer loop
    vertex -5.800002098083496 7.313143253326416 0.3099701404571533
    vertex -1.900000810623169 7.313143253326416 0.3099701404571533
    vertex -5.800002098083496 7.150000095367432 0.20096230506896973
  endloop
endfacet
facet normal 0.0 0.0 0.0
  outer loop
    vertex -5.800002098083496 7.150000095367432 0.20096230506896973
    vertex -1.900000810623169 7.313143253326416 0.3099701404571533
    vertex -1.900000810623169 7.150000095367432 0.20096230506896973
  endloop
endfacet
facet normal 0.0 0.0 0.0
  outer loop
    vertex -5.800002098083496 7.150000095367432 0.20096230506896973
    vertex -1.900000810623169 7.150000095367432 0.20096230506896973
    vertex -5.800002098083496 6.974031925201416 0.1141812801361084
  endloop
endfacet
facet normal 0.0 0.0 0.0
  outer loop
    vertex -5.800002098083496 6.974031925201416 0.1141812801361084
    vertex -1.900000810623169 7.150000095367432 0.20096230506896973
    vertex -1.900000810623169 6.974031925201416 0.1141812801361084
  endloop
endfacet
facet normal 0.0 0.0 0.0
  outer loop
    vertex -5.800002098083496 6.974031925201416 0.1141812801361084
    vertex -1.900000810623169 6.974031925201416 0.1141812801361084
    vertex -5.800002098083496 6.788233280181885 0.05111122131347656
  endloop
endfacet
facet normal 0.0 0.0 0.0
  outer loop
    vertex -5.800002098083496 6.788233280181885 0.05111122131347656
    vertex -1.900000810623169 6.974031925201416 0.1141812801361084
    vertex -1.900000810623169 6.788233280181885 0.05111122131347656
  endloop
endfacet
facet normal 0.0 0.0 0.0
  outer loop
    vertex -5.800002098083496 6.788233280181885 0.05111122131347656
    vertex -1.900000810623169 6.788233280181885 0.05111122131347656
    vertex -5.800002098083496 6.595793724060059 0.012833356857299805
  endloop
endfacet
facet normal 0.0 0.0 0.0
  outer loop
    vertex -5.800002098083496 6.595793724060059 0.012833356857299805
    vertex -1.900000810623169 6.788233280181885 0.05111122131347656
    vertex -1.900000810623169 6.595793724060059 0.012833356857299805
  endloop
endfacet
facet normal 0.0 0.0 0.0
  outer loop
    vertex 1.9999969005584717 6.788233280181885 0.05111122131347656
    vertex 1.9999969005584717 6.595793724060059 0.012833356857299805
    vertex -1.900000810623169 6.595793724060059 0.012833356857299805
  endloop
endfacet
facet normal 0.0 0.0 0.0
  outer loop
    vertex 1.9999969005584717 6.788233280181885 0.05111122131347656
    vertex -1.900000810623169 6.595793724060059 0.012833356857299805
    vertex -1.900000810623169 6.788233280181885 0.05111122131347656
  endloop
endfacet
facet normal 0.0 0.0 0.0
  outer loop
    vertex 1.9999969005584717 6.974031925201416 0.1141812801361084
    vertex 1.9999969005584717 6.788233280181885 0.05111122131347656
    vertex -1.900000810623169 6.788233280181885 0.05111122131347656
  endloop
endfacet
facet normal 0.0 0.0 0.0
  outer loop
    vertex 1.9999969005584717 6.974031925201416 0.1141812801361084
    vertex -1.900000810623169 6.788233280181885 0.05111122131347656
    vertex -1.900000810623169 6.974031925201416 0.1141812801361084
  endloop
endfacet
facet normal 0.0 0.0 0.0
  outer loop
    vertex 1.9999969005584717 7.150000095367432 0.20096230506896973
    vertex 1.9999969005584717 6.974031925201416 0.1141812801361084
    vertex -1.900000810623169 6.974031925201416 0.1141812801361084
  endloop
endfacet
facet normal 0.0 0.0 0.0
  outer loop
    vertex 1.9999969005584717 7.150000095367432 0.20096230506896973
    vertex -1.900000810623169 6.974031925201416 0.1141812801361084
    vertex -1.900000810623169 7.150000095367432 0.20096230506896973
  endloop
endfacet
facet normal 0.0 0.0 0.0
  outer loop
    vertex 1.9999969005584717 7.313143253326416 0.3099701404571533
    vertex 1.9999969005584717 7.150000095367432 0.20096230506896973
    vertex -1.900000810623169 7.150000095367432 0.20096230506896973
  endloop
endfacet
facet normal 0.0 0.0 0.0
  outer loop
    vertex 1.9999969005584717 7.313143253326416 0.3099701404571533
    vertex -1.900000810623169 7.150000095367432 0.20096230506896973
    vertex -1.900000810623169 7.313143253326416 0.3099701404571533
  endloop
endfacet
facet normal 0.0 0.0 0.0
  outer loop
    vertex 1.9999969005584717 7.4606614112854 0.43934035301208496
    vertex 1.9999969005584717 7.313143253326416 0.3099701404571533
    vertex -1.900000810623169 7.313143253326416 0.3099701404571533
  endloop
endfacet
facet normal 0.0 0.0 0.0
  outer loop
    vertex 1.9999969005584717 7.4606614112854 0.43934035301208496
    vertex -1.900000810623169 7.313143253326416 0.3099701404571533
    vertex -1.900000810623169 7.4606614112854 0.43934035301208496
  endloop
endfacet
facet normal 0.0 0.0 0.0
  outer loop
    vertex 1.9999969005584717 7.590033054351807 0.5868582725524902
    vertex 1.9999969005584717 7.4606614112854 0.43934035301208496
    vertex -1.900000810623169 7.4606614112854 0.43934035301208496
  endloop
endfacet
facet normal 0.0 0.0 0.0
  outer loop
    vertex 1.9999969005584717 7.590033054351807 0.5868582725524902
    vertex -1.900000810623169 7.4606614112854 0.43934035301208496
    vertex -1.900000810623169 7.590033054351807 0.5868582725524902
  endloop
endfacet
facet normal 0.0 0.0 0.0
  outer loop
    vertex 1.9999969005584717 7.699041843414307 0.7500002384185791
    vertex 1.9999969005584717 7.590033054351807 0.5868582725524902
    vertex -1.900000810623169 7.590033054351807 0.5868582725524902
  endloop
endfacet
facet normal 0.0 0.0 0.0
  outer loop
    vertex 1.9999969005584717 7.699041843414307 0.7500002384185791
    vertex -1.900000810623169 7.590033054351807 0.5868582725524902
    vertex -1.900000810623169 7.699041843414307 0.7500002384185791
  endloop
endfacet
facet normal 0.0 0.0 0.0
  outer loop
    vertex 1.9999969005584717 7.78582239151001 0.9259750843048096
    vertex 1.9999969005584717 7.699041843414307 0.7500002384185791
    vertex -1.900000810623169 7.699041843414307 0.7500002384185791
  endloop
endfacet
facet normal 0.0 0.0 0.0
  outer loop
    vertex 1.9999969005584717 7.78582239151001 0.9259750843048096
    vertex -1.900000810623169 7.699041843414307 0.7500002384185791
    vertex -1.900000810623169 7.78582239151001 0.9259750843048096
  endloop
endfacet
facet normal 0.0 0.0 0.0
  outer loop
    vertex 1.9999969005584717 7.848890781402588 1.111771583557129
    vertex 1.9999969005584717 7.78582239151001 0.9259750843048096
    vertex -1.900000810623169 7.78582239151001 0.9259750843048096
  endloop
endfacet
facet normal 0.0 0.0 0.0
  outer loop
    vertex 1.9999969005584717 7.848890781402588 1.111771583557129
    vertex -1.900000810623169 7.78582239151001 0.9259750843048096
    vertex -1.900000810623169 7.848890781402588 1.111771583557129
  endloop
endfacet
facet normal 0.0 0.0 0.0
  outer loop
    vertex 1.9999969005584717 7.887171268463135 1.304210901260376
    vertex 1.9999969005584717 7.848890781402588 1.111771583557129
    vertex -1.900000810623169 7.848890781402588 1.111771583557129
  endloop
endfacet
facet normal 0.0 0.0 0.0
  outer loop
    vertex 1.9999969005584717 7.887171268463135 1.304210901260376
    vertex -1.900000810623169 7.848890781402588 1.111771583557129
    vertex -1.900000810623169 7.887171268463135 1.304210901260376
  endloop
endfacet
facet normal 0.0 0.0 0.0
  outer loop
    vertex -6.287463188171387 6.011263847351074 2.384185791015625e-07
    vertex -6.300002098083496 5.90000057220459 2.384185791015625e-07
    vertex -6.490721702575684 5.983870506286621 0.012833356857299805
  endloop
endfacet
facet normal 0.0 0.0 0.0
  outer loop
    vertex -6.490721702575684 5.983870506286621 0.012833356857299805
    vertex -6.300002098083496 5.90000057220459 2.384185791015625e-07
    vertex -6.495791435241699 5.90000057220459 0.012833356857299805
  endloop
endfacet
facet normal 0.0 0.0 0.0
  outer loop
    vertex -6.490721702575684 5.983870506286621 0.012833356857299805
    vertex -6.495791435241699 5.90000057220459 0.012833356857299805
    vertex -6.688231468200684 5.90000057220459 0.05111122131347656
  endloop
endfacet
facet normal 0.0 0.0 0.0
  outer loop
    vertex -6.490721702575684 5.983870506286621 0.012833356857299805
    vertex -6.688231468200684 5.90000057220459 0.05111122131347656
    vertex -6.681750297546387 6.007071495056152 0.05111122131347656
  endloop
endfacet
facet normal 0.0 0.0 0.0
  outer loop
    vertex -6.681750297546387 6.007071495056152 0.05111122131347656
    vertex -6.688231468200684 5.90000057220459 0.05111122131347656
    vertex -6.874022483825684 5.90000057220459 0.1141812801361084
  endloop
endfacet
facet normal 0.0 0.0 0.0
  outer loop
    vertex -6.681750297546387 6.007071495056152 0.05111122131347656
    vertex -6.874022483825684 5.90000057220459 0.1141812801361084
    vertex -6.8661909103393555 6.029463768005371 0.1141812801361084
  endloop
endfacet
facet normal 0.0 0.0 0.0
  outer loop
    vertex -6.8661909103393555 6.029463768005371 0.1141812801361084
    vertex -6.874022483825684 5.90000057220459 0.1141812801361084
    vertex -7.050002098083496 5.90000057220459 0.20096230506896973
  endloop
endfacet
facet normal 0.0 0.0 0.0
  outer loop
    vertex -6.8661909103393555 6.029463768005371 0.1141812801361084
    vertex -7.050002098083496 5.90000057220459 0.20096230506896973
    vertex -7.040892601013184 6.050673484802246 0.20096230506896973
  endloop
endfacet
facet normal 0.0 0.0 0.0
  outer loop
    vertex -7.040892601013184 6.050673484802246 0.20096230506896973
    vertex -7.050002098083496 5.90000057220459 0.20096230506896973
    vertex -7.213141441345215 5.90000057220459 0.3099701404571533
  endloop
endfacet
facet normal 0.0 0.0 0.0
  outer loop
    vertex -7.040892601013184 6.050673484802246 0.20096230506896973
    vertex -7.213141441345215 5.90000057220459 0.3099701404571533
    vertex -7.202841758728027 6.070342063903809 0.3099701404571533
  endloop
endfacet
facet normal 0.0 0.0 0.0
  outer loop
    vertex -7.202841758728027 6.070342063903809 0.3099701404571533
    vertex -7.213141441345215 5.90000057220459 0.3099701404571533
    vertex -7.360659599304199 5.90000057220459 0.43934035301208496
  endloop
endfacet
facet normal 0.0 0.0 0.0
  outer loop
    vertex -7.202841758728027 6.070342063903809 0.3099701404571533
    vertex -7.360659599304199 5.90000057220459 0.43934035301208496
    vertex -7.34928035736084 6.088122367858887 0.43934035301208496
  endloop
endfacet
facet normal 0.0 0.0 0.0
  outer loop
    vertex -7.34928035736084 6.088122367858887 0.43934035301208496
    vertex -7.360659599304199 5.90000057220459 0.43934035301208496
    vertex -7.4900312423706055 5.90000057220459 0.5868582725524902
  endloop
endfacet
facet normal 0.0 0.0 0.0
  outer loop
    vertex -7.34928035736084 6.088122367858887 0.43934035301208496
    vertex -7.4900312423706055 5.90000057220459 0.5868582725524902
    vertex -7.477709770202637 6.103713035583496 0.5868582725524902
  endloop
endfacet
facet normal 0.0 0.0 0.0
  outer loop
    vertex -7.477709770202637 6.103713035583496 0.5868582725524902
    vertex -7.4900312423706055 5.90000057220459 0.5868582725524902
    vertex -7.5990400314331055 5.90000057220459 0.7500002384185791
  endloop
endfacet
facet normal 0.0 0.0 0.0
  outer loop
    vertex -7.477709770202637 6.103713035583496 0.5868582725524902
    vertex -7.5990400314331055 5.90000057220459 0.7500002384185791
    vertex -7.585921287536621 6.116850852966309 0.7500002384185791
  endloop
endfacet
facet normal 0.0 0.0 0.0
  outer loop
    vertex -7.585921287536621 6.116850852966309 0.7500002384185791
    vertex -7.5990400314331055 5.90000057220459 0.7500002384185791
    vertex -7.685820579528809 5.90000057220459 0.9259750843048096
  endloop
endfacet
facet normal 0.0 0.0 0.0
  outer loop
    vertex -7.585921287536621 6.116850852966309 0.7500002384185791
    vertex -7.685820579528809 5.90000057220459 0.9259750843048096
    vertex -7.672072410583496 6.127310752868652 0.9259750843048096
  endloop
endfacet
facet normal 0.0 0.0 0.0
  outer loop
    vertex -7.672072410583496 6.127310752868652 0.9259750843048096
    vertex -7.685820579528809 5.90000057220459 0.9259750843048096
    vertex -7.748892784118652 5.90000057220459 1.1117714643478394
  endloop
endfacet
facet normal 0.0 0.0 0.0
  outer loop
    vertex -7.672072410583496 6.127310752868652 0.9259750843048096
    vertex -7.748892784118652 5.90000057220459 1.1117714643478394
    vertex -7.734683036804199 6.134913444519043 1.1117714643478394
  endloop
endfacet
facet normal 0.0 0.0 0.0
  outer loop
    vertex -7.734683036804199 6.134913444519043 1.1117714643478394
    vertex -7.748892784118652 5.90000057220459 1.1117714643478394
    vertex -7.787169456481934 5.90000057220459 1.3042107820510864
  endloop
endfacet
facet normal 0.0 0.0 0.0
  outer loop
    vertex -7.734683036804199 6.134913444519043 1.1117714643478394
    vertex -7.787169456481934 5.90000057220459 1.3042107820510864
    vertex -7.77268123626709 6.139533042907715 1.3042107820510864
  endloop
endfacet
facet normal 0.0 0.0 0.0
  outer loop
    vertex -7.77268123626709 6.139533042907715 1.3042107820510864
    vertex -7.787169456481934 5.90000057220459 1.3042107820510864
    vertex -7.800002098083496 5.90000057220459 1.5
  endloop
endfacet
facet normal 0.0 0.0 0.0
  outer loop
    vertex -7.77268123626709 6.139533042907715 1.3042107820510864
    vertex -7.800002098083496 5.90000057220459 1.5
    vertex -7.785422325134277 6.141070365905762 1.5
  endloop
endfacet
facet normal 0.0 0.0 0.0
  outer loop
    vertex -7.77268123626709 6.139533042907715 1.3042107820510864
    vertex -7.785422325134277 6.141070365905762 1.5
    vertex -7.729422569274902 6.375563621520996 1.3042107820510864
  endloop
endfacet
facet normal 0.0 0.0 0.0
  outer loop
    vertex -7.729422569274902 6.375563621520996 1.3042107820510864
    vertex -7.785422325134277 6.141070365905762 1.5
    vertex -7.741881370544434 6.378630638122559 1.5
  endloop
endfacet
facet normal 0.0 0.0 0.0
  outer loop
    vertex -7.729422569274902 6.375563621520996 1.3042107820510864
    vertex -7.741881370544434 6.378630638122559 1.5
    vertex -7.6580305099487305 6.604662895202637 1.3042107820510864
  endloop
endfacet
facet normal 0.0 0.0 0.0
  outer loop
    vertex -7.6580305099487305 6.604662895202637 1.3042107820510864
    vertex -7.741881370544434 6.378630638122559 1.5
    vertex -7.670031547546387 6.609213829040527 1.5
  endloop
endfacet
facet normal 0.0 0.0 0.0
  outer loop
    vertex -7.6580305099487305 6.604662895202637 1.3042107820510864
    vertex -7.670031547546387 6.609213829040527 1.5
    vertex -7.5595502853393555 6.82348108291626 1.3042107820510864
  endloop
endfacet
facet normal 0.0 0.0 0.0
  outer loop
    vertex -7.5595502853393555 6.82348108291626 1.3042107820510864
    vertex -7.670031547546387 6.609213829040527 1.5
    vertex -7.570910453796387 6.829451084136963 1.5
  endloop
endfacet
facet normal 0.0 0.0 0.0
  outer loop
    vertex -7.5595502853393555 6.82348108291626 1.3042107820510864
    vertex -7.570910453796387 6.829451084136963 1.5
    vertex -7.435412406921387 7.028841495513916 1.3042107820510864
  endloop
endfacet
facet normal 0.0 0.0 0.0
  outer loop
    vertex -7.435412406921387 7.028841495513916 1.3042107820510864
    vertex -7.570910453796387 6.829451084136963 1.5
    vertex -7.445971488952637 7.036131381988525 1.5
  endloop
endfacet
facet normal 0.0 0.0 0.0
  outer loop
    vertex -7.435412406921387 7.028841495513916 1.3042107820510864
    vertex -7.445971488952637 7.036131381988525 1.5
    vertex -7.287421226501465 7.2177414894104 1.3042107820510864
  endloop
endfacet
facet normal 0.0 0.0 0.0
  outer loop
    vertex -7.287421226501465 7.2177414894104 1.3042107820510864
    vertex -7.445971488952637 7.036131381988525 1.5
    vertex -7.297022819519043 7.22625207901001 1.5
  endloop
endfacet
facet normal 0.0 0.0 0.0
  outer loop
    vertex -7.287421226501465 7.2177414894104 1.3042107820510864
    vertex -7.297022819519043 7.22625207901001 1.5
    vertex -7.117732048034668 7.387423038482666 1.3042107820510864
  endloop
endfacet
facet normal 0.0 0.0 0.0
  outer loop
    vertex -7.117732048034668 7.387423038482666 1.3042107820510864
    vertex -7.297022819519043 7.22625207901001 1.5
    vertex -7.126242637634277 7.3970208168029785 1.5
  endloop
endfacet
facet normal 0.0 0.0 0.0
  outer loop
    vertex -7.117732048034668 7.387423038482666 1.3042107820510864
    vertex -7.126242637634277 7.3970208168029785 1.5
    vertex -6.928839683532715 7.535410404205322 1.3042107820510864
  endloop
endfacet
facet normal 0.0 0.0 0.0
  outer loop
    vertex -6.928839683532715 7.535410404205322 1.3042107820510864
    vertex -7.126242637634277 7.3970208168029785 1.5
    vertex -6.936129570007324 7.545973300933838 1.5
  endloop
endfacet
facet normal 0.0 0.0 0.0
  outer loop
    vertex -6.928839683532715 7.535410404205322 1.3042107820510864
    vertex -6.936129570007324 7.545973300933838 1.5
    vertex -6.723483085632324 7.659552097320557 1.3042107820510864
  endloop
endfacet
facet normal 0.0 0.0 0.0
  outer loop
    vertex -6.723483085632324 7.659552097320557 1.3042107820510864
    vertex -6.936129570007324 7.545973300933838 1.5
    vertex -6.729453086853027 7.670912265777588 1.5
  endloop
endfacet
facet normal 0.0 0.0 0.0
  outer loop
    vertex -6.723483085632324 7.659552097320557 1.3042107820510864
    vertex -6.729453086853027 7.670912265777588 1.5
    vertex -6.504660606384277 7.758032321929932 1.304210901260376
  endloop
endfacet
facet normal 0.0 0.0 0.0
  outer loop
    vertex -6.504660606384277 7.758032321929932 1.304210901260376
    vertex -6.729453086853027 7.670912265777588 1.5
    vertex -6.509211540222168 7.770033359527588 1.5000001192092896
  endloop
endfacet
facet normal 0.0 0.0 0.0
  outer loop
    vertex -6.504660606384277 7.758032321929932 1.304210901260376
    vertex -6.509211540222168 7.770033359527588 1.5000001192092896
    vertex -6.275561332702637 7.829420566558838 1.304210901260376
  endloop
endfacet
facet normal 0.0 0.0 0.0
  outer loop
    vertex -6.275561332702637 7.829420566558838 1.304210901260376
    vertex -6.509211540222168 7.770033359527588 1.5000001192092896
    vertex -6.278632164001465 7.841883182525635 1.5000001192092896
  endloop
endfacet
facet normal 0.0 0.0 0.0
  outer loop
    vertex -6.275561332702637 7.829420566558838 1.304210901260376
    vertex -6.278632164001465 7.841883182525635 1.5000001192092896
    vertex -6.0395307540893555 7.872683048248291 1.304210901260376
  endloop
endfacet
facet normal 0.0 0.0 0.0
  outer loop
    vertex -6.0395307540893555 7.872683048248291 1.304210901260376
    vertex -6.278632164001465 7.841883182525635 1.5000001192092896
    vertex -6.041071891784668 7.885420322418213 1.5000001192092896
  endloop
endfacet
facet normal 0.0 0.0 0.0
  outer loop
    vertex -6.0395307540893555 7.872683048248291 1.304210901260376
    vertex -6.041071891784668 7.885420322418213 1.5000001192092896
    vertex -5.800002098083496 7.887171268463135 1.304210901260376
  endloop
endfacet
facet normal 0.0 0.0 0.0
  outer loop
    vertex -5.800002098083496 7.887171268463135 1.304210901260376
    vertex -6.041071891784668 7.885420322418213 1.5000001192092896
    vertex -5.800002098083496 7.900000095367432 1.5000001192092896
  endloop
endfacet
facet normal 0.0 0.0 0.0
  outer loop
    vertex -5.800002098083496 7.887171268463135 1.304210901260376
    vertex -5.800002098083496 7.848890781402588 1.111771583557129
    vertex -6.0395307540893555 7.872683048248291 1.304210901260376
  endloop
endfacet
facet normal 0.0 0.0 0.0
  outer loop
    vertex -6.0395307540893555 7.872683048248291 1.304210901260376
    vertex -5.800002098083496 7.848890781402588 1.111771583557129
    vertex -6.034911155700684 7.834681034088135 1.111771583557129
  endloop
endfacet
facet normal 0.0 0.0 0.0
  outer loop
    vertex -6.0395307540893555 7.872683048248291 1.304210901260376
    vertex -6.034911155700684 7.834681034088135 1.111771583557129
    vertex -6.275561332702637 7.829420566558838 1.304210901260376
  endloop
endfacet
facet normal 0.0 0.0 0.0
  outer loop
    vertex -6.275561332702637 7.829420566558838 1.304210901260376
    vertex -6.034911155700684 7.834681034088135 1.111771583557129
    vertex -6.266402244567871 7.792261600494385 1.111771583557129
  endloop
endfacet
facet normal 0.0 0.0 0.0
  outer loop
    vertex -6.275561332702637 7.829420566558838 1.304210901260376
    vertex -6.266402244567871 7.792261600494385 1.111771583557129
    vertex -6.504660606384277 7.758032321929932 1.304210901260376
  endloop
endfacet
facet normal 0.0 0.0 0.0
  outer loop
    vertex -6.504660606384277 7.758032321929932 1.304210901260376
    vertex -6.266402244567871 7.792261600494385 1.111771583557129
    vertex -6.491080284118652 7.722242832183838 1.111771583557129
  endloop
endfacet
facet normal 0.0 0.0 0.0
  outer loop
    vertex -6.504660606384277 7.758032321929932 1.304210901260376
    vertex -6.491080284118652 7.722242832183838 1.111771583557129
    vertex -6.723483085632324 7.659552097320557 1.3042107820510864
  endloop
endfacet
facet normal 0.0 0.0 0.0
  outer loop
    vertex -6.723483085632324 7.659552097320557 1.3042107820510864
    vertex -6.491080284118652 7.722242832183838 1.111771583557129
    vertex -6.705691337585449 7.625662326812744 1.1117714643478394
  endloop
endfacet
facet normal 0.0 0.0 0.0
  outer loop
    vertex -6.723483085632324 7.659552097320557 1.3042107820510864
    vertex -6.705691337585449 7.625662326812744 1.1117714643478394
    vertex -6.928839683532715 7.535410404205322 1.3042107820510864
  endloop
endfacet
facet normal 0.0 0.0 0.0
  outer loop
    vertex -6.928839683532715 7.535410404205322 1.3042107820510864
    vertex -6.705691337585449 7.625662326812744 1.1117714643478394
    vertex -6.907092094421387 7.50390100479126 1.1117714643478394
  endloop
endfacet
facet normal 0.0 0.0 0.0
  outer loop
    vertex -6.928839683532715 7.535410404205322 1.3042107820510864
    vertex -6.907092094421387 7.50390100479126 1.1117714643478394
    vertex -7.117732048034668 7.387423038482666 1.3042107820510864
  endloop
endfacet
facet normal 0.0 0.0 0.0
  outer loop
    vertex -7.117732048034668 7.387423038482666 1.3042107820510864
    vertex -6.907092094421387 7.50390100479126 1.1117714643478394
    vertex -7.092352867126465 7.358770847320557 1.1117714643478394
  endloop
endfacet
facet normal 0.0 0.0 0.0
  outer loop
    vertex -7.117732048034668 7.387423038482666 1.3042107820510864
    vertex -7.092352867126465 7.358770847320557 1.1117714643478394
    vertex -7.287421226501465 7.2177414894104 1.3042107820510864
  endloop
endfacet
facet normal 0.0 0.0 0.0
  outer loop
    vertex -7.287421226501465 7.2177414894104 1.3042107820510864
    vertex -7.092352867126465 7.358770847320557 1.1117714643478394
    vertex -7.258761405944824 7.1923508644104 1.1117714643478394
  endloop
endfacet
facet normal 0.0 0.0 0.0
  outer loop
    vertex -7.287421226501465 7.2177414894104 1.3042107820510864
    vertex -7.258761405944824 7.1923508644104 1.1117714643478394
    vertex -7.435412406921387 7.028841495513916 1.3042107820510864
  endloop
endfacet
facet normal 0.0 0.0 0.0
  outer loop
    vertex -7.435412406921387 7.028841495513916 1.3042107820510864
    vertex -7.258761405944824 7.1923508644104 1.1117714643478394
    vertex -7.403903007507324 7.007101535797119 1.1117714643478394
  endloop
endfacet
facet normal 0.0 0.0 0.0
  outer loop
    vertex -7.435412406921387 7.028841495513916 1.3042107820510864
    vertex -7.403903007507324 7.007101535797119 1.1117714643478394
    vertex -7.5595502853393555 6.82348108291626 1.3042107820510864
  endloop
endfacet
facet normal 0.0 0.0 0.0
  outer loop
    vertex -7.5595502853393555 6.82348108291626 1.3042107820510864
    vertex -7.403903007507324 7.007101535797119 1.1117714643478394
    vertex -7.525652885437012 6.80569314956665 1.1117714643478394
  endloop
endfacet
facet normal 0.0 0.0 0.0
  outer loop
    vertex -7.5595502853393555 6.82348108291626 1.3042107820510864
    vertex -7.525652885437012 6.80569314956665 1.1117714643478394
    vertex -7.6580305099487305 6.604662895202637 1.3042107820510864
  endloop
endfacet
facet normal 0.0 0.0 0.0
  outer loop
    vertex -7.6580305099487305 6.604662895202637 1.3042107820510864
    vertex -7.525652885437012 6.80569314956665 1.1117714643478394
    vertex -7.622241020202637 6.591090202331543 1.1117714643478394
  endloop
endfacet
facet normal 0.0 0.0 0.0
  outer loop
    vertex -7.6580305099487305 6.604662895202637 1.3042107820510864
    vertex -7.622241020202637 6.591090202331543 1.1117714643478394
    vertex -7.729422569274902 6.375563621520996 1.3042107820510864
  endloop
endfacet
facet normal 0.0 0.0 0.0
  outer loop
    vertex -7.729422569274902 6.375563621520996 1.3042107820510864
    vertex -7.622241020202637 6.591090202331543 1.1117714643478394
    vertex -7.692259788513184 6.366400718688965 1.1117714643478394
  endloop
endfacet
facet normal 0.0 0.0 0.0
  outer loop
    vertex -7.729422569274902 6.375563621520996 1.3042107820510864
    vertex -7.692259788513184 6.366400718688965 1.1117714643478394
    vertex -7.77268123626709 6.139533042907715 1.3042107820510864
  endloop
endfacet
facet normal 0.0 0.0 0.0
  outer loop
    vertex -7.77268123626709 6.139533042907715 1.3042107820510864
    vertex -7.692259788513184 6.366400718688965 1.1117714643478394
    vertex -7.734683036804199 6.134913444519043 1.1117714643478394
  endloop
endfacet
facet normal 0.0 0.0 0.0
  outer loop
    vertex -5.800002098083496 7.848890781402588 1.111771583557129
    vertex -5.800002098083496 7.78582239151001 0.9259750843048096
    vertex -6.034911155700684 7.834681034088135 1.111771583557129
  endloop
endfacet
facet normal 0.0 0.0 0.0
  outer loop
    vertex -6.034911155700684 7.834681034088135 1.111771583557129
    vertex -5.800002098083496 7.78582239151001 0.9259750843048096
    vertex -6.027312278747559 7.772070407867432 0.9259750843048096
  endloop
endfacet
facet normal 0.0 0.0 0.0
  outer loop
    vertex -6.034911155700684 7.834681034088135 1.111771583557129
    vertex -6.027312278747559 7.772070407867432 0.9259750843048096
    vertex -6.266402244567871 7.792261600494385 1.111771583557129
  endloop
endfacet
facet normal 0.0 0.0 0.0
  outer loop
    vertex -6.266402244567871 7.792261600494385 1.111771583557129
    vertex -6.027312278747559 7.772070407867432 0.9259750843048096
    vertex -6.251311302185059 7.731020450592041 0.9259750843048096
  endloop
endfacet
facet normal 0.0 0.0 0.0
  outer loop
    vertex -6.266402244567871 7.792261600494385 1.111771583557129
    vertex -6.251311302185059 7.731020450592041 0.9259750843048096
    vertex -6.491080284118652 7.722242832183838 1.111771583557129
  endloop
endfacet
facet normal 0.0 0.0 0.0
  outer loop
    vertex -6.491080284118652 7.722242832183838 1.111771583557129
    vertex -6.251311302185059 7.731020450592041 0.9259750843048096
    vertex -6.468722343444824 7.663271427154541 0.9259750843048096
  endloop
endfacet
facet normal 0.0 0.0 0.0
  outer loop
    vertex -6.491080284118652 7.722242832183838 1.111771583557129
    vertex -6.468722343444824 7.663271427154541 0.9259750843048096
    vertex -6.705691337585449 7.625662326812744 1.1117714643478394
  endloop
endfacet
facet normal 0.0 0.0 0.0
  outer loop
    vertex -6.705691337585449 7.625662326812744 1.1117714643478394
    vertex -6.468722343444824 7.663271427154541 0.9259750843048096
    vertex -6.676383018493652 7.5698113441467285 0.9259750843048096
  endloop
endfacet
facet normal 0.0 0.0 0.0
  outer loop
    vertex -6.705691337585449 7.625662326812744 1.1117714643478394
    vertex -6.676383018493652 7.5698113441467285 0.9259750843048096
    vertex -6.907092094421387 7.50390100479126 1.1117714643478394
  endloop
endfacet
facet normal 0.0 0.0 0.0
  outer loop
    vertex -6.907092094421387 7.50390100479126 1.1117714643478394
    vertex -6.676383018493652 7.5698113441467285 0.9259750843048096
    vertex -6.871272087097168 7.452002048492432 0.9259750843048096
  endloop
endfacet
facet normal 0.0 0.0 0.0
  outer loop
    vertex -6.907092094421387 7.50390100479126 1.1117714643478394
    vertex -6.871272087097168 7.452002048492432 0.9259750843048096
    vertex -7.092352867126465 7.358770847320557 1.1117714643478394
  endloop
endfacet
facet normal 0.0 0.0 0.0
  outer loop
    vertex -7.092352867126465 7.358770847320557 1.1117714643478394
    vertex -6.871272087097168 7.452002048492432 0.9259750843048096
    vertex -7.050532341003418 7.311560153961182 0.9259750843048096
  endloop
endfacet
facet normal 0.0 0.0 0.0
  outer loop
    vertex -7.092352867126465 7.358770847320557 1.1117714643478394
    vertex -7.050532341003418 7.311560153961182 0.9259750843048096
    vertex -7.258761405944824 7.1923508644104 1.1117714643478394
  endloop
endfacet
facet normal 0.0 0.0 0.0
  outer loop
    vertex -7.258761405944824 7.1923508644104 1.1117714643478394
    vertex -7.050532341003418 7.311560153961182 0.9259750843048096
    vertex -7.211562156677246 7.1505303382873535 0.9259750843048096
  endloop
endfacet
facet normal 0.0 0.0 0.0
  outer loop
    vertex -7.258761405944824 7.1923508644104 1.1117714643478394
    vertex -7.211562156677246 7.1505303382873535 0.9259750843048096
    vertex -7.403903007507324 7.007101535797119 1.1117714643478394
  endloop
endfacet
facet normal 0.0 0.0 0.0
  outer loop
    vertex -7.403903007507324 7.007101535797119 1.1117714643478394
    vertex -7.211562156677246 7.1505303382873535 0.9259750843048096
    vertex -7.3520002365112305 6.9712700843811035 0.9259750843048096
  endloop
endfacet
facet normal 0.0 0.0 0.0
  outer loop
    vertex -7.403903007507324 7.007101535797119 1.1117714643478394
    vertex -7.3520002365112305 6.9712700843811035 0.9259750843048096
    vertex -7.525652885437012 6.80569314956665 1.1117714643478394
  endloop
endfacet
facet normal 0.0 0.0 0.0
  outer loop
    vertex -7.525652885437012 6.80569314956665 1.1117714643478394
    vertex -7.3520002365112305 6.9712700843811035 0.9259750843048096
    vertex -7.469809532165527 6.776381015777588 0.9259750843048096
  endloop
endfacet
facet normal 0.0 0.0 0.0
  outer loop
    vertex -7.525652885437012 6.80569314956665 1.1117714643478394
    vertex -7.469809532165527 6.776381015777588 0.9259750843048096
    vertex -7.622241020202637 6.591090202331543 1.1117714643478394
  endloop
endfacet
facet normal 0.0 0.0 0.0
  outer loop
    vertex -7.622241020202637 6.591090202331543 1.1117714643478394
    vertex -7.469809532165527 6.776381015777588 0.9259750843048096
    vertex -7.56326961517334 6.568720817565918 0.9259750843048096
  endloop
endfacet
facet normal 0.0 0.0 0.0
  outer loop
    vertex -7.622241020202637 6.591090202331543 1.1117714643478394
    vertex -7.56326961517334 6.568720817565918 0.9259750843048096
    vertex -7.692259788513184 6.366400718688965 1.1117714643478394
  endloop
endfacet
facet normal 0.0 0.0 0.0
  outer loop
    vertex -7.692259788513184 6.366400718688965 1.1117714643478394
    vertex -7.56326961517334 6.568720817565918 0.9259750843048096
    vertex -7.6310224533081055 6.351313591003418 0.9259750843048096
  endloop
endfacet
facet normal 0.0 0.0 0.0
  outer loop
    vertex -7.692259788513184 6.366400718688965 1.1117714643478394
    vertex -7.6310224533081055 6.351313591003418 0.9259750843048096
    vertex -7.734683036804199 6.134913444519043 1.1117714643478394
  endloop
endfacet
facet normal 0.0 0.0 0.0
  outer loop
    vertex -7.734683036804199 6.134913444519043 1.1117714643478394
    vertex -7.6310224533081055 6.351313591003418 0.9259750843048096
    vertex -7.672072410583496 6.127310752868652 0.9259750843048096
  endloop
endfacet
facet normal 0.0 0.0 0.0
  outer loop
    vertex -5.800002098083496 7.78582239151001 0.9259750843048096
    vertex -5.800002098083496 7.699041843414307 0.7500002384185791
    vertex -6.027312278747559 7.772070407867432 0.9259750843048096
  endloop
endfacet
facet normal 0.0 0.0 0.0
  outer loop
    vertex -6.027312278747559 7.772070407867432 0.9259750843048096
    vertex -5.800002098083496 7.699041843414307 0.7500002384185791
    vertex -6.016852378845215 7.685923099517822 0.7500002384185791
  endloop
endfacet
facet normal 0.0 0.0 0.0
  outer loop
    vertex -6.027312278747559 7.772070407867432 0.9259750843048096
    vertex -6.016852378845215 7.685923099517822 0.7500002384185791
    vertex -6.251311302185059 7.731020450592041 0.9259750843048096
  endloop
endfacet
facet normal 0.0 0.0 0.0
  outer loop
    vertex -6.251311302185059 7.731020450592041 0.9259750843048096
    vertex -6.016852378845215 7.685923099517822 0.7500002384185791
    vertex -6.2305402755737305 7.646761417388916 0.7500002384185791
  endloop
endfacet
facet normal 0.0 0.0 0.0
  outer loop
    vertex -6.251311302185059 7.731020450592041 0.9259750843048096
    vertex -6.2305402755737305 7.646761417388916 0.7500002384185791
    vertex -6.468722343444824 7.663271427154541 0.9259750843048096
  endloop
endfacet
facet normal 0.0 0.0 0.0
  outer loop
    vertex -6.468722343444824 7.663271427154541 0.9259750843048096
    vertex -6.2305402755737305 7.646761417388916 0.7500002384185791
    vertex -6.437952995300293 7.582132816314697 0.7500002384185791
  endloop
endfacet
facet normal 0.0 0.0 0.0
  outer loop
    vertex -6.468722343444824 7.663271427154541 0.9259750843048096
    vertex -6.437952995300293 7.582132816314697 0.7500002384185791
    vertex -6.676383018493652 7.5698113441467285 0.9259750843048096
  endloop
endfacet
facet normal 0.0 0.0 0.0
  outer loop
    vertex -6.676383018493652 7.5698113441467285 0.9259750843048096
    vertex -6.437952995300293 7.582132816314697 0.7500002384185791
    vertex -6.636050224304199 7.492971897125244 0.7500002384185791
  endloop
endfacet
facet normal 0.0 0.0 0.0
  outer loop
    vertex -6.676383018493652 7.5698113441467285 0.9259750843048096
    vertex -6.636050224304199 7.492971897125244 0.7500002384185791
    vertex -6.871272087097168 7.452002048492432 0.9259750843048096
  endloop
endfacet
facet normal 0.0 0.0 0.0
  outer loop
    vertex -6.871272087097168 7.452002048492432 0.9259750843048096
    vertex -6.636050224304199 7.492971897125244 0.7500002384185791
    vertex -6.8219709396362305 7.3805832862854 0.7500002384185791
  endloop
endfacet
facet normal 0.0 0.0 0.0
  outer loop
    vertex -6.871272087097168 7.452002048492432 0.9259750843048096
    vertex -6.8219709396362305 7.3805832862854 0.7500002384185791
    vertex -7.050532341003418 7.311560153961182 0.9259750843048096
  endloop
endfacet
facet normal 0.0 0.0 0.0
  outer loop
    vertex -7.050532341003418 7.311560153961182 0.9259750843048096
    vertex -6.8219709396362305 7.3805832862854 0.7500002384185791
    vertex -6.992980003356934 7.246603488922119 0.7500002384185791
  endloop
endfacet
facet normal 0.0 0.0 0.0
  outer loop
    vertex -7.050532341003418 7.311560153961182 0.9259750843048096
    vertex -6.992980003356934 7.246603488922119 0.7500002384185791
    vertex -7.211562156677246 7.1505303382873535 0.9259750843048096
  endloop
endfacet
facet normal 0.0 0.0 0.0
  outer loop
    vertex -7.211562156677246 7.1505303382873535 0.9259750843048096
    vertex -6.992980003356934 7.246603488922119 0.7500002384185791
    vertex -7.146601676940918 7.092981815338135 0.7500002384185791
  endloop
endfacet
facet normal 0.0 0.0 0.0
  outer loop
    vertex -7.211562156677246 7.1505303382873535 0.9259750843048096
    vertex -7.146601676940918 7.092981815338135 0.7500002384185791
    vertex -7.3520002365112305 6.9712700843811035 0.9259750843048096
  endloop
endfacet
facet normal 0.0 0.0 0.0
  outer loop
    vertex -7.3520002365112305 6.9712700843811035 0.9259750843048096
    vertex -7.146601676940918 7.092981815338135 0.7500002384185791
    vertex -7.280581474304199 6.921972751617432 0.7500002384185791
  endloop
endfacet
facet normal 0.0 0.0 0.0
  outer loop
    vertex -7.3520002365112305 6.9712700843811035 0.9259750843048096
    vertex -7.280581474304199 6.921972751617432 0.7500002384185791
    vertex -7.469809532165527 6.776381015777588 0.9259750843048096
  endloop
endfacet
facet normal 0.0 0.0 0.0
  outer loop
    vertex -7.469809532165527 6.776381015777588 0.9259750843048096
    vertex -7.280581474304199 6.921972751617432 0.7500002384185791
    vertex -7.392970085144043 6.736063480377197 0.7500002384185791
  endloop
endfacet
facet normal 0.0 0.0 0.0
  outer loop
    vertex -7.469809532165527 6.776381015777588 0.9259750843048096
    vertex -7.392970085144043 6.736063480377197 0.7500002384185791
    vertex -7.56326961517334 6.568720817565918 0.9259750843048096
  endloop
endfacet
facet normal 0.0 0.0 0.0
  outer loop
    vertex -7.56326961517334 6.568720817565918 0.9259750843048096
    vertex -7.392970085144043 6.736063480377197 0.7500002384185791
    vertex -7.482131004333496 6.537951469421387 0.7500002384185791
  endloop
endfacet
facet normal 0.0 0.0 0.0
  outer loop
    vertex -7.56326961517334 6.568720817565918 0.9259750843048096
    vertex -7.482131004333496 6.537951469421387 0.7500002384185791
    vertex -7.6310224533081055 6.351313591003418 0.9259750843048096
  endloop
endfacet
facet normal 0.0 0.0 0.0
  outer loop
    vertex -7.6310224533081055 6.351313591003418 0.9259750843048096
    vertex -7.482131004333496 6.537951469421387 0.7500002384185791
    vertex -7.546759605407715 6.33054256439209 0.7500002384185791
  endloop
endfacet
facet normal 0.0 0.0 0.0
  outer loop
    vertex -7.6310224533081055 6.351313591003418 0.9259750843048096
    vertex -7.546759605407715 6.33054256439209 0.7500002384185791
    vertex -7.672072410583496 6.127310752868652 0.9259750843048096
  endloop
endfacet
facet normal 0.0 0.0 0.0
  outer loop
    vertex -7.672072410583496 6.127310752868652 0.9259750843048096
    vertex -7.546759605407715 6.33054256439209 0.7500002384185791
    vertex -7.585921287536621 6.116850852966309 0.7500002384185791
  endloop
endfacet
facet normal 0.0 0.0 0.0
  outer loop
    vertex -5.800002098083496 7.699041843414307 0.7500002384185791
    vertex -5.800002098083496 7.590033054351807 0.5868582725524902
    vertex -6.016852378845215 7.685923099517822 0.7500002384185791
  endloop
endfacet
facet normal 0.0 0.0 0.0
  outer loop
    vertex -6.016852378845215 7.685923099517822 0.7500002384185791
    vertex -5.800002098083496 7.590033054351807 0.5868582725524902
    vertex -6.003710746765137 7.577711582183838 0.5868582725524902
  endloop
endfacet
facet normal 0.0 0.0 0.0
  outer loop
    vertex -6.016852378845215 7.685923099517822 0.7500002384185791
    vertex -6.003710746765137 7.577711582183838 0.5868582725524902
    vertex -6.2305402755737305 7.646761417388916 0.7500002384185791
  endloop
endfacet
facet normal 0.0 0.0 0.0
  outer loop
    vertex -6.2305402755737305 7.646761417388916 0.7500002384185791
    vertex -6.003710746765137 7.577711582183838 0.5868582725524902
    vertex -6.204451560974121 7.54092264175415 0.5868582725524902
  endloop
endfacet
facet normal 0.0 0.0 0.0
  outer loop
    vertex -6.2305402755737305 7.646761417388916 0.7500002384185791
    vertex -6.204451560974121 7.54092264175415 0.5868582725524902
    vertex -6.437952995300293 7.582132816314697 0.7500002384185791
  endloop
endfacet
facet normal 0.0 0.0 0.0
  outer loop
    vertex -6.437952995300293 7.582132816314697 0.7500002384185791
    vertex -6.204451560974121 7.54092264175415 0.5868582725524902
    vertex -6.399291038513184 7.4802117347717285 0.5868582725524902
  endloop
endfacet
facet normal 0.0 0.0 0.0
  outer loop
    vertex -6.437952995300293 7.582132816314697 0.7500002384185791
    vertex -6.399291038513184 7.4802117347717285 0.5868582725524902
    vertex -6.636050224304199 7.492971897125244 0.7500002384185791
  endloop
endfacet
facet normal 0.0 0.0 0.0
  outer loop
    vertex -6.636050224304199 7.492971897125244 0.7500002384185791
    vertex -6.399291038513184 7.4802117347717285 0.5868582725524902
    vertex -6.585402488708496 7.3964524269104 0.5868582725524902
  endloop
endfacet
facet normal 0.0 0.0 0.0
  outer loop
    vertex -6.636050224304199 7.492971897125244 0.7500002384185791
    vertex -6.585402488708496 7.3964524269104 0.5868582725524902
    vertex -6.8219709396362305 7.3805832862854 0.7500002384185791
  endloop
endfacet
facet normal 0.0 0.0 0.0
  outer loop
    vertex -6.8219709396362305 7.3805832862854 0.7500002384185791
    vertex -6.585402488708496 7.3964524269104 0.5868582725524902
    vertex -6.7600507736206055 7.290873050689697 0.5868582725524902
  endloop
endfacet
facet normal 0.0 0.0 0.0
  outer loop
    vertex -6.8219709396362305 7.3805832862854 0.7500002384185791
    vertex -6.7600507736206055 7.290873050689697 0.5868582725524902
    vertex -6.992980003356934 7.246603488922119 0.7500002384185791
  endloop
endfacet
facet normal 0.0 0.0 0.0
  outer loop
    vertex -6.992980003356934 7.246603488922119 0.7500002384185791
    vertex -6.7600507736206055 7.290873050689697 0.5868582725524902
    vertex -6.920702934265137 7.165010929107666 0.5868582725524902
  endloop
endfacet
facet normal 0.0 0.0 0.0
  outer loop
    vertex -6.992980003356934 7.246603488922119 0.7500002384185791
    vertex -6.920702934265137 7.165010929107666 0.5868582725524902
    vertex -7.146601676940918 7.092981815338135 0.7500002384185791
  endloop
endfacet
facet normal 0.0 0.0 0.0
  outer loop
    vertex -7.146601676940918 7.092981815338135 0.7500002384185791
    vertex -6.920702934265137 7.165010929107666 0.5868582725524902
    vertex -7.065001487731934 7.020700931549072 0.5868582725524902
  endloop
endfacet
facet normal 0.0 0.0 0.0
  outer loop
    vertex -7.146601676940918 7.092981815338135 0.7500002384185791
    vertex -7.065001487731934 7.020700931549072 0.5868582725524902
    vertex -7.280581474304199 6.921972751617432 0.7500002384185791
  endloop
endfacet
facet normal 0.0 0.0 0.0
  outer loop
    vertex -7.280581474304199 6.921972751617432 0.7500002384185791
    vertex -7.065001487731934 7.020700931549072 0.5868582725524902
    vertex -7.190871238708496 6.860052585601807 0.5868582725524902
  endloop
endfacet
facet normal 0.0 0.0 0.0
  outer loop
    vertex -7.280581474304199 6.921972751617432 0.7500002384185791
    vertex -7.190871238708496 6.860052585601807 0.5868582725524902
    vertex -7.392970085144043 6.736063480377197 0.7500002384185791
  endloop
endfacet
facet normal 0.0 0.0 0.0
  outer loop
    vertex -7.392970085144043 6.736063480377197 0.7500002384185791
    vertex -7.190871238708496 6.860052585601807 0.5868582725524902
    vertex -7.296450614929199 6.685400485992432 0.5868582725524902
  endloop
endfacet
facet normal 0.0 0.0 0.0
  outer loop
    vertex -7.392970085144043 6.736063480377197 0.7500002384185791
    vertex -7.296450614929199 6.685400485992432 0.5868582725524902
    vertex -7.482131004333496 6.537951469421387 0.7500002384185791
  endloop
endfacet
facet normal 0.0 0.0 0.0
  outer loop
    vertex -7.482131004333496 6.537951469421387 0.7500002384185791
    vertex -7.296450614929199 6.685400485992432 0.5868582725524902
    vertex -7.380202293395996 6.499293327331543 0.5868582725524902
  endloop
endfacet
facet normal 0.0 0.0 0.0
  outer loop
    vertex -7.482131004333496 6.537951469421387 0.7500002384185791
    vertex -7.380202293395996 6.499293327331543 0.5868582725524902
    vertex -7.546759605407715 6.33054256439209 0.7500002384185791
  endloop
endfacet
facet normal 0.0 0.0 0.0
  outer loop
    vertex -7.546759605407715 6.33054256439209 0.7500002384185791
    vertex -7.380202293395996 6.499293327331543 0.5868582725524902
    vertex -7.440920829772949 6.3044538497924805 0.5868582725524902
  endloop
endfacet
facet normal 0.0 0.0 0.0
  outer loop
    vertex -7.546759605407715 6.33054256439209 0.7500002384185791
    vertex -7.440920829772949 6.3044538497924805 0.5868582725524902
    vertex -7.585921287536621 6.116850852966309 0.7500002384185791
  endloop
endfacet
facet normal 0.0 0.0 0.0
  outer loop
    vertex -7.585921287536621 6.116850852966309 0.7500002384185791
    vertex -7.440920829772949 6.3044538497924805 0.5868582725524902
    vertex -7.477709770202637 6.103713035583496 0.5868582725524902
  endloop
endfacet
facet normal 0.0 0.0 0.0
  outer loop
    vertex -5.800002098083496 7.590033054351807 0.5868582725524902
    vertex -5.800002098083496 7.4606614112854 0.43934035301208496
    vertex -6.003710746765137 7.577711582183838 0.5868582725524902
  endloop
endfacet
facet normal 0.0 0.0 0.0
  outer loop
    vertex -6.003710746765137 7.577711582183838 0.5868582725524902
    vertex -5.800002098083496 7.4606614112854 0.43934035301208496
    vertex -5.988120079040527 7.449282169342041 0.43934035301208496
  endloop
endfacet
facet normal 0.0 0.0 0.0
  outer loop
    vertex -6.003710746765137 7.577711582183838 0.5868582725524902
    vertex -5.988120079040527 7.449282169342041 0.43934035301208496
    vertex -6.204451560974121 7.54092264175415 0.5868582725524902
  endloop
endfacet
facet normal 0.0 0.0 0.0
  outer loop
    vertex -6.204451560974121 7.54092264175415 0.5868582725524902
    vertex -5.988120079040527 7.449282169342041 0.43934035301208496
    vertex -6.173491477966309 7.41531229019165 0.43934035301208496
  endloop
endfacet
facet normal 0.0 0.0 0.0
  outer loop
    vertex -6.204451560974121 7.54092264175415 0.5868582725524902
    vertex -6.173491477966309 7.41531229019165 0.43934035301208496
    vertex -6.399291038513184 7.4802117347717285 0.5868582725524902
  endloop
endfacet
facet normal 0.0 0.0 0.0
  outer loop
    vertex -6.399291038513184 7.4802117347717285 0.5868582725524902
    vertex -6.173491477966309 7.41531229019165 0.43934035301208496
    vertex -6.353423118591309 7.3592400550842285 0.43934035301208496
  endloop
endfacet
facet normal 0.0 0.0 0.0
  outer loop
    vertex -6.399291038513184 7.4802117347717285 0.5868582725524902
    vertex -6.353423118591309 7.3592400550842285 0.43934035301208496
    vertex -6.585402488708496 7.3964524269104 0.5868582725524902
  endloop
endfacet
facet normal 0.0 0.0 0.0
  outer loop
    vertex -6.585402488708496 7.3964524269104 0.5868582725524902
    vertex -6.353423118591309 7.3592400550842285 0.43934035301208496
    vertex -6.525271415710449 7.281900882720947 0.43934035301208496
  endloop
endfacet
facet normal 0.0 0.0 0.0
  outer loop
    vertex -6.585402488708496 7.3964524269104 0.5868582725524902
    vertex -6.525271415710449 7.281900882720947 0.43934035301208496
    vertex -6.7600507736206055 7.290873050689697 0.5868582725524902
  endloop
endfacet
facet normal 0.0 0.0 0.0
  outer loop
    vertex -6.7600507736206055 7.290873050689697 0.5868582725524902
    vertex -6.525271415710449 7.281900882720947 0.43934035301208496
    vertex -6.68656063079834 7.184401035308838 0.43934035301208496
  endloop
endfacet
facet normal 0.0 0.0 0.0
  outer loop
    vertex -6.7600507736206055 7.290873050689697 0.5868582725524902
    vertex -6.68656063079834 7.184401035308838 0.43934035301208496
    vertex -6.920702934265137 7.165010929107666 0.5868582725524902
  endloop
endfacet
facet normal 0.0 0.0 0.0
  outer loop
    vertex -6.920702934265137 7.165010929107666 0.5868582725524902
    vertex -6.68656063079834 7.184401035308838 0.43934035301208496
    vertex -6.8349103927612305 7.06817102432251 0.43934035301208496
  endloop
endfacet
facet normal 0.0 0.0 0.0
  outer loop
    vertex -6.920702934265137 7.165010929107666 0.5868582725524902
    vertex -6.8349103927612305 7.06817102432251 0.43934035301208496
    vertex -7.065001487731934 7.020700931549072 0.5868582725524902
  endloop
endfacet
facet normal 0.0 0.0 0.0
  outer loop
    vertex -7.065001487731934 7.020700931549072 0.5868582725524902
    vertex -6.8349103927612305 7.06817102432251 0.43934035301208496
    vertex -6.968173027038574 6.934912204742432 0.43934035301208496
  endloop
endfacet
facet normal 0.0 0.0 0.0
  outer loop
    vertex -7.065001487731934 7.020700931549072 0.5868582725524902
    vertex -6.968173027038574 6.934912204742432 0.43934035301208496
    vertex -7.190871238708496 6.860052585601807 0.5868582725524902
  endloop
endfacet
facet normal 0.0 0.0 0.0
  outer loop
    vertex -7.190871238708496 6.860052585601807 0.5868582725524902
    vertex -6.968173027038574 6.934912204742432 0.43934035301208496
    vertex -7.084403038024902 6.786562442779541 0.43934035301208496
  endloop
endfacet
facet normal 0.0 0.0 0.0
  outer loop
    vertex -7.190871238708496 6.860052585601807 0.5868582725524902
    vertex -7.084403038024902 6.786562442779541 0.43934035301208496
    vertex -7.296450614929199 6.685400485992432 0.5868582725524902
  endloop
endfacet
facet normal 0.0 0.0 0.0
  outer loop
    vertex -7.296450614929199 6.685400485992432 0.5868582725524902
    vertex -7.084403038024902 6.786562442779541 0.43934035301208496
    vertex -7.181891441345215 6.62528133392334 0.43934035301208496
  endloop
endfacet
facet normal 0.0 0.0 0.0
  outer loop
    vertex -7.296450614929199 6.685400485992432 0.5868582725524902
    vertex -7.181891441345215 6.62528133392334 0.43934035301208496
    vertex -7.380202293395996 6.499293327331543 0.5868582725524902
  endloop
endfacet
facet normal 0.0 0.0 0.0
  outer loop
    vertex -7.380202293395996 6.499293327331543 0.5868582725524902
    vertex -7.181891441345215 6.62528133392334 0.43934035301208496
    vertex -7.259242057800293 6.453421592712402 0.43934035301208496
  endloop
endfacet
facet normal 0.0 0.0 0.0
  outer loop
    vertex -7.380202293395996 6.499293327331543 0.5868582725524902
    vertex -7.259242057800293 6.453421592712402 0.43934035301208496
    vertex -7.440920829772949 6.3044538497924805 0.5868582725524902
  endloop
endfacet
facet normal 0.0 0.0 0.0
  outer loop
    vertex -7.440920829772949 6.3044538497924805 0.5868582725524902
    vertex -7.259242057800293 6.453421592712402 0.43934035301208496
    vertex -7.315310478210449 6.273493766784668 0.43934035301208496
  endloop
endfacet
facet normal 0.0 0.0 0.0
  outer loop
    vertex -7.440920829772949 6.3044538497924805 0.5868582725524902
    vertex -7.315310478210449 6.273493766784668 0.43934035301208496
    vertex -7.477709770202637 6.103713035583496 0.5868582725524902
  endloop
endfacet
facet normal 0.0 0.0 0.0
  outer loop
    vertex -7.477709770202637 6.103713035583496 0.5868582725524902
    vertex -7.315310478210449 6.273493766784668 0.43934035301208496
    vertex -7.34928035736084 6.088122367858887 0.43934035301208496
  endloop
endfacet
facet normal 0.0 0.0 0.0
  outer loop
    vertex -5.800002098083496 7.4606614112854 0.43934035301208496
    vertex -5.800002098083496 7.313143253326416 0.3099701404571533
    vertex -5.988120079040527 7.449282169342041 0.43934035301208496
  endloop
endfacet
facet normal 0.0 0.0 0.0
  outer loop
    vertex -5.988120079040527 7.449282169342041 0.43934035301208496
    vertex -5.800002098083496 7.313143253326416 0.3099701404571533
    vertex -5.970332145690918 7.302839756011963 0.3099701404571533
  endloop
endfacet
facet normal 0.0 0.0 0.0
  outer loop
    vertex -5.988120079040527 7.449282169342041 0.43934035301208496
    vertex -5.970332145690918 7.302839756011963 0.3099701404571533
    vertex -6.173491477966309 7.41531229019165 0.43934035301208496
  endloop
endfacet
facet normal 0.0 0.0 0.0
  outer loop
    vertex -6.173491477966309 7.41531229019165 0.43934035301208496
    vertex -5.970332145690918 7.302839756011963 0.3099701404571533
    vertex -6.138190269470215 7.2720818519592285 0.3099701404571533
  endloop
endfacet
facet normal 0.0 0.0 0.0
  outer loop
    vertex -6.173491477966309 7.41531229019165 0.43934035301208496
    vertex -6.138190269470215 7.2720818519592285 0.3099701404571533
    vertex -6.353423118591309 7.3592400550842285 0.43934035301208496
  endloop
endfacet
facet normal 0.0 0.0 0.0
  outer loop
    vertex -6.353423118591309 7.3592400550842285 0.43934035301208496
    vertex -6.138190269470215 7.2720818519592285 0.3099701404571533
    vertex -6.301112174987793 7.221312046051025 0.3099701404571533
  endloop
endfacet
facet normal 0.0 0.0 0.0
  outer loop
    vertex -6.353423118591309 7.3592400550842285 0.43934035301208496
    vertex -6.301112174987793 7.221312046051025 0.3099701404571533
    vertex -6.525271415710449 7.281900882720947 0.43934035301208496
  endloop
endfacet
facet normal 0.0 0.0 0.0
  outer loop
    vertex -6.525271415710449 7.281900882720947 0.43934035301208496
    vertex -6.301112174987793 7.221312046051025 0.3099701404571533
    vertex -6.456721305847168 7.151281833648682 0.3099701404571533
  endloop
endfacet
facet normal 0.0 0.0 0.0
  outer loop
    vertex -6.525271415710449 7.281900882720947 0.43934035301208496
    vertex -6.456721305847168 7.151281833648682 0.3099701404571533
    vertex -6.68656063079834 7.184401035308838 0.43934035301208496
  endloop
endfacet
facet normal 0.0 0.0 0.0
  outer loop
    vertex -6.68656063079834 7.184401035308838 0.43934035301208496
    vertex -6.456721305847168 7.151281833648682 0.3099701404571533
    vertex -6.6027631759643555 7.062990665435791 0.3099701404571533
  endloop
endfacet
facet normal 0.0 0.0 0.0
  outer loop
    vertex -6.68656063079834 7.184401035308838 0.43934035301208496
    vertex -6.6027631759643555 7.062990665435791 0.3099701404571533
    vertex -6.8349103927612305 7.06817102432251 0.43934035301208496
  endloop
endfacet
facet normal 0.0 0.0 0.0
  outer loop
    vertex -6.8349103927612305 7.06817102432251 0.43934035301208496
    vertex -6.6027631759643555 7.062990665435791 0.3099701404571533
    vertex -6.737090110778809 6.9577507972717285 0.3099701404571533
  endloop
endfacet
facet normal 0.0 0.0 0.0
  outer loop
    vertex -6.8349103927612305 7.06817102432251 0.43934035301208496
    vertex -6.737090110778809 6.9577507972717285 0.3099701404571533
    vertex -6.968173027038574 6.934912204742432 0.43934035301208496
  endloop
endfacet
facet normal 0.0 0.0 0.0
  outer loop
    vertex -6.968173027038574 6.934912204742432 0.43934035301208496
    vertex -6.737090110778809 6.9577507972717285 0.3099701404571533
    vertex -6.857752799987793 6.83709192276001 0.3099701404571533
  endloop
endfacet
facet normal 0.0 0.0 0.0
  outer loop
    vertex -6.968173027038574 6.934912204742432 0.43934035301208496
    vertex -6.857752799987793 6.83709192276001 0.3099701404571533
    vertex -7.084403038024902 6.786562442779541 0.43934035301208496
  endloop
endfacet
facet normal 0.0 0.0 0.0
  outer loop
    vertex -7.084403038024902 6.786562442779541 0.43934035301208496
    vertex -6.857752799987793 6.83709192276001 0.3099701404571533
    vertex -6.9629926681518555 6.702761173248291 0.3099701404571533
  endloop
endfacet
facet normal 0.0 0.0 0.0
  outer loop
    vertex -7.084403038024902 6.786562442779541 0.43934035301208496
    vertex -6.9629926681518555 6.702761173248291 0.3099701404571533
    vertex -7.181891441345215 6.62528133392334 0.43934035301208496
  endloop
endfacet
facet normal 0.0 0.0 0.0
  outer loop
    vertex -7.181891441345215 6.62528133392334 0.43934035301208496
    vertex -6.9629926681518555 6.702761173248291 0.3099701404571533
    vertex -7.051272392272949 6.556723594665527 0.3099701404571533
  endloop
endfacet
facet normal 0.0 0.0 0.0
  outer loop
    vertex -7.181891441345215 6.62528133392334 0.43934035301208496
    vertex -7.051272392272949 6.556723594665527 0.3099701404571533
    vertex -7.259242057800293 6.453421592712402 0.43934035301208496
  endloop
endfacet
facet normal 0.0 0.0 0.0
  outer loop
    vertex -7.259242057800293 6.453421592712402 0.43934035301208496
    vertex -7.051272392272949 6.556723594665527 0.3099701404571533
    vertex -7.121310234069824 6.401110649108887 0.3099701404571533
  endloop
endfacet
facet normal 0.0 0.0 0.0
  outer loop
    vertex -7.259242057800293 6.453421592712402 0.43934035301208496
    vertex -7.121310234069824 6.401110649108887 0.3099701404571533
    vertex -7.315310478210449 6.273493766784668 0.43934035301208496
  endloop
endfacet
facet normal 0.0 0.0 0.0
  outer loop
    vertex -7.315310478210449 6.273493766784668 0.43934035301208496
    vertex -7.121310234069824 6.401110649108887 0.3099701404571533
    vertex -7.172080039978027 6.238192558288574 0.3099701404571533
  endloop
endfacet
facet normal 0.0 0.0 0.0
  outer loop
    vertex -7.315310478210449 6.273493766784668 0.43934035301208496
    vertex -7.172080039978027 6.238192558288574 0.3099701404571533
    vertex -7.34928035736084 6.088122367858887 0.43934035301208496
  endloop
endfacet
facet normal 0.0 0.0 0.0
  outer loop
    vertex -7.34928035736084 6.088122367858887 0.43934035301208496
    vertex -7.172080039978027 6.238192558288574 0.3099701404571533
    vertex -7.202841758728027 6.070342063903809 0.3099701404571533
  endloop
endfacet
facet normal 0.0 0.0 0.0
  outer loop
    vertex -5.800002098083496 7.313143253326416 0.3099701404571533
    vertex -5.800002098083496 7.150000095367432 0.20096230506896973
    vertex -5.970332145690918 7.302839756011963 0.3099701404571533
  endloop
endfacet
facet normal 0.0 0.0 0.0
  outer loop
    vertex -5.970332145690918 7.302839756011963 0.3099701404571533
    vertex -5.800002098083496 7.150000095367432 0.20096230506896973
    vertex -5.950671195983887 7.140890598297119 0.20096230506896973
  endloop
endfacet
facet normal 0.0 0.0 0.0
  outer loop
    vertex -5.970332145690918 7.302839756011963 0.3099701404571533
    vertex -5.950671195983887 7.140890598297119 0.20096230506896973
    vertex -6.138190269470215 7.2720818519592285 0.3099701404571533
  endloop
endfacet
facet normal 0.0 0.0 0.0
  outer loop
    vertex -6.138190269470215 7.2720818519592285 0.3099701404571533
    vertex -5.950671195983887 7.140890598297119 0.20096230506896973
    vertex -6.099143028259277 7.113680362701416 0.20096230506896973
  endloop
endfacet
facet normal 0.0 0.0 0.0
  outer loop
    vertex -6.138190269470215 7.2720818519592285 0.3099701404571533
    vertex -6.099143028259277 7.113680362701416 0.20096230506896973
    vertex -6.301112174987793 7.221312046051025 0.3099701404571533
  endloop
endfacet
facet normal 0.0 0.0 0.0
  outer loop
    vertex -6.301112174987793 7.221312046051025 0.3099701404571533
    vertex -6.099143028259277 7.113680362701416 0.20096230506896973
    vertex -6.24326229095459 7.068769931793213 0.20096230506896973
  endloop
endfacet
facet normal 0.0 0.0 0.0
  outer loop
    vertex -6.301112174987793 7.221312046051025 0.3099701404571533
    vertex -6.24326229095459 7.068769931793213 0.20096230506896973
    vertex -6.456721305847168 7.151281833648682 0.3099701404571533
  endloop
endfacet
facet normal 0.0 0.0 0.0
  outer loop
    vertex -6.456721305847168 7.151281833648682 0.3099701404571533
    vertex -6.24326229095459 7.068769931793213 0.20096230506896973
    vertex -6.3809003829956055 7.0068230628967285 0.20096230506896973
  endloop
endfacet
facet normal 0.0 0.0 0.0
  outer loop
    vertex -6.456721305847168 7.151281833648682 0.3099701404571533
    vertex -6.3809003829956055 7.0068230628967285 0.20096230506896973
    vertex -6.6027631759643555 7.062990665435791 0.3099701404571533
  endloop
endfacet
facet normal 0.0 0.0 0.0
  outer loop
    vertex -6.6027631759643555 7.062990665435791 0.3099701404571533
    vertex -6.3809003829956055 7.0068230628967285 0.20096230506896973
    vertex -6.5100812911987305 6.928732395172119 0.20096230506896973
  endloop
endfacet
facet normal 0.0 0.0 0.0
  outer loop
    vertex -6.6027631759643555 7.062990665435791 0.3099701404571533
    vertex -6.5100812911987305 6.928732395172119 0.20096230506896973
    vertex -6.737090110778809 6.9577507972717285 0.3099701404571533
  endloop
endfacet
facet normal 0.0 0.0 0.0
  outer loop
    vertex -6.737090110778809 6.9577507972717285 0.3099701404571533
    vertex -6.5100812911987305 6.928732395172119 0.20096230506896973
    vertex -6.628901481628418 6.835642337799072 0.20096230506896973
  endloop
endfacet
facet normal 0.0 0.0 0.0
  outer loop
    vertex -6.737090110778809 6.9577507972717285 0.3099701404571533
    vertex -6.628901481628418 6.835642337799072 0.20096230506896973
    vertex -6.857752799987793 6.83709192276001 0.3099701404571533
  endloop
endfacet
facet normal 0.0 0.0 0.0
  outer loop
    vertex -6.857752799987793 6.83709192276001 0.3099701404571533
    vertex -6.628901481628418 6.835642337799072 0.20096230506896973
    vertex -6.735640525817871 6.728903293609619 0.20096230506896973
  endloop
endfacet
facet normal 0.0 0.0 0.0
  outer loop
    vertex -6.857752799987793 6.83709192276001 0.3099701404571533
    vertex -6.735640525817871 6.728903293609619 0.20096230506896973
    vertex -6.9629926681518555 6.702761173248291 0.3099701404571533
  endloop
endfacet
facet normal 0.0 0.0 0.0
  outer loop
    vertex -6.9629926681518555 6.702761173248291 0.3099701404571533
    vertex -6.735640525817871 6.728903293609619 0.20096230506896973
    vertex -6.828730583190918 6.61008358001709 0.20096230506896973
  endloop
endfacet
facet normal 0.0 0.0 0.0
  outer loop
    vertex -6.9629926681518555 6.702761173248291 0.3099701404571533
    vertex -6.828730583190918 6.61008358001709 0.20096230506896973
    vertex -7.051272392272949 6.556723594665527 0.3099701404571533
  endloop
endfacet
facet normal 0.0 0.0 0.0
  outer loop
    vertex -7.051272392272949 6.556723594665527 0.3099701404571533
    vertex -6.828730583190918 6.61008358001709 0.20096230506896973
    vertex -6.906821250915527 6.480902671813965 0.20096230506896973
  endloop
endfacet
facet normal 0.0 0.0 0.0
  outer loop
    vertex -7.051272392272949 6.556723594665527 0.3099701404571533
    vertex -6.906821250915527 6.480902671813965 0.20096230506896973
    vertex -7.121310234069824 6.401110649108887 0.3099701404571533
  endloop
endfacet
facet normal 0.0 0.0 0.0
  outer loop
    vertex -7.121310234069824 6.401110649108887 0.3099701404571533
    vertex -6.906821250915527 6.480902671813965 0.20096230506896973
    vertex -6.968771934509277 6.343260765075684 0.20096230506896973
  endloop
endfacet
facet normal 0.0 0.0 0.0
  outer loop
    vertex -7.121310234069824 6.401110649108887 0.3099701404571533
    vertex -6.968771934509277 6.343260765075684 0.20096230506896973
    vertex -7.172080039978027 6.238192558288574 0.3099701404571533
  endloop
endfacet
facet normal 0.0 0.0 0.0
  outer loop
    vertex -7.172080039978027 6.238192558288574 0.3099701404571533
    vertex -6.968771934509277 6.343260765075684 0.20096230506896973
    vertex -7.0136823654174805 6.199152946472168 0.20096230506896973
  endloop
endfacet
facet normal 0.0 0.0 0.0
  outer loop
    vertex -7.172080039978027 6.238192558288574 0.3099701404571533
    vertex -7.0136823654174805 6.199152946472168 0.20096230506896973
    vertex -7.202841758728027 6.070342063903809 0.3099701404571533
  endloop
endfacet
facet normal 0.0 0.0 0.0
  outer loop
    vertex -7.202841758728027 6.070342063903809 0.3099701404571533
    vertex -7.0136823654174805 6.199152946472168 0.20096230506896973
    vertex -7.040892601013184 6.050673484802246 0.20096230506896973
  endloop
endfacet
facet normal 0.0 0.0 0.0
  outer loop
    vertex -5.800002098083496 7.150000095367432 0.20096230506896973
    vertex -5.800002098083496 6.974031925201416 0.1141812801361084
    vertex -5.950671195983887 7.140890598297119 0.20096230506896973
  endloop
endfacet
facet normal 0.0 0.0 0.0
  outer loop
    vertex -5.950671195983887 7.140890598297119 0.20096230506896973
    vertex -5.800002098083496 6.974031925201416 0.1141812801361084
    vertex -5.929461479187012 6.966200351715088 0.1141812801361084
  endloop
endfacet
facet normal 0.0 0.0 0.0
  outer loop
    vertex -5.950671195983887 7.140890598297119 0.20096230506896973
    vertex -5.929461479187012 6.966200351715088 0.1141812801361084
    vertex -6.099143028259277 7.113680362701416 0.20096230506896973
  endloop
endfacet
facet normal 0.0 0.0 0.0
  outer loop
    vertex -6.099143028259277 7.113680362701416 0.20096230506896973
    vertex -5.929461479187012 6.966200351715088 0.1141812801361084
    vertex -6.057032585144043 6.942820072174072 0.1141812801361084
  endloop
endfacet
facet normal 0.0 0.0 0.0
  outer loop
    vertex -6.099143028259277 7.113680362701416 0.20096230506896973
    vertex -6.057032585144043 6.942820072174072 0.1141812801361084
    vertex -6.24326229095459 7.068769931793213 0.20096230506896973
  endloop
endfacet
facet normal 0.0 0.0 0.0
  outer loop
    vertex -6.24326229095459 7.068769931793213 0.20096230506896973
    vertex -6.057032585144043 6.942820072174072 0.1141812801361084
    vertex -6.180850028991699 6.90423059463501 0.1141812801361084
  endloop
endfacet
facet normal 0.0 0.0 0.0
  outer loop
    vertex -6.24326229095459 7.068769931793213 0.20096230506896973
    vertex -6.180850028991699 6.90423059463501 0.1141812801361084
    vertex -6.3809003829956055 7.0068230628967285 0.20096230506896973
  endloop
endfacet
facet normal 0.0 0.0 0.0
  outer loop
    vertex -6.3809003829956055 7.0068230628967285 0.20096230506896973
    vertex -6.180850028991699 6.90423059463501 0.1141812801361084
    vertex -6.299120903015137 6.8510003089904785 0.1141812801361084
  endloop
endfacet
facet normal 0.0 0.0 0.0
  outer loop
    vertex -6.3809003829956055 7.0068230628967285 0.20096230506896973
    vertex -6.299120903015137 6.8510003089904785 0.1141812801361084
    vertex -6.5100812911987305 6.928732395172119 0.20096230506896973
  endloop
endfacet
facet normal 0.0 0.0 0.0
  outer loop
    vertex -6.5100812911987305 6.928732395172119 0.20096230506896973
    vertex -6.299120903015137 6.8510003089904785 0.1141812801361084
    vertex -6.410109519958496 6.783911228179932 0.1141812801361084
  endloop
endfacet
facet normal 0.0 0.0 0.0
  outer loop
    vertex -6.5100812911987305 6.928732395172119 0.20096230506896973
    vertex -6.410109519958496 6.783911228179932 0.1141812801361084
    vertex -6.628901481628418 6.835642337799072 0.20096230506896973
  endloop
endfacet
facet normal 0.0 0.0 0.0
  outer loop
    vertex -6.628901481628418 6.835642337799072 0.20096230506896973
    vertex -6.410109519958496 6.783911228179932 0.1141812801361084
    vertex -6.512209892272949 6.703920841217041 0.1141812801361084
  endloop
endfacet
facet normal 0.0 0.0 0.0
  outer loop
    vertex -6.628901481628418 6.835642337799072 0.20096230506896973
    vertex -6.512209892272949 6.703920841217041 0.1141812801361084
    vertex -6.735640525817871 6.728903293609619 0.20096230506896973
  endloop
endfacet
facet normal 0.0 0.0 0.0
  outer loop
    vertex -6.735640525817871 6.728903293609619 0.20096230506896973
    vertex -6.512209892272949 6.703920841217041 0.1141812801361084
    vertex -6.6039228439331055 6.612212181091309 0.1141812801361084
  endloop
endfacet
facet normal 0.0 0.0 0.0
  outer loop
    vertex -6.735640525817871 6.728903293609619 0.20096230506896973
    vertex -6.6039228439331055 6.612212181091309 0.1141812801361084
    vertex -6.828730583190918 6.61008358001709 0.20096230506896973
  endloop
endfacet
facet normal 0.0 0.0 0.0
  outer loop
    vertex -6.828730583190918 6.61008358001709 0.20096230506896973
    vertex -6.6039228439331055 6.612212181091309 0.1141812801361084
    vertex -6.683901786804199 6.510123252868652 0.1141812801361084
  endloop
endfacet
facet normal 0.0 0.0 0.0
  outer loop
    vertex -6.828730583190918 6.61008358001709 0.20096230506896973
    vertex -6.683901786804199 6.510123252868652 0.1141812801361084
    vertex -6.906821250915527 6.480902671813965 0.20096230506896973
  endloop
endfacet
facet normal 0.0 0.0 0.0
  outer loop
    vertex -6.906821250915527 6.480902671813965 0.20096230506896973
    vertex -6.683901786804199 6.510123252868652 0.1141812801361084
    vertex -6.751002311706543 6.399130821228027 0.1141812801361084
  endloop
endfacet
facet normal 0.0 0.0 0.0
  outer loop
    vertex -6.906821250915527 6.480902671813965 0.20096230506896973
    vertex -6.751002311706543 6.399130821228027 0.1141812801361084
    vertex -6.968771934509277 6.343260765075684 0.20096230506896973
  endloop
endfacet
facet normal 0.0 0.0 0.0
  outer loop
    vertex -6.968771934509277 6.343260765075684 0.20096230506896973
    vertex -6.751002311706543 6.399130821228027 0.1141812801361084
    vertex -6.804232597351074 6.2808637619018555 0.1141812801361084
  endloop
endfacet
facet normal 0.0 0.0 0.0
  outer loop
    vertex -6.968771934509277 6.343260765075684 0.20096230506896973
    vertex -6.804232597351074 6.2808637619018555 0.1141812801361084
    vertex -7.0136823654174805 6.199152946472168 0.20096230506896973
  endloop
endfacet
facet normal 0.0 0.0 0.0
  outer loop
    vertex -7.0136823654174805 6.199152946472168 0.20096230506896973
    vertex -6.804232597351074 6.2808637619018555 0.1141812801361084
    vertex -6.84281063079834 6.157031059265137 0.1141812801361084
  endloop
endfacet
facet normal 0.0 0.0 0.0
  outer loop
    vertex -7.0136823654174805 6.199152946472168 0.20096230506896973
    vertex -6.84281063079834 6.157031059265137 0.1141812801361084
    vertex -7.040892601013184 6.050673484802246 0.20096230506896973
  endloop
endfacet
facet normal 0.0 0.0 0.0
  outer loop
    vertex -7.040892601013184 6.050673484802246 0.20096230506896973
    vertex -6.84281063079834 6.157031059265137 0.1141812801361084
    vertex -6.8661909103393555 6.029463768005371 0.1141812801361084
  endloop
endfacet
facet normal 0.0 0.0 0.0
  outer loop
    vertex -5.800002098083496 6.974031925201416 0.1141812801361084
    vertex -5.800002098083496 6.788233280181885 0.05111122131347656
    vertex -5.929461479187012 6.966200351715088 0.1141812801361084
  endloop
endfacet
facet normal 0.0 0.0 0.0
  outer loop
    vertex -5.929461479187012 6.966200351715088 0.1141812801361084
    vertex -5.800002098083496 6.788233280181885 0.05111122131347656
    vertex -5.907061576843262 6.781752109527588 0.05111122131347656
  endloop
endfacet
facet normal 0.0 0.0 0.0
  outer loop
    vertex -5.929461479187012 6.966200351715088 0.1141812801361084
    vertex -5.907061576843262 6.781752109527588 0.05111122131347656
    vertex -6.057032585144043 6.942820072174072 0.1141812801361084
  endloop
endfacet
facet normal 0.0 0.0 0.0
  outer loop
    vertex -6.057032585144043 6.942820072174072 0.1141812801361084
    vertex -5.907061576843262 6.781752109527588 0.05111122131347656
    vertex -6.012572288513184 6.762423038482666 0.05111122131347656
  endloop
endfacet
facet normal 0.0 0.0 0.0
  outer loop
    vertex -6.057032585144043 6.942820072174072 0.1141812801361084
    vertex -6.012572288513184 6.762423038482666 0.05111122131347656
    vertex -6.180850028991699 6.90423059463501 0.1141812801361084
  endloop
endfacet
facet normal 0.0 0.0 0.0
  outer loop
    vertex -6.180850028991699 6.90423059463501 0.1141812801361084
    vertex -6.012572288513184 6.762423038482666 0.05111122131347656
    vertex -6.1149702072143555 6.730513095855713 0.05111122131347656
  endloop
endfacet
facet normal 0.0 0.0 0.0
  outer loop
    vertex -6.180850028991699 6.90423059463501 0.1141812801361084
    vertex -6.1149702072143555 6.730513095855713 0.05111122131347656
    vertex -6.299120903015137 6.8510003089904785 0.1141812801361084
  endloop
endfacet
facet normal 0.0 0.0 0.0
  outer loop
    vertex -6.299120903015137 6.8510003089904785 0.1141812801361084
    vertex -6.1149702072143555 6.730513095855713 0.05111122131347656
    vertex -6.212782859802246 6.6864914894104 0.05111122131347656
  endloop
endfacet
facet normal 0.0 0.0 0.0
  outer loop
    vertex -6.299120903015137 6.8510003089904785 0.1141812801361084
    vertex -6.212782859802246 6.6864914894104 0.05111122131347656
    vertex -6.410109519958496 6.783911228179932 0.1141812801361084
  endloop
endfacet
facet normal 0.0 0.0 0.0
  outer loop
    vertex -6.410109519958496 6.783911228179932 0.1141812801361084
    vertex -6.212782859802246 6.6864914894104 0.05111122131347656
    vertex -6.304572105407715 6.631003379821777 0.05111122131347656
  endloop
endfacet
facet normal 0.0 0.0 0.0
  outer loop
    vertex -6.410109519958496 6.783911228179932 0.1141812801361084
    vertex -6.304572105407715 6.631003379821777 0.05111122131347656
    vertex -6.512209892272949 6.703920841217041 0.1141812801361084
  endloop
endfacet
facet normal 0.0 0.0 0.0
  outer loop
    vertex -6.512209892272949 6.703920841217041 0.1141812801361084
    vertex -6.304572105407715 6.631003379821777 0.05111122131347656
    vertex -6.389002799987793 6.564852714538574 0.05111122131347656
  endloop
endfacet
facet normal 0.0 0.0 0.0
  outer loop
    vertex -6.512209892272949 6.703920841217041 0.1141812801361084
    vertex -6.389002799987793 6.564852714538574 0.05111122131347656
    vertex -6.6039228439331055 6.612212181091309 0.1141812801361084
  endloop
endfacet
facet normal 0.0 0.0 0.0
  outer loop
    vertex -6.6039228439331055 6.612212181091309 0.1141812801361084
    vertex -6.389002799987793 6.564852714538574 0.05111122131347656
    vertex -6.464850425720215 6.489012718200684 0.05111122131347656
  endloop
endfacet
facet normal 0.0 0.0 0.0
  outer loop
    vertex -6.6039228439331055 6.612212181091309 0.1141812801361084
    vertex -6.464850425720215 6.489012718200684 0.05111122131347656
    vertex -6.683901786804199 6.510123252868652 0.1141812801361084
  endloop
endfacet
facet normal 0.0 0.0 0.0
  outer loop
    vertex -6.683901786804199 6.510123252868652 0.1141812801361084
    vertex -6.464850425720215 6.489012718200684 0.05111122131347656
    vertex -6.531001091003418 6.404570579528809 0.05111122131347656
  endloop
endfacet
facet normal 0.0 0.0 0.0
  outer loop
    vertex -6.683901786804199 6.510123252868652 0.1141812801361084
    vertex -6.531001091003418 6.404570579528809 0.05111122131347656
    vertex -6.751002311706543 6.399130821228027 0.1141812801361084
  endloop
endfacet
facet normal 0.0 0.0 0.0
  outer loop
    vertex -6.751002311706543 6.399130821228027 0.1141812801361084
    vertex -6.531001091003418 6.404570579528809 0.05111122131347656
    vertex -6.586489677429199 6.31278133392334 0.05111122131347656
  endloop
endfacet
facet normal 0.0 0.0 0.0
  outer loop
    vertex -6.751002311706543 6.399130821228027 0.1141812801361084
    vertex -6.586489677429199 6.31278133392334 0.05111122131347656
    vertex -6.804232597351074 6.2808637619018555 0.1141812801361084
  endloop
endfacet
facet normal 0.0 0.0 0.0
  outer loop
    vertex -6.804232597351074 6.2808637619018555 0.1141812801361084
    vertex -6.586489677429199 6.31278133392334 0.05111122131347656
    vertex -6.630511283874512 6.214972496032715 0.05111122131347656
  endloop
endfacet
facet normal 0.0 0.0 0.0
  outer loop
    vertex -6.804232597351074 6.2808637619018555 0.1141812801361084
    vertex -6.630511283874512 6.214972496032715 0.05111122131347656
    vertex -6.84281063079834 6.157031059265137 0.1141812801361084
  endloop
endfacet
facet normal 0.0 0.0 0.0
  outer loop
    vertex -6.84281063079834 6.157031059265137 0.1141812801361084
    vertex -6.630511283874512 6.214972496032715 0.05111122131347656
    vertex -6.662421226501465 6.112570762634277 0.05111122131347656
  endloop
endfacet
facet normal 0.0 0.0 0.0
  outer loop
    vertex -6.84281063079834 6.157031059265137 0.1141812801361084
    vertex -6.662421226501465 6.112570762634277 0.05111122131347656
    vertex -6.8661909103393555 6.029463768005371 0.1141812801361084
  endloop
endfacet
facet normal 0.0 0.0 0.0
  outer loop
    vertex -6.8661909103393555 6.029463768005371 0.1141812801361084
    vertex -6.662421226501465 6.112570762634277 0.05111122131347656
    vertex -6.681750297546387 6.007071495056152 0.05111122131347656
  endloop
endfacet
facet normal 0.0 0.0 0.0
  outer loop
    vertex -5.800002098083496 6.788233280181885 0.05111122131347656
    vertex -5.800002098083496 6.595793724060059 0.012833356857299805
    vertex -5.907061576843262 6.781752109527588 0.05111122131347656
  endloop
endfacet
facet normal 0.0 0.0 0.0
  outer loop
    vertex -5.907061576843262 6.781752109527588 0.05111122131347656
    vertex -5.800002098083496 6.595793724060059 0.012833356857299805
    vertex -5.883872032165527 6.590723991394043 0.012833356857299805
  endloop
endfacet
facet normal 0.0 0.0 0.0
  outer loop
    vertex -5.907061576843262 6.781752109527588 0.05111122131347656
    vertex -5.883872032165527 6.590723991394043 0.012833356857299805
    vertex -6.012572288513184 6.762423038482666 0.05111122131347656
  endloop
endfacet
facet normal 0.0 0.0 0.0
  outer loop
    vertex -6.012572288513184 6.762423038482666 0.05111122131347656
    vertex -5.883872032165527 6.590723991394043 0.012833356857299805
    vertex -5.966509819030762 6.5755720138549805 0.012833356857299805
  endloop
endfacet
facet normal 0.0 0.0 0.0
  outer loop
    vertex -6.012572288513184 6.762423038482666 0.05111122131347656
    vertex -5.966509819030762 6.5755720138549805 0.012833356857299805
    vertex -6.1149702072143555 6.730513095855713 0.05111122131347656
  endloop
endfacet
facet normal 0.0 0.0 0.0
  outer loop
    vertex -6.1149702072143555 6.730513095855713 0.05111122131347656
    vertex -5.966509819030762 6.5755720138549805 0.012833356857299805
    vertex -6.0467329025268555 6.550581932067871 0.012833356857299805
  endloop
endfacet
facet normal 0.0 0.0 0.0
  outer loop
    vertex -6.1149702072143555 6.730513095855713 0.05111122131347656
    vertex -6.0467329025268555 6.550581932067871 0.012833356857299805
    vertex -6.212782859802246 6.6864914894104 0.05111122131347656
  endloop
endfacet
facet normal 0.0 0.0 0.0
  outer loop
    vertex -6.212782859802246 6.6864914894104 0.05111122131347656
    vertex -6.0467329025268555 6.550581932067871 0.012833356857299805
    vertex -6.123351097106934 6.5160932540893555 0.012833356857299805
  endloop
endfacet
facet normal 0.0 0.0 0.0
  outer loop
    vertex -6.212782859802246 6.6864914894104 0.05111122131347656
    vertex -6.123351097106934 6.5160932540893555 0.012833356857299805
    vertex -6.304572105407715 6.631003379821777 0.05111122131347656
  endloop
endfacet
facet normal 0.0 0.0 0.0
  outer loop
    vertex -6.304572105407715 6.631003379821777 0.05111122131347656
    vertex -6.123351097106934 6.5160932540893555 0.012833356857299805
    vertex -6.195250511169434 6.472620964050293 0.012833356857299805
  endloop
endfacet
facet normal 0.0 0.0 0.0
  outer loop
    vertex -6.304572105407715 6.631003379821777 0.05111122131347656
    vertex -6.195250511169434 6.472620964050293 0.012833356857299805
    vertex -6.389002799987793 6.564852714538574 0.05111122131347656
  endloop
endfacet
facet normal 0.0 0.0 0.0
  outer loop
    vertex -6.389002799987793 6.564852714538574 0.05111122131347656
    vertex -6.195250511169434 6.472620964050293 0.012833356857299805
    vertex -6.26138973236084 6.42081356048584 0.012833356857299805
  endloop
endfacet
facet normal 0.0 0.0 0.0
  outer loop
    vertex -6.389002799987793 6.564852714538574 0.05111122131347656
    vertex -6.26138973236084 6.42081356048584 0.012833356857299805
    vertex -6.464850425720215 6.489012718200684 0.05111122131347656
  endloop
endfacet
facet normal 0.0 0.0 0.0
  outer loop
    vertex -6.464850425720215 6.489012718200684 0.05111122131347656
    vertex -6.26138973236084 6.42081356048584 0.012833356857299805
    vertex -6.320799827575684 6.361392021179199 0.012833356857299805
  endloop
endfacet
facet normal 0.0 0.0 0.0
  outer loop
    vertex -6.464850425720215 6.489012718200684 0.05111122131347656
    vertex -6.320799827575684 6.361392021179199 0.012833356857299805
    vertex -6.531001091003418 6.404570579528809 0.05111122131347656
  endloop
endfacet
facet normal 0.0 0.0 0.0
  outer loop
    vertex -6.531001091003418 6.404570579528809 0.05111122131347656
    vertex -6.320799827575684 6.361392021179199 0.012833356857299805
    vertex -6.372622489929199 6.295252799987793 0.012833356857299805
  endloop
endfacet
facet normal 0.0 0.0 0.0
  outer loop
    vertex -6.531001091003418 6.404570579528809 0.05111122131347656
    vertex -6.372622489929199 6.295252799987793 0.012833356857299805
    vertex -6.586489677429199 6.31278133392334 0.05111122131347656
  endloop
endfacet
facet normal 0.0 0.0 0.0
  outer loop
    vertex -6.586489677429199 6.31278133392334 0.05111122131347656
    vertex -6.372622489929199 6.295252799987793 0.012833356857299805
    vertex -6.416090965270996 6.223353385925293 0.012833356857299805
  endloop
endfacet
facet normal 0.0 0.0 0.0
  outer loop
    vertex -6.586489677429199 6.31278133392334 0.05111122131347656
    vertex -6.416090965270996 6.223353385925293 0.012833356857299805
    vertex -6.630511283874512 6.214972496032715 0.05111122131347656
  endloop
endfacet
facet normal 0.0 0.0 0.0
  outer loop
    vertex -6.630511283874512 6.214972496032715 0.05111122131347656
    vertex -6.416090965270996 6.223353385925293 0.012833356857299805
    vertex -6.4505720138549805 6.146731376647949 0.012833356857299805
  endloop
endfacet
facet normal 0.0 0.0 0.0
  outer loop
    vertex -6.630511283874512 6.214972496032715 0.05111122131347656
    vertex -6.4505720138549805 6.146731376647949 0.012833356857299805
    vertex -6.662421226501465 6.112570762634277 0.05111122131347656
  endloop
endfacet
facet normal 0.0 0.0 0.0
  outer loop
    vertex -6.662421226501465 6.112570762634277 0.05111122131347656
    vertex -6.4505720138549805 6.146731376647949 0.012833356857299805
    vertex -6.475569725036621 6.066512107849121 0.012833356857299805
  endloop
endfacet
facet normal 0.0 0.0 0.0
  outer loop
    vertex -6.662421226501465 6.112570762634277 0.05111122131347656
    vertex -6.475569725036621 6.066512107849121 0.012833356857299805
    vertex -6.681750297546387 6.007071495056152 0.05111122131347656
  endloop
endfacet
facet normal 0.0 0.0 0.0
  outer loop
    vertex -6.681750297546387 6.007071495056152 0.05111122131347656
    vertex -6.475569725036621 6.066512107849121 0.012833356857299805
    vertex -6.490721702575684 5.983870506286621 0.012833356857299805
  endloop
endfacet
facet normal 0.0 0.0 0.0
  outer loop
    vertex -5.800002098083496 6.595793724060059 0.012833356857299805
    vertex -5.800002098083496 6.40000057220459 2.384185791015625e-07
    vertex -5.883872032165527 6.590723991394043 0.012833356857299805
  endloop
endfacet
facet normal 0.0 0.0 0.0
  outer loop
    vertex -5.883872032165527 6.590723991394043 0.012833356857299805
    vertex -5.800002098083496 6.40000057220459 2.384185791015625e-07
    vertex -5.911261558532715 6.3874616622924805 2.384185791015625e-07
  endloop
endfacet
facet normal 0.0 0.0 0.0
  outer loop
    vertex -5.883872032165527 6.590723991394043 0.012833356857299805
    vertex -5.911261558532715 6.3874616622924805 2.384185791015625e-07
    vertex -5.966509819030762 6.5755720138549805 0.012833356857299805
  endloop
endfacet
facet normal 0.0 0.0 0.0
  outer loop
    vertex -5.966509819030762 6.5755720138549805 0.012833356857299805
    vertex -5.911261558532715 6.3874616622924805 2.384185791015625e-07
    vertex -6.0467329025268555 6.550581932067871 0.012833356857299805
  endloop
endfacet
facet normal 0.0 0.0 0.0
  outer loop
    vertex -5.911261558532715 6.3874616622924805 2.384185791015625e-07
    vertex -6.016940116882324 6.350493431091309 2.384185791015625e-07
    vertex -6.0467329025268555 6.550581932067871 0.012833356857299805
  endloop
endfacet
facet normal 0.0 0.0 0.0
  outer loop
    vertex -6.0467329025268555 6.550581932067871 0.012833356857299805
    vertex -6.016940116882324 6.350493431091309 2.384185791015625e-07
    vertex -6.123351097106934 6.5160932540893555 0.012833356857299805
  endloop
endfacet
facet normal 0.0 0.0 0.0
  outer loop
    vertex -6.123351097106934 6.5160932540893555 0.012833356857299805
    vertex -6.016940116882324 6.350493431091309 2.384185791015625e-07
    vertex -6.195250511169434 6.472620964050293 0.012833356857299805
  endloop
endfacet
facet normal 0.0 0.0 0.0
  outer loop
    vertex -6.195250511169434 6.472620964050293 0.012833356857299805
    vertex -6.016940116882324 6.350493431091309 2.384185791015625e-07
    vertex -6.111742973327637 6.290923118591309 2.384185791015625e-07
  endloop
endfacet
facet normal 0.0 0.0 0.0
  outer loop
    vertex -6.195250511169434 6.472620964050293 0.012833356857299805
    vertex -6.111742973327637 6.290923118591309 2.384185791015625e-07
    vertex -6.26138973236084 6.42081356048584 0.012833356857299805
  endloop
endfacet
facet normal 0.0 0.0 0.0
  outer loop
    vertex -6.26138973236084 6.42081356048584 0.012833356857299805
    vertex -6.111742973327637 6.290923118591309 2.384185791015625e-07
    vertex -6.190913200378418 6.211752891540527 2.384185791015625e-07
  endloop
endfacet
facet normal 0.0 0.0 0.0
  outer loop
    vertex -6.26138973236084 6.42081356048584 0.012833356857299805
    vertex -6.190913200378418 6.211752891540527 2.384185791015625e-07
    vertex -6.320799827575684 6.361392021179199 0.012833356857299805
  endloop
endfacet
facet normal 0.0 0.0 0.0
  outer loop
    vertex -6.320799827575684 6.361392021179199 0.012833356857299805
    vertex -6.190913200378418 6.211752891540527 2.384185791015625e-07
    vertex -6.372622489929199 6.295252799987793 0.012833356857299805
  endloop
endfacet
facet normal 0.0 0.0 0.0
  outer loop
    vertex -6.190913200378418 6.211752891540527 2.384185791015625e-07
    vertex -6.250479698181152 6.116942405700684 2.384185791015625e-07
    vertex -6.372622489929199 6.295252799987793 0.012833356857299805
  endloop
endfacet
facet normal 0.0 0.0 0.0
  outer loop
    vertex -6.372622489929199 6.295252799987793 0.012833356857299805
    vertex -6.250479698181152 6.116942405700684 2.384185791015625e-07
    vertex -6.416090965270996 6.223353385925293 0.012833356857299805
  endloop
endfacet
facet normal 0.0 0.0 0.0
  outer loop
    vertex -6.416090965270996 6.223353385925293 0.012833356857299805
    vertex -6.250479698181152 6.116942405700684 2.384185791015625e-07
    vertex -6.4505720138549805 6.146731376647949 0.012833356857299805
  endloop
endfacet
facet normal 0.0 0.0 0.0
  outer loop
    vertex -6.4505720138549805 6.146731376647949 0.012833356857299805
    vertex -6.250479698181152 6.116942405700684 2.384185791015625e-07
    vertex -6.287463188171387 6.011263847351074 2.384185791015625e-07
  endloop
endfacet
facet normal 0.0 0.0 0.0
  outer loop
    vertex -6.4505720138549805 6.146731376647949 0.012833356857299805
    vertex -6.287463188171387 6.011263847351074 2.384185791015625e-07
    vertex -6.475569725036621 6.066512107849121 0.012833356857299805
  endloop
endfacet
facet normal 0.0 0.0 0.0
  outer loop
    vertex -6.475569725036621 6.066512107849121 0.012833356857299805
    vertex -6.287463188171387 6.011263847351074 2.384185791015625e-07
    vertex -6.490721702575684 5.983870506286621 0.012833356857299805
  endloop
endfacet
facet normal 0.0 0.0 0.0
  outer loop
    vertex 7.899998664855957 5.90000057220459 1.5
    vertex 7.885418891906738 6.141070365905762 1.5
    vertex 7.899998664855957 5.90000057220459 2.0
  endloop
endfacet
facet normal 0.0 0.0 0.0
  outer loop
    vertex 7.899998664855957 5.90000057220459 2.0
    vertex 7.885418891906738 6.141070365905762 1.5
    vertex 7.885418891906738 6.141070365905762 2.0
  endloop
endfacet
facet normal 0.0 0.0 0.0
  outer loop
    vertex 7.885418891906738 6.141070365905762 2.0
    vertex 7.885418891906738 6.141070365905762 1.5
    vertex 7.8418779373168945 6.378630638122559 2.0
  endloop
endfacet
facet normal 0.0 0.0 0.0
  outer loop
    vertex 7.8418779373168945 6.378630638122559 2.0
    vertex 7.885418891906738 6.141070365905762 1.5
    vertex 7.8418779373168945 6.378630638122559 1.5
  endloop
endfacet
facet normal 0.0 0.0 0.0
  outer loop
    vertex 7.8418779373168945 6.378630638122559 2.0
    vertex 7.8418779373168945 6.378630638122559 1.5
    vertex 7.770028114318848 6.609213829040527 2.0
  endloop
endfacet
facet normal 0.0 0.0 0.0
  outer loop
    vertex 7.770028114318848 6.609213829040527 2.0
    vertex 7.8418779373168945 6.378630638122559 1.5
    vertex 7.770028114318848 6.609213829040527 1.5
  endloop
endfacet
facet normal 0.0 0.0 0.0
  outer loop
    vertex 7.770028114318848 6.609213829040527 2.0
    vertex 7.770028114318848 6.609213829040527 1.5
    vertex 7.6709089279174805 6.829451084136963 2.0
  endloop
endfacet
facet normal 0.0 0.0 0.0
  outer loop
    vertex 7.6709089279174805 6.829451084136963 2.0
    vertex 7.770028114318848 6.609213829040527 1.5
    vertex 7.6709089279174805 6.829451084136963 1.5
  endloop
endfacet
facet normal 0.0 0.0 0.0
  outer loop
    vertex 7.6709089279174805 6.829451084136963 2.0
    vertex 7.6709089279174805 6.829451084136963 1.5
    vertex 7.545968055725098 7.036131381988525 2.0
  endloop
endfacet
facet normal 0.0 0.0 0.0
  outer loop
    vertex 7.545968055725098 7.036131381988525 2.0
    vertex 7.6709089279174805 6.829451084136963 1.5
    vertex 7.545968055725098 7.036131381988525 1.5
  endloop
endfacet
facet normal 0.0 0.0 0.0
  outer loop
    vertex 7.545968055725098 7.036131381988525 2.0
    vertex 7.545968055725098 7.036131381988525 1.5
    vertex 7.397019386291504 7.22625207901001 2.0
  endloop
endfacet
facet normal 0.0 0.0 0.0
  outer loop
    vertex 7.397019386291504 7.22625207901001 2.0
    vertex 7.545968055725098 7.036131381988525 1.5
    vertex 7.397019386291504 7.22625207901001 1.5
  endloop
endfacet
facet normal 0.0 0.0 0.0
  outer loop
    vertex 7.397019386291504 7.22625207901001 2.0
    vertex 7.397019386291504 7.22625207901001 1.5
    vertex 7.226248741149902 7.3970208168029785 2.0
  endloop
endfacet
facet normal 0.0 0.0 0.0
  outer loop
    vertex 7.226248741149902 7.3970208168029785 2.0
    vertex 7.397019386291504 7.22625207901001 1.5
    vertex 7.226248741149902 7.3970208168029785 1.5
  endloop
endfacet
facet normal 0.0 0.0 0.0
  outer loop
    vertex 7.226248741149902 7.3970208168029785 2.0
    vertex 7.226248741149902 7.3970208168029785 1.5
    vertex 7.036128044128418 7.545973300933838 2.0
  endloop
endfacet
facet normal 0.0 0.0 0.0
  outer loop
    vertex 7.036128044128418 7.545973300933838 2.0
    vertex 7.226248741149902 7.3970208168029785 1.5
    vertex 7.036128044128418 7.545973300933838 1.5
  endloop
endfacet
facet normal 0.0 0.0 0.0
  outer loop
    vertex 7.036128044128418 7.545973300933838 2.0
    vertex 7.036128044128418 7.545973300933838 1.5
    vertex 6.8294477462768555 7.670912265777588 2.0
  endloop
endfacet
facet normal 0.0 0.0 0.0
  outer loop
    vertex 6.8294477462768555 7.670912265777588 2.0
    vertex 7.036128044128418 7.545973300933838 1.5
    vertex 6.8294477462768555 7.670912265777588 1.5
  endloop
endfacet
facet normal 0.0 0.0 0.0
  outer loop
    vertex 6.8294477462768555 7.670912265777588 2.0
    vertex 6.8294477462768555 7.670912265777588 1.5
    vertex 6.609208106994629 7.770033359527588 2.0
  endloop
endfacet
facet normal 0.0 0.0 0.0
  outer loop
    vertex 6.609208106994629 7.770033359527588 2.0
    vertex 6.8294477462768555 7.670912265777588 1.5
    vertex 6.609208106994629 7.770033359527588 1.5000001192092896
  endloop
endfacet
facet normal 0.0 0.0 0.0
  outer loop
    vertex 6.609208106994629 7.770033359527588 2.0
    vertex 6.609208106994629 7.770033359527588 1.5000001192092896
    vertex 6.378628730773926 7.841883182525635 2.0
  endloop
endfacet
facet normal 0.0 0.0 0.0
  outer loop
    vertex 6.378628730773926 7.841883182525635 2.0
    vertex 6.609208106994629 7.770033359527588 1.5000001192092896
    vertex 6.378628730773926 7.841883182525635 1.5000001192092896
  endloop
endfacet
facet normal 0.0 0.0 0.0
  outer loop
    vertex 6.378628730773926 7.841883182525635 2.0
    vertex 6.378628730773926 7.841883182525635 1.5000001192092896
    vertex 6.141068458557129 7.885420322418213 2.0
  endloop
endfacet
facet normal 0.0 0.0 0.0
  outer loop
    vertex 6.141068458557129 7.885420322418213 2.0
    vertex 6.378628730773926 7.841883182525635 1.5000001192092896
    vertex 6.141068458557129 7.885420322418213 1.5000001192092896
  endloop
endfacet
facet normal 0.0 0.0 0.0
  outer loop
    vertex 6.141068458557129 7.885420322418213 2.0
    vertex 6.141068458557129 7.885420322418213 1.5000001192092896
    vertex 5.899998664855957 7.900000095367432 2.0
  endloop
endfacet
facet normal 0.0 0.0 0.0
  outer loop
    vertex 5.899998664855957 7.900000095367432 2.0
    vertex 6.141068458557129 7.885420322418213 1.5000001192092896
    vertex 5.899998664855957 7.900000095367432 1.5000001192092896
  endloop
endfacet
facet normal 0.0 0.0 0.0
  outer loop
    vertex 5.899998664855957 7.900000095367432 1.5000001192092896
    vertex -5.800002098083496 7.900000095367432 1.5000001192092896
    vertex 5.899998664855957 7.900000095367432 2.0
  endloop
endfacet
facet normal 0.0 0.0 0.0
  outer loop
    vertex 5.899998664855957 7.900000095367432 2.0
    vertex -5.800002098083496 7.900000095367432 1.5000001192092896
    vertex -5.800002098083496 7.900000095367432 2.0
  endloop
endfacet
facet normal 0.0 0.0 0.0
  outer loop
    vertex -5.800002098083496 7.900000095367432 1.5000001192092896
    vertex -6.041071891784668 7.885420322418213 1.5000001192092896
    vertex -5.800002098083496 7.900000095367432 2.0
  endloop
endfacet
facet normal 0.0 0.0 0.0
  outer loop
    vertex -5.800002098083496 7.900000095367432 2.0
    vertex -6.041071891784668 7.885420322418213 1.5000001192092896
    vertex -6.041071891784668 7.885420322418213 2.0
  endloop
endfacet
facet normal 0.0 0.0 0.0
  outer loop
    vertex -6.041071891784668 7.885420322418213 2.0
    vertex -6.041071891784668 7.885420322418213 1.5000001192092896
    vertex -6.278632164001465 7.841883182525635 2.0
  endloop
endfacet
facet normal 0.0 0.0 0.0
  outer loop
    vertex -6.278632164001465 7.841883182525635 2.0
    vertex -6.041071891784668 7.885420322418213 1.5000001192092896
    vertex -6.278632164001465 7.841883182525635 1.5000001192092896
  endloop
endfacet
facet normal 0.0 0.0 0.0
  outer loop
    vertex -6.278632164001465 7.841883182525635 2.0
    vertex -6.278632164001465 7.841883182525635 1.5000001192092896
    vertex -6.509211540222168 7.770033359527588 2.0
  endloop
endfacet
facet normal 0.0 0.0 0.0
  outer loop
    vertex -6.509211540222168 7.770033359527588 2.0
    vertex -6.278632164001465 7.841883182525635 1.5000001192092896
    vertex -6.509211540222168 7.770033359527588 1.5000001192092896
  endloop
endfacet
facet normal 0.0 0.0 0.0
  outer loop
    vertex -6.509211540222168 7.770033359527588 2.0
    vertex -6.509211540222168 7.770033359527588 1.5000001192092896
    vertex -6.729453086853027 7.670912265777588 2.0
  endloop
endfacet
facet normal 0.0 0.0 0.0
  outer loop
    vertex -6.729453086853027 7.670912265777588 2.0
    vertex -6.509211540222168 7.770033359527588 1.5000001192092896
    vertex -6.729453086853027 7.670912265777588 1.5
  endloop
endfacet
facet normal 0.0 0.0 0.0
  outer loop
    vertex -6.729453086853027 7.670912265777588 2.0
    vertex -6.729453086853027 7.670912265777588 1.5
    vertex -6.936129570007324 7.545973300933838 2.0
  endloop
endfacet
facet normal 0.0 0.0 0.0
  outer loop
    vertex -6.936129570007324 7.545973300933838 2.0
    vertex -6.729453086853027 7.670912265777588 1.5
    vertex -6.936129570007324 7.545973300933838 1.5
  endloop
endfacet
facet normal 0.0 0.0 0.0
  outer loop
    vertex -6.936129570007324 7.545973300933838 2.0
    vertex -6.936129570007324 7.545973300933838 1.5
    vertex -7.126242637634277 7.3970208168029785 2.0
  endloop
endfacet
facet normal 0.0 0.0 0.0
  outer loop
    vertex -7.126242637634277 7.3970208168029785 2.0
    vertex -6.936129570007324 7.545973300933838 1.5
    vertex -7.126242637634277 7.3970208168029785 1.5
  endloop
endfacet
facet normal 0.0 0.0 0.0
  outer loop
    vertex -7.126242637634277 7.3970208168029785 2.0
    vertex -7.126242637634277 7.3970208168029785 1.5
    vertex -7.297022819519043 7.22625207901001 2.0
  endloop
endfacet
facet normal 0.0 0.0 0.0
  outer loop
    vertex -7.297022819519043 7.22625207901001 2.0
    vertex -7.126242637634277 7.3970208168029785 1.5
    vertex -7.297022819519043 7.22625207901001 1.5
  endloop
endfacet
facet normal 0.0 0.0 0.0
  outer loop
    vertex -7.297022819519043 7.22625207901001 2.0
    vertex -7.297022819519043 7.22625207901001 1.5
    vertex -7.445971488952637 7.036131381988525 2.0
  endloop
endfacet
facet normal 0.0 0.0 0.0
  outer loop
    vertex -7.445971488952637 7.036131381988525 2.0
    vertex -7.297022819519043 7.22625207901001 1.5
    vertex -7.445971488952637 7.036131381988525 1.5
  endloop
endfacet
facet normal 0.0 0.0 0.0
  outer loop
    vertex -7.445971488952637 7.036131381988525 2.0
    vertex -7.445971488952637 7.036131381988525 1.5
    vertex -7.570910453796387 6.829451084136963 2.0
  endloop
endfacet
facet normal 0.0 0.0 0.0
  outer loop
    vertex -7.570910453796387 6.829451084136963 2.0
    vertex -7.445971488952637 7.036131381988525 1.5
    vertex -7.570910453796387 6.829451084136963 1.5
  endloop
endfacet
facet normal 0.0 0.0 0.0
  outer loop
    vertex -7.570910453796387 6.829451084136963 2.0
    vertex -7.570910453796387 6.829451084136963 1.5
    vertex -7.670031547546387 6.609213829040527 2.0
  endloop
endfacet
facet normal 0.0 0.0 0.0
  outer loop
    vertex -7.670031547546387 6.609213829040527 2.0
    vertex -7.570910453796387 6.829451084136963 1.5
    vertex -7.670031547546387 6.609213829040527 1.5
  endloop
endfacet
facet normal 0.0 0.0 0.0
  outer loop
    vertex -7.670031547546387 6.609213829040527 2.0
    vertex -7.670031547546387 6.609213829040527 1.5
    vertex -7.741881370544434 6.378630638122559 2.0
  endloop
endfacet
facet normal 0.0 0.0 0.0
  outer loop
    vertex -7.741881370544434 6.378630638122559 2.0
    vertex -7.670031547546387 6.609213829040527 1.5
    vertex -7.741881370544434 6.378630638122559 1.5
  endloop
endfacet
facet normal 0.0 0.0 0.0
  outer loop
    vertex -7.741881370544434 6.378630638122559 2.0
    vertex -7.741881370544434 6.378630638122559 1.5
    vertex -7.785422325134277 6.141070365905762 2.0
  endloop
endfacet
facet normal 0.0 0.0 0.0
  outer loop
    vertex -7.785422325134277 6.141070365905762 2.0
    vertex -7.741881370544434 6.378630638122559 1.5
    vertex -7.785422325134277 6.141070365905762 1.5
  endloop
endfacet
facet normal 0.0 0.0 0.0
  outer loop
    vertex -7.785422325134277 6.141070365905762 2.0
    vertex -7.785422325134277 6.141070365905762 1.5
    vertex -7.800002098083496 5.90000057220459 2.0
  endloop
endfacet
facet normal 0.0 0.0 0.0
  outer loop
    vertex -7.800002098083496 5.90000057220459 2.0
    vertex -7.785422325134277 6.141070365905762 1.5
    vertex -7.800002098083496 5.90000057220459 1.5
  endloop
endfacet
facet normal 0.0 0.0 0.0
  outer loop
    vertex -7.800002098083496 5.90000057220459 1.5
    vertex -7.800002098083496 -5.899996757507324 1.5
    vertex -7.800002098083496 5.90000057220459 2.0
  endloop
endfacet
facet normal 0.0 0.0 0.0
  outer loop
    vertex -7.800002098083496 5.90000057220459 2.0
    vertex -7.800002098083496 -5.899996757507324 1.5
    vertex -7.800002098083496 -5.899996757507324 2.0
  endloop
endfacet
facet normal 0.0 0.0 0.0
  outer loop
    vertex -4.702269554138184 0.8966215252876282 2.384185791015625e-07
    vertex -4.380881309509277 0.5136030912399292 2.384185791015625e-07
    vertex -6.300002098083496 -5.899996757507324 2.384185791015625e-07
  endloop
endfacet
facet normal 0.0 0.0 0.0
  outer loop
    vertex -6.300002098083496 -5.899996757507324 2.384185791015625e-07
    vertex -4.380881309509277 0.5136030912399292 2.384185791015625e-07
    vertex -4.299761772155762 0.436424195766449 2.384185791015625e-07
  endloop
endfacet
facet normal 0.0 0.0 0.0
  outer loop
    vertex -6.300002098083496 -5.899996757507324 2.384185791015625e-07
    vertex -4.299761772155762 0.436424195766449 2.384185791015625e-07
    vertex -4.2035017013549805 0.3792419135570526 2.384185791015625e-07
  endloop
endfacet
facet normal 0.0 0.0 0.0
  outer loop
    vertex -4.2035017013549805 0.3792419135570526 2.384185791015625e-07
    vertex -4.096930503845215 0.34490200877189636 2.384185791015625e-07
    vertex -6.300002098083496 -5.899996757507324 2.384185791015625e-07
  endloop
endfacet
facet normal 0.0 0.0 0.0
  outer loop
    vertex -6.300002098083496 -5.899996757507324 2.384185791015625e-07
    vertex -4.096930503845215 0.34490200877189636 2.384185791015625e-07
    vertex -3.9853928089141846 0.3351440131664276 2.384185791015625e-07
  endloop
endfacet
facet normal 0.0 0.0 0.0
  outer loop
    vertex -6.300002098083496 -5.899996757507324 2.384185791015625e-07
    vertex -3.9853928089141846 0.3351440131664276 2.384185791015625e-07
    vertex -3.8744804859161377 0.35045239329338074 2.384185791015625e-07
  endloop
endfacet
facet normal 0.0 0.0 0.0
  outer loop
    vertex -6.300002098083496 -5.899996757507324 2.384185791015625e-07
    vertex -3.8744804859161377 0.35045239329338074 2.384185791015625e-07
    vertex -5.800002098083496 -6.399996757507324 2.384185791015625e-07
  endloop
endfacet
facet normal 0.0 0.0 0.0
  outer loop
    vertex -5.800002098083496 -6.399996757507324 2.384185791015625e-07
    vertex -3.8744804859161377 0.35045239329338074 2.384185791015625e-07
    vertex -3.769751787185669 0.39005276560783386 2.384185791015625e-07
  endloop
endfacet
facet normal 0.0 0.0 0.0
  outer loop
    vertex -5.800002098083496 -6.399996757507324 2.384185791015625e-07
    vertex -3.769751787185669 0.39005276560783386 2.384185791015625e-07
    vertex 3.510666608810425 -3.944567918777466 2.384185791015625e-07
  endloop
endfacet
facet normal 0.0 0.0 0.0
  outer loop
    vertex 3.510666608810425 -3.944567918777466 2.384185791015625e-07
    vertex -3.769751787185669 0.39005276560783386 2.384185791015625e-07
    vertex -3.6764633655548096 0.4519729018211365 2.384185791015625e-07
  endloop
endfacet
facet normal 0.0 0.0 0.0
  outer loop
    vertex 3.510666608810425 -3.944567918777466 2.384185791015625e-07
    vertex -3.6764633655548096 0.4519729018211365 2.384185791015625e-07
    vertex -0.19725342094898224 1.8937641382217407 2.384185791015625e-07
  endloop
endfacet
facet normal 0.0 0.0 0.0
  outer loop
    vertex -0.19725342094898224 1.8937641382217407 2.384185791015625e-07
    vertex -3.6764633655548096 0.4519729018211365 2.384185791015625e-07
    vertex -1.684180498123169 2.1236910820007324 2.384185791015625e-07
  endloop
endfacet
facet normal 0.0 0.0 0.0
  outer loop
    vertex -0.19725342094898224 1.8937641382217407 2.384185791015625e-07
    vertex -1.684180498123169 2.1236910820007324 2.384185791015625e-07
    vertex -1.5450432300567627 2.221553325653076 2.384185791015625e-07
  endloop
endfacet
facet normal 0.0 0.0 0.0
  outer loop
    vertex -1.5450432300567627 2.221553325653076 2.384185791015625e-07
    vertex -1.3913414478302002 2.294421672821045 2.384185791015625e-07
    vertex -0.19725342094898224 1.8937641382217407 2.384185791015625e-07
  endloop
endfacet
facet normal 0.0 0.0 0.0
  outer loop
    vertex -0.19725342094898224 1.8937641382217407 2.384185791015625e-07
    vertex -1.3913414478302002 2.294421672821045 2.384185791015625e-07
    vertex -1.2275002002716064 2.3401827812194824 2.384185791015625e-07
  endloop
endfacet
facet normal 0.0 0.0 0.0
  outer loop
    vertex -0.19725342094898224 1.8937641382217407 2.384185791015625e-07
    vertex -1.2275002002716064 2.3401827812194824 2.384185791015625e-07
    vertex -1.0582802295684814 2.357512950897217 2.384185791015625e-07
  endloop
endfacet
facet normal 0.0 0.0 0.0
  outer loop
    vertex -1.0582802295684814 2.357512950897217 2.384185791015625e-07
    vertex -0.8885719180107117 2.3459010124206543 2.384185791015625e-07
    vertex -0.19725342094898224 1.8937641382217407 2.384185791015625e-07
  endloop
endfacet
facet normal 0.0 0.0 0.0
  outer loop
    vertex -0.19725342094898224 1.8937641382217407 2.384185791015625e-07
    vertex -0.8885719180107117 2.3459010124206543 2.384185791015625e-07
    vertex -0.7232925295829773 2.305701732635498 2.384185791015625e-07
  endloop
endfacet
facet normal 0.0 0.0 0.0
  outer loop
    vertex -0.19725342094898224 1.8937641382217407 2.384185791015625e-07
    vertex -0.7232925295829773 2.305701732635498 2.384185791015625e-07
    vertex -0.5672103762626648 2.2380709648132324 2.384185791015625e-07
  endloop
endfacet
facet normal 0.0 0.0 0.0
  outer loop
    vertex -0.5672103762626648 2.2380709648132324 2.384185791015625e-07
    vertex -0.4248496890068054 2.1449732780456543 2.384185791015625e-07
    vertex -0.19725342094898224 1.8937641382217407 2.384185791015625e-07
  endloop
endfacet
facet normal 0.0 0.0 0.0
  outer loop
    vertex -0.19725342094898224 1.8937641382217407 2.384185791015625e-07
    vertex -0.4248496890068054 2.1449732780456543 2.384185791015625e-07
    vertex -0.3003227114677429 2.029082775115967 2.384185791015625e-07
  endloop
endfacet
facet normal 0.0 0.0 0.0
  outer loop
    vertex 3.510666608810425 -3.944567918777466 2.384185791015625e-07
    vertex 3.5808990001678467 -4.031756401062012 2.384185791015625e-07
    vertex -5.800002098083496 -6.399996757507324 2.384185791015625e-07
  endloop
endfacet
facet normal 0.0 0.0 0.0
  outer loop
    vertex -5.800002098083496 -6.399996757507324 2.384185791015625e-07
    vertex 3.5808990001678467 -4.031756401062012 2.384185791015625e-07
    vertex 3.668766736984253 -4.1011457443237305 2.384185791015625e-07
  endloop
endfacet
facet normal 0.0 0.0 0.0
  outer loop
    vertex -5.800002098083496 -6.399996757507324 2.384185791015625e-07
    vertex 3.668766736984253 -4.1011457443237305 2.384185791015625e-07
    vertex 5.899998664855957 -6.399996757507324 2.384185791015625e-07
  endloop
endfacet
facet normal 0.0 0.0 0.0
  outer loop
    vertex 5.899998664855957 -6.399996757507324 2.384185791015625e-07
    vertex 3.668766736984253 -4.1011457443237305 2.384185791015625e-07
    vertex 3.769879102706909 -4.149237632751465 2.384185791015625e-07
  endloop
endfacet
facet normal 0.0 0.0 0.0
  outer loop
    vertex 5.899998664855957 -6.399996757507324 2.384185791015625e-07
    vertex 3.769879102706909 -4.149237632751465 2.384185791015625e-07
    vertex 3.8791587352752686 -4.1736249923706055 2.384185791015625e-07
  endloop
endfacet
facet normal 0.0 0.0 0.0
  outer loop
    vertex 3.8791587352752686 -4.1736249923706055 2.384185791015625e-07
    vertex 3.9911201000213623 -4.173087120056152 2.384185791015625e-07
    vertex 5.899998664855957 -6.399996757507324 2.384185791015625e-07
  endloop
endfacet
facet normal 0.0 0.0 0.0
  outer loop
    vertex 5.899998664855957 -6.399996757507324 2.384185791015625e-07
    vertex 3.9911201000213623 -4.173087120056152 2.384185791015625e-07
    vertex 4.100159645080566 -4.147646903991699 2.384185791015625e-07
  endloop
endfacet
facet normal 0.0 0.0 0.0
  outer loop
    vertex 5.899998664855957 -6.399996757507324 2.384185791015625e-07
    vertex 4.100159645080566 -4.147646903991699 2.384185791015625e-07
    vertex 4.200798988342285 -4.098574638366699 2.384185791015625e-07
  endloop
endfacet
facet normal 0.0 0.0 0.0
  outer loop
    vertex 4.200798988342285 -4.098574638366699 2.384185791015625e-07
    vertex 4.622868537902832 -3.8305160999298096 2.384185791015625e-07
    vertex 5.899998664855957 -6.399996757507324 2.384185791015625e-07
  endloop
endfacet
facet normal 0.0 0.0 0.0
  outer loop
    vertex 5.899998664855957 -6.399996757507324 2.384185791015625e-07
    vertex 4.622868537902832 -3.8305160999298096 2.384185791015625e-07
    vertex 6.399998664855957 -5.899996757507324 2.384185791015625e-07
  endloop
endfacet
facet normal 0.0 0.0 0.0
  outer loop
    vertex 5.899998664855957 -6.399996757507324 2.384185791015625e-07
    vertex 6.399998664855957 -5.899996757507324 2.384185791015625e-07
    vertex 6.011258125305176 -6.387457847595215 2.384185791015625e-07
  endloop
endfacet
facet normal 0.0 0.0 0.0
  outer loop
    vertex 6.011258125305176 -6.387457847595215 2.384185791015625e-07
    vertex 6.399998664855957 -5.899996757507324 2.384185791015625e-07
    vertex 6.116938591003418 -6.3504743576049805 2.384185791015625e-07
  endloop
endfacet
facet normal 0.0 0.0 0.0
  outer loop
    vertex 6.116938591003418 -6.3504743576049805 2.384185791015625e-07
    vertex 6.399998664855957 -5.899996757507324 2.384185791015625e-07
    vertex 6.211749076843262 -6.290907859802246 2.384185791015625e-07
  endloop
endfacet
facet normal 0.0 0.0 0.0
  outer loop
    vertex 6.211749076843262 -6.290907859802246 2.384185791015625e-07
    vertex 6.399998664855957 -5.899996757507324 2.384185791015625e-07
    vertex 6.290919303894043 -6.211737632751465 2.384185791015625e-07
  endloop
endfacet
facet normal 0.0 0.0 0.0
  outer loop
    vertex 6.290919303894043 -6.211737632751465 2.384185791015625e-07
    vertex 6.399998664855957 -5.899996757507324 2.384185791015625e-07
    vertex 6.350489616394043 -6.116934776306152 2.384185791015625e-07
  endloop
endfacet
facet normal 0.0 0.0 0.0
  outer loop
    vertex 6.350489616394043 -6.116934776306152 2.384185791015625e-07
    vertex 6.399998664855957 -5.899996757507324 2.384185791015625e-07
    vertex 6.387457847595215 -6.011256217956543 2.384185791015625e-07
  endloop
endfacet
facet normal 0.0 0.0 0.0
  outer loop
    vertex 4.622868537902832 -3.8305160999298096 2.384185791015625e-07
    vertex 4.710068702697754 -3.7602875232696533 2.384185791015625e-07
    vertex 6.399998664855957 -5.899996757507324 2.384185791015625e-07
  endloop
endfacet
facet normal 0.0 0.0 0.0
  outer loop
    vertex 6.399998664855957 -5.899996757507324 2.384185791015625e-07
    vertex 4.710068702697754 -3.7602875232696533 2.384185791015625e-07
    vertex 4.779458045959473 -3.6724159717559814 2.384185791015625e-07
  endloop
endfacet
facet normal 0.0 0.0 0.0
  outer loop
    vertex 6.399998664855957 -5.899996757507324 2.384185791015625e-07
    vertex 4.779458045959473 -3.6724159717559814 2.384185791015625e-07
    vertex 4.827548027038574 -3.571307420730591 2.384185791015625e-07
  endloop
endfacet
facet normal 0.0 0.0 0.0
  outer loop
    vertex 4.827548027038574 -3.571307420730591 2.384185791015625e-07
    vertex 4.851927757263184 -3.4620277881622314 2.384185791015625e-07
    vertex 6.399998664855957 -5.899996757507324 2.384185791015625e-07
  endloop
endfacet
facet normal 0.0 0.0 0.0
  outer loop
    vertex 6.399998664855957 -5.899996757507324 2.384185791015625e-07
    vertex 4.851927757263184 -3.4620277881622314 2.384185791015625e-07
    vertex 4.851387977600098 -3.3500664234161377 2.384185791015625e-07
  endloop
endfacet
facet normal 0.0 0.0 0.0
  outer loop
    vertex 6.399998664855957 -5.899996757507324 2.384185791015625e-07
    vertex 4.851387977600098 -3.3500664234161377 2.384185791015625e-07
    vertex 4.8259477615356445 -3.241027355194092 2.384185791015625e-07
  endloop
endfacet
facet normal 0.0 0.0 0.0
  outer loop
    vertex 6.399998664855957 -5.899996757507324 2.384185791015625e-07
    vertex 4.8259477615356445 -3.241027355194092 2.384185791015625e-07
    vertex 6.399998664855957 5.90000057220459 2.384185791015625e-07
  endloop
endfacet
facet normal 0.0 0.0 0.0
  outer loop
    vertex 6.399998664855957 5.90000057220459 2.384185791015625e-07
    vertex 4.8259477615356445 -3.241027355194092 2.384185791015625e-07
    vertex 4.776888847351074 -3.140388011932373 2.384185791015625e-07
  endloop
endfacet
facet normal 0.0 0.0 0.0
  outer loop
    vertex 6.399998664855957 5.90000057220459 2.384185791015625e-07
    vertex 4.776888847351074 -3.140388011932373 2.384185791015625e-07
    vertex 0.15068893134593964 4.143832206726074 2.384185791015625e-07
  endloop
endfacet
facet normal 0.0 0.0 0.0
  outer loop
    vertex 6.399998664855957 5.90000057220459 2.384185791015625e-07
    vertex 0.15068893134593964 4.143832206726074 2.384185791015625e-07
    vertex 5.899998664855957 6.40000057220459 2.384185791015625e-07
  endloop
endfacet
facet normal 0.0 0.0 0.0
  outer loop
    vertex 5.899998664855957 6.40000057220459 2.384185791015625e-07
    vertex 0.15068893134593964 4.143832206726074 2.384185791015625e-07
    vertex 0.047608185559511185 4.279143333435059 2.384185791015625e-07
  endloop
endfacet
facet normal 0.0 0.0 0.0
  outer loop
    vertex 5.899998664855957 6.40000057220459 2.384185791015625e-07
    vertex 0.047608185559511185 4.279143333435059 2.384185791015625e-07
    vertex -0.07691116631031036 4.395033836364746 2.384185791015625e-07
  endloop
endfacet
facet normal 0.0 0.0 0.0
  outer loop
    vertex -0.07691116631031036 4.395033836364746 2.384185791015625e-07
    vertex -0.21927185356616974 4.488142967224121 2.384185791015625e-07
    vertex 5.899998664855957 6.40000057220459 2.384185791015625e-07
  endloop
endfacet
facet normal 0.0 0.0 0.0
  outer loop
    vertex 5.899998664855957 6.40000057220459 2.384185791015625e-07
    vertex -0.21927185356616974 4.488142967224121 2.384185791015625e-07
    vertex -0.3753501772880554 4.555773735046387 2.384185791015625e-07
  endloop
endfacet
facet normal 0.0 0.0 0.0
  outer loop
    vertex 5.899998664855957 6.40000057220459 2.384185791015625e-07
    vertex -0.3753501772880554 4.555773735046387 2.384185791015625e-07
    vertex -0.5406410098075867 4.595973014831543 2.384185791015625e-07
  endloop
endfacet
facet normal 0.0 0.0 0.0
  outer loop
    vertex -0.5406410098075867 4.595973014831543 2.384185791015625e-07
    vertex -0.7103530764579773 4.607573509216309 2.384185791015625e-07
    vertex 5.899998664855957 6.40000057220459 2.384185791015625e-07
  endloop
endfacet
facet normal 0.0 0.0 0.0
  outer loop
    vertex 5.899998664855957 6.40000057220459 2.384185791015625e-07
    vertex -0.7103530764579773 4.607573509216309 2.384185791015625e-07
    vertex -5.800002098083496 6.40000057220459 2.384185791015625e-07
  endloop
endfacet
facet normal 0.0 0.0 0.0
  outer loop
    vertex -5.800002098083496 6.40000057220459 2.384185791015625e-07
    vertex -0.7103530764579773 4.607573509216309 2.384185791015625e-07
    vertex -0.8795730471611023 4.590243339538574 2.384185791015625e-07
  endloop
endfacet
facet normal 0.0 0.0 0.0
  outer loop
    vertex -5.800002098083496 6.40000057220459 2.384185791015625e-07
    vertex -0.8795730471611023 4.590243339538574 2.384185791015625e-07
    vertex -1.043402910232544 4.544482231140137 2.384185791015625e-07
  endloop
endfacet
facet normal 0.0 0.0 0.0
  outer loop
    vertex -1.043402910232544 4.544482231140137 2.384185791015625e-07
    vertex -1.1971123218536377 4.471621513366699 2.384185791015625e-07
    vertex -5.800002098083496 6.40000057220459 2.384185791015625e-07
  endloop
endfacet
facet normal 0.0 0.0 0.0
  outer loop
    vertex -5.800002098083496 6.40000057220459 2.384185791015625e-07
    vertex -1.1971123218536377 4.471621513366699 2.384185791015625e-07
    vertex -1.3362419605255127 4.373763084411621 2.384185791015625e-07
  endloop
endfacet
facet normal 0.0 0.0 0.0
  outer loop
    vertex -5.800002098083496 6.40000057220459 2.384185791015625e-07
    vertex -1.3362419605255127 4.373763084411621 2.384185791015625e-07
    vertex -4.640650749206543 1.601032018661499 2.384185791015625e-07
  endloop
endfacet
facet normal 0.0 0.0 0.0
  outer loop
    vertex -5.800002098083496 6.40000057220459 2.384185791015625e-07
    vertex -4.640650749206543 1.601032018661499 2.384185791015625e-07
    vertex -6.300002098083496 5.90000057220459 2.384185791015625e-07
  endloop
endfacet
facet normal 0.0 0.0 0.0
  outer loop
    vertex -6.300002098083496 5.90000057220459 2.384185791015625e-07
    vertex -4.640650749206543 1.601032018661499 2.384185791015625e-07
    vertex -4.717822074890137 1.5199124813079834 2.384185791015625e-07
  endloop
endfacet
facet normal 0.0 0.0 0.0
  outer loop
    vertex -6.300002098083496 5.90000057220459 2.384185791015625e-07
    vertex -4.717822074890137 1.5199124813079834 2.384185791015625e-07
    vertex -4.775012016296387 1.4236524105072021 2.384185791015625e-07
  endloop
endfacet
facet normal 0.0 0.0 0.0
  outer loop
    vertex -4.775012016296387 1.4236524105072021 2.384185791015625e-07
    vertex -4.809340476989746 1.3170812129974365 2.384185791015625e-07
    vertex -6.300002098083496 5.90000057220459 2.384185791015625e-07
  endloop
endfacet
facet normal 0.0 0.0 0.0
  outer loop
    vertex -6.300002098083496 5.90000057220459 2.384185791015625e-07
    vertex -4.809340476989746 1.3170812129974365 2.384185791015625e-07
    vertex -4.8191022872924805 1.2055509090423584 2.384185791015625e-07
  endloop
endfacet
facet normal 0.0 0.0 0.0
  outer loop
    vertex -6.300002098083496 5.90000057220459 2.384185791015625e-07
    vertex -4.8191022872924805 1.2055509090423584 2.384185791015625e-07
    vertex -6.300002098083496 -5.899996757507324 2.384185791015625e-07
  endloop
endfacet
facet normal 0.0 0.0 0.0
  outer loop
    vertex -6.300002098083496 -5.899996757507324 2.384185791015625e-07
    vertex -4.8191022872924805 1.2055509090423584 2.384185791015625e-07
    vertex -4.803790092468262 1.0946309566497803 2.384185791015625e-07
  endloop
endfacet
facet normal 0.0 0.0 0.0
  outer loop
    vertex -6.300002098083496 -5.899996757507324 2.384185791015625e-07
    vertex -4.803790092468262 1.0946309566497803 2.384185791015625e-07
    vertex -4.764189720153809 0.9899137616157532 2.384185791015625e-07
  endloop
endfacet
facet normal 0.0 0.0 0.0
  outer loop
    vertex -4.764189720153809 0.9899137616157532 2.384185791015625e-07
    vertex -4.702269554138184 0.8966215252876282 2.384185791015625e-07
    vertex -6.300002098083496 -5.899996757507324 2.384185791015625e-07
  endloop
endfacet
facet normal 0.0 0.0 0.0
  outer loop
    vertex -6.287463188171387 6.011263847351074 2.384185791015625e-07
    vertex -6.250479698181152 6.116942405700684 2.384185791015625e-07
    vertex -6.300002098083496 5.90000057220459 2.384185791015625e-07
  endloop
endfacet
facet normal 0.0 0.0 0.0
  outer loop
    vertex -6.300002098083496 5.90000057220459 2.384185791015625e-07
    vertex -6.250479698181152 6.116942405700684 2.384185791015625e-07
    vertex -6.190913200378418 6.211752891540527 2.384185791015625e-07
  endloop
endfacet
facet normal 0.0 0.0 0.0
  outer loop
    vertex -6.300002098083496 5.90000057220459 2.384185791015625e-07
    vertex -6.190913200378418 6.211752891540527 2.384185791015625e-07
    vertex -6.111742973327637 6.290923118591309 2.384185791015625e-07
  endloop
endfacet
facet normal 0.0 0.0 0.0
  outer loop
    vertex -6.111742973327637 6.290923118591309 2.384185791015625e-07
    vertex -6.016940116882324 6.350493431091309 2.384185791015625e-07
    vertex -6.300002098083496 5.90000057220459 2.384185791015625e-07
  endloop
endfacet
facet normal 0.0 0.0 0.0
  outer loop
    vertex -6.300002098083496 5.90000057220459 2.384185791015625e-07
    vertex -6.016940116882324 6.350493431091309 2.384185791015625e-07
    vertex -5.911261558532715 6.3874616622924805 2.384185791015625e-07
  endloop
endfacet
facet normal 0.0 0.0 0.0
  outer loop
    vertex -6.300002098083496 5.90000057220459 2.384185791015625e-07
    vertex -5.911261558532715 6.3874616622924805 2.384185791015625e-07
    vertex -5.800002098083496 6.40000057220459 2.384185791015625e-07
  endloop
endfacet
facet normal 0.0 0.0 0.0
  outer loop
    vertex 5.899998664855957 6.40000057220459 2.384185791015625e-07
    vertex 6.011258125305176 6.3874616622924805 2.384185791015625e-07
    vertex 6.399998664855957 5.90000057220459 2.384185791015625e-07
  endloop
endfacet
facet normal 0.0 0.0 0.0
  outer loop
    vertex 6.399998664855957 5.90000057220459 2.384185791015625e-07
    vertex 6.011258125305176 6.3874616622924805 2.384185791015625e-07
    vertex 6.116938591003418 6.350493431091309 2.384185791015625e-07
  endloop
endfacet
facet normal 0.0 0.0 0.0
  outer loop
    vertex 6.399998664855957 5.90000057220459 2.384185791015625e-07
    vertex 6.116938591003418 6.350493431091309 2.384185791015625e-07
    vertex 6.211749076843262 6.290923118591309 2.384185791015625e-07
  endloop
endfacet
facet normal 0.0 0.0 0.0
  outer loop
    vertex 6.211749076843262 6.290923118591309 2.384185791015625e-07
    vertex 6.290919303894043 6.211752891540527 2.384185791015625e-07
    vertex 6.399998664855957 5.90000057220459 2.384185791015625e-07
  endloop
endfacet
facet normal 0.0 0.0 0.0
  outer loop
    vertex 6.399998664855957 5.90000057220459 2.384185791015625e-07
    vertex 6.290919303894043 6.211752891540527 2.384185791015625e-07
    vertex 6.350489616394043 6.116942405700684 2.384185791015625e-07
  endloop
endfacet
facet normal 0.0 0.0 0.0
  outer loop
    vertex 6.399998664855957 5.90000057220459 2.384185791015625e-07
    vertex 6.350489616394043 6.116942405700684 2.384185791015625e-07
    vertex 6.387457847595215 6.011263847351074 2.384185791015625e-07
  endloop
endfacet
facet normal 0.0 0.0 0.0
  outer loop
    vertex -5.800002098083496 -6.399996757507324 2.384185791015625e-07
    vertex -5.911261558532715 -6.387457847595215 2.384185791015625e-07
    vertex -6.300002098083496 -5.899996757507324 2.384185791015625e-07
  endloop
endfacet
facet normal 0.0 0.0 0.0
  outer loop
    vertex -6.300002098083496 -5.899996757507324 2.384185791015625e-07
    vertex -5.911261558532715 -6.387457847595215 2.384185791015625e-07
    vertex -6.016940116882324 -6.3504743576049805 2.384185791015625e-07
  endloop
endfacet
facet normal 0.0 0.0 0.0
  outer loop
    vertex -6.300002098083496 -5.899996757507324 2.384185791015625e-07
    vertex -6.016940116882324 -6.3504743576049805 2.384185791015625e-07
    vertex -6.111742973327637 -6.290907859802246 2.384185791015625e-07
  endloop
endfacet
facet normal 0.0 0.0 0.0
  outer loop
    vertex -6.111742973327637 -6.290907859802246 2.384185791015625e-07
    vertex -6.190913200378418 -6.211737632751465 2.384185791015625e-07
    vertex -6.300002098083496 -5.899996757507324 2.384185791015625e-07
  endloop
endfacet
facet normal 0.0 0.0 0.0
  outer loop
    vertex -6.300002098083496 -5.899996757507324 2.384185791015625e-07
    vertex -6.190913200378418 -6.211737632751465 2.384185791015625e-07
    vertex -6.250479698181152 -6.116934776306152 2.384185791015625e-07
  endloop
endfacet
facet normal 0.0 0.0 0.0
  outer loop
    vertex -6.300002098083496 -5.899996757507324 2.384185791015625e-07
    vertex -6.250479698181152 -6.116934776306152 2.384185791015625e-07
    vertex -6.287463188171387 -6.011256217956543 2.384185791015625e-07
  endloop
endfacet
facet normal 0.0 0.0 0.0
  outer loop
    vertex -7.800002098083496 -5.899996757507324 1.5
    vertex -7.785422325134277 -6.141066551208496 1.5
    vertex -7.800002098083496 -5.899996757507324 2.0
  endloop
endfacet
facet normal 0.0 0.0 0.0
  outer loop
    vertex -7.800002098083496 -5.899996757507324 2.0
    vertex -7.785422325134277 -6.141066551208496 1.5
    vertex -7.785422325134277 -6.141066551208496 2.0
  endloop
endfacet
facet normal 0.0 0.0 0.0
  outer loop
    vertex -7.785422325134277 -6.141066551208496 2.0
    vertex -7.785422325134277 -6.141066551208496 1.5
    vertex -7.741881370544434 -6.378626823425293 2.0
  endloop
endfacet
facet normal 0.0 0.0 0.0
  outer loop
    vertex -7.741881370544434 -6.378626823425293 2.0
    vertex -7.785422325134277 -6.141066551208496 1.5
    vertex -7.741881370544434 -6.378626823425293 1.5
  endloop
endfacet
facet normal 0.0 0.0 0.0
  outer loop
    vertex -7.741881370544434 -6.378626823425293 2.0
    vertex -7.741881370544434 -6.378626823425293 1.5
    vertex -7.670031547546387 -6.609206199645996 2.0
  endloop
endfacet
facet normal 0.0 0.0 0.0
  outer loop
    vertex -7.670031547546387 -6.609206199645996 2.0
    vertex -7.741881370544434 -6.378626823425293 1.5
    vertex -7.670031547546387 -6.609206199645996 1.5
  endloop
endfacet
facet normal 0.0 0.0 0.0
  outer loop
    vertex -7.670031547546387 -6.609206199645996 2.0
    vertex -7.670031547546387 -6.609206199645996 1.5
    vertex -7.570910453796387 -6.8294358253479 2.0
  endloop
endfacet
facet normal 0.0 0.0 0.0
  outer loop
    vertex -7.570910453796387 -6.8294358253479 2.0
    vertex -7.670031547546387 -6.609206199645996 1.5
    vertex -7.570910453796387 -6.8294358253479 1.5
  endloop
endfacet
facet normal 0.0 0.0 0.0
  outer loop
    vertex -7.570910453796387 -6.8294358253479 2.0
    vertex -7.570910453796387 -6.8294358253479 1.5
    vertex -7.445971488952637 -7.036123752593994 2.0
  endloop
endfacet
facet normal 0.0 0.0 0.0
  outer loop
    vertex -7.445971488952637 -7.036123752593994 2.0
    vertex -7.570910453796387 -6.8294358253479 1.5
    vertex -7.445971488952637 -7.036123752593994 1.5
  endloop
endfacet
facet normal 0.0 0.0 0.0
  outer loop
    vertex -7.445971488952637 -7.036123752593994 2.0
    vertex -7.445971488952637 -7.036123752593994 1.5
    vertex -7.297022819519043 -7.226236820220947 2.0
  endloop
endfacet
facet normal 0.0 0.0 0.0
  outer loop
    vertex -7.297022819519043 -7.226236820220947 2.0
    vertex -7.445971488952637 -7.036123752593994 1.5
    vertex -7.297022819519043 -7.226236820220947 1.5
  endloop
endfacet
facet normal 0.0 0.0 0.0
  outer loop
    vertex -7.297022819519043 -7.226236820220947 2.0
    vertex -7.297022819519043 -7.226236820220947 1.5
    vertex -7.126242637634277 -7.397017002105713 2.0
  endloop
endfacet
facet normal 0.0 0.0 0.0
  outer loop
    vertex -7.126242637634277 -7.397017002105713 2.0
    vertex -7.297022819519043 -7.226236820220947 1.5
    vertex -7.126242637634277 -7.397017002105713 1.5
  endloop
endfacet
facet normal 0.0 0.0 0.0
  outer loop
    vertex -7.126242637634277 -7.397017002105713 2.0
    vertex -7.126242637634277 -7.397017002105713 1.5
    vertex -6.936129570007324 -7.545965671539307 2.0
  endloop
endfacet
facet normal 0.0 0.0 0.0
  outer loop
    vertex -6.936129570007324 -7.545965671539307 2.0
    vertex -7.126242637634277 -7.397017002105713 1.5
    vertex -6.936129570007324 -7.545965671539307 1.5
  endloop
endfacet
facet normal 0.0 0.0 0.0
  outer loop
    vertex -6.936129570007324 -7.545965671539307 2.0
    vertex -6.936129570007324 -7.545965671539307 1.5
    vertex -6.729453086853027 -7.670904636383057 2.0
  endloop
endfacet
facet normal 0.0 0.0 0.0
  outer loop
    vertex -6.729453086853027 -7.670904636383057 2.0
    vertex -6.936129570007324 -7.545965671539307 1.5
    vertex -6.729453086853027 -7.670904636383057 1.5
  endloop
endfacet
facet normal 0.0 0.0 0.0
  outer loop
    vertex -6.729453086853027 -7.670904636383057 2.0
    vertex -6.729453086853027 -7.670904636383057 1.5
    vertex -6.509211540222168 -7.770025730133057 1.9999998807907104
  endloop
endfacet
facet normal 0.0 0.0 0.0
  outer loop
    vertex -6.509211540222168 -7.770025730133057 1.9999998807907104
    vertex -6.729453086853027 -7.670904636383057 1.5
    vertex -6.509211540222168 -7.770025730133057 1.4999998807907104
  endloop
endfacet
facet normal 0.0 0.0 0.0
  outer loop
    vertex -6.509211540222168 -7.770025730133057 1.9999998807907104
    vertex -6.509211540222168 -7.770025730133057 1.4999998807907104
    vertex -6.278632164001465 -7.8418755531311035 1.9999998807907104
  endloop
endfacet
facet normal 0.0 0.0 0.0
  outer loop
    vertex -6.278632164001465 -7.8418755531311035 1.9999998807907104
    vertex -6.509211540222168 -7.770025730133057 1.4999998807907104
    vertex -6.278632164001465 -7.8418755531311035 1.4999998807907104
  endloop
endfacet
facet normal 0.0 0.0 0.0
  outer loop
    vertex -6.278632164001465 -7.8418755531311035 1.9999998807907104
    vertex -6.278632164001465 -7.8418755531311035 1.4999998807907104
    vertex -6.041071891784668 -7.885416507720947 1.9999998807907104
  endloop
endfacet
facet normal 0.0 0.0 0.0
  outer loop
    vertex -6.041071891784668 -7.885416507720947 1.9999998807907104
    vertex -6.278632164001465 -7.8418755531311035 1.4999998807907104
    vertex -6.041071891784668 -7.885416507720947 1.4999998807907104
  endloop
endfacet
facet normal 0.0 0.0 0.0
  outer loop
    vertex -6.041071891784668 -7.885416507720947 1.9999998807907104
    vertex -6.041071891784668 -7.885416507720947 1.4999998807907104
    vertex -5.800002098083496 -7.899996280670166 1.9999998807907104
  endloop
endfacet
facet normal 0.0 0.0 0.0
  outer loop
    vertex -5.800002098083496 -7.899996280670166 1.9999998807907104
    vertex -6.041071891784668 -7.885416507720947 1.4999998807907104
    vertex -5.800002098083496 -7.899996280670166 1.4999998807907104
  endloop
endfacet
facet normal 0.0 0.0 0.0
  outer loop
    vertex -5.800002098083496 -7.899996280670166 1.4999998807907104
    vertex 5.899998664855957 -7.899996280670166 1.4999998807907104
    vertex -5.800002098083496 -7.899996280670166 1.9999998807907104
  endloop
endfacet
facet normal 0.0 0.0 0.0
  outer loop
    vertex -5.800002098083496 -7.899996280670166 1.9999998807907104
    vertex 5.899998664855957 -7.899996280670166 1.4999998807907104
    vertex 5.899998664855957 -7.899996280670166 1.9999998807907104
  endloop
endfacet
facet normal 0.0 0.0 0.0
  outer loop
    vertex 5.899998664855957 -7.899996280670166 1.4999998807907104
    vertex 6.141068458557129 -7.885416507720947 1.4999998807907104
    vertex 5.899998664855957 -7.899996280670166 1.9999998807907104
  endloop
endfacet
facet normal 0.0 0.0 0.0
  outer loop
    vertex 5.899998664855957 -7.899996280670166 1.9999998807907104
    vertex 6.141068458557129 -7.885416507720947 1.4999998807907104
    vertex 6.141068458557129 -7.885416507720947 1.9999998807907104
  endloop
endfacet
facet normal 0.0 0.0 0.0
  outer loop
    vertex 6.141068458557129 -7.885416507720947 1.9999998807907104
    vertex 6.141068458557129 -7.885416507720947 1.4999998807907104
    vertex 6.378628730773926 -7.8418755531311035 1.9999998807907104
  endloop
endfacet
facet normal 0.0 0.0 0.0
  outer loop
    vertex 6.378628730773926 -7.8418755531311035 1.9999998807907104
    vertex 6.141068458557129 -7.885416507720947 1.4999998807907104
    vertex 6.378628730773926 -7.8418755531311035 1.4999998807907104
  endloop
endfacet
facet normal 0.0 0.0 0.0
  outer loop
    vertex 6.378628730773926 -7.8418755531311035 1.9999998807907104
    vertex 6.378628730773926 -7.8418755531311035 1.4999998807907104
    vertex 6.609208106994629 -7.770025730133057 1.9999998807907104
  endloop
endfacet
facet normal 0.0 0.0 0.0
  outer loop
    vertex 6.609208106994629 -7.770025730133057 1.9999998807907104
    vertex 6.378628730773926 -7.8418755531311035 1.4999998807907104
    vertex 6.609208106994629 -7.770025730133057 1.4999998807907104
  endloop
endfacet
facet normal 0.0 0.0 0.0
  outer loop
    vertex 6.609208106994629 -7.770025730133057 1.9999998807907104
    vertex 6.609208106994629 -7.770025730133057 1.4999998807907104
    vertex 6.8294477462768555 -7.670904636383057 2.0
  endloop
endfacet
facet normal 0.0 0.0 0.0
  outer loop
    vertex 6.8294477462768555 -7.670904636383057 2.0
    vertex 6.609208106994629 -7.770025730133057 1.4999998807907104
    vertex 6.8294477462768555 -7.670904636383057 1.5
  endloop
endfacet
facet normal 0.0 0.0 0.0
  outer loop
    vertex 6.8294477462768555 -7.670904636383057 2.0
    vertex 6.8294477462768555 -7.670904636383057 1.5
    vertex 7.036128044128418 -7.545965671539307 2.0
  endloop
endfacet
facet normal 0.0 0.0 0.0
  outer loop
    vertex 7.036128044128418 -7.545965671539307 2.0
    vertex 6.8294477462768555 -7.670904636383057 1.5
    vertex 7.036128044128418 -7.545965671539307 1.5
  endloop
endfacet
facet normal 0.0 0.0 0.0
  outer loop
    vertex 7.036128044128418 -7.545965671539307 2.0
    vertex 7.036128044128418 -7.545965671539307 1.5
    vertex 7.226248741149902 -7.397017002105713 2.0
  endloop
endfacet
facet normal 0.0 0.0 0.0
  outer loop
    vertex 7.226248741149902 -7.397017002105713 2.0
    vertex 7.036128044128418 -7.545965671539307 1.5
    vertex 7.226248741149902 -7.397017002105713 1.5
  endloop
endfacet
facet normal 0.0 0.0 0.0
  outer loop
    vertex 7.226248741149902 -7.397017002105713 2.0
    vertex 7.226248741149902 -7.397017002105713 1.5
    vertex 7.397019386291504 -7.226236820220947 2.0
  endloop
endfacet
facet normal 0.0 0.0 0.0
  outer loop
    vertex 7.397019386291504 -7.226236820220947 2.0
    vertex 7.226248741149902 -7.397017002105713 1.5
    vertex 7.397019386291504 -7.226236820220947 1.5
  endloop
endfacet
facet normal 0.0 0.0 0.0
  outer loop
    vertex 7.397019386291504 -7.226236820220947 2.0
    vertex 7.397019386291504 -7.226236820220947 1.5
    vertex 7.545968055725098 -7.036123752593994 2.0
  endloop
endfacet
facet normal 0.0 0.0 0.0
  outer loop
    vertex 7.545968055725098 -7.036123752593994 2.0
    vertex 7.397019386291504 -7.226236820220947 1.5
    vertex 7.545968055725098 -7.036123752593994 1.5
  endloop
endfacet
facet normal 0.0 0.0 0.0
  outer loop
    vertex 7.545968055725098 -7.036123752593994 2.0
    vertex 7.545968055725098 -7.036123752593994 1.5
    vertex 7.6709089279174805 -6.8294358253479 2.0
  endloop
endfacet
facet normal 0.0 0.0 0.0
  outer loop
    vertex 7.6709089279174805 -6.8294358253479 2.0
    vertex 7.545968055725098 -7.036123752593994 1.5
    vertex 7.6709089279174805 -6.8294358253479 1.5
  endloop
endfacet
facet normal 0.0 0.0 0.0
  outer loop
    vertex 7.6709089279174805 -6.8294358253479 2.0
    vertex 7.6709089279174805 -6.8294358253479 1.5
    vertex 7.770028114318848 -6.609206199645996 2.0
  endloop
endfacet
facet normal 0.0 0.0 0.0
  outer loop
    vertex 7.770028114318848 -6.609206199645996 2.0
    vertex 7.6709089279174805 -6.8294358253479 1.5
    vertex 7.770028114318848 -6.609206199645996 1.5
  endloop
endfacet
facet normal 0.0 0.0 0.0
  outer loop
    vertex 7.770028114318848 -6.609206199645996 2.0
    vertex 7.770028114318848 -6.609206199645996 1.5
    vertex 7.8418779373168945 -6.378626823425293 2.0
  endloop
endfacet
facet normal 0.0 0.0 0.0
  outer loop
    vertex 7.8418779373168945 -6.378626823425293 2.0
    vertex 7.770028114318848 -6.609206199645996 1.5
    vertex 7.8418779373168945 -6.378626823425293 1.5
  endloop
endfacet
facet normal 0.0 0.0 0.0
  outer loop
    vertex 7.8418779373168945 -6.378626823425293 2.0
    vertex 7.8418779373168945 -6.378626823425293 1.5
    vertex 7.885418891906738 -6.141066551208496 2.0
  endloop
endfacet
facet normal 0.0 0.0 0.0
  outer loop
    vertex 7.885418891906738 -6.141066551208496 2.0
    vertex 7.8418779373168945 -6.378626823425293 1.5
    vertex 7.885418891906738 -6.141066551208496 1.5
  endloop
endfacet
facet normal 0.0 0.0 0.0
  outer loop
    vertex 7.885418891906738 -6.141066551208496 2.0
    vertex 7.885418891906738 -6.141066551208496 1.5
    vertex 7.899998664855957 -5.899996757507324 2.0
  endloop
endfacet
facet normal 0.0 0.0 0.0
  outer loop
    vertex 7.899998664855957 -5.899996757507324 2.0
    vertex 7.885418891906738 -6.141066551208496 1.5
    vertex 7.899998664855957 -5.899996757507324 1.5
  endloop
endfacet
facet normal 0.0 0.0 0.0
  outer loop
    vertex 7.899998664855957 -5.899996757507324 1.5
    vertex 7.899998664855957 5.90000057220459 1.5
    vertex 7.899998664855957 -5.899996757507324 2.0
  endloop
endfacet
facet normal 0.0 0.0 0.0
  outer loop
    vertex 7.899998664855957 -5.899996757507324 2.0
    vertex 7.899998664855957 5.90000057220459 1.5
    vertex 7.899998664855957 5.90000057220459 2.0
  endloop
endfacet
facet normal 0.0 0.0 0.0
  outer loop
    vertex -7.785422325134277 -6.141066551208496 2.0
    vertex -7.741881370544434 -6.378626823425293 2.0
    vertex -7.800002098083496 -5.899996757507324 2.0
  endloop
endfacet
facet normal 0.0 0.0 0.0
  outer loop
    vertex -7.800002098083496 -5.899996757507324 2.0
    vertex -7.741881370544434 -6.378626823425293 2.0
    vertex -7.670031547546387 -6.609206199645996 2.0
  endloop
endfacet
facet normal 0.0 0.0 0.0
  outer loop
    vertex -7.800002098083496 -5.899996757507324 2.0
    vertex -7.670031547546387 -6.609206199645996 2.0
    vertex -7.570910453796387 -6.8294358253479 2.0
  endloop
endfacet
facet normal 0.0 0.0 0.0
  outer loop
    vertex -7.570910453796387 -6.8294358253479 2.0
    vertex -7.445971488952637 -7.036123752593994 2.0
    vertex -7.800002098083496 -5.899996757507324 2.0
  endloop
endfacet
facet normal 0.0 0.0 0.0
  outer loop
    vertex -7.800002098083496 -5.899996757507324 2.0
    vertex -7.445971488952637 -7.036123752593994 2.0
    vertex -7.297022819519043 -7.226236820220947 2.0
  endloop
endfacet
facet normal 0.0 0.0 0.0
  outer loop
    vertex -7.800002098083496 -5.899996757507324 2.0
    vertex -7.297022819519043 -7.226236820220947 2.0
    vertex -7.126242637634277 -7.397017002105713 2.0
  endloop
endfacet
facet normal 0.0 0.0 0.0
  outer loop
    vertex -7.126242637634277 -7.397017002105713 2.0
    vertex -6.936129570007324 -7.545965671539307 2.0
    vertex -7.800002098083496 -5.899996757507324 2.0
  endloop
endfacet
facet normal 0.0 0.0 0.0
  outer loop
    vertex -7.800002098083496 -5.899996757507324 2.0
    vertex -6.936129570007324 -7.545965671539307 2.0
    vertex -6.729453086853027 -7.670904636383057 2.0
  endloop
endfacet
facet normal 0.0 0.0 0.0
  outer loop
    vertex -7.800002098083496 -5.899996757507324 2.0
    vertex -6.729453086853027 -7.670904636383057 2.0
    vertex -6.509211540222168 -7.770025730133057 1.9999998807907104
  endloop
endfacet
facet normal 0.0 0.0 0.0
  outer loop
    vertex -6.509211540222168 -7.770025730133057 1.9999998807907104
    vertex -6.278632164001465 -7.8418755531311035 1.9999998807907104
    vertex -7.800002098083496 -5.899996757507324 2.0
  endloop
endfacet
facet normal 0.0 0.0 0.0
  outer loop
    vertex -7.800002098083496 -5.899996757507324 2.0
    vertex -6.278632164001465 -7.8418755531311035 1.9999998807907104
    vertex -6.041071891784668 -7.885416507720947 1.9999998807907104
  endloop
endfacet
facet normal 0.0 0.0 0.0
  outer loop
    vertex -7.800002098083496 -5.899996757507324 2.0
    vertex -6.041071891784668 -7.885416507720947 1.9999998807907104
    vertex -5.800002098083496 -7.899996280670166 1.9999998807907104
  endloop
endfacet
facet normal 0.0 0.0 0.0
  outer loop
    vertex 5.899998664855957 -7.899996280670166 1.9999998807907104
    vertex -0.7413398623466492 -3.305884838104248 2.0
    vertex -5.800002098083496 -7.899996280670166 1.9999998807907104
  endloop
endfacet
facet normal 0.0 0.0 0.0
  outer loop
    vertex -5.800002098083496 -7.899996280670166 1.9999998807907104
    vertex -0.7413398623466492 -3.305884838104248 2.0
    vertex -0.8448516726493835 -3.2922778129577637 2.0
  endloop
endfacet
facet normal 0.0 0.0 0.0
  outer loop
    vertex -5.800002098083496 -7.899996280670166 1.9999998807907104
    vertex -0.8448516726493835 -3.2922778129577637 2.0
    vertex -0.9413215517997742 -3.252326488494873 2.0
  endloop
endfacet
facet normal 0.0 0.0 0.0
  outer loop
    vertex 6.141068458557129 -7.885416507720947 1.9999998807907104
    vertex 7.899998664855957 -5.899996757507324 2.0
    vertex 5.899998664855957 -7.899996280670166 1.9999998807907104
  endloop
endfacet
facet normal 0.0 0.0 0.0
  outer loop
    vertex 5.899998664855957 -7.899996280670166 1.9999998807907104
    vertex 7.899998664855957 -5.899996757507324 2.0
    vertex 4.848828315734863 -2.2955660820007324 2.0
  endloop
endfacet
facet normal 0.0 0.0 0.0
  outer loop
    vertex 5.899998664855957 -7.899996280670166 1.9999998807907104
    vertex 4.848828315734863 -2.2955660820007324 2.0
    vertex 4.759987831115723 -2.3055949211120605 2.0
  endloop
endfacet
facet normal 0.0 0.0 0.0
  outer loop
    vertex 6.141068458557129 -7.885416507720947 1.9999998807907104
    vertex 6.378628730773926 -7.8418755531311035 1.9999998807907104
    vertex 7.899998664855957 -5.899996757507324 2.0
  endloop
endfacet
facet normal 0.0 0.0 0.0
  outer loop
    vertex 7.899998664855957 -5.899996757507324 2.0
    vertex 6.378628730773926 -7.8418755531311035 1.9999998807907104
    vertex 6.609208106994629 -7.770025730133057 1.9999998807907104
  endloop
endfacet
facet normal 0.0 0.0 0.0
  outer loop
    vertex 7.899998664855957 -5.899996757507324 2.0
    vertex 6.609208106994629 -7.770025730133057 1.9999998807907104
    vertex 6.8294477462768555 -7.670904636383057 2.0
  endloop
endfacet
facet normal 0.0 0.0 0.0
  outer loop
    vertex 6.8294477462768555 -7.670904636383057 2.0
    vertex 7.036128044128418 -7.545965671539307 2.0
    vertex 7.899998664855957 -5.899996757507324 2.0
  endloop
endfacet
facet normal 0.0 0.0 0.0
  outer loop
    vertex 7.899998664855957 -5.899996757507324 2.0
    vertex 7.036128044128418 -7.545965671539307 2.0
    vertex 7.226248741149902 -7.397017002105713 2.0
  endloop
endfacet
facet normal 0.0 0.0 0.0
  outer loop
    vertex 7.899998664855957 -5.899996757507324 2.0
    vertex 7.226248741149902 -7.397017002105713 2.0
    vertex 7.397019386291504 -7.226236820220947 2.0
  endloop
endfacet
facet normal 0.0 0.0 0.0
  outer loop
    vertex 7.397019386291504 -7.226236820220947 2.0
    vertex 7.545968055725098 -7.036123752593994 2.0
    vertex 7.899998664855957 -5.899996757507324 2.0
  endloop
endfacet
facet normal 0.0 0.0 0.0
  outer loop
    vertex 7.899998664855957 -5.899996757507324 2.0
    vertex 7.545968055725098 -7.036123752593994 2.0
    vertex 7.6709089279174805 -6.8294358253479 2.0
  endloop
endfacet
facet normal 0.0 0.0 0.0
  outer loop
    vertex 7.899998664855957 -5.899996757507324 2.0
    vertex 7.6709089279174805 -6.8294358253479 2.0
    vertex 7.770028114318848 -6.609206199645996 2.0
  endloop
endfacet
facet normal 0.0 0.0 0.0
  outer loop
    vertex 7.770028114318848 -6.609206199645996 2.0
    vertex 7.8418779373168945 -6.378626823425293 2.0
    vertex 7.899998664855957 -5.899996757507324 2.0
  endloop
endfacet
facet normal 0.0 0.0 0.0
  outer loop
    vertex 7.899998664855957 -5.899996757507324 2.0
    vertex 7.8418779373168945 -6.378626823425293 2.0
    vertex 7.885418891906738 -6.141066551208496 2.0
  endloop
endfacet
facet normal 0.0 0.0 0.0
  outer loop
    vertex 7.899998664855957 5.90000057220459 2.0
    vertex 5.158509254455566 1.4948232173919678 2.0
    vertex 7.899998664855957 -5.899996757507324 2.0
  endloop
endfacet
facet normal 0.0 0.0 0.0
  outer loop
    vertex 7.899998664855957 -5.899996757507324 2.0
    vertex 5.158509254455566 1.4948232173919678 2.0
    vertex 5.158509254455566 -1.905906319618225 2.0
  endloop
endfacet
facet normal 0.0 0.0 0.0
  outer loop
    vertex 7.899998664855957 -5.899996757507324 2.0
    vertex 5.158509254455566 -1.905906319618225 2.0
    vertex 5.148737907409668 -1.9947773218154907 2.0
  endloop
endfacet
facet normal 0.0 0.0 0.0
  outer loop
    vertex 7.885418891906738 6.141070365905762 2.0
    vertex 7.8418779373168945 6.378630638122559 2.0
    vertex 7.899998664855957 5.90000057220459 2.0
  endloop
endfacet
facet normal 0.0 0.0 0.0
  outer loop
    vertex 7.899998664855957 5.90000057220459 2.0
    vertex 7.8418779373168945 6.378630638122559 2.0
    vertex 7.770028114318848 6.609213829040527 2.0
  endloop
endfacet
facet normal 0.0 0.0 0.0
  outer loop
    vertex 7.899998664855957 5.90000057220459 2.0
    vertex 7.770028114318848 6.609213829040527 2.0
    vertex 7.6709089279174805 6.829451084136963 2.0
  endloop
endfacet
facet normal 0.0 0.0 0.0
  outer loop
    vertex 7.6709089279174805 6.829451084136963 2.0
    vertex 7.545968055725098 7.036131381988525 2.0
    vertex 7.899998664855957 5.90000057220459 2.0
  endloop
endfacet
facet normal 0.0 0.0 0.0
  outer loop
    vertex 7.899998664855957 5.90000057220459 2.0
    vertex 7.545968055725098 7.036131381988525 2.0
    vertex 7.397019386291504 7.22625207901001 2.0
  endloop
endfacet
facet normal 0.0 0.0 0.0
  outer loop
    vertex 7.899998664855957 5.90000057220459 2.0
    vertex 7.397019386291504 7.22625207901001 2.0
    vertex 7.226248741149902 7.3970208168029785 2.0
  endloop
endfacet
facet normal 0.0 0.0 0.0
  outer loop
    vertex 7.226248741149902 7.3970208168029785 2.0
    vertex 7.036128044128418 7.545973300933838 2.0
    vertex 7.899998664855957 5.90000057220459 2.0
  endloop
endfacet
facet normal 0.0 0.0 0.0
  outer loop
    vertex 7.899998664855957 5.90000057220459 2.0
    vertex 7.036128044128418 7.545973300933838 2.0
    vertex 6.8294477462768555 7.670912265777588 2.0
  endloop
endfacet
facet normal 0.0 0.0 0.0
  outer loop
    vertex 7.899998664855957 5.90000057220459 2.0
    vertex 6.8294477462768555 7.670912265777588 2.0
    vertex 6.609208106994629 7.770033359527588 2.0
  endloop
endfacet
facet normal 0.0 0.0 0.0
  outer loop
    vertex 6.609208106994629 7.770033359527588 2.0
    vertex 6.378628730773926 7.841883182525635 2.0
    vertex 7.899998664855957 5.90000057220459 2.0
  endloop
endfacet
facet normal 0.0 0.0 0.0
  outer loop
    vertex 7.899998664855957 5.90000057220459 2.0
    vertex 6.378628730773926 7.841883182525635 2.0
    vertex 6.141068458557129 7.885420322418213 2.0
  endloop
endfacet
facet normal 0.0 0.0 0.0
  outer loop
    vertex 7.899998664855957 5.90000057220459 2.0
    vertex 6.141068458557129 7.885420322418213 2.0
    vertex 5.899998664855957 7.900000095367432 2.0
  endloop
endfacet
facet normal 0.0 0.0 0.0
  outer loop
    vertex -5.800002098083496 7.900000095367432 2.0
    vertex -4.141291618347168 1.8942028284072876 2.0
    vertex 5.899998664855957 7.900000095367432 2.0
  endloop
endfacet
facet normal 0.0 0.0 0.0
  outer loop
    vertex 5.899998664855957 7.900000095367432 2.0
    vertex -4.141291618347168 1.8942028284072876 2.0
    vertex 4.7587080001831055 1.8942028284072876 2.0
  endloop
endfacet
facet normal 0.0 0.0 0.0
  outer loop
    vertex 5.899998664855957 7.900000095367432 2.0
    vertex 4.7587080001831055 1.8942028284072876 2.0
    vertex 7.899998664855957 5.90000057220459 2.0
  endloop
endfacet
facet normal 0.0 0.0 0.0
  outer loop
    vertex 7.899998664855957 5.90000057220459 2.0
    vertex 4.7587080001831055 1.8942028284072876 2.0
    vertex 4.862118721008301 1.8806034326553345 2.0
  endloop
endfacet
facet normal 0.0 0.0 0.0
  outer loop
    vertex 7.899998664855957 5.90000057220459 2.0
    vertex 4.862118721008301 1.8806034326553345 2.0
    vertex 4.958489418029785 1.8407131433486938 2.0
  endloop
endfacet
facet normal 0.0 0.0 0.0
  outer loop
    vertex -6.041071891784668 7.885420322418213 2.0
    vertex -7.800002098083496 5.90000057220459 2.0
    vertex -5.800002098083496 7.900000095367432 2.0
  endloop
endfacet
facet normal 0.0 0.0 0.0
  outer loop
    vertex -5.800002098083496 7.900000095367432 2.0
    vertex -7.800002098083496 5.90000057220459 2.0
    vertex -4.244521141052246 1.8804928064346313 2.0
  endloop
endfacet
facet normal 0.0 0.0 0.0
  outer loop
    vertex -5.800002098083496 7.900000095367432 2.0
    vertex -4.244521141052246 1.8804928064346313 2.0
    vertex -4.141291618347168 1.8942028284072876 2.0
  endloop
endfacet
facet normal 0.0 0.0 0.0
  outer loop
    vertex -6.041071891784668 7.885420322418213 2.0
    vertex -6.278632164001465 7.841883182525635 2.0
    vertex -7.800002098083496 5.90000057220459 2.0
  endloop
endfacet
facet normal 0.0 0.0 0.0
  outer loop
    vertex -7.800002098083496 5.90000057220459 2.0
    vertex -6.278632164001465 7.841883182525635 2.0
    vertex -6.509211540222168 7.770033359527588 2.0
  endloop
endfacet
facet normal 0.0 0.0 0.0
  outer loop
    vertex -7.800002098083496 5.90000057220459 2.0
    vertex -6.509211540222168 7.770033359527588 2.0
    vertex -6.729453086853027 7.670912265777588 2.0
  endloop
endfacet
facet normal 0.0 0.0 0.0
  outer loop
    vertex -6.729453086853027 7.670912265777588 2.0
    vertex -6.936129570007324 7.545973300933838 2.0
    vertex -7.800002098083496 5.90000057220459 2.0
  endloop
endfacet
facet normal 0.0 0.0 0.0
  outer loop
    vertex -7.800002098083496 5.90000057220459 2.0
    vertex -6.936129570007324 7.545973300933838 2.0
    vertex -7.126242637634277 7.3970208168029785 2.0
  endloop
endfacet
facet normal 0.0 0.0 0.0
  outer loop
    vertex -7.800002098083496 5.90000057220459 2.0
    vertex -7.126242637634277 7.3970208168029785 2.0
    vertex -7.297022819519043 7.22625207901001 2.0
  endloop
endfacet
facet normal 0.0 0.0 0.0
  outer loop
    vertex -7.297022819519043 7.22625207901001 2.0
    vertex -7.445971488952637 7.036131381988525 2.0
    vertex -7.800002098083496 5.90000057220459 2.0
  endloop
endfacet
facet normal 0.0 0.0 0.0
  outer loop
    vertex -7.800002098083496 5.90000057220459 2.0
    vertex -7.445971488952637 7.036131381988525 2.0
    vertex -7.570910453796387 6.829451084136963 2.0
  endloop
endfacet
facet normal 0.0 0.0 0.0
  outer loop
    vertex -7.800002098083496 5.90000057220459 2.0
    vertex -7.570910453796387 6.829451084136963 2.0
    vertex -7.670031547546387 6.609213829040527 2.0
  endloop
endfacet
facet normal 0.0 0.0 0.0
  outer loop
    vertex -7.670031547546387 6.609213829040527 2.0
    vertex -7.741881370544434 6.378630638122559 2.0
    vertex -7.800002098083496 5.90000057220459 2.0
  endloop
endfacet
facet normal 0.0 0.0 0.0
  outer loop
    vertex -7.800002098083496 5.90000057220459 2.0
    vertex -7.741881370544434 6.378630638122559 2.0
    vertex -7.785422325134277 6.141070365905762 2.0
  endloop
endfacet
facet normal 0.0 0.0 0.0
  outer loop
    vertex -7.800002098083496 -5.899996757507324 2.0
    vertex -4.540011405944824 1.4950025081634521 2.0
    vertex -7.800002098083496 5.90000057220459 2.0
  endloop
endfacet
facet normal 0.0 0.0 0.0
  outer loop
    vertex -7.800002098083496 5.90000057220459 2.0
    vertex -4.540011405944824 1.4950025081634521 2.0
    vertex -4.526431083679199 1.5982434749603271 2.0
  endloop
endfacet
facet normal 0.0 0.0 0.0
  outer loop
    vertex -7.800002098083496 5.90000057220459 2.0
    vertex -4.526431083679199 1.5982434749603271 2.0
    vertex -4.48660945892334 1.694461464881897 2.0
  endloop
endfacet
facet normal 0.0 0.0 0.0
  outer loop
    vertex -4.48660945892334 1.694461464881897 2.0
    vertex -4.423262596130371 1.7771145105361938 2.0
    vertex -7.800002098083496 5.90000057220459 2.0
  endloop
endfacet
facet normal 0.0 0.0 0.0
  outer loop
    vertex -7.800002098083496 5.90000057220459 2.0
    vertex -4.423262596130371 1.7771145105361938 2.0
    vertex -4.340689659118652 1.8405643701553345 2.0
  endloop
endfacet
facet normal 0.0 0.0 0.0
  outer loop
    vertex -7.800002098083496 5.90000057220459 2.0
    vertex -4.340689659118652 1.8405643701553345 2.0
    vertex -4.244521141052246 1.8804928064346313 2.0
  endloop
endfacet
facet normal 0.0 0.0 0.0
  outer loop
    vertex 4.958489418029785 1.8407131433486938 2.0
    vertex 5.041268348693848 1.7772518396377563 2.0
    vertex 7.899998664855957 5.90000057220459 2.0
  endloop
endfacet
facet normal 0.0 0.0 0.0
  outer loop
    vertex 7.899998664855957 5.90000057220459 2.0
    vertex 5.041268348693848 1.7772518396377563 2.0
    vertex 5.1048078536987305 1.694541573524475 2.0
  endloop
endfacet
facet normal 0.0 0.0 0.0
  outer loop
    vertex 7.899998664855957 5.90000057220459 2.0
    vertex 5.1048078536987305 1.694541573524475 2.0
    vertex 5.14479923248291 1.5982129573822021 2.0
  endloop
endfacet
facet normal 0.0 0.0 0.0
  outer loop
    vertex 5.14479923248291 1.5982129573822021 2.0
    vertex 5.158509254455566 1.4948232173919678 2.0
    vertex 7.899998664855957 5.90000057220459 2.0
  endloop
endfacet
facet normal 0.0 0.0 0.0
  outer loop
    vertex 5.148737907409668 -1.9947773218154907 2.0
    vertex 5.11940860748291 -2.0792346000671387 2.0
    vertex 7.899998664855957 -5.899996757507324 2.0
  endloop
endfacet
facet normal 0.0 0.0 0.0
  outer loop
    vertex 7.899998664855957 -5.899996757507324 2.0
    vertex 5.11940860748291 -2.0792346000671387 2.0
    vertex 5.071978569030762 -2.155025005340576 2.0
  endloop
endfacet
facet normal 0.0 0.0 0.0
  outer loop
    vertex 7.899998664855957 -5.899996757507324 2.0
    vertex 5.071978569030762 -2.155025005340576 2.0
    vertex 5.008858680725098 -2.2183375358581543 2.0
  endloop
endfacet
facet normal 0.0 0.0 0.0
  outer loop
    vertex 5.008858680725098 -2.2183375358581543 2.0
    vertex 4.933197975158691 -2.265986919403076 2.0
    vertex 7.899998664855957 -5.899996757507324 2.0
  endloop
endfacet
facet normal 0.0 0.0 0.0
  outer loop
    vertex 7.899998664855957 -5.899996757507324 2.0
    vertex 4.933197975158691 -2.265986919403076 2.0
    vertex 4.848828315734863 -2.2955660820007324 2.0
  endloop
endfacet
facet normal 0.0 0.0 0.0
  outer loop
    vertex 1.7595298290252686 -2.3055949211120605 2.0
    vertex 1.7595298290252686 -2.9047274589538574 2.0
    vertex 4.759987831115723 -2.3055949211120605 2.0
  endloop
endfacet
facet normal 0.0 0.0 0.0
  outer loop
    vertex 4.759987831115723 -2.3055949211120605 2.0
    vertex 1.7595298290252686 -2.9047274589538574 2.0
    vertex 1.743778944015503 -3.0090746879577637 2.0
  endloop
endfacet
facet normal 0.0 0.0 0.0
  outer loop
    vertex 4.759987831115723 -2.3055949211120605 2.0
    vertex 1.743778944015503 -3.0090746879577637 2.0
    vertex 1.7018897533416748 -3.105945110321045 2.0
  endloop
endfacet
facet normal 0.0 0.0 0.0
  outer loop
    vertex 1.7018897533416748 -3.105945110321045 2.0
    vertex 1.6366393566131592 -3.1888880729675293 2.0
    vertex 4.759987831115723 -2.3055949211120605 2.0
  endloop
endfacet
facet normal 0.0 0.0 0.0
  outer loop
    vertex 4.759987831115723 -2.3055949211120605 2.0
    vertex 1.6366393566131592 -3.1888880729675293 2.0
    vertex 5.899998664855957 -7.899996280670166 1.9999998807907104
  endloop
endfacet
facet normal 0.0 0.0 0.0
  outer loop
    vertex 1.6366393566131592 -3.1888880729675293 2.0
    vertex 1.5523688793182373 -3.252418041229248 2.0
    vertex 5.899998664855957 -7.899996280670166 1.9999998807907104
  endloop
endfacet
facet normal 0.0 0.0 0.0
  outer loop
    vertex 5.899998664855957 -7.899996280670166 1.9999998807907104
    vertex 1.5523688793182373 -3.252418041229248 2.0
    vertex 1.4546592235565186 -3.292296886444092 2.0
  endloop
endfacet
facet normal 0.0 0.0 0.0
  outer loop
    vertex 5.899998664855957 -7.899996280670166 1.9999998807907104
    vertex 1.4546592235565186 -3.292296886444092 2.0
    vertex 1.3500068187713623 -3.305884838104248 2.0
  endloop
endfacet
facet normal 0.0 0.0 0.0
  outer loop
    vertex 1.3500068187713623 -3.305884838104248 2.0
    vertex -0.7413398623466492 -3.305884838104248 2.0
    vertex 5.899998664855957 -7.899996280670166 1.9999998807907104
  endloop
endfacet
facet normal 0.0 0.0 0.0
  outer loop
    vertex -0.9413215517997742 -3.252326488494873 2.0
    vertex -1.0241501331329346 -3.1887660026550293 2.0
    vertex -5.800002098083496 -7.899996280670166 1.9999998807907104
  endloop
endfacet
facet normal 0.0 0.0 0.0
  outer loop
    vertex -5.800002098083496 -7.899996280670166 1.9999998807907104
    vertex -1.0241501331329346 -3.1887660026550293 2.0
    vertex -4.141180992126465 -2.3057475090026855 2.0
  endloop
endfacet
facet normal 0.0 0.0 0.0
  outer loop
    vertex -5.800002098083496 -7.899996280670166 1.9999998807907104
    vertex -4.141180992126465 -2.3057475090026855 2.0
    vertex -4.243910789489746 -2.292285442352295 2.0
  endloop
endfacet
facet normal 0.0 0.0 0.0
  outer loop
    vertex -1.0241501331329346 -3.1887660026550293 2.0
    vertex -1.0877106189727783 -3.1059374809265137 2.0
    vertex -4.141180992126465 -2.3057475090026855 2.0
  endloop
endfacet
facet normal 0.0 0.0 0.0
  outer loop
    vertex -4.141180992126465 -2.3057475090026855 2.0
    vertex -1.0877106189727783 -3.1059374809265137 2.0
    vertex -1.1276733875274658 -3.0094752311706543 2.0
  endloop
endfacet
facet normal 0.0 0.0 0.0
  outer loop
    vertex -4.141180992126465 -2.3057475090026855 2.0
    vertex -1.1276733875274658 -3.0094752311706543 2.0
    vertex -1.141303300857544 -2.9059672355651855 2.0
  endloop
endfacet
facet normal 0.0 0.0 0.0
  outer loop
    vertex -1.141303300857544 -2.9059672355651855 2.0
    vertex -1.141291856765747 -2.3057971000671387 2.0
    vertex -4.141180992126465 -2.3057475090026855 2.0
  endloop
endfacet
facet normal 0.0 0.0 0.0
  outer loop
    vertex -5.800002098083496 -7.899996280670166 1.9999998807907104
    vertex -4.243910789489746 -2.292285442352295 2.0
    vertex -7.800002098083496 -5.899996757507324 2.0
  endloop
endfacet
facet normal 0.0 0.0 0.0
  outer loop
    vertex -7.800002098083496 -5.899996757507324 2.0
    vertex -4.243910789489746 -2.292285442352295 2.0
    vertex -4.339713096618652 -2.25282621383667 2.0
  endloop
endfacet
facet normal 0.0 0.0 0.0
  outer loop
    vertex -7.800002098083496 -5.899996757507324 2.0
    vertex -4.339713096618652 -2.25282621383667 2.0
    vertex -4.422110557556152 -2.1900172233581543 2.0
  endloop
endfacet
facet normal 0.0 0.0 0.0
  outer loop
    vertex -4.422110557556152 -2.1900172233581543 2.0
    vertex -4.485552787780762 -2.1081080436706543 2.0
    vertex -7.800002098083496 -5.899996757507324 2.0
  endloop
endfacet
facet normal 0.0 0.0 0.0
  outer loop
    vertex -7.800002098083496 -5.899996757507324 2.0
    vertex -4.485552787780762 -2.1081080436706543 2.0
    vertex -4.525759696960449 -2.0126147270202637 2.0
  endloop
endfacet
facet normal 0.0 0.0 0.0
  outer loop
    vertex -7.800002098083496 -5.899996757507324 2.0
    vertex -4.525759696960449 -2.0126147270202637 2.0
    vertex -4.540011405944824 -1.909995675086975 2.0
  endloop
endfacet
facet normal 0.0 0.0 0.0
  outer loop
    vertex -4.540011405944824 -1.909995675086975 2.0
    vertex -4.540011405944824 1.4950025081634521 2.0
    vertex -7.800002098083496 -5.899996757507324 2.0
  endloop
endfacet
facet normal 0.0 0.0 0.0
  outer loop
    vertex -3.6764633655548096 0.4519728720188141 1.5
    vertex -4.640650749206543 1.601032018661499 1.5
    vertex -1.684180498123169 2.1236910820007324 1.5
  endloop
endfacet
facet normal 0.0 0.0 0.0
  outer loop
    vertex -1.684180498123169 2.1236910820007324 1.5
    vertex -4.640650749206543 1.601032018661499 1.5
    vertex -1.3362419605255127 4.373763084411621 1.5
  endloop
endfacet
facet normal 0.0 0.0 0.0
  outer loop
    vertex -1.684180498123169 2.1236910820007324 1.5
    vertex -1.3362419605255127 4.373763084411621 1.5
    vertex -1.5450432300567627 2.221553325653076 1.5
  endloop
endfacet
facet normal 0.0 0.0 0.0
  outer loop
    vertex -1.5450432300567627 2.221553325653076 1.5
    vertex -1.3362419605255127 4.373763084411621 1.5
    vertex -1.3913414478302002 2.294421672821045 1.5
  endloop
endfacet
facet normal 0.0 0.0 0.0
  outer loop
    vertex -1.3913414478302002 2.294421672821045 1.5
    vertex -1.3362419605255127 4.373763084411621 1.5
    vertex -1.2275002002716064 2.3401827812194824 1.5
  endloop
endfacet
facet normal 0.0 0.0 0.0
  outer loop
    vertex -1.2275002002716064 2.3401827812194824 1.5
    vertex -1.3362419605255127 4.373763084411621 1.5
    vertex -1.0582802295684814 2.357512950897217 1.5
  endloop
endfacet
facet normal 0.0 0.0 0.0
  outer loop
    vertex -1.0582802295684814 2.357512950897217 1.5
    vertex -1.3362419605255127 4.373763084411621 1.5
    vertex -0.8885719180107117 2.3459010124206543 1.5
  endloop
endfacet
facet normal 0.0 0.0 0.0
  outer loop
    vertex -0.8885719180107117 2.3459010124206543 1.5
    vertex -1.3362419605255127 4.373763084411621 1.5
    vertex 0.15068893134593964 4.143832206726074 1.5
  endloop
endfacet
facet normal 0.0 0.0 0.0
  outer loop
    vertex -0.8885719180107117 2.3459010124206543 1.5
    vertex 0.15068893134593964 4.143832206726074 1.5
    vertex -0.7232925295829773 2.305701732635498 1.5
  endloop
endfacet
facet normal 0.0 0.0 0.0
  outer loop
    vertex -0.7232925295829773 2.305701732635498 1.5
    vertex 0.15068893134593964 4.143832206726074 1.5
    vertex -0.5672103762626648 2.2380709648132324 1.5
  endloop
endfacet
facet normal 0.0 0.0 0.0
  outer loop
    vertex -0.5672103762626648 2.2380709648132324 1.5
    vertex 0.15068893134593964 4.143832206726074 1.5
    vertex -0.4248496890068054 2.1449732780456543 1.5
  endloop
endfacet
facet normal 0.0 0.0 0.0
  outer loop
    vertex -0.4248496890068054 2.1449732780456543 1.5
    vertex 0.15068893134593964 4.143832206726074 1.5
    vertex -0.3003227114677429 2.029082775115967 1.5
  endloop
endfacet
facet normal 0.0 0.0 0.0
  outer loop
    vertex -0.3003227114677429 2.029082775115967 1.5
    vertex 0.15068893134593964 4.143832206726074 1.5
    vertex -0.19725342094898224 1.8937641382217407 1.5
  endloop
endfacet
facet normal 0.0 0.0 0.0
  outer loop
    vertex -0.19725342094898224 1.8937641382217407 1.5
    vertex 0.15068893134593964 4.143832206726074 1.5
    vertex 4.776888847351074 -3.140388011932373 1.5
  endloop
endfacet
facet normal 0.0 0.0 0.0
  outer loop
    vertex -0.19725342094898224 1.8937641382217407 1.5
    vertex 4.776888847351074 -3.140388011932373 1.5
    vertex 3.510666608810425 -3.944567918777466 1.5
  endloop
endfacet
facet normal 0.0 0.0 0.0
  outer loop
    vertex 3.510666608810425 -3.944567918777466 1.5
    vertex 4.776888847351074 -3.140388011932373 1.5
    vertex 4.622868537902832 -3.8305160999298096 1.5
  endloop
endfacet
facet normal 0.0 0.0 0.0
  outer loop
    vertex 3.510666608810425 -3.944567918777466 1.5
    vertex 4.622868537902832 -3.8305160999298096 1.5
    vertex 4.200798988342285 -4.098574638366699 1.5
  endloop
endfacet
facet normal 0.0 0.0 0.0
  outer loop
    vertex -3.769751787185669 0.3900527358055115 1.5
    vertex -4.299761772155762 0.4364241659641266 1.5
    vertex -3.6764633655548096 0.4519728720188141 1.5
  endloop
endfacet
facet normal 0.0 0.0 0.0
  outer loop
    vertex -3.6764633655548096 0.4519728720188141 1.5
    vertex -4.299761772155762 0.4364241659641266 1.5
    vertex -4.380881309509277 0.5136030912399292 1.5
  endloop
endfacet
facet normal 0.0 0.0 0.0
  outer loop
    vertex -3.6764633655548096 0.4519728720188141 1.5
    vertex -4.380881309509277 0.5136030912399292 1.5
    vertex -4.702269554138184 0.8966215252876282 1.5
  endloop
endfacet
facet normal 0.0 0.0 0.0
  outer loop
    vertex -4.299761772155762 0.4364241659641266 1.5
    vertex -3.769751787185669 0.3900527358055115 1.5
    vertex -4.2035017013549805 0.3792418837547302 1.5
  endloop
endfacet
facet normal 0.0 0.0 0.0
  outer loop
    vertex -4.2035017013549805 0.3792418837547302 1.5
    vertex -3.769751787185669 0.3900527358055115 1.5
    vertex -3.8744804859161377 0.35045236349105835 1.5
  endloop
endfacet
facet normal 0.0 0.0 0.0
  outer loop
    vertex -4.2035017013549805 0.3792418837547302 1.5
    vertex -3.8744804859161377 0.35045236349105835 1.5
    vertex -4.096930503845215 0.344901978969574 1.5
  endloop
endfacet
facet normal 0.0 0.0 0.0
  outer loop
    vertex -4.096930503845215 0.344901978969574 1.5
    vertex -3.8744804859161377 0.35045236349105835 1.5
    vertex -3.9853928089141846 0.3351439833641052 1.5
  endloop
endfacet
facet normal 0.0 0.0 0.0
  outer loop
    vertex -3.6764633655548096 0.4519728720188141 1.5
    vertex -4.702269554138184 0.8966215252876282 1.5
    vertex -4.640650749206543 1.601032018661499 1.5
  endloop
endfacet
facet normal 0.0 0.0 0.0
  outer loop
    vertex -4.640650749206543 1.601032018661499 1.5
    vertex -4.702269554138184 0.8966215252876282 1.5
    vertex -4.764189720153809 0.9899137616157532 1.5
  endloop
endfacet
facet normal 0.0 0.0 0.0
  outer loop
    vertex -4.640650749206543 1.601032018661499 1.5
    vertex -4.764189720153809 0.9899137616157532 1.5
    vertex -4.803790092468262 1.0946309566497803 1.5
  endloop
endfacet
facet normal 0.0 0.0 0.0
  outer loop
    vertex -4.803790092468262 1.0946309566497803 1.5
    vertex -4.8191022872924805 1.2055509090423584 1.5
    vertex -4.640650749206543 1.601032018661499 1.5
  endloop
endfacet
facet normal 0.0 0.0 0.0
  outer loop
    vertex -4.640650749206543 1.601032018661499 1.5
    vertex -4.8191022872924805 1.2055509090423584 1.5
    vertex -4.809340476989746 1.3170812129974365 1.5
  endloop
endfacet
facet normal 0.0 0.0 0.0
  outer loop
    vertex -4.640650749206543 1.601032018661499 1.5
    vertex -4.809340476989746 1.3170812129974365 1.5
    vertex -4.775012016296387 1.4236524105072021 1.5
  endloop
endfacet
facet normal 0.0 0.0 0.0
  outer loop
    vertex -4.775012016296387 1.4236524105072021 1.5
    vertex -4.717822074890137 1.5199124813079834 1.5
    vertex -4.640650749206543 1.601032018661499 1.5
  endloop
endfacet
facet normal 0.0 0.0 0.0
  outer loop
    vertex -1.1971123218536377 4.471621513366699 1.5
    vertex -0.07691116631031036 4.395033836364746 1.5
    vertex -1.3362419605255127 4.373763084411621 1.5
  endloop
endfacet
facet normal 0.0 0.0 0.0
  outer loop
    vertex -1.3362419605255127 4.373763084411621 1.5
    vertex -0.07691116631031036 4.395033836364746 1.5
    vertex 0.047608185559511185 4.279143333435059 1.5
  endloop
endfacet
facet normal 0.0 0.0 0.0
  outer loop
    vertex -1.3362419605255127 4.373763084411621 1.5
    vertex 0.047608185559511185 4.279143333435059 1.5
    vertex 0.15068893134593964 4.143832206726074 1.5
  endloop
endfacet
facet normal 0.0 0.0 0.0
  outer loop
    vertex -0.07691116631031036 4.395033836364746 1.5
    vertex -1.1971123218536377 4.471621513366699 1.5
    vertex -0.21927185356616974 4.488142967224121 1.5
  endloop
endfacet
facet normal 0.0 0.0 0.0
  outer loop
    vertex -0.21927185356616974 4.488142967224121 1.5
    vertex -1.1971123218536377 4.471621513366699 1.5
    vertex -1.043402910232544 4.544482231140137 1.5
  endloop
endfacet
facet normal 0.0 0.0 0.0
  outer loop
    vertex -0.21927185356616974 4.488142967224121 1.5
    vertex -1.043402910232544 4.544482231140137 1.5
    vertex -0.3753501772880554 4.555773735046387 1.5
  endloop
endfacet
facet normal 0.0 0.0 0.0
  outer loop
    vertex -0.3753501772880554 4.555773735046387 1.5
    vertex -1.043402910232544 4.544482231140137 1.5
    vertex -0.8795730471611023 4.590243339538574 1.5
  endloop
endfacet
facet normal 0.0 0.0 0.0
  outer loop
    vertex -0.3753501772880554 4.555773735046387 1.5
    vertex -0.8795730471611023 4.590243339538574 1.5
    vertex -0.5406410098075867 4.595973014831543 1.5
  endloop
endfacet
facet normal 0.0 0.0 0.0
  outer loop
    vertex -0.5406410098075867 4.595973014831543 1.5
    vertex -0.8795730471611023 4.590243339538574 1.5
    vertex -0.7103530764579773 4.607573509216309 1.5
  endloop
endfacet
facet normal 0.0 0.0 0.0
  outer loop
    vertex 4.776888847351074 -3.140388011932373 1.5
    vertex 4.8259477615356445 -3.241027355194092 1.5
    vertex 4.622868537902832 -3.8305160999298096 1.5
  endloop
endfacet
facet normal 0.0 0.0 0.0
  outer loop
    vertex 4.622868537902832 -3.8305160999298096 1.5
    vertex 4.8259477615356445 -3.241027355194092 1.5
    vertex 4.851387977600098 -3.3500664234161377 1.5
  endloop
endfacet
facet normal 0.0 0.0 0.0
  outer loop
    vertex 4.622868537902832 -3.8305160999298096 1.5
    vertex 4.851387977600098 -3.3500664234161377 1.5
    vertex 4.851927757263184 -3.4620277881622314 1.5
  endloop
endfacet
facet normal 0.0 0.0 0.0
  outer loop
    vertex 4.851927757263184 -3.4620277881622314 1.5
    vertex 4.827548027038574 -3.571307420730591 1.5
    vertex 4.622868537902832 -3.8305160999298096 1.5
  endloop
endfacet
facet normal 0.0 0.0 0.0
  outer loop
    vertex 4.622868537902832 -3.8305160999298096 1.5
    vertex 4.827548027038574 -3.571307420730591 1.5
    vertex 4.779458045959473 -3.6724159717559814 1.5
  endloop
endfacet
facet normal 0.0 0.0 0.0
  outer loop
    vertex 4.622868537902832 -3.8305160999298096 1.5
    vertex 4.779458045959473 -3.6724159717559814 1.5
    vertex 4.710068702697754 -3.7602875232696533 1.5
  endloop
endfacet
facet normal 0.0 0.0 0.0
  outer loop
    vertex 4.100159645080566 -4.147646903991699 1.5
    vertex 3.668766736984253 -4.1011457443237305 1.5
    vertex 4.200798988342285 -4.098574638366699 1.5
  endloop
endfacet
facet normal 0.0 0.0 0.0
  outer loop
    vertex 4.200798988342285 -4.098574638366699 1.5
    vertex 3.668766736984253 -4.1011457443237305 1.5
    vertex 3.5808990001678467 -4.031756401062012 1.5
  endloop
endfacet
facet normal 0.0 0.0 0.0
  outer loop
    vertex 4.200798988342285 -4.098574638366699 1.5
    vertex 3.5808990001678467 -4.031756401062012 1.5
    vertex 3.510666608810425 -3.944567918777466 1.5
  endloop
endfacet
facet normal 0.0 0.0 0.0
  outer loop
    vertex 3.668766736984253 -4.1011457443237305 1.5
    vertex 4.100159645080566 -4.147646903991699 1.5
    vertex 3.769879102706909 -4.149237632751465 1.5
  endloop
endfacet
facet normal 0.0 0.0 0.0
  outer loop
    vertex 3.769879102706909 -4.149237632751465 1.5
    vertex 4.100159645080566 -4.147646903991699 1.5
    vertex 3.9911201000213623 -4.173087120056152 1.5
  endloop
endfacet
facet normal 0.0 0.0 0.0
  outer loop
    vertex 3.769879102706909 -4.149237632751465 1.5
    vertex 3.9911201000213623 -4.173087120056152 1.5
    vertex 3.8791587352752686 -4.1736249923706055 1.5
  endloop
endfacet
facet normal 0.0 0.0 0.0
  outer loop
    vertex -1.684180498123169 2.1236910820007324 2.384185791015625e-07
    vertex -3.6764633655548096 0.4519729018211365 2.384185791015625e-07
    vertex -1.684180498123169 2.1236910820007324 1.5
  endloop
endfacet
facet normal 0.0 0.0 0.0
  outer loop
    vertex -1.684180498123169 2.1236910820007324 1.5
    vertex -3.6764633655548096 0.4519729018211365 2.384185791015625e-07
    vertex -3.6764633655548096 0.4519728720188141 1.5
  endloop
endfacet
facet normal 0.0 0.0 0.0
  outer loop
    vertex -0.19725342094898224 1.8937641382217407 1.5
    vertex -0.19725342094898224 1.8937641382217407 2.384185791015625e-07
    vertex -0.3003227114677429 2.029082775115967 1.5
  endloop
endfacet
facet normal 0.0 0.0 0.0
  outer loop
    vertex -0.3003227114677429 2.029082775115967 1.5
    vertex -0.19725342094898224 1.8937641382217407 2.384185791015625e-07
    vertex -0.3003227114677429 2.029082775115967 2.384185791015625e-07
  endloop
endfacet
facet normal 0.0 0.0 0.0
  outer loop
    vertex -0.3003227114677429 2.029082775115967 1.5
    vertex -0.3003227114677429 2.029082775115967 2.384185791015625e-07
    vertex -0.4248496890068054 2.1449732780456543 1.5
  endloop
endfacet
facet normal 0.0 0.0 0.0
  outer loop
    vertex -0.4248496890068054 2.1449732780456543 1.5
    vertex -0.3003227114677429 2.029082775115967 2.384185791015625e-07
    vertex -0.4248496890068054 2.1449732780456543 2.384185791015625e-07
  endloop
endfacet
facet normal 0.0 0.0 0.0
  outer loop
    vertex -0.4248496890068054 2.1449732780456543 1.5
    vertex -0.4248496890068054 2.1449732780456543 2.384185791015625e-07
    vertex -0.5672103762626648 2.2380709648132324 1.5
  endloop
endfacet
facet normal 0.0 0.0 0.0
  outer loop
    vertex -0.5672103762626648 2.2380709648132324 1.5
    vertex -0.4248496890068054 2.1449732780456543 2.384185791015625e-07
    vertex -0.5672103762626648 2.2380709648132324 2.384185791015625e-07
  endloop
endfacet
facet normal 0.0 0.0 0.0
  outer loop
    vertex -0.5672103762626648 2.2380709648132324 1.5
    vertex -0.5672103762626648 2.2380709648132324 2.384185791015625e-07
    vertex -0.7232925295829773 2.305701732635498 1.5
  endloop
endfacet
facet normal 0.0 0.0 0.0
  outer loop
    vertex -0.7232925295829773 2.305701732635498 1.5
    vertex -0.5672103762626648 2.2380709648132324 2.384185791015625e-07
    vertex -0.7232925295829773 2.305701732635498 2.384185791015625e-07
  endloop
endfacet
facet normal 0.0 0.0 0.0
  outer loop
    vertex -0.7232925295829773 2.305701732635498 1.5
    vertex -0.7232925295829773 2.305701732635498 2.384185791015625e-07
    vertex -0.8885719180107117 2.3459010124206543 1.5
  endloop
endfacet
facet normal 0.0 0.0 0.0
  outer loop
    vertex -0.8885719180107117 2.3459010124206543 1.5
    vertex -0.7232925295829773 2.305701732635498 2.384185791015625e-07
    vertex -0.8885719180107117 2.3459010124206543 2.384185791015625e-07
  endloop
endfacet
facet normal 0.0 0.0 0.0
  outer loop
    vertex -0.8885719180107117 2.3459010124206543 1.5
    vertex -0.8885719180107117 2.3459010124206543 2.384185791015625e-07
    vertex -1.0582802295684814 2.357512950897217 1.5
  endloop
endfacet
facet normal 0.0 0.0 0.0
  outer loop
    vertex -1.0582802295684814 2.357512950897217 1.5
    vertex -0.8885719180107117 2.3459010124206543 2.384185791015625e-07
    vertex -1.0582802295684814 2.357512950897217 2.384185791015625e-07
  endloop
endfacet
facet normal 0.0 0.0 0.0
  outer loop
    vertex -1.0582802295684814 2.357512950897217 1.5
    vertex -1.0582802295684814 2.357512950897217 2.384185791015625e-07
    vertex -1.2275002002716064 2.3401827812194824 1.5
  endloop
endfacet
facet normal 0.0 0.0 0.0
  outer loop
    vertex -1.2275002002716064 2.3401827812194824 1.5
    vertex -1.0582802295684814 2.357512950897217 2.384185791015625e-07
    vertex -1.2275002002716064 2.3401827812194824 2.384185791015625e-07
  endloop
endfacet
facet normal 0.0 0.0 0.0
  outer loop
    vertex -1.2275002002716064 2.3401827812194824 1.5
    vertex -1.2275002002716064 2.3401827812194824 2.384185791015625e-07
    vertex -1.3913414478302002 2.294421672821045 1.5
  endloop
endfacet
facet normal 0.0 0.0 0.0
  outer loop
    vertex -1.3913414478302002 2.294421672821045 1.5
    vertex -1.2275002002716064 2.3401827812194824 2.384185791015625e-07
    vertex -1.3913414478302002 2.294421672821045 2.384185791015625e-07
  endloop
endfacet
facet normal 0.0 0.0 0.0
  outer loop
    vertex -1.3913414478302002 2.294421672821045 1.5
    vertex -1.3913414478302002 2.294421672821045 2.384185791015625e-07
    vertex -1.5450432300567627 2.221553325653076 1.5
  endloop
endfacet
facet normal 0.0 0.0 0.0
  outer loop
    vertex -1.5450432300567627 2.221553325653076 1.5
    vertex -1.3913414478302002 2.294421672821045 2.384185791015625e-07
    vertex -1.5450432300567627 2.221553325653076 2.384185791015625e-07
  endloop
endfacet
facet normal 0.0 0.0 0.0
  outer loop
    vertex -1.5450432300567627 2.221553325653076 1.5
    vertex -1.5450432300567627 2.221553325653076 2.384185791015625e-07
    vertex -1.684180498123169 2.1236910820007324 1.5
  endloop
endfacet
facet normal 0.0 0.0 0.0
  outer loop
    vertex -1.684180498123169 2.1236910820007324 1.5
    vertex -1.5450432300567627 2.221553325653076 2.384185791015625e-07
    vertex -1.684180498123169 2.1236910820007324 2.384185791015625e-07
  endloop
endfacet
facet normal 0.0 0.0 0.0
  outer loop
    vertex 3.510666608810425 -3.944567918777466 2.384185791015625e-07
    vertex -0.19725342094898224 1.8937641382217407 2.384185791015625e-07
    vertex 3.510666608810425 -3.944567918777466 1.5
  endloop
endfacet
facet normal 0.0 0.0 0.0
  outer loop
    vertex 3.510666608810425 -3.944567918777466 1.5
    vertex -0.19725342094898224 1.8937641382217407 2.384185791015625e-07
    vertex -0.19725342094898224 1.8937641382217407 1.5
  endloop
endfacet
facet normal 0.0 0.0 0.0
  outer loop
    vertex 4.200798988342285 -4.098574638366699 1.5
    vertex 4.200798988342285 -4.098574638366699 2.384185791015625e-07
    vertex 4.100159645080566 -4.147646903991699 1.5
  endloop
endfacet
facet normal 0.0 0.0 0.0
  outer loop
    vertex 4.100159645080566 -4.147646903991699 1.5
    vertex 4.200798988342285 -4.098574638366699 2.384185791015625e-07
    vertex 4.100159645080566 -4.147646903991699 2.384185791015625e-07
  endloop
endfacet
facet normal 0.0 0.0 0.0
  outer loop
    vertex 4.100159645080566 -4.147646903991699 1.5
    vertex 4.100159645080566 -4.147646903991699 2.384185791015625e-07
    vertex 3.9911201000213623 -4.173087120056152 1.5
  endloop
endfacet
facet normal 0.0 0.0 0.0
  outer loop
    vertex 3.9911201000213623 -4.173087120056152 1.5
    vertex 4.100159645080566 -4.147646903991699 2.384185791015625e-07
    vertex 3.9911201000213623 -4.173087120056152 2.384185791015625e-07
  endloop
endfacet
facet normal 0.0 0.0 0.0
  outer loop
    vertex 3.9911201000213623 -4.173087120056152 1.5
    vertex 3.9911201000213623 -4.173087120056152 2.384185791015625e-07
    vertex 3.8791587352752686 -4.1736249923706055 1.5
  endloop
endfacet
facet normal 0.0 0.0 0.0
  outer loop
    vertex 3.8791587352752686 -4.1736249923706055 1.5
    vertex 3.9911201000213623 -4.173087120056152 2.384185791015625e-07
    vertex 3.8791587352752686 -4.1736249923706055 2.384185791015625e-07
  endloop
endfacet
facet normal 0.0 0.0 0.0
  outer loop
    vertex 3.8791587352752686 -4.1736249923706055 1.5
    vertex 3.8791587352752686 -4.1736249923706055 2.384185791015625e-07
    vertex 3.769879102706909 -4.149237632751465 1.5
  endloop
endfacet
facet normal 0.0 0.0 0.0
  outer loop
    vertex 3.769879102706909 -4.149237632751465 1.5
    vertex 3.8791587352752686 -4.1736249923706055 2.384185791015625e-07
    vertex 3.769879102706909 -4.149237632751465 2.384185791015625e-07
  endloop
endfacet
facet normal 0.0 0.0 0.0
  outer loop
    vertex 3.769879102706909 -4.149237632751465 1.5
    vertex 3.769879102706909 -4.149237632751465 2.384185791015625e-07
    vertex 3.668766736984253 -4.1011457443237305 1.5
  endloop
endfacet
facet normal 0.0 0.0 0.0
  outer loop
    vertex 3.668766736984253 -4.1011457443237305 1.5
    vertex 3.769879102706909 -4.149237632751465 2.384185791015625e-07
    vertex 3.668766736984253 -4.1011457443237305 2.384185791015625e-07
  endloop
endfacet
facet normal 0.0 0.0 0.0
  outer loop
    vertex 3.668766736984253 -4.1011457443237305 1.5
    vertex 3.668766736984253 -4.1011457443237305 2.384185791015625e-07
    vertex 3.5808990001678467 -4.031756401062012 1.5
  endloop
endfacet
facet normal 0.0 0.0 0.0
  outer loop
    vertex 3.5808990001678467 -4.031756401062012 1.5
    vertex 3.668766736984253 -4.1011457443237305 2.384185791015625e-07
    vertex 3.5808990001678467 -4.031756401062012 2.384185791015625e-07
  endloop
endfacet
facet normal 0.0 0.0 0.0
  outer loop
    vertex 3.5808990001678467 -4.031756401062012 1.5
    vertex 3.5808990001678467 -4.031756401062012 2.384185791015625e-07
    vertex 3.510666608810425 -3.944567918777466 1.5
  endloop
endfacet
facet normal 0.0 0.0 0.0
  outer loop
    vertex 3.510666608810425 -3.944567918777466 1.5
    vertex 3.5808990001678467 -4.031756401062012 2.384185791015625e-07
    vertex 3.510666608810425 -3.944567918777466 2.384185791015625e-07
  endloop
endfacet
facet normal 0.0 0.0 0.0
  outer loop
    vertex 4.622868537902832 -3.8305160999298096 2.384185791015625e-07
    vertex 4.200798988342285 -4.098574638366699 2.384185791015625e-07
    vertex 4.622868537902832 -3.8305160999298096 1.5
  endloop
endfacet
facet normal 0.0 0.0 0.0
  outer loop
    vertex 4.622868537902832 -3.8305160999298096 1.5
    vertex 4.200798988342285 -4.098574638366699 2.384185791015625e-07
    vertex 4.200798988342285 -4.098574638366699 1.5
  endloop
endfacet
facet normal 0.0 0.0 0.0
  outer loop
    vertex 4.776888847351074 -3.140388011932373 1.5
    vertex 4.776888847351074 -3.140388011932373 2.384185791015625e-07
    vertex 4.8259477615356445 -3.241027355194092 1.5
  endloop
endfacet
facet normal 0.0 0.0 0.0
  outer loop
    vertex 4.8259477615356445 -3.241027355194092 1.5
    vertex 4.776888847351074 -3.140388011932373 2.384185791015625e-07
    vertex 4.8259477615356445 -3.241027355194092 2.384185791015625e-07
  endloop
endfacet
facet normal 0.0 0.0 0.0
  outer loop
    vertex 4.8259477615356445 -3.241027355194092 1.5
    vertex 4.8259477615356445 -3.241027355194092 2.384185791015625e-07
    vertex 4.851387977600098 -3.3500664234161377 1.5
  endloop
endfacet
facet normal 0.0 0.0 0.0
  outer loop
    vertex 4.851387977600098 -3.3500664234161377 1.5
    vertex 4.8259477615356445 -3.241027355194092 2.384185791015625e-07
    vertex 4.851387977600098 -3.3500664234161377 2.384185791015625e-07
  endloop
endfacet
facet normal 0.0 0.0 0.0
  outer loop
    vertex 4.851387977600098 -3.3500664234161377 1.5
    vertex 4.851387977600098 -3.3500664234161377 2.384185791015625e-07
    vertex 4.851927757263184 -3.4620277881622314 1.5
  endloop
endfacet
facet normal 0.0 0.0 0.0
  outer loop
    vertex 4.851927757263184 -3.4620277881622314 1.5
    vertex 4.851387977600098 -3.3500664234161377 2.384185791015625e-07
    vertex 4.851927757263184 -3.4620277881622314 2.384185791015625e-07
  endloop
endfacet
facet normal 0.0 0.0 0.0
  outer loop
    vertex 4.851927757263184 -3.4620277881622314 1.5
    vertex 4.851927757263184 -3.4620277881622314 2.384185791015625e-07
    vertex 4.827548027038574 -3.571307420730591 1.5
  endloop
endfacet
facet normal 0.0 0.0 0.0
  outer loop
    vertex 4.827548027038574 -3.571307420730591 1.5
    vertex 4.851927757263184 -3.4620277881622314 2.384185791015625e-07
    vertex 4.827548027038574 -3.571307420730591 2.384185791015625e-07
  endloop
endfacet
facet normal 0.0 0.0 0.0
  outer loop
    vertex 4.827548027038574 -3.571307420730591 1.5
    vertex 4.827548027038574 -3.571307420730591 2.384185791015625e-07
    vertex 4.779458045959473 -3.6724159717559814 1.5
  endloop
endfacet
facet normal 0.0 0.0 0.0
  outer loop
    vertex 4.779458045959473 -3.6724159717559814 1.5
    vertex 4.827548027038574 -3.571307420730591 2.384185791015625e-07
    vertex 4.779458045959473 -3.6724159717559814 2.384185791015625e-07
  endloop
endfacet
facet normal 0.0 0.0 0.0
  outer loop
    vertex 4.779458045959473 -3.6724159717559814 1.5
    vertex 4.779458045959473 -3.6724159717559814 2.384185791015625e-07
    vertex 4.710068702697754 -3.7602875232696533 1.5
  endloop
endfacet
facet normal 0.0 0.0 0.0
  outer loop
    vertex 4.710068702697754 -3.7602875232696533 1.5
    vertex 4.779458045959473 -3.6724159717559814 2.384185791015625e-07
    vertex 4.710068702697754 -3.7602875232696533 2.384185791015625e-07
  endloop
endfacet
facet normal 0.0 0.0 0.0
  outer loop
    vertex 4.710068702697754 -3.7602875232696533 1.5
    vertex 4.710068702697754 -3.7602875232696533 2.384185791015625e-07
    vertex 4.622868537902832 -3.8305160999298096 1.5
  endloop
endfacet
facet normal 0.0 0.0 0.0
  outer loop
    vertex 4.622868537902832 -3.8305160999298096 1.5
    vertex 4.710068702697754 -3.7602875232696533 2.384185791015625e-07
    vertex 4.622868537902832 -3.8305160999298096 2.384185791015625e-07
  endloop
endfacet
facet normal 0.0 0.0 0.0
  outer loop
    vertex 0.15068893134593964 4.143832206726074 2.384185791015625e-07
    vertex 4.776888847351074 -3.140388011932373 2.384185791015625e-07
    vertex 0.15068893134593964 4.143832206726074 1.5
  endloop
endfacet
facet normal 0.0 0.0 0.0
  outer loop
    vertex 0.15068893134593964 4.143832206726074 1.5
    vertex 4.776888847351074 -3.140388011932373 2.384185791015625e-07
    vertex 4.776888847351074 -3.140388011932373 1.5
  endloop
endfacet
facet normal 0.0 0.0 0.0
  outer loop
    vertex -1.3362419605255127 4.373763084411621 1.5
    vertex -1.3362419605255127 4.373763084411621 2.384185791015625e-07
    vertex -1.1971123218536377 4.471621513366699 1.5
  endloop
endfacet
facet normal 0.0 0.0 0.0
  outer loop
    vertex -1.1971123218536377 4.471621513366699 1.5
    vertex -1.3362419605255127 4.373763084411621 2.384185791015625e-07
    vertex -1.1971123218536377 4.471621513366699 2.384185791015625e-07
  endloop
endfacet
facet normal 0.0 0.0 0.0
  outer loop
    vertex -1.1971123218536377 4.471621513366699 1.5
    vertex -1.1971123218536377 4.471621513366699 2.384185791015625e-07
    vertex -1.043402910232544 4.544482231140137 1.5
  endloop
endfacet
facet normal 0.0 0.0 0.0
  outer loop
    vertex -1.043402910232544 4.544482231140137 1.5
    vertex -1.1971123218536377 4.471621513366699 2.384185791015625e-07
    vertex -1.043402910232544 4.544482231140137 2.384185791015625e-07
  endloop
endfacet
facet normal 0.0 0.0 0.0
  outer loop
    vertex -1.043402910232544 4.544482231140137 1.5
    vertex -1.043402910232544 4.544482231140137 2.384185791015625e-07
    vertex -0.8795730471611023 4.590243339538574 1.5
  endloop
endfacet
facet normal 0.0 0.0 0.0
  outer loop
    vertex -0.8795730471611023 4.590243339538574 1.5
    vertex -1.043402910232544 4.544482231140137 2.384185791015625e-07
    vertex -0.8795730471611023 4.590243339538574 2.384185791015625e-07
  endloop
endfacet
facet normal 0.0 0.0 0.0
  outer loop
    vertex -0.8795730471611023 4.590243339538574 1.5
    vertex -0.8795730471611023 4.590243339538574 2.384185791015625e-07
    vertex -0.7103530764579773 4.607573509216309 1.5
  endloop
endfacet
facet normal 0.0 0.0 0.0
  outer loop
    vertex -0.7103530764579773 4.607573509216309 1.5
    vertex -0.8795730471611023 4.590243339538574 2.384185791015625e-07
    vertex -0.7103530764579773 4.607573509216309 2.384185791015625e-07
  endloop
endfacet
facet normal 0.0 0.0 0.0
  outer loop
    vertex -0.7103530764579773 4.607573509216309 1.5
    vertex -0.7103530764579773 4.607573509216309 2.384185791015625e-07
    vertex -0.5406410098075867 4.595973014831543 1.5
  endloop
endfacet
facet normal 0.0 0.0 0.0
  outer loop
    vertex -0.5406410098075867 4.595973014831543 1.5
    vertex -0.7103530764579773 4.607573509216309 2.384185791015625e-07
    vertex -0.5406410098075867 4.595973014831543 2.384185791015625e-07
  endloop
endfacet
facet normal 0.0 0.0 0.0
  outer loop
    vertex -0.5406410098075867 4.595973014831543 1.5
    vertex -0.5406410098075867 4.595973014831543 2.384185791015625e-07
    vertex -0.3753501772880554 4.555773735046387 1.5
  endloop
endfacet
facet normal 0.0 0.0 0.0
  outer loop
    vertex -0.3753501772880554 4.555773735046387 1.5
    vertex -0.5406410098075867 4.595973014831543 2.384185791015625e-07
    vertex -0.3753501772880554 4.555773735046387 2.384185791015625e-07
  endloop
endfacet
facet normal 0.0 0.0 0.0
  outer loop
    vertex -0.3753501772880554 4.555773735046387 1.5
    vertex -0.3753501772880554 4.555773735046387 2.384185791015625e-07
    vertex -0.21927185356616974 4.488142967224121 1.5
  endloop
endfacet
facet normal 0.0 0.0 0.0
  outer loop
    vertex -0.21927185356616974 4.488142967224121 1.5
    vertex -0.3753501772880554 4.555773735046387 2.384185791015625e-07
    vertex -0.21927185356616974 4.488142967224121 2.384185791015625e-07
  endloop
endfacet
facet normal 0.0 0.0 0.0
  outer loop
    vertex -0.21927185356616974 4.488142967224121 1.5
    vertex -0.21927185356616974 4.488142967224121 2.384185791015625e-07
    vertex -0.07691116631031036 4.395033836364746 1.5
  endloop
endfacet
facet normal 0.0 0.0 0.0
  outer loop
    vertex -0.07691116631031036 4.395033836364746 1.5
    vertex -0.21927185356616974 4.488142967224121 2.384185791015625e-07
    vertex -0.07691116631031036 4.395033836364746 2.384185791015625e-07
  endloop
endfacet
facet normal 0.0 0.0 0.0
  outer loop
    vertex -0.07691116631031036 4.395033836364746 1.5
    vertex -0.07691116631031036 4.395033836364746 2.384185791015625e-07
    vertex 0.047608185559511185 4.279143333435059 1.5
  endloop
endfacet
facet normal 0.0 0.0 0.0
  outer loop
    vertex 0.047608185559511185 4.279143333435059 1.5
    vertex -0.07691116631031036 4.395033836364746 2.384185791015625e-07
    vertex 0.047608185559511185 4.279143333435059 2.384185791015625e-07
  endloop
endfacet
facet normal 0.0 0.0 0.0
  outer loop
    vertex 0.047608185559511185 4.279143333435059 1.5
    vertex 0.047608185559511185 4.279143333435059 2.384185791015625e-07
    vertex 0.15068893134593964 4.143832206726074 1.5
  endloop
endfacet
facet normal 0.0 0.0 0.0
  outer loop
    vertex 0.15068893134593964 4.143832206726074 1.5
    vertex 0.047608185559511185 4.279143333435059 2.384185791015625e-07
    vertex 0.15068893134593964 4.143832206726074 2.384185791015625e-07
  endloop
endfacet
facet normal 0.0 0.0 0.0
  outer loop
    vertex -4.640650749206543 1.601032018661499 2.384185791015625e-07
    vertex -1.3362419605255127 4.373763084411621 2.384185791015625e-07
    vertex -4.640650749206543 1.601032018661499 1.5
  endloop
endfacet
facet normal 0.0 0.0 0.0
  outer loop
    vertex -4.640650749206543 1.601032018661499 1.5
    vertex -1.3362419605255127 4.373763084411621 2.384185791015625e-07
    vertex -1.3362419605255127 4.373763084411621 1.5
  endloop
endfacet
facet normal 0.0 0.0 0.0
  outer loop
    vertex -4.702269554138184 0.8966215252876282 1.5
    vertex -4.702269554138184 0.8966215252876282 2.384185791015625e-07
    vertex -4.764189720153809 0.9899137616157532 1.5
  endloop
endfacet
facet normal 0.0 0.0 0.0
  outer loop
    vertex -4.764189720153809 0.9899137616157532 1.5
    vertex -4.702269554138184 0.8966215252876282 2.384185791015625e-07
    vertex -4.764189720153809 0.9899137616157532 2.384185791015625e-07
  endloop
endfacet
facet normal 0.0 0.0 0.0
  outer loop
    vertex -4.764189720153809 0.9899137616157532 1.5
    vertex -4.764189720153809 0.9899137616157532 2.384185791015625e-07
    vertex -4.803790092468262 1.0946309566497803 1.5
  endloop
endfacet
facet normal 0.0 0.0 0.0
  outer loop
    vertex -4.803790092468262 1.0946309566497803 1.5
    vertex -4.764189720153809 0.9899137616157532 2.384185791015625e-07
    vertex -4.803790092468262 1.0946309566497803 2.384185791015625e-07
  endloop
endfacet
facet normal 0.0 0.0 0.0
  outer loop
    vertex -4.803790092468262 1.0946309566497803 1.5
    vertex -4.803790092468262 1.0946309566497803 2.384185791015625e-07
    vertex -4.8191022872924805 1.2055509090423584 1.5
  endloop
endfacet
facet normal 0.0 0.0 0.0
  outer loop
    vertex -4.8191022872924805 1.2055509090423584 1.5
    vertex -4.803790092468262 1.0946309566497803 2.384185791015625e-07
    vertex -4.8191022872924805 1.2055509090423584 2.384185791015625e-07
  endloop
endfacet
facet normal 0.0 0.0 0.0
  outer loop
    vertex -4.8191022872924805 1.2055509090423584 1.5
    vertex -4.8191022872924805 1.2055509090423584 2.384185791015625e-07
    vertex -4.809340476989746 1.3170812129974365 1.5
  endloop
endfacet
facet normal 0.0 0.0 0.0
  outer loop
    vertex -4.809340476989746 1.3170812129974365 1.5
    vertex -4.8191022872924805 1.2055509090423584 2.384185791015625e-07
    vertex -4.809340476989746 1.3170812129974365 2.384185791015625e-07
  endloop
endfacet
facet normal 0.0 0.0 0.0
  outer loop
    vertex -4.809340476989746 1.3170812129974365 1.5
    vertex -4.809340476989746 1.3170812129974365 2.384185791015625e-07
    vertex -4.775012016296387 1.4236524105072021 1.5
  endloop
endfacet
facet normal 0.0 0.0 0.0
  outer loop
    vertex -4.775012016296387 1.4236524105072021 1.5
    vertex -4.809340476989746 1.3170812129974365 2.384185791015625e-07
    vertex -4.775012016296387 1.4236524105072021 2.384185791015625e-07
  endloop
endfacet
facet normal 0.0 0.0 0.0
  outer loop
    vertex -4.775012016296387 1.4236524105072021 1.5
    vertex -4.775012016296387 1.4236524105072021 2.384185791015625e-07
    vertex -4.717822074890137 1.5199124813079834 1.5
  endloop
endfacet
facet normal 0.0 0.0 0.0
  outer loop
    vertex -4.717822074890137 1.5199124813079834 1.5
    vertex -4.775012016296387 1.4236524105072021 2.384185791015625e-07
    vertex -4.717822074890137 1.5199124813079834 2.384185791015625e-07
  endloop
endfacet
facet normal 0.0 0.0 0.0
  outer loop
    vertex -4.717822074890137 1.5199124813079834 1.5
    vertex -4.717822074890137 1.5199124813079834 2.384185791015625e-07
    vertex -4.640650749206543 1.601032018661499 1.5
  endloop
endfacet
facet normal 0.0 0.0 0.0
  outer loop
    vertex -4.640650749206543 1.601032018661499 1.5
    vertex -4.717822074890137 1.5199124813079834 2.384185791015625e-07
    vertex -4.640650749206543 1.601032018661499 2.384185791015625e-07
  endloop
endfacet
facet normal 0.0 0.0 0.0
  outer loop
    vertex -4.380881309509277 0.5136030912399292 2.384185791015625e-07
    vertex -4.702269554138184 0.8966215252876282 2.384185791015625e-07
    vertex -4.380881309509277 0.5136030912399292 1.5
  endloop
endfacet
facet normal 0.0 0.0 0.0
  outer loop
    vertex -4.380881309509277 0.5136030912399292 1.5
    vertex -4.702269554138184 0.8966215252876282 2.384185791015625e-07
    vertex -4.702269554138184 0.8966215252876282 1.5
  endloop
endfacet
facet normal 0.0 0.0 0.0
  outer loop
    vertex -3.6764633655548096 0.4519728720188141 1.5
    vertex -3.6764633655548096 0.4519729018211365 2.384185791015625e-07
    vertex -3.769751787185669 0.3900527358055115 1.5
  endloop
endfacet
facet normal 0.0 0.0 0.0
  outer loop
    vertex -3.769751787185669 0.3900527358055115 1.5
    vertex -3.6764633655548096 0.4519729018211365 2.384185791015625e-07
    vertex -3.769751787185669 0.39005276560783386 2.384185791015625e-07
  endloop
endfacet
facet normal 0.0 0.0 0.0
  outer loop
    vertex -3.769751787185669 0.3900527358055115 1.5
    vertex -3.769751787185669 0.39005276560783386 2.384185791015625e-07
    vertex -3.8744804859161377 0.35045236349105835 1.5
  endloop
endfacet
facet normal 0.0 0.0 0.0
  outer loop
    vertex -3.8744804859161377 0.35045236349105835 1.5
    vertex -3.769751787185669 0.39005276560783386 2.384185791015625e-07
    vertex -3.8744804859161377 0.35045239329338074 2.384185791015625e-07
  endloop
endfacet
facet normal 0.0 0.0 0.0
  outer loop
    vertex -3.8744804859161377 0.35045236349105835 1.5
    vertex -3.8744804859161377 0.35045239329338074 2.384185791015625e-07
    vertex -3.9853928089141846 0.3351439833641052 1.5
  endloop
endfacet
facet normal 0.0 0.0 0.0
  outer loop
    vertex -3.9853928089141846 0.3351439833641052 1.5
    vertex -3.8744804859161377 0.35045239329338074 2.384185791015625e-07
    vertex -3.9853928089141846 0.3351440131664276 2.384185791015625e-07
  endloop
endfacet
facet normal 0.0 0.0 0.0
  outer loop
    vertex -3.9853928089141846 0.3351439833641052 1.5
    vertex -3.9853928089141846 0.3351440131664276 2.384185791015625e-07
    vertex -4.096930503845215 0.344901978969574 1.5
  endloop
endfacet
facet normal 0.0 0.0 0.0
  outer loop
    vertex -4.096930503845215 0.344901978969574 1.5
    vertex -3.9853928089141846 0.3351440131664276 2.384185791015625e-07
    vertex -4.096930503845215 0.34490200877189636 2.384185791015625e-07
  endloop
endfacet
facet normal 0.0 0.0 0.0
  outer loop
    vertex -4.096930503845215 0.344901978969574 1.5
    vertex -4.096930503845215 0.34490200877189636 2.384185791015625e-07
    vertex -4.2035017013549805 0.3792418837547302 1.5
  endloop
endfacet
facet normal 0.0 0.0 0.0
  outer loop
    vertex -4.2035017013549805 0.3792418837547302 1.5
    vertex -4.096930503845215 0.34490200877189636 2.384185791015625e-07
    vertex -4.2035017013549805 0.3792419135570526 2.384185791015625e-07
  endloop
endfacet
facet normal 0.0 0.0 0.0
  outer loop
    vertex -4.2035017013549805 0.3792418837547302 1.5
    vertex -4.2035017013549805 0.3792419135570526 2.384185791015625e-07
    vertex -4.299761772155762 0.4364241659641266 1.5
  endloop
endfacet
facet normal 0.0 0.0 0.0
  outer loop
    vertex -4.299761772155762 0.4364241659641266 1.5
    vertex -4.2035017013549805 0.3792419135570526 2.384185791015625e-07
    vertex -4.299761772155762 0.436424195766449 2.384185791015625e-07
  endloop
endfacet
facet normal 0.0 0.0 0.0
  outer loop
    vertex -4.299761772155762 0.4364241659641266 1.5
    vertex -4.299761772155762 0.436424195766449 2.384185791015625e-07
    vertex -4.380881309509277 0.5136030912399292 1.5
  endloop
endfacet
facet normal 0.0 0.0 0.0
  outer loop
    vertex -4.380881309509277 0.5136030912399292 1.5
    vertex -4.299761772155762 0.436424195766449 2.384185791015625e-07
    vertex -4.380881309509277 0.5136030912399292 2.384185791015625e-07
  endloop
endfacet
facet normal 0.0 0.0 0.0
  outer loop
    vertex -4.243922233581543 -2.292285442352295 2.999999761581421
    vertex -4.210272789001465 -2.2997164726257324 2.999999761581421
    vertex -4.1416730880737305 -2.3057475090026855 2.999999761581421
  endloop
endfacet
facet normal 0.0 0.0 0.0
  outer loop
    vertex -4.1416730880737305 -2.3057475090026855 2.999999761581421
    vertex -4.210272789001465 -2.2997164726257324 2.999999761581421
    vertex -4.176100730895996 -2.30421781539917 2.999999761581421
  endloop
endfacet
facet normal 0.0 0.0 0.0
  outer loop
    vertex -4.339472770690918 -2.252955913543701 2.999999761581421
    vertex -4.309340476989746 -2.2685580253601074 2.999999761581421
    vertex -4.245673179626465 -2.291816234588623 2.999999761581421
  endloop
endfacet
facet normal 0.0 0.0 0.0
  outer loop
    vertex -4.245673179626465 -2.291816234588623 2.999999761581421
    vertex -4.309340476989746 -2.2685580253601074 2.999999761581421
    vertex -4.278002738952637 -2.2815470695495605 2.999999761581421
  endloop
endfacet
facet normal 0.0 0.0 0.0
  outer loop
    vertex -4.528750419616699 -2.001067638397217 2.999999761581421
    vertex -4.539912223815918 -1.9162479639053345 2.999999761581421
    vertex -4.534491539001465 -1.973086953163147 2.999999761581421
  endloop
endfacet
facet normal 0.0 0.0 0.0
  outer loop
    vertex -4.534491539001465 -1.973086953163147 2.999999761581421
    vertex -4.539912223815918 -1.9162479639053345 2.999999761581421
    vertex -4.538222312927246 -1.94475519657135 2.999999761581421
  endloop
endfacet
facet normal 0.0 0.0 0.0
  outer loop
    vertex -4.421339988708496 -2.1907763481140137 2.999999761581421
    vertex -4.396880149841309 -2.2129855155944824 2.999999761581421
    vertex -4.342890739440918 -2.250976085662842 2.999999761581421
  endloop
endfacet
facet normal 0.0 0.0 0.0
  outer loop
    vertex -4.342890739440918 -2.250976085662842 2.999999761581421
    vertex -4.396880149841309 -2.2129855155944824 2.999999761581421
    vertex -4.370680809020996 -2.2330965995788574 2.999999761581421
  endloop
endfacet
facet normal 0.0 0.0 0.0
  outer loop
    vertex -4.426352500915527 -2.1857447624206543 2.999999761581421
    vertex -4.484320640563965 -2.110206127166748 2.999999761581421
    vertex -4.447661399841309 -2.162135601043701 2.999999761581421
  endloop
endfacet
facet normal 0.0 0.0 0.0
  outer loop
    vertex -4.447661399841309 -2.162135601043701 2.999999761581421
    vertex -4.484320640563965 -2.110206127166748 2.999999761581421
    vertex -4.4670209884643555 -2.136897563934326 2.999999761581421
  endloop
endfacet
facet normal 0.0 0.0 0.0
  outer loop
    vertex -4.489920616149902 -2.1004366874694824 2.999999761581421
    vertex -4.524622917175293 -2.0166468620300293 2.999999761581421
    vertex -4.503600120544434 -2.0734171867370605 2.999999761581421
  endloop
endfacet
facet normal 0.0 0.0 0.0
  outer loop
    vertex -4.503600120544434 -2.0734171867370605 2.999999761581421
    vertex -4.524622917175293 -2.0166468620300293 2.999999761581421
    vertex -4.515192985534668 -2.0454249382019043 2.999999761581421
  endloop
endfacet
facet normal 0.0 0.0 0.0
  outer loop
    vertex -0.741290271282196 -3.3057971000671387 2.999999761581421
    vertex 1.3500068187713623 -3.305884838104248 2.999999761581421
    vertex 1.358708143234253 -3.3057971000671387 2.999999761581421
  endloop
endfacet
facet normal 0.0 0.0 0.0
  outer loop
    vertex 1.358708143234253 -3.3057971000671387 2.999999761581421
    vertex 1.3500068187713623 -3.305884838104248 2.999999761581421
    vertex 1.352909803390503 -3.305877208709717 2.999999761581421
  endloop
endfacet
facet normal 0.0 0.0 0.0
  outer loop
    vertex 1.358708143234253 -3.3057971000671387 2.999999761581421
    vertex 1.352909803390503 -3.305877208709717 2.999999761581421
    vertex 1.355808973312378 -3.305846691131592 2.999999761581421
  endloop
endfacet
facet normal 0.0 0.0 0.0
  outer loop
    vertex -0.8448211550712585 -3.2921671867370605 2.999999761581421
    vertex -0.7935401797294617 -3.302478313446045 2.999999761581421
    vertex -0.741290271282196 -3.3057971000671387 2.999999761581421
  endloop
endfacet
facet normal 0.0 0.0 0.0
  outer loop
    vertex -0.741290271282196 -3.3057971000671387 2.999999761581421
    vertex -0.7935401797294617 -3.302478313446045 2.999999761581421
    vertex -0.7413398623466492 -3.305884838104248 2.999999761581421
  endloop
endfacet
facet normal 0.0 0.0 0.0
  outer loop
    vertex -0.741290271282196 -3.3057971000671387 2.999999761581421
    vertex -0.7413398623466492 -3.305884838104248 2.999999761581421
    vertex 1.3500068187713623 -3.305884838104248 2.999999761581421
  endloop
endfacet
facet normal 0.0 0.0 0.0
  outer loop
    vertex -0.9412910342216492 -3.2522082328796387 2.999999761581421
    vertex -0.8944122195243835 -3.2754549980163574 2.999999761581421
    vertex -0.8448211550712585 -3.2921671867370605 2.999999761581421
  endloop
endfacet
facet normal 0.0 0.0 0.0
  outer loop
    vertex -0.8448211550712585 -3.2921671867370605 2.999999761581421
    vertex -0.8944122195243835 -3.2754549980163574 2.999999761581421
    vertex -0.8448516726493835 -3.2922778129577637 2.999999761581421
  endloop
endfacet
facet normal 0.0 0.0 0.0
  outer loop
    vertex -0.8448211550712585 -3.2921671867370605 2.999999761581421
    vertex -0.8448516726493835 -3.2922778129577637 2.999999761581421
    vertex -0.7935401797294617 -3.302478313446045 2.999999761581421
  endloop
endfacet
facet normal 0.0 0.0 0.0
  outer loop
    vertex -1.0241310596466064 -3.188636302947998 2.999999761581421
    vertex -0.9848625063896179 -3.2232279777526855 2.999999761581421
    vertex -0.9412910342216492 -3.2522082328796387 2.999999761581421
  endloop
endfacet
facet normal 0.0 0.0 0.0
  outer loop
    vertex -0.9412910342216492 -3.2522082328796387 2.999999761581421
    vertex -0.9848625063896179 -3.2232279777526855 2.999999761581421
    vertex -0.9413520693778992 -3.252307415008545 2.999999761581421
  endloop
endfacet
facet normal 0.0 0.0 0.0
  outer loop
    vertex -0.9412910342216492 -3.2522082328796387 2.999999761581421
    vertex -0.9413520693778992 -3.252307415008545 2.999999761581421
    vertex -0.8944122195243835 -3.2754549980163574 2.999999761581421
  endloop
endfacet
facet normal 0.0 0.0 0.0
  outer loop
    vertex -1.087702989578247 -3.1057963371276855 2.999999761581421
    vertex -1.058711290359497 -3.1493563652038574 2.999999761581421
    vertex -1.0241310596466064 -3.188636302947998 2.999999761581421
  endloop
endfacet
facet normal 0.0 0.0 0.0
  outer loop
    vertex -1.0241310596466064 -3.188636302947998 2.999999761581421
    vertex -1.058711290359497 -3.1493563652038574 2.999999761581421
    vertex -1.0242111682891846 -3.188716411590576 2.999999761581421
  endloop
endfacet
facet normal 0.0 0.0 0.0
  outer loop
    vertex -1.0241310596466064 -3.188636302947998 2.999999761581421
    vertex -1.0242111682891846 -3.188716411590576 2.999999761581421
    vertex -0.9848625063896179 -3.2232279777526855 2.999999761581421
  endloop
endfacet
facet normal 0.0 0.0 0.0
  outer loop
    vertex -1.127661943435669 -3.009326457977295 2.999999761581421
    vertex -1.1109001636505127 -3.058894634246826 2.999999761581421
    vertex -1.087702989578247 -3.1057963371276855 2.999999761581421
  endloop
endfacet
facet normal 0.0 0.0 0.0
  outer loop
    vertex -1.087702989578247 -3.1057963371276855 2.999999761581421
    vertex -1.1109001636505127 -3.058894634246826 2.999999761581421
    vertex -1.0877716541290283 -3.1058382987976074 2.999999761581421
  endloop
endfacet
facet normal 0.0 0.0 0.0
  outer loop
    vertex -1.087702989578247 -3.1057963371276855 2.999999761581421
    vertex -1.0877716541290283 -3.1058382987976074 2.999999761581421
    vertex -1.058711290359497 -3.1493563652038574 2.999999761581421
  endloop
endfacet
facet normal 0.0 0.0 0.0
  outer loop
    vertex -1.141291856765747 -2.9057955741882324 2.999999761581421
    vertex -1.141303300857544 -2.9059672355651855 2.999999761581421
    vertex -1.127661943435669 -3.009326457977295 2.999999761581421
  endloop
endfacet
facet normal 0.0 0.0 0.0
  outer loop
    vertex -1.127661943435669 -3.009326457977295 2.999999761581421
    vertex -1.141303300857544 -2.9059672355651855 2.999999761581421
    vertex -1.127711534500122 -3.009337902069092 2.999999761581421
  endloop
endfacet
facet normal 0.0 0.0 0.0
  outer loop
    vertex -1.127661943435669 -3.009326457977295 2.999999761581421
    vertex -1.127711534500122 -3.009337902069092 2.999999761581421
    vertex -1.1109001636505127 -3.058894634246826 2.999999761581421
  endloop
endfacet
facet normal 0.0 0.0 0.0
  outer loop
    vertex 1.4475982189178467 -3.294097423553467 2.999999761581421
    vertex 1.358708143234253 -3.3057971000671387 2.999999761581421
    vertex 1.4182898998260498 -3.3001551628112793 2.999999761581421
  endloop
endfacet
facet normal 0.0 0.0 0.0
  outer loop
    vertex 1.4182898998260498 -3.3001551628112793 2.999999761581421
    vertex 1.358708143234253 -3.3057971000671387 2.999999761581421
    vertex 1.3886001110076904 -3.304065227508545 2.999999761581421
  endloop
endfacet
facet normal 0.0 0.0 0.0
  outer loop
    vertex 1.531609296798706 -3.263427257537842 2.999999761581421
    vertex 1.4812095165252686 -3.2843050956726074 2.999999761581421
    vertex 1.515129804611206 -3.27113676071167 2.999999761581421
  endloop
endfacet
facet normal 0.0 0.0 0.0
  outer loop
    vertex 1.515129804611206 -3.27113676071167 2.999999761581421
    vertex 1.4812095165252686 -3.2843050956726074 2.999999761581421
    vertex 1.4983184337615967 -3.27809476852417 2.999999761581421
  endloop
endfacet
facet normal 0.0 0.0 0.0
  outer loop
    vertex 1.6090400218963623 -3.213588237762451 2.999999761581421
    vertex 1.5894782543182373 -3.22859525680542 2.999999761581421
    vertex 1.6026198863983154 -3.218715190887451 2.999999761581421
  endloop
endfacet
facet normal 0.0 0.0 0.0
  outer loop
    vertex 1.6026198863983154 -3.218715190887451 2.999999761581421
    vertex 1.5894782543182373 -3.22859525680542 2.999999761581421
    vertex 1.5960967540740967 -3.2237162590026855 2.999999761581421
  endloop
endfacet
facet normal 0.0 0.0 0.0
  outer loop
    vertex -4.528841972351074 1.588794469833374 2.999999761581421
    vertex -4.534502983093262 1.5610921382904053 2.999999761581421
    vertex -4.53989315032959 1.5048329830169678 2.999999761581421
  endloop
endfacet
facet normal 0.0 0.0 0.0
  outer loop
    vertex -4.53989315032959 1.5048329830169678 2.999999761581421
    vertex -4.534502983093262 1.5610921382904053 2.999999761581421
    vertex -4.538191795349121 1.5330541133880615 2.999999761581421
  endloop
endfacet
facet normal 0.0 0.0 0.0
  outer loop
    vertex 1.6645972728729248 -3.158595561981201 2.999999761581421
    vertex 1.6715667247772217 -3.1500048637390137 2.999999761581421
    vertex 1.684788465499878 -3.1322855949401855 2.999999761581421
  endloop
endfacet
facet normal 0.0 0.0 0.0
  outer loop
    vertex 1.684788465499878 -3.1322855949401855 2.999999761581421
    vertex 1.6715667247772217 -3.1500048637390137 2.999999761581421
    vertex 1.6782996654510498 -3.141234874725342 2.999999761581421
  endloop
endfacet
facet normal 0.0 0.0 0.0
  outer loop
    vertex -4.490302085876465 1.6879116296768188 2.999999761581421
    vertex -4.503680229187012 1.6613919734954834 2.999999761581421
    vertex -4.524352073669434 1.605731725692749 2.999999761581421
  endloop
endfacet
facet normal 0.0 0.0 0.0
  outer loop
    vertex -4.524352073669434 1.605731725692749 2.999999761581421
    vertex -4.503680229187012 1.6613919734954834 2.999999761581421
    vertex -4.51505184173584 1.633941411972046 2.999999761581421
  endloop
endfacet
facet normal 0.0 0.0 0.0
  outer loop
    vertex 1.7144782543182373 -3.0832056999206543 2.999999761581421
    vertex 1.7240569591522217 -3.0632166862487793 2.999999761581421
    vertex 1.7399070262908936 -3.021827220916748 2.999999761581421
  endloop
endfacet
facet normal 0.0 0.0 0.0
  outer loop
    vertex 1.7399070262908936 -3.021827220916748 2.999999761581421
    vertex 1.7240569591522217 -3.0632166862487793 2.999999761581421
    vertex 1.732537031173706 -3.0427355766296387 2.999999761581421
  endloop
endfacet
facet normal 0.0 0.0 0.0
  outer loop
    vertex -4.426962852478027 1.7733532190322876 2.999999761581421
    vertex -4.44779109954834 1.7501941919326782 2.999999761581421
    vertex -4.483721733093262 1.69939386844635 2.999999761581421
  endloop
endfacet
facet normal 0.0 0.0 0.0
  outer loop
    vertex -4.483721733093262 1.69939386844635 2.999999761581421
    vertex -4.44779109954834 1.7501941919326782 2.999999761581421
    vertex -4.466750144958496 1.7254940271377563 2.999999761581421
  endloop
endfacet
facet normal 0.0 0.0 0.0
  outer loop
    vertex -4.338801383972168 1.8416439294815063 2.999999761581421
    vertex -4.2459211349487305 1.8801113367080688 2.999999761581421
    vertex -4.308962821960449 1.8570629358291626 2.999999761581421
  endloop
endfacet
facet normal 0.0 0.0 0.0
  outer loop
    vertex -4.308962821960449 1.8570629358291626 2.999999761581421
    vertex -4.2459211349487305 1.8801113367080688 2.999999761581421
    vertex -4.27793025970459 1.8699108362197876 2.999999761581421
  endloop
endfacet
facet normal 0.0 0.0 0.0
  outer loop
    vertex -4.4205732345581055 1.7797733545303345 2.999999761581421
    vertex -4.343489646911621 1.8389240503311157 2.999999761581421
    vertex -4.396510124206543 1.8015629053115845 2.999999761581421
  endloop
endfacet
facet normal 0.0 0.0 0.0
  outer loop
    vertex -4.396510124206543 1.8015629053115845 2.999999761581421
    vertex -4.343489646911621 1.8389240503311157 2.999999761581421
    vertex -4.370760917663574 1.821323037147522 2.999999761581421
  endloop
endfacet
facet normal 0.0 0.0 0.0
  outer loop
    vertex 1.7595298290252686 -2.3057971000671387 2.999999761581421
    vertex 1.7587096691131592 -2.3057971000671387 2.999999761581421
    vertex 1.7595298290252686 -2.9047274589538574 2.999999761581421
  endloop
endfacet
facet normal 0.0 0.0 0.0
  outer loop
    vertex 1.7595298290252686 -2.9047274589538574 2.999999761581421
    vertex 1.7587096691131592 -2.3057971000671387 2.999999761581421
    vertex 1.7587096691131592 -2.9057955741882324 2.999999761581421
  endloop
endfacet
facet normal 0.0 0.0 0.0
  outer loop
    vertex 1.7595298290252686 -2.9047274589538574 2.999999761581421
    vertex 1.7587096691131592 -2.9057955741882324 2.999999761581421
    vertex 1.7576186656951904 -2.936694622039795 2.999999761581421
  endloop
endfacet
facet normal 0.0 0.0 0.0
  outer loop
    vertex 1.7576186656951904 -2.936694622039795 2.999999761581421
    vertex 1.7587096691131592 -2.9057955741882324 2.999999761581421
    vertex 1.7532203197479248 -2.9684176445007324 2.999999761581421
  endloop
endfacet
facet normal 0.0 0.0 0.0
  outer loop
    vertex 1.7532203197479248 -2.9684176445007324 2.999999761581421
    vertex 1.7587096691131592 -2.9057955741882324 2.999999761581421
    vertex 1.7463500499725342 -2.9996981620788574 2.999999761581421
  endloop
endfacet
facet normal 0.0 0.0 0.0
  outer loop
    vertex 4.862238883972168 1.8805729150772095 2.999999761581421
    vertex 4.828167915344238 1.8881222009658813 2.999999761581421
    vertex 4.7587080001831055 1.8942028284072876 2.999999761581421
  endloop
endfacet
facet normal 0.0 0.0 0.0
  outer loop
    vertex 4.7587080001831055 1.8942028284072876 2.999999761581421
    vertex 4.828167915344238 1.8881222009658813 2.999999761581421
    vertex 4.7935686111450195 1.8926845788955688 2.999999761581421
  endloop
endfacet
facet normal 0.0 0.0 0.0
  outer loop
    vertex -4.2436628341674805 1.8807216882705688 2.999999761581421
    vertex -4.141291618347168 1.8942028284072876 2.999999761581421
    vertex -4.2099714279174805 1.8881641626358032 2.999999761581421
  endloop
endfacet
facet normal 0.0 0.0 0.0
  outer loop
    vertex -4.2099714279174805 1.8881641626358032 2.999999761581421
    vertex -4.141291618347168 1.8942028284072876 2.999999761581421
    vertex -4.1757612228393555 1.892673134803772 2.999999761581421
  endloop
endfacet
facet normal 0.0 0.0 0.0
  outer loop
    vertex 5.105408668518066 1.6934925317764282 2.999999761581421
    vertex 5.144648551940918 1.5987813472747803 2.999999761581421
    vertex 5.12117862701416 1.6630818843841553 2.999999761581421
  endloop
endfacet
facet normal 0.0 0.0 0.0
  outer loop
    vertex 5.12117862701416 1.6630818843841553 2.999999761581421
    vertex 5.144648551940918 1.5987813472747803 2.999999761581421
    vertex 5.1342878341674805 1.6314313411712646 2.999999761581421
  endloop
endfacet
facet normal 0.0 0.0 0.0
  outer loop
    vertex 4.958518028259277 1.8406940698623657 2.999999761581421
    vertex 4.927628517150879 1.8567615747451782 2.999999761581421
    vertex 4.862238883972168 1.8805729150772095 2.999999761581421
  endloop
endfacet
facet normal 0.0 0.0 0.0
  outer loop
    vertex 4.862238883972168 1.8805729150772095 2.999999761581421
    vertex 4.927628517150879 1.8567615747451782 2.999999761581421
    vertex 4.895447731018066 1.8700939416885376 2.999999761581421
  endloop
endfacet
facet normal 0.0 0.0 0.0
  outer loop
    vertex 5.0412187576293945 1.7772938013076782 2.999999761581421
    vertex 5.015639305114746 1.800723671913147 2.999999761581421
    vertex 4.958868980407715 1.8404918909072876 2.999999761581421
  endloop
endfacet
facet normal 0.0 0.0 0.0
  outer loop
    vertex 4.958868980407715 1.8404918909072876 2.999999761581421
    vertex 5.015639305114746 1.800723671913147 2.999999761581421
    vertex 4.9881181716918945 1.8218342065811157 2.999999761581421
  endloop
endfacet
facet normal 0.0 0.0 0.0
  outer loop
    vertex 5.041808128356934 1.7767139673233032 2.999999761581421
    vertex 5.104659080505371 1.6948009729385376 2.999999761581421
    vertex 5.065089225769043 1.7512508630752563 2.999999761581421
  endloop
endfacet
facet normal 0.0 0.0 0.0
  outer loop
    vertex 5.065089225769043 1.7512508630752563 2.999999761581421
    vertex 5.104659080505371 1.6948009729385376 2.999999761581421
    vertex 5.086089134216309 1.7238842248916626 2.999999761581421
  endloop
endfacet
facet normal 0.0 0.0 0.0
  outer loop
    vertex 5.158509254455566 -1.9072872400283813 2.999999761581421
    vertex 5.145079612731934 -2.009326457977295 2.999999761581421
    vertex 5.145169258117676 -2.009345531463623 2.999999761581421
  endloop
endfacet
facet normal 0.0 0.0 0.0
  outer loop
    vertex 5.145169258117676 -2.009345531463623 2.999999761581421
    vertex 5.145079612731934 -2.009326457977295 2.999999761581421
    vertex 5.1284379959106445 -2.058948040008545 2.999999761581421
  endloop
endfacet
facet normal 0.0 0.0 0.0
  outer loop
    vertex 5.1284379959106445 -2.058948040008545 2.999999761581421
    vertex 5.145079612731934 -2.009326457977295 2.999999761581421
    vertex 5.105118751525879 -2.1057963371276855 2.999999761581421
  endloop
endfacet
facet normal 0.0 0.0 0.0
  outer loop
    vertex 5.1284379959106445 -2.058948040008545 2.999999761581421
    vertex 5.105118751525879 -2.1057963371276855 2.999999761581421
    vertex 5.105349540710449 -2.105926036834717 2.999999761581421
  endloop
endfacet
facet normal 0.0 0.0 0.0
  outer loop
    vertex 5.105349540710449 -2.105926036834717 2.999999761581421
    vertex 5.105118751525879 -2.1057963371276855 2.999999761581421
    vertex 5.076298713684082 -2.1494975090026855 2.999999761581421
  endloop
endfacet
facet normal 0.0 0.0 0.0
  outer loop
    vertex 5.076298713684082 -2.1494975090026855 2.999999761581421
    vertex 5.105118751525879 -2.1057963371276855 2.999999761581421
    vertex 5.041548728942871 -2.188636302947998 2.999999761581421
  endloop
endfacet
facet normal 0.0 0.0 0.0
  outer loop
    vertex 5.076298713684082 -2.1494975090026855 2.999999761581421
    vertex 5.041548728942871 -2.188636302947998 2.999999761581421
    vertex 5.0417890548706055 -2.1888766288757324 2.999999761581421
  endloop
endfacet
facet normal 0.0 0.0 0.0
  outer loop
    vertex 5.0417890548706055 -2.1888766288757324 2.999999761581421
    vertex 5.041548728942871 -2.188636302947998 2.999999761581421
    vertex 5.002408027648926 -2.223388195037842 2.999999761581421
  endloop
endfacet
facet normal 0.0 0.0 0.0
  outer loop
    vertex 5.002408027648926 -2.223388195037842 2.999999761581421
    vertex 5.041548728942871 -2.188636302947998 2.999999761581421
    vertex 4.958708763122559 -2.2522082328796387 2.999999761581421
  endloop
endfacet
facet normal 0.0 0.0 0.0
  outer loop
    vertex 5.002408027648926 -2.223388195037842 2.999999761581421
    vertex 4.958708763122559 -2.2522082328796387 2.999999761581421
    vertex 4.958847999572754 -2.252437114715576 2.999999761581421
  endloop
endfacet
facet normal 0.0 0.0 0.0
  outer loop
    vertex 4.958847999572754 -2.252437114715576 2.999999761581421
    vertex 4.958708763122559 -2.2522082328796387 2.999999761581421
    vertex 4.911858558654785 -2.2755274772644043 2.999999761581421
  endloop
endfacet
facet normal 0.0 0.0 0.0
  outer loop
    vertex 4.911858558654785 -2.2755274772644043 2.999999761581421
    vertex 4.958708763122559 -2.2522082328796387 2.999999761581421
    vertex 4.862238883972168 -2.2921671867370605 2.999999761581421
  endloop
endfacet
facet normal 0.0 0.0 0.0
  outer loop
    vertex 4.911858558654785 -2.2755274772644043 2.999999761581421
    vertex 4.862238883972168 -2.2921671867370605 2.999999761581421
    vertex 4.862257957458496 -2.2922472953796387 2.999999761581421
  endloop
endfacet
facet normal 0.0 0.0 0.0
  outer loop
    vertex 4.862257957458496 -2.2922472953796387 2.999999761581421
    vertex 4.862238883972168 -2.2921671867370605 2.999999761581421
    vertex 4.760228157043457 -2.3055949211120605 2.999999761581421
  endloop
endfacet
facet normal 0.0 0.0 0.0
  outer loop
    vertex -1.141291856765747 -2.3057971000671387 2.999999761581421
    vertex -4.141180992126465 -2.3057475090026855 2.999999761581421
    vertex -1.141291856765747 -2.3057971000671387 2.0
  endloop
endfacet
facet normal 0.0 0.0 0.0
  outer loop
    vertex -1.141291856765747 -2.3057971000671387 2.0
    vertex -4.141180992126465 -2.3057475090026855 2.999999761581421
    vertex -4.141180992126465 -2.3057475090026855 2.0
  endloop
endfacet
facet normal 0.0 0.0 0.0
  outer loop
    vertex -1.141291856765747 -2.3057971000671387 2.999999761581421
    vertex -1.141291856765747 -2.3057971000671387 2.0
    vertex -1.141291856765747 -2.9057955741882324 2.999999761581421
  endloop
endfacet
facet normal 0.0 0.0 0.0
  outer loop
    vertex -1.141291856765747 -2.9057955741882324 2.999999761581421
    vertex -1.141291856765747 -2.3057971000671387 2.0
    vertex -1.141303300857544 -2.9059672355651855 2.0
  endloop
endfacet
facet normal 0.0 0.0 0.0
  outer loop
    vertex -1.141291856765747 -2.9057955741882324 2.999999761581421
    vertex -1.141303300857544 -2.9059672355651855 2.0
    vertex -1.141303300857544 -2.9059672355651855 2.999999761581421
  endloop
endfacet
facet normal 0.0 0.0 0.0
  outer loop
    vertex -0.7413398623466492 -3.305884838104248 2.999999761581421
    vertex -0.7935401797294617 -3.302478313446045 2.999999761581421
    vertex -0.7413398623466492 -3.305884838104248 2.0
  endloop
endfacet
facet normal 0.0 0.0 0.0
  outer loop
    vertex -0.7413398623466492 -3.305884838104248 2.0
    vertex -0.7935401797294617 -3.302478313446045 2.999999761581421
    vertex -0.8448516726493835 -3.2922778129577637 2.0
  endloop
endfacet
facet normal 0.0 0.0 0.0
  outer loop
    vertex -0.8448516726493835 -3.2922778129577637 2.0
    vertex -0.7935401797294617 -3.302478313446045 2.999999761581421
    vertex -0.8448516726493835 -3.2922778129577637 2.999999761581421
  endloop
endfacet
facet normal 0.0 0.0 0.0
  outer loop
    vertex -0.8448516726493835 -3.2922778129577637 2.0
    vertex -0.8448516726493835 -3.2922778129577637 2.999999761581421
    vertex -0.8944122195243835 -3.2754549980163574 2.999999761581421
  endloop
endfacet
facet normal 0.0 0.0 0.0
  outer loop
    vertex -0.8448516726493835 -3.2922778129577637 2.0
    vertex -0.8944122195243835 -3.2754549980163574 2.999999761581421
    vertex -0.9413215517997742 -3.252326488494873 2.0
  endloop
endfacet
facet normal 0.0 0.0 0.0
  outer loop
    vertex -0.9413215517997742 -3.252326488494873 2.0
    vertex -0.8944122195243835 -3.2754549980163574 2.999999761581421
    vertex -0.9413520693778992 -3.252307415008545 2.999999761581421
  endloop
endfacet
facet normal 0.0 0.0 0.0
  outer loop
    vertex -0.9413215517997742 -3.252326488494873 2.0
    vertex -0.9413520693778992 -3.252307415008545 2.999999761581421
    vertex -0.9848625063896179 -3.2232279777526855 2.999999761581421
  endloop
endfacet
facet normal 0.0 0.0 0.0
  outer loop
    vertex -0.9413215517997742 -3.252326488494873 2.0
    vertex -0.9848625063896179 -3.2232279777526855 2.999999761581421
    vertex -1.0241501331329346 -3.1887660026550293 2.0
  endloop
endfacet
facet normal 0.0 0.0 0.0
  outer loop
    vertex -1.0241501331329346 -3.1887660026550293 2.0
    vertex -0.9848625063896179 -3.2232279777526855 2.999999761581421
    vertex -1.0242111682891846 -3.188716411590576 2.999999761581421
  endloop
endfacet
facet normal 0.0 0.0 0.0
  outer loop
    vertex -1.0241501331329346 -3.1887660026550293 2.0
    vertex -1.0242111682891846 -3.188716411590576 2.999999761581421
    vertex -1.058711290359497 -3.1493563652038574 2.999999761581421
  endloop
endfacet
facet normal 0.0 0.0 0.0
  outer loop
    vertex -1.0241501331329346 -3.1887660026550293 2.0
    vertex -1.058711290359497 -3.1493563652038574 2.999999761581421
    vertex -1.0877106189727783 -3.1059374809265137 2.0
  endloop
endfacet
facet normal 0.0 0.0 0.0
  outer loop
    vertex -1.0877106189727783 -3.1059374809265137 2.0
    vertex -1.058711290359497 -3.1493563652038574 2.999999761581421
    vertex -1.0877716541290283 -3.1058382987976074 2.999999761581421
  endloop
endfacet
facet normal 0.0 0.0 0.0
  outer loop
    vertex -1.0877106189727783 -3.1059374809265137 2.0
    vertex -1.0877716541290283 -3.1058382987976074 2.999999761581421
    vertex -1.1109001636505127 -3.058894634246826 2.999999761581421
  endloop
endfacet
facet normal 0.0 0.0 0.0
  outer loop
    vertex -1.0877106189727783 -3.1059374809265137 2.0
    vertex -1.1109001636505127 -3.058894634246826 2.999999761581421
    vertex -1.1276733875274658 -3.0094752311706543 2.0
  endloop
endfacet
facet normal 0.0 0.0 0.0
  outer loop
    vertex -1.1276733875274658 -3.0094752311706543 2.0
    vertex -1.1109001636505127 -3.058894634246826 2.999999761581421
    vertex -1.127711534500122 -3.009337902069092 2.999999761581421
  endloop
endfacet
facet normal 0.0 0.0 0.0
  outer loop
    vertex -1.1276733875274658 -3.0094752311706543 2.0
    vertex -1.127711534500122 -3.009337902069092 2.999999761581421
    vertex -1.141303300857544 -2.9059672355651855 2.0
  endloop
endfacet
facet normal 0.0 0.0 0.0
  outer loop
    vertex -1.141303300857544 -2.9059672355651855 2.0
    vertex -1.127711534500122 -3.009337902069092 2.999999761581421
    vertex -1.141303300857544 -2.9059672355651855 2.999999761581421
  endloop
endfacet
facet normal 0.0 0.0 0.0
  outer loop
    vertex 1.3500068187713623 -3.305884838104248 2.999999761581421
    vertex -0.7413398623466492 -3.305884838104248 2.999999761581421
    vertex 1.3500068187713623 -3.305884838104248 2.0
  endloop
endfacet
facet normal 0.0 0.0 0.0
  outer loop
    vertex 1.3500068187713623 -3.305884838104248 2.0
    vertex -0.7413398623466492 -3.305884838104248 2.999999761581421
    vertex -0.7413398623466492 -3.305884838104248 2.0
  endloop
endfacet
facet normal 0.0 0.0 0.0
  outer loop
    vertex 1.7595298290252686 -2.9047274589538574 2.999999761581421
    vertex 1.7576186656951904 -2.936694622039795 2.999999761581421
    vertex 1.7595298290252686 -2.9047274589538574 2.0
  endloop
endfacet
facet normal 0.0 0.0 0.0
  outer loop
    vertex 1.7595298290252686 -2.9047274589538574 2.0
    vertex 1.7576186656951904 -2.936694622039795 2.999999761581421
    vertex 1.7532203197479248 -2.9684176445007324 2.999999761581421
  endloop
endfacet
facet normal 0.0 0.0 0.0
  outer loop
    vertex 1.7595298290252686 -2.9047274589538574 2.0
    vertex 1.7532203197479248 -2.9684176445007324 2.999999761581421
    vertex 1.743778944015503 -3.0090746879577637 2.0
  endloop
endfacet
facet normal 0.0 0.0 0.0
  outer loop
    vertex 1.743778944015503 -3.0090746879577637 2.0
    vertex 1.7532203197479248 -2.9684176445007324 2.999999761581421
    vertex 1.7463500499725342 -2.9996981620788574 2.999999761581421
  endloop
endfacet
facet normal 0.0 0.0 0.0
  outer loop
    vertex 1.743778944015503 -3.0090746879577637 2.0
    vertex 1.7463500499725342 -2.9996981620788574 2.999999761581421
    vertex 1.743809461593628 -3.008967876434326 2.999999761581421
  endloop
endfacet
facet normal 0.0 0.0 0.0
  outer loop
    vertex 1.743809461593628 -3.008967876434326 2.999999761581421
    vertex 1.7399070262908936 -3.021827220916748 2.999999761581421
    vertex 1.743778944015503 -3.0090746879577637 2.0
  endloop
endfacet
facet normal 0.0 0.0 0.0
  outer loop
    vertex 1.743778944015503 -3.0090746879577637 2.0
    vertex 1.7399070262908936 -3.021827220916748 2.999999761581421
    vertex 1.732537031173706 -3.0427355766296387 2.999999761581421
  endloop
endfacet
facet normal 0.0 0.0 0.0
  outer loop
    vertex 1.743778944015503 -3.0090746879577637 2.0
    vertex 1.732537031173706 -3.0427355766296387 2.999999761581421
    vertex 1.7240569591522217 -3.0632166862487793 2.999999761581421
  endloop
endfacet
facet normal 0.0 0.0 0.0
  outer loop
    vertex 1.743778944015503 -3.0090746879577637 2.0
    vertex 1.7240569591522217 -3.0632166862487793 2.999999761581421
    vertex 1.7018897533416748 -3.105945110321045 2.0
  endloop
endfacet
facet normal 0.0 0.0 0.0
  outer loop
    vertex 1.7018897533416748 -3.105945110321045 2.0
    vertex 1.7240569591522217 -3.0632166862487793 2.999999761581421
    vertex 1.7144782543182373 -3.0832056999206543 2.999999761581421
  endloop
endfacet
facet normal 0.0 0.0 0.0
  outer loop
    vertex 1.7018897533416748 -3.105945110321045 2.0
    vertex 1.7144782543182373 -3.0832056999206543 2.999999761581421
    vertex 1.7027900218963623 -3.104426860809326 2.999999761581421
  endloop
endfacet
facet normal 0.0 0.0 0.0
  outer loop
    vertex 1.7027900218963623 -3.104426860809326 2.999999761581421
    vertex 1.684788465499878 -3.1322855949401855 2.999999761581421
    vertex 1.7018897533416748 -3.105945110321045 2.0
  endloop
endfacet
facet normal 0.0 0.0 0.0
  outer loop
    vertex 1.7018897533416748 -3.105945110321045 2.0
    vertex 1.684788465499878 -3.1322855949401855 2.999999761581421
    vertex 1.6782996654510498 -3.141234874725342 2.999999761581421
  endloop
endfacet
facet normal 0.0 0.0 0.0
  outer loop
    vertex 1.7018897533416748 -3.105945110321045 2.0
    vertex 1.6782996654510498 -3.141234874725342 2.999999761581421
    vertex 1.6715667247772217 -3.1500048637390137 2.999999761581421
  endloop
endfacet
facet normal 0.0 0.0 0.0
  outer loop
    vertex 1.7018897533416748 -3.105945110321045 2.0
    vertex 1.6715667247772217 -3.1500048637390137 2.999999761581421
    vertex 1.6366393566131592 -3.1888880729675293 2.0
  endloop
endfacet
facet normal 0.0 0.0 0.0
  outer loop
    vertex 1.6366393566131592 -3.1888880729675293 2.0
    vertex 1.6715667247772217 -3.1500048637390137 2.999999761581421
    vertex 1.6645972728729248 -3.158595561981201 2.999999761581421
  endloop
endfacet
facet normal 0.0 0.0 0.0
  outer loop
    vertex 1.6366393566131592 -3.1888880729675293 2.0
    vertex 1.6645972728729248 -3.158595561981201 2.999999761581421
    vertex 1.6392371654510498 -3.186316967010498 2.999999761581421
  endloop
endfacet
facet normal 0.0 0.0 0.0
  outer loop
    vertex 1.6392371654510498 -3.186316967010498 2.999999761581421
    vertex 1.6090400218963623 -3.213588237762451 2.999999761581421
    vertex 1.6366393566131592 -3.1888880729675293 2.0
  endloop
endfacet
facet normal 0.0 0.0 0.0
  outer loop
    vertex 1.6366393566131592 -3.1888880729675293 2.0
    vertex 1.6090400218963623 -3.213588237762451 2.999999761581421
    vertex 1.6026198863983154 -3.218715190887451 2.999999761581421
  endloop
endfacet
facet normal 0.0 0.0 0.0
  outer loop
    vertex 1.6366393566131592 -3.1888880729675293 2.0
    vertex 1.6026198863983154 -3.218715190887451 2.999999761581421
    vertex 1.5960967540740967 -3.2237162590026855 2.999999761581421
  endloop
endfacet
facet normal 0.0 0.0 0.0
  outer loop
    vertex 1.6366393566131592 -3.1888880729675293 2.0
    vertex 1.5960967540740967 -3.2237162590026855 2.999999761581421
    vertex 1.5523688793182373 -3.252418041229248 2.0
  endloop
endfacet
facet normal 0.0 0.0 0.0
  outer loop
    vertex 1.5523688793182373 -3.252418041229248 2.0
    vertex 1.5960967540740967 -3.2237162590026855 2.999999761581421
    vertex 1.5894782543182373 -3.22859525680542 2.999999761581421
  endloop
endfacet
facet normal 0.0 0.0 0.0
  outer loop
    vertex 1.5523688793182373 -3.252418041229248 2.0
    vertex 1.5894782543182373 -3.22859525680542 2.999999761581421
    vertex 1.5571982860565186 -3.2496256828308105 2.999999761581421
  endloop
endfacet
facet normal 0.0 0.0 0.0
  outer loop
    vertex 1.5571982860565186 -3.2496256828308105 2.999999761581421
    vertex 1.531609296798706 -3.263427257537842 2.999999761581421
    vertex 1.5523688793182373 -3.252418041229248 2.0
  endloop
endfacet
facet normal 0.0 0.0 0.0
  outer loop
    vertex 1.5523688793182373 -3.252418041229248 2.0
    vertex 1.531609296798706 -3.263427257537842 2.999999761581421
    vertex 1.515129804611206 -3.27113676071167 2.999999761581421
  endloop
endfacet
facet normal 0.0 0.0 0.0
  outer loop
    vertex 1.5523688793182373 -3.252418041229248 2.0
    vertex 1.515129804611206 -3.27113676071167 2.999999761581421
    vertex 1.4983184337615967 -3.27809476852417 2.999999761581421
  endloop
endfacet
facet normal 0.0 0.0 0.0
  outer loop
    vertex 1.5523688793182373 -3.252418041229248 2.0
    vertex 1.4983184337615967 -3.27809476852417 2.999999761581421
    vertex 1.4546592235565186 -3.292296886444092 2.0
  endloop
endfacet
facet normal 0.0 0.0 0.0
  outer loop
    vertex 1.4546592235565186 -3.292296886444092 2.0
    vertex 1.4983184337615967 -3.27809476852417 2.999999761581421
    vertex 1.4812095165252686 -3.2843050956726074 2.999999761581421
  endloop
endfacet
facet normal 0.0 0.0 0.0
  outer loop
    vertex 1.4546592235565186 -3.292296886444092 2.0
    vertex 1.4812095165252686 -3.2843050956726074 2.999999761581421
    vertex 1.4617278575897217 -3.2903552055358887 2.999999761581421
  endloop
endfacet
facet normal 0.0 0.0 0.0
  outer loop
    vertex 1.4617278575897217 -3.2903552055358887 2.999999761581421
    vertex 1.4475982189178467 -3.294097423553467 2.999999761581421
    vertex 1.4546592235565186 -3.292296886444092 2.0
  endloop
endfacet
facet normal 0.0 0.0 0.0
  outer loop
    vertex 1.4546592235565186 -3.292296886444092 2.0
    vertex 1.4475982189178467 -3.294097423553467 2.999999761581421
    vertex 1.4182898998260498 -3.3001551628112793 2.999999761581421
  endloop
endfacet
facet normal 0.0 0.0 0.0
  outer loop
    vertex 1.4546592235565186 -3.292296886444092 2.0
    vertex 1.4182898998260498 -3.3001551628112793 2.999999761581421
    vertex 1.3886001110076904 -3.304065227508545 2.999999761581421
  endloop
endfacet
facet normal 0.0 0.0 0.0
  outer loop
    vertex 1.4546592235565186 -3.292296886444092 2.0
    vertex 1.3886001110076904 -3.304065227508545 2.999999761581421
    vertex 1.3500068187713623 -3.305884838104248 2.0
  endloop
endfacet
facet normal 0.0 0.0 0.0
  outer loop
    vertex 1.3500068187713623 -3.305884838104248 2.0
    vertex 1.3886001110076904 -3.304065227508545 2.999999761581421
    vertex 1.358708143234253 -3.3057971000671387 2.999999761581421
  endloop
endfacet
facet normal 0.0 0.0 0.0
  outer loop
    vertex 1.3500068187713623 -3.305884838104248 2.0
    vertex 1.358708143234253 -3.3057971000671387 2.999999761581421
    vertex 1.355808973312378 -3.305846691131592 2.999999761581421
  endloop
endfacet
facet normal 0.0 0.0 0.0
  outer loop
    vertex 1.355808973312378 -3.305846691131592 2.999999761581421
    vertex 1.352909803390503 -3.305877208709717 2.999999761581421
    vertex 1.3500068187713623 -3.305884838104248 2.0
  endloop
endfacet
facet normal 0.0 0.0 0.0
  outer loop
    vertex 1.3500068187713623 -3.305884838104248 2.0
    vertex 1.352909803390503 -3.305877208709717 2.999999761581421
    vertex 1.3500068187713623 -3.305884838104248 2.999999761581421
  endloop
endfacet
facet normal 0.0 0.0 0.0
  outer loop
    vertex 1.7595298290252686 -2.9047274589538574 2.999999761581421
    vertex 1.7595298290252686 -2.9047274589538574 2.0
    vertex 1.7595298290252686 -2.3057971000671387 2.999999761581421
  endloop
endfacet
facet normal 0.0 0.0 0.0
  outer loop
    vertex 1.7595298290252686 -2.3057971000671387 2.999999761581421
    vertex 1.7595298290252686 -2.9047274589538574 2.0
    vertex 1.7595298290252686 -2.3055949211120605 2.0
  endloop
endfacet
facet normal 0.0 0.0 0.0
  outer loop
    vertex 1.7595298290252686 -2.3057971000671387 2.999999761581421
    vertex 1.7595298290252686 -2.3055949211120605 2.0
    vertex 1.7595298290252686 -2.3055949211120605 2.999999761581421
  endloop
endfacet
facet normal 0.0 0.0 0.0
  outer loop
    vertex 4.759987831115723 -2.3055949211120605 2.999999761581421
    vertex 1.7595298290252686 -2.3055949211120605 2.999999761581421
    vertex 4.759987831115723 -2.3055949211120605 2.0
  endloop
endfacet
facet normal 0.0 0.0 0.0
  outer loop
    vertex 4.759987831115723 -2.3055949211120605 2.0
    vertex 1.7595298290252686 -2.3055949211120605 2.999999761581421
    vertex 1.7595298290252686 -2.3055949211120605 2.0
  endloop
endfacet
facet normal 0.0 0.0 0.0
  outer loop
    vertex 5.158509254455566 -1.905906319618225 2.999999761581421
    vertex 5.158509254455566 -1.9063678979873657 2.999999761581421
    vertex 5.158509254455566 -1.905906319618225 2.0
  endloop
endfacet
facet normal 0.0 0.0 0.0
  outer loop
    vertex 5.158509254455566 -1.905906319618225 2.0
    vertex 5.158509254455566 -1.9063678979873657 2.999999761581421
    vertex 5.158509254455566 -1.9068256616592407 2.999999761581421
  endloop
endfacet
facet normal 0.0 0.0 0.0
  outer loop
    vertex 5.158509254455566 -1.905906319618225 2.0
    vertex 5.158509254455566 -1.9068256616592407 2.999999761581421
    vertex 5.158509254455566 -1.9072872400283813 2.999999761581421
  endloop
endfacet
facet normal 0.0 0.0 0.0
  outer loop
    vertex 5.158509254455566 -1.905906319618225 2.0
    vertex 5.158509254455566 -1.9072872400283813 2.999999761581421
    vertex 5.148737907409668 -1.9947773218154907 2.0
  endloop
endfacet
facet normal 0.0 0.0 0.0
  outer loop
    vertex 5.148737907409668 -1.9947773218154907 2.0
    vertex 5.158509254455566 -1.9072872400283813 2.999999761581421
    vertex 5.145169258117676 -2.009345531463623 2.999999761581421
  endloop
endfacet
facet normal 0.0 0.0 0.0
  outer loop
    vertex 5.148737907409668 -1.9947773218154907 2.0
    vertex 5.145169258117676 -2.009345531463623 2.999999761581421
    vertex 5.1284379959106445 -2.058948040008545 2.999999761581421
  endloop
endfacet
facet normal 0.0 0.0 0.0
  outer loop
    vertex 5.148737907409668 -1.9947773218154907 2.0
    vertex 5.1284379959106445 -2.058948040008545 2.999999761581421
    vertex 5.11940860748291 -2.0792346000671387 2.0
  endloop
endfacet
facet normal 0.0 0.0 0.0
  outer loop
    vertex 5.11940860748291 -2.0792346000671387 2.0
    vertex 5.1284379959106445 -2.058948040008545 2.999999761581421
    vertex 5.105349540710449 -2.105926036834717 2.999999761581421
  endloop
endfacet
facet normal 0.0 0.0 0.0
  outer loop
    vertex 5.11940860748291 -2.0792346000671387 2.0
    vertex 5.105349540710449 -2.105926036834717 2.999999761581421
    vertex 5.071978569030762 -2.155025005340576 2.0
  endloop
endfacet
facet normal 0.0 0.0 0.0
  outer loop
    vertex 5.071978569030762 -2.155025005340576 2.0
    vertex 5.105349540710449 -2.105926036834717 2.999999761581421
    vertex 5.076298713684082 -2.1494975090026855 2.999999761581421
  endloop
endfacet
facet normal 0.0 0.0 0.0
  outer loop
    vertex 5.071978569030762 -2.155025005340576 2.0
    vertex 5.076298713684082 -2.1494975090026855 2.999999761581421
    vertex 5.0417890548706055 -2.1888766288757324 2.999999761581421
  endloop
endfacet
facet normal 0.0 0.0 0.0
  outer loop
    vertex 5.071978569030762 -2.155025005340576 2.0
    vertex 5.0417890548706055 -2.1888766288757324 2.999999761581421
    vertex 5.008858680725098 -2.2183375358581543 2.0
  endloop
endfacet
facet normal 0.0 0.0 0.0
  outer loop
    vertex 5.008858680725098 -2.2183375358581543 2.0
    vertex 5.0417890548706055 -2.1888766288757324 2.999999761581421
    vertex 5.002408027648926 -2.223388195037842 2.999999761581421
  endloop
endfacet
facet normal 0.0 0.0 0.0
  outer loop
    vertex 5.008858680725098 -2.2183375358581543 2.0
    vertex 5.002408027648926 -2.223388195037842 2.999999761581421
    vertex 4.958847999572754 -2.252437114715576 2.999999761581421
  endloop
endfacet
facet normal 0.0 0.0 0.0
  outer loop
    vertex 5.008858680725098 -2.2183375358581543 2.0
    vertex 4.958847999572754 -2.252437114715576 2.999999761581421
    vertex 4.933197975158691 -2.265986919403076 2.0
  endloop
endfacet
facet normal 0.0 0.0 0.0
  outer loop
    vertex 4.933197975158691 -2.265986919403076 2.0
    vertex 4.958847999572754 -2.252437114715576 2.999999761581421
    vertex 4.911858558654785 -2.2755274772644043 2.999999761581421
  endloop
endfacet
facet normal 0.0 0.0 0.0
  outer loop
    vertex 4.933197975158691 -2.265986919403076 2.0
    vertex 4.911858558654785 -2.2755274772644043 2.999999761581421
    vertex 4.848828315734863 -2.2955660820007324 2.0
  endloop
endfacet
facet normal 0.0 0.0 0.0
  outer loop
    vertex 4.848828315734863 -2.2955660820007324 2.0
    vertex 4.911858558654785 -2.2755274772644043 2.999999761581421
    vertex 4.862257957458496 -2.2922472953796387 2.999999761581421
  endloop
endfacet
facet normal 0.0 0.0 0.0
  outer loop
    vertex 4.848828315734863 -2.2955660820007324 2.0
    vertex 4.862257957458496 -2.2922472953796387 2.999999761581421
    vertex 4.760228157043457 -2.3055949211120605 2.999999761581421
  endloop
endfacet
facet normal 0.0 0.0 0.0
  outer loop
    vertex 4.759987831115723 -2.3055949211120605 2.999999761581421
    vertex 4.759987831115723 -2.3055949211120605 2.0
    vertex 4.760228157043457 -2.3055949211120605 2.999999761581421
  endloop
endfacet
facet normal 0.0 0.0 0.0
  outer loop
    vertex 4.760228157043457 -2.3055949211120605 2.999999761581421
    vertex 4.759987831115723 -2.3055949211120605 2.0
    vertex 4.848828315734863 -2.2955660820007324 2.0
  endloop
endfacet
facet normal 0.0 0.0 0.0
  outer loop
    vertex 5.158509254455566 1.4948232173919678 2.999999761581421
    vertex 5.158509254455566 -1.905906319618225 2.999999761581421
    vertex 5.158509254455566 1.4948232173919678 2.0
  endloop
endfacet
facet normal 0.0 0.0 0.0
  outer loop
    vertex 5.158509254455566 1.4948232173919678 2.0
    vertex 5.158509254455566 -1.905906319618225 2.999999761581421
    vertex 5.158509254455566 -1.905906319618225 2.0
  endloop
endfacet
facet normal 0.0 0.0 0.0
  outer loop
    vertex 4.7587080001831055 1.8942028284072876 2.999999761581421
    vertex 4.7935686111450195 1.8926845788955688 2.999999761581421
    vertex 4.7587080001831055 1.8942028284072876 2.0
  endloop
endfacet
facet normal 0.0 0.0 0.0
  outer loop
    vertex 4.7587080001831055 1.8942028284072876 2.0
    vertex 4.7935686111450195 1.8926845788955688 2.999999761581421
    vertex 4.862118721008301 1.8806034326553345 2.0
  endloop
endfacet
facet normal 0.0 0.0 0.0
  outer loop
    vertex 4.862118721008301 1.8806034326553345 2.0
    vertex 4.7935686111450195 1.8926845788955688 2.999999761581421
    vertex 4.828167915344238 1.8881222009658813 2.999999761581421
  endloop
endfacet
facet normal 0.0 0.0 0.0
  outer loop
    vertex 4.862118721008301 1.8806034326553345 2.0
    vertex 4.828167915344238 1.8881222009658813 2.999999761581421
    vertex 4.862238883972168 1.8805729150772095 2.999999761581421
  endloop
endfacet
facet normal 0.0 0.0 0.0
  outer loop
    vertex 4.862238883972168 1.8805729150772095 2.999999761581421
    vertex 4.895447731018066 1.8700939416885376 2.999999761581421
    vertex 4.862118721008301 1.8806034326553345 2.0
  endloop
endfacet
facet normal 0.0 0.0 0.0
  outer loop
    vertex 4.862118721008301 1.8806034326553345 2.0
    vertex 4.895447731018066 1.8700939416885376 2.999999761581421
    vertex 4.958489418029785 1.8407131433486938 2.0
  endloop
endfacet
facet normal 0.0 0.0 0.0
  outer loop
    vertex 4.958489418029785 1.8407131433486938 2.0
    vertex 4.895447731018066 1.8700939416885376 2.999999761581421
    vertex 4.927628517150879 1.8567615747451782 2.999999761581421
  endloop
endfacet
facet normal 0.0 0.0 0.0
  outer loop
    vertex 4.958489418029785 1.8407131433486938 2.0
    vertex 4.927628517150879 1.8567615747451782 2.999999761581421
    vertex 4.958518028259277 1.8406940698623657 2.999999761581421
  endloop
endfacet
facet normal 0.0 0.0 0.0
  outer loop
    vertex 4.958518028259277 1.8406940698623657 2.999999761581421
    vertex 4.9586381912231445 1.8406215906143188 2.999999761581421
    vertex 4.958489418029785 1.8407131433486938 2.0
  endloop
endfacet
facet normal 0.0 0.0 0.0
  outer loop
    vertex 4.958489418029785 1.8407131433486938 2.0
    vertex 4.9586381912231445 1.8406215906143188 2.999999761581421
    vertex 4.958758354187012 1.8405529260635376 2.999999761581421
  endloop
endfacet
facet normal 0.0 0.0 0.0
  outer loop
    vertex 4.958489418029785 1.8407131433486938 2.0
    vertex 4.958758354187012 1.8405529260635376 2.999999761581421
    vertex 4.958868980407715 1.8404918909072876 2.999999761581421
  endloop
endfacet
facet normal 0.0 0.0 0.0
  outer loop
    vertex 4.958868980407715 1.8404918909072876 2.999999761581421
    vertex 4.9881181716918945 1.8218342065811157 2.999999761581421
    vertex 4.958489418029785 1.8407131433486938 2.0
  endloop
endfacet
facet normal 0.0 0.0 0.0
  outer loop
    vertex 4.958489418029785 1.8407131433486938 2.0
    vertex 4.9881181716918945 1.8218342065811157 2.999999761581421
    vertex 5.041268348693848 1.7772518396377563 2.0
  endloop
endfacet
facet normal 0.0 0.0 0.0
  outer loop
    vertex 5.041268348693848 1.7772518396377563 2.0
    vertex 4.9881181716918945 1.8218342065811157 2.999999761581421
    vertex 5.015639305114746 1.800723671913147 2.999999761581421
  endloop
endfacet
facet normal 0.0 0.0 0.0
  outer loop
    vertex 5.041268348693848 1.7772518396377563 2.0
    vertex 5.015639305114746 1.800723671913147 2.999999761581421
    vertex 5.0412187576293945 1.7772938013076782 2.999999761581421
  endloop
endfacet
facet normal 0.0 0.0 0.0
  outer loop
    vertex 5.0412187576293945 1.7772938013076782 2.999999761581421
    vertex 5.04141902923584 1.777103066444397 2.999999761581421
    vertex 5.041268348693848 1.7772518396377563 2.0
  endloop
endfacet
facet normal 0.0 0.0 0.0
  outer loop
    vertex 5.041268348693848 1.7772518396377563 2.0
    vertex 5.04141902923584 1.777103066444397 2.999999761581421
    vertex 5.041607856750488 1.7769008874893188 2.999999761581421
  endloop
endfacet
facet normal 0.0 0.0 0.0
  outer loop
    vertex 5.041268348693848 1.7772518396377563 2.0
    vertex 5.041607856750488 1.7769008874893188 2.999999761581421
    vertex 5.041808128356934 1.7767139673233032 2.999999761581421
  endloop
endfacet
facet normal 0.0 0.0 0.0
  outer loop
    vertex 5.041808128356934 1.7767139673233032 2.999999761581421
    vertex 5.065089225769043 1.7512508630752563 2.999999761581421
    vertex 5.041268348693848 1.7772518396377563 2.0
  endloop
endfacet
facet normal 0.0 0.0 0.0
  outer loop
    vertex 5.041268348693848 1.7772518396377563 2.0
    vertex 5.065089225769043 1.7512508630752563 2.999999761581421
    vertex 5.1048078536987305 1.694541573524475 2.0
  endloop
endfacet
facet normal 0.0 0.0 0.0
  outer loop
    vertex 5.1048078536987305 1.694541573524475 2.0
    vertex 5.065089225769043 1.7512508630752563 2.999999761581421
    vertex 5.086089134216309 1.7238842248916626 2.999999761581421
  endloop
endfacet
facet normal 0.0 0.0 0.0
  outer loop
    vertex 5.1048078536987305 1.694541573524475 2.0
    vertex 5.086089134216309 1.7238842248916626 2.999999761581421
    vertex 5.104659080505371 1.6948009729385376 2.999999761581421
  endloop
endfacet
facet normal 0.0 0.0 0.0
  outer loop
    vertex 5.104659080505371 1.6948009729385376 2.999999761581421
    vertex 5.1049089431762695 1.6943737268447876 2.999999761581421
    vertex 5.1048078536987305 1.694541573524475 2.0
  endloop
endfacet
facet normal 0.0 0.0 0.0
  outer loop
    vertex 5.1048078536987305 1.694541573524475 2.0
    vertex 5.1049089431762695 1.6943737268447876 2.999999761581421
    vertex 5.105158805847168 1.693931221961975 2.999999761581421
  endloop
endfacet
facet normal 0.0 0.0 0.0
  outer loop
    vertex 5.1048078536987305 1.694541573524475 2.0
    vertex 5.105158805847168 1.693931221961975 2.999999761581421
    vertex 5.105408668518066 1.6934925317764282 2.999999761581421
  endloop
endfacet
facet normal 0.0 0.0 0.0
  outer loop
    vertex 5.105408668518066 1.6934925317764282 2.999999761581421
    vertex 5.12117862701416 1.6630818843841553 2.999999761581421
    vertex 5.1048078536987305 1.694541573524475 2.0
  endloop
endfacet
facet normal 0.0 0.0 0.0
  outer loop
    vertex 5.1048078536987305 1.694541573524475 2.0
    vertex 5.12117862701416 1.6630818843841553 2.999999761581421
    vertex 5.14479923248291 1.5982129573822021 2.0
  endloop
endfacet
facet normal 0.0 0.0 0.0
  outer loop
    vertex 5.14479923248291 1.5982129573822021 2.0
    vertex 5.12117862701416 1.6630818843841553 2.999999761581421
    vertex 5.1342878341674805 1.6314313411712646 2.999999761581421
  endloop
endfacet
facet normal 0.0 0.0 0.0
  outer loop
    vertex 5.14479923248291 1.5982129573822021 2.0
    vertex 5.1342878341674805 1.6314313411712646 2.999999761581421
    vertex 5.144648551940918 1.5987813472747803 2.999999761581421
  endloop
endfacet
facet normal 0.0 0.0 0.0
  outer loop
    vertex 5.144648551940918 1.5987813472747803 2.999999761581421
    vertex 5.144839286804199 1.598052740097046 2.999999761581421
    vertex 5.14479923248291 1.5982129573822021 2.0
  endloop
endfacet
facet normal 0.0 0.0 0.0
  outer loop
    vertex 5.14479923248291 1.5982129573822021 2.0
    vertex 5.144839286804199 1.598052740097046 2.999999761581421
    vertex 5.1450395584106445 1.5973241329193115 2.999999761581421
  endloop
endfacet
facet normal 0.0 0.0 0.0
  outer loop
    vertex 5.14479923248291 1.5982129573822021 2.0
    vertex 5.1450395584106445 1.5973241329193115 2.999999761581421
    vertex 5.145228385925293 1.5966031551361084 2.999999761581421
  endloop
endfacet
facet normal 0.0 0.0 0.0
  outer loop
    vertex 5.145228385925293 1.5966031551361084 2.999999761581421
    vertex 5.152518272399902 1.5633924007415771 2.999999761581421
    vertex 5.14479923248291 1.5982129573822021 2.0
  endloop
endfacet
facet normal 0.0 0.0 0.0
  outer loop
    vertex 5.14479923248291 1.5982129573822021 2.0
    vertex 5.152518272399902 1.5633924007415771 2.999999761581421
    vertex 5.158509254455566 1.4948232173919678 2.0
  endloop
endfacet
facet normal 0.0 0.0 0.0
  outer loop
    vertex 5.158509254455566 1.4948232173919678 2.0
    vertex 5.152518272399902 1.5633924007415771 2.999999761581421
    vertex 5.156949043273926 1.529681921005249 2.999999761581421
  endloop
endfacet
facet normal 0.0 0.0 0.0
  outer loop
    vertex 5.158509254455566 1.4948232173919678 2.0
    vertex 5.156949043273926 1.529681921005249 2.999999761581421
    vertex 5.158509254455566 1.4957234859466553 2.999999761581421
  endloop
endfacet
facet normal 0.0 0.0 0.0
  outer loop
    vertex 5.158509254455566 1.4957234859466553 2.999999761581421
    vertex 5.158509254455566 1.495422124862671 2.999999761581421
    vertex 5.158509254455566 1.4948232173919678 2.0
  endloop
endfacet
facet normal 0.0 0.0 0.0
  outer loop
    vertex 5.158509254455566 1.4948232173919678 2.0
    vertex 5.158509254455566 1.495422124862671 2.999999761581421
    vertex 5.158509254455566 1.4951245784759521 2.999999761581421
  endloop
endfacet
facet normal 0.0 0.0 0.0
  outer loop
    vertex 5.158509254455566 1.4948232173919678 2.0
    vertex 5.158509254455566 1.4951245784759521 2.999999761581421
    vertex 5.158509254455566 1.4948232173919678 2.999999761581421
  endloop
endfacet
facet normal 0.0 0.0 0.0
  outer loop
    vertex -4.540011405944824 1.4950025081634521 2.999999761581421
    vertex -4.539999961853027 1.4982717037200928 2.999999761581421
    vertex -4.540011405944824 1.4950025081634521 2.0
  endloop
endfacet
facet normal 0.0 0.0 0.0
  outer loop
    vertex -4.540011405944824 1.4950025081634521 2.0
    vertex -4.539999961853027 1.4982717037200928 2.999999761581421
    vertex -4.539961814880371 1.5015523433685303 2.999999761581421
  endloop
endfacet
facet normal 0.0 0.0 0.0
  outer loop
    vertex -4.540011405944824 1.4950025081634521 2.0
    vertex -4.539961814880371 1.5015523433685303 2.999999761581421
    vertex -4.53989315032959 1.5048329830169678 2.999999761581421
  endloop
endfacet
facet normal 0.0 0.0 0.0
  outer loop
    vertex -4.53989315032959 1.5048329830169678 2.999999761581421
    vertex -4.538191795349121 1.5330541133880615 2.999999761581421
    vertex -4.540011405944824 1.4950025081634521 2.0
  endloop
endfacet
facet normal 0.0 0.0 0.0
  outer loop
    vertex -4.540011405944824 1.4950025081634521 2.0
    vertex -4.538191795349121 1.5330541133880615 2.999999761581421
    vertex -4.526431083679199 1.5982434749603271 2.0
  endloop
endfacet
facet normal 0.0 0.0 0.0
  outer loop
    vertex -4.526431083679199 1.5982434749603271 2.0
    vertex -4.538191795349121 1.5330541133880615 2.999999761581421
    vertex -4.534502983093262 1.5610921382904053 2.999999761581421
  endloop
endfacet
facet normal 0.0 0.0 0.0
  outer loop
    vertex -4.526431083679199 1.5982434749603271 2.0
    vertex -4.534502983093262 1.5610921382904053 2.999999761581421
    vertex -4.528841972351074 1.588794469833374 2.999999761581421
  endloop
endfacet
facet normal 0.0 0.0 0.0
  outer loop
    vertex -4.528841972351074 1.588794469833374 2.999999761581421
    vertex -4.526640892028809 1.597461462020874 2.999999761581421
    vertex -4.526431083679199 1.5982434749603271 2.0
  endloop
endfacet
facet normal 0.0 0.0 0.0
  outer loop
    vertex -4.526431083679199 1.5982434749603271 2.0
    vertex -4.526640892028809 1.597461462020874 2.999999761581421
    vertex -4.524352073669434 1.605731725692749 2.999999761581421
  endloop
endfacet
facet normal 0.0 0.0 0.0
  outer loop
    vertex -4.526431083679199 1.5982434749603271 2.0
    vertex -4.524352073669434 1.605731725692749 2.999999761581421
    vertex -4.51505184173584 1.633941411972046 2.999999761581421
  endloop
endfacet
facet normal 0.0 0.0 0.0
  outer loop
    vertex -4.526431083679199 1.5982434749603271 2.0
    vertex -4.51505184173584 1.633941411972046 2.999999761581421
    vertex -4.48660945892334 1.694461464881897 2.0
  endloop
endfacet
facet normal 0.0 0.0 0.0
  outer loop
    vertex -4.48660945892334 1.694461464881897 2.0
    vertex -4.51505184173584 1.633941411972046 2.999999761581421
    vertex -4.503680229187012 1.6613919734954834 2.999999761581421
  endloop
endfacet
facet normal 0.0 0.0 0.0
  outer loop
    vertex -4.48660945892334 1.694461464881897 2.0
    vertex -4.503680229187012 1.6613919734954834 2.999999761581421
    vertex -4.490302085876465 1.6879116296768188 2.999999761581421
  endloop
endfacet
facet normal 0.0 0.0 0.0
  outer loop
    vertex -4.490302085876465 1.6879116296768188 2.999999761581421
    vertex -4.486990928649902 1.6937938928604126 2.999999761581421
    vertex -4.48660945892334 1.694461464881897 2.0
  endloop
endfacet
facet normal 0.0 0.0 0.0
  outer loop
    vertex -4.48660945892334 1.694461464881897 2.0
    vertex -4.486990928649902 1.6937938928604126 2.999999761581421
    vertex -4.483721733093262 1.69939386844635 2.999999761581421
  endloop
endfacet
facet normal 0.0 0.0 0.0
  outer loop
    vertex -4.48660945892334 1.694461464881897 2.0
    vertex -4.483721733093262 1.69939386844635 2.999999761581421
    vertex -4.466750144958496 1.7254940271377563 2.999999761581421
  endloop
endfacet
facet normal 0.0 0.0 0.0
  outer loop
    vertex -4.48660945892334 1.694461464881897 2.0
    vertex -4.466750144958496 1.7254940271377563 2.999999761581421
    vertex -4.423262596130371 1.7771145105361938 2.0
  endloop
endfacet
facet normal 0.0 0.0 0.0
  outer loop
    vertex -4.423262596130371 1.7771145105361938 2.0
    vertex -4.466750144958496 1.7254940271377563 2.999999761581421
    vertex -4.44779109954834 1.7501941919326782 2.999999761581421
  endloop
endfacet
facet normal 0.0 0.0 0.0
  outer loop
    vertex -4.423262596130371 1.7771145105361938 2.0
    vertex -4.44779109954834 1.7501941919326782 2.999999761581421
    vertex -4.426962852478027 1.7733532190322876 2.999999761581421
  endloop
endfacet
facet normal 0.0 0.0 0.0
  outer loop
    vertex -4.426962852478027 1.7733532190322876 2.999999761581421
    vertex -4.423720359802246 1.7766414880752563 2.999999761581421
    vertex -4.423262596130371 1.7771145105361938 2.0
  endloop
endfacet
facet normal 0.0 0.0 0.0
  outer loop
    vertex -4.423262596130371 1.7771145105361938 2.0
    vertex -4.423720359802246 1.7766414880752563 2.999999761581421
    vertex -4.4205732345581055 1.7797733545303345 2.999999761581421
  endloop
endfacet
facet normal 0.0 0.0 0.0
  outer loop
    vertex -4.423262596130371 1.7771145105361938 2.0
    vertex -4.4205732345581055 1.7797733545303345 2.999999761581421
    vertex -4.396510124206543 1.8015629053115845 2.999999761581421
  endloop
endfacet
facet normal 0.0 0.0 0.0
  outer loop
    vertex -4.423262596130371 1.7771145105361938 2.0
    vertex -4.396510124206543 1.8015629053115845 2.999999761581421
    vertex -4.340689659118652 1.8405643701553345 2.0
  endloop
endfacet
facet normal 0.0 0.0 0.0
  outer loop
    vertex -4.340689659118652 1.8405643701553345 2.0
    vertex -4.396510124206543 1.8015629053115845 2.999999761581421
    vertex -4.370760917663574 1.821323037147522 2.999999761581421
  endloop
endfacet
facet normal 0.0 0.0 0.0
  outer loop
    vertex -4.340689659118652 1.8405643701553345 2.0
    vertex -4.370760917663574 1.821323037147522 2.999999761581421
    vertex -4.343489646911621 1.8389240503311157 2.999999761581421
  endloop
endfacet
facet normal 0.0 0.0 0.0
  outer loop
    vertex -4.343489646911621 1.8389240503311157 2.999999761581421
    vertex -4.3419294357299805 1.8398319482803345 2.999999761581421
    vertex -4.340689659118652 1.8405643701553345 2.0
  endloop
endfacet
facet normal 0.0 0.0 0.0
  outer loop
    vertex -4.340689659118652 1.8405643701553345 2.0
    vertex -4.3419294357299805 1.8398319482803345 2.999999761581421
    vertex -4.3403730392456055 1.8407436609268188 2.999999761581421
  endloop
endfacet
facet normal 0.0 0.0 0.0
  outer loop
    vertex -4.340689659118652 1.8405643701553345 2.0
    vertex -4.3403730392456055 1.8407436609268188 2.999999761581421
    vertex -4.338801383972168 1.8416439294815063 2.999999761581421
  endloop
endfacet
facet normal 0.0 0.0 0.0
  outer loop
    vertex -4.338801383972168 1.8416439294815063 2.999999761581421
    vertex -4.308962821960449 1.8570629358291626 2.999999761581421
    vertex -4.340689659118652 1.8405643701553345 2.0
  endloop
endfacet
facet normal 0.0 0.0 0.0
  outer loop
    vertex -4.340689659118652 1.8405643701553345 2.0
    vertex -4.308962821960449 1.8570629358291626 2.999999761581421
    vertex -4.244521141052246 1.8804928064346313 2.0
  endloop
endfacet
facet normal 0.0 0.0 0.0
  outer loop
    vertex -4.244521141052246 1.8804928064346313 2.0
    vertex -4.308962821960449 1.8570629358291626 2.999999761581421
    vertex -4.27793025970459 1.8699108362197876 2.999999761581421
  endloop
endfacet
facet normal 0.0 0.0 0.0
  outer loop
    vertex -4.244521141052246 1.8804928064346313 2.0
    vertex -4.27793025970459 1.8699108362197876 2.999999761581421
    vertex -4.2459211349487305 1.8801113367080688 2.999999761581421
  endloop
endfacet
facet normal 0.0 0.0 0.0
  outer loop
    vertex -4.2459211349487305 1.8801113367080688 2.999999761581421
    vertex -4.245169639587402 1.8803211450576782 2.999999761581421
    vertex -4.244521141052246 1.8804928064346313 2.0
  endloop
endfacet
facet normal 0.0 0.0 0.0
  outer loop
    vertex -4.244521141052246 1.8804928064346313 2.0
    vertex -4.245169639587402 1.8803211450576782 2.999999761581421
    vertex -4.24442195892334 1.8805233240127563 2.999999761581421
  endloop
endfacet
facet normal 0.0 0.0 0.0
  outer loop
    vertex -4.244521141052246 1.8804928064346313 2.0
    vertex -4.24442195892334 1.8805233240127563 2.999999761581421
    vertex -4.2436628341674805 1.8807216882705688 2.999999761581421
  endloop
endfacet
facet normal 0.0 0.0 0.0
  outer loop
    vertex -4.2436628341674805 1.8807216882705688 2.999999761581421
    vertex -4.2099714279174805 1.8881641626358032 2.999999761581421
    vertex -4.244521141052246 1.8804928064346313 2.0
  endloop
endfacet
facet normal 0.0 0.0 0.0
  outer loop
    vertex -4.244521141052246 1.8804928064346313 2.0
    vertex -4.2099714279174805 1.8881641626358032 2.999999761581421
    vertex -4.141291618347168 1.8942028284072876 2.0
  endloop
endfacet
facet normal 0.0 0.0 0.0
  outer loop
    vertex -4.141291618347168 1.8942028284072876 2.0
    vertex -4.2099714279174805 1.8881641626358032 2.999999761581421
    vertex -4.1757612228393555 1.892673134803772 2.999999761581421
  endloop
endfacet
facet normal 0.0 0.0 0.0
  outer loop
    vertex -4.141291618347168 1.8942028284072876 2.0
    vertex -4.1757612228393555 1.892673134803772 2.999999761581421
    vertex -4.141291618347168 1.8942028284072876 2.999999761581421
  endloop
endfacet
facet normal 0.0 0.0 0.0
  outer loop
    vertex -4.540011405944824 -1.909995675086975 2.999999761581421
    vertex -4.540011405944824 1.4950025081634521 2.999999761581421
    vertex -4.540011405944824 -1.909995675086975 2.0
  endloop
endfacet
facet normal 0.0 0.0 0.0
  outer loop
    vertex -4.540011405944824 -1.909995675086975 2.0
    vertex -4.540011405944824 1.4950025081634521 2.999999761581421
    vertex -4.540011405944824 1.4950025081634521 2.0
  endloop
endfacet
facet normal 0.0 0.0 0.0
  outer loop
    vertex -4.141180992126465 -2.3057475090026855 2.999999761581421
    vertex -4.141341209411621 -2.3057475090026855 2.999999761581421
    vertex -4.141180992126465 -2.3057475090026855 2.0
  endloop
endfacet
facet normal 0.0 0.0 0.0
  outer loop
    vertex -4.141180992126465 -2.3057475090026855 2.0
    vertex -4.141341209411621 -2.3057475090026855 2.999999761581421
    vertex -4.141512870788574 -2.3057475090026855 2.999999761581421
  endloop
endfacet
facet normal 0.0 0.0 0.0
  outer loop
    vertex -4.141180992126465 -2.3057475090026855 2.0
    vertex -4.141512870788574 -2.3057475090026855 2.999999761581421
    vertex -4.1416730880737305 -2.3057475090026855 2.999999761581421
  endloop
endfacet
facet normal 0.0 0.0 0.0
  outer loop
    vertex -4.1416730880737305 -2.3057475090026855 2.999999761581421
    vertex -4.176100730895996 -2.30421781539917 2.999999761581421
    vertex -4.141180992126465 -2.3057475090026855 2.0
  endloop
endfacet
facet normal 0.0 0.0 0.0
  outer loop
    vertex -4.141180992126465 -2.3057475090026855 2.0
    vertex -4.176100730895996 -2.30421781539917 2.999999761581421
    vertex -4.243910789489746 -2.292285442352295 2.0
  endloop
endfacet
facet normal 0.0 0.0 0.0
  outer loop
    vertex -4.243910789489746 -2.292285442352295 2.0
    vertex -4.176100730895996 -2.30421781539917 2.999999761581421
    vertex -4.210272789001465 -2.2997164726257324 2.999999761581421
  endloop
endfacet
facet normal 0.0 0.0 0.0
  outer loop
    vertex -4.243910789489746 -2.292285442352295 2.0
    vertex -4.210272789001465 -2.2997164726257324 2.999999761581421
    vertex -4.243922233581543 -2.292285442352295 2.999999761581421
  endloop
endfacet
facet normal 0.0 0.0 0.0
  outer loop
    vertex -4.243922233581543 -2.292285442352295 2.999999761581421
    vertex -4.244502067565918 -2.2921252250671387 2.999999761581421
    vertex -4.243910789489746 -2.292285442352295 2.0
  endloop
endfacet
facet normal 0.0 0.0 0.0
  outer loop
    vertex -4.243910789489746 -2.292285442352295 2.0
    vertex -4.244502067565918 -2.2921252250671387 2.999999761581421
    vertex -4.245089530944824 -2.2919764518737793 2.999999761581421
  endloop
endfacet
facet normal 0.0 0.0 0.0
  outer loop
    vertex -4.243910789489746 -2.292285442352295 2.0
    vertex -4.245089530944824 -2.2919764518737793 2.999999761581421
    vertex -4.245673179626465 -2.291816234588623 2.999999761581421
  endloop
endfacet
facet normal 0.0 0.0 0.0
  outer loop
    vertex -4.245673179626465 -2.291816234588623 2.999999761581421
    vertex -4.278002738952637 -2.2815470695495605 2.999999761581421
    vertex -4.243910789489746 -2.292285442352295 2.0
  endloop
endfacet
facet normal 0.0 0.0 0.0
  outer loop
    vertex -4.243910789489746 -2.292285442352295 2.0
    vertex -4.278002738952637 -2.2815470695495605 2.999999761581421
    vertex -4.339713096618652 -2.25282621383667 2.0
  endloop
endfacet
facet normal 0.0 0.0 0.0
  outer loop
    vertex -4.339713096618652 -2.25282621383667 2.0
    vertex -4.278002738952637 -2.2815470695495605 2.999999761581421
    vertex -4.309340476989746 -2.2685580253601074 2.999999761581421
  endloop
endfacet
facet normal 0.0 0.0 0.0
  outer loop
    vertex -4.339713096618652 -2.25282621383667 2.0
    vertex -4.309340476989746 -2.2685580253601074 2.999999761581421
    vertex -4.339472770690918 -2.252955913543701 2.999999761581421
  endloop
endfacet
facet normal 0.0 0.0 0.0
  outer loop
    vertex -4.339472770690918 -2.252955913543701 2.999999761581421
    vertex -4.340609550476074 -2.252307415008545 2.999999761581421
    vertex -4.339713096618652 -2.25282621383667 2.0
  endloop
endfacet
facet normal 0.0 0.0 0.0
  outer loop
    vertex -4.339713096618652 -2.25282621383667 2.0
    vertex -4.340609550476074 -2.252307415008545 2.999999761581421
    vertex -4.341750144958496 -2.251636028289795 2.999999761581421
  endloop
endfacet
facet normal 0.0 0.0 0.0
  outer loop
    vertex -4.339713096618652 -2.25282621383667 2.0
    vertex -4.341750144958496 -2.251636028289795 2.999999761581421
    vertex -4.342890739440918 -2.250976085662842 2.999999761581421
  endloop
endfacet
facet normal 0.0 0.0 0.0
  outer loop
    vertex -4.342890739440918 -2.250976085662842 2.999999761581421
    vertex -4.370680809020996 -2.2330965995788574 2.999999761581421
    vertex -4.339713096618652 -2.25282621383667 2.0
  endloop
endfacet
facet normal 0.0 0.0 0.0
  outer loop
    vertex -4.339713096618652 -2.25282621383667 2.0
    vertex -4.370680809020996 -2.2330965995788574 2.999999761581421
    vertex -4.422110557556152 -2.1900172233581543 2.0
  endloop
endfacet
facet normal 0.0 0.0 0.0
  outer loop
    vertex -4.422110557556152 -2.1900172233581543 2.0
    vertex -4.370680809020996 -2.2330965995788574 2.999999761581421
    vertex -4.396880149841309 -2.2129855155944824 2.999999761581421
  endloop
endfacet
facet normal 0.0 0.0 0.0
  outer loop
    vertex -4.422110557556152 -2.1900172233581543 2.0
    vertex -4.396880149841309 -2.2129855155944824 2.999999761581421
    vertex -4.421339988708496 -2.1907763481140137 2.999999761581421
  endloop
endfacet
facet normal 0.0 0.0 0.0
  outer loop
    vertex -4.421339988708496 -2.1907763481140137 2.999999761581421
    vertex -4.423022270202637 -2.18910551071167 2.999999761581421
    vertex -4.422110557556152 -2.1900172233581543 2.0
  endloop
endfacet
facet normal 0.0 0.0 0.0
  outer loop
    vertex -4.422110557556152 -2.1900172233581543 2.0
    vertex -4.423022270202637 -2.18910551071167 2.999999761581421
    vertex -4.4246931076049805 -2.187434673309326 2.999999761581421
  endloop
endfacet
facet normal 0.0 0.0 0.0
  outer loop
    vertex -4.422110557556152 -2.1900172233581543 2.0
    vertex -4.4246931076049805 -2.187434673309326 2.999999761581421
    vertex -4.426352500915527 -2.1857447624206543 2.999999761581421
  endloop
endfacet
facet normal 0.0 0.0 0.0
  outer loop
    vertex -4.426352500915527 -2.1857447624206543 2.999999761581421
    vertex -4.447661399841309 -2.162135601043701 2.999999761581421
    vertex -4.422110557556152 -2.1900172233581543 2.0
  endloop
endfacet
facet normal 0.0 0.0 0.0
  outer loop
    vertex -4.422110557556152 -2.1900172233581543 2.0
    vertex -4.447661399841309 -2.162135601043701 2.999999761581421
    vertex -4.485552787780762 -2.1081080436706543 2.0
  endloop
endfacet
facet normal 0.0 0.0 0.0
  outer loop
    vertex -4.485552787780762 -2.1081080436706543 2.0
    vertex -4.447661399841309 -2.162135601043701 2.999999761581421
    vertex -4.4670209884643555 -2.136897563934326 2.999999761581421
  endloop
endfacet
facet normal 0.0 0.0 0.0
  outer loop
    vertex -4.485552787780762 -2.1081080436706543 2.0
    vertex -4.4670209884643555 -2.136897563934326 2.999999761581421
    vertex -4.484320640563965 -2.110206127166748 2.999999761581421
  endloop
endfacet
facet normal 0.0 0.0 0.0
  outer loop
    vertex -4.484320640563965 -2.110206127166748 2.999999761581421
    vertex -4.487090110778809 -2.105445384979248 2.999999761581421
    vertex -4.485552787780762 -2.1081080436706543 2.0
  endloop
endfacet
facet normal 0.0 0.0 0.0
  outer loop
    vertex -4.485552787780762 -2.1081080436706543 2.0
    vertex -4.487090110778809 -2.105445384979248 2.999999761581421
    vertex -4.489920616149902 -2.1004366874694824 2.999999761581421
  endloop
endfacet
facet normal 0.0 0.0 0.0
  outer loop
    vertex -4.485552787780762 -2.1081080436706543 2.0
    vertex -4.489920616149902 -2.1004366874694824 2.999999761581421
    vertex -4.503600120544434 -2.0734171867370605 2.999999761581421
  endloop
endfacet
facet normal 0.0 0.0 0.0
  outer loop
    vertex -4.485552787780762 -2.1081080436706543 2.0
    vertex -4.503600120544434 -2.0734171867370605 2.999999761581421
    vertex -4.525759696960449 -2.0126147270202637 2.0
  endloop
endfacet
facet normal 0.0 0.0 0.0
  outer loop
    vertex -4.525759696960449 -2.0126147270202637 2.0
    vertex -4.503600120544434 -2.0734171867370605 2.999999761581421
    vertex -4.515192985534668 -2.0454249382019043 2.999999761581421
  endloop
endfacet
facet normal 0.0 0.0 0.0
  outer loop
    vertex -4.525759696960449 -2.0126147270202637 2.0
    vertex -4.515192985534668 -2.0454249382019043 2.999999761581421
    vertex -4.524622917175293 -2.0166468620300293 2.999999761581421
  endloop
endfacet
facet normal 0.0 0.0 0.0
  outer loop
    vertex -4.524622917175293 -2.0166468620300293 2.999999761581421
    vertex -4.52670955657959 -2.0090746879577637 2.999999761581421
    vertex -4.525759696960449 -2.0126147270202637 2.0
  endloop
endfacet
facet normal 0.0 0.0 0.0
  outer loop
    vertex -4.525759696960449 -2.0126147270202637 2.0
    vertex -4.52670955657959 -2.0090746879577637 2.999999761581421
    vertex -4.528750419616699 -2.001067638397217 2.999999761581421
  endloop
endfacet
facet normal 0.0 0.0 0.0
  outer loop
    vertex -4.525759696960449 -2.0126147270202637 2.0
    vertex -4.528750419616699 -2.001067638397217 2.999999761581421
    vertex -4.534491539001465 -1.973086953163147 2.999999761581421
  endloop
endfacet
facet normal 0.0 0.0 0.0
  outer loop
    vertex -4.525759696960449 -2.0126147270202637 2.0
    vertex -4.534491539001465 -1.973086953163147 2.999999761581421
    vertex -4.540011405944824 -1.909995675086975 2.0
  endloop
endfacet
facet normal 0.0 0.0 0.0
  outer loop
    vertex -4.540011405944824 -1.909995675086975 2.0
    vertex -4.534491539001465 -1.973086953163147 2.999999761581421
    vertex -4.538222312927246 -1.94475519657135 2.999999761581421
  endloop
endfacet
facet normal 0.0 0.0 0.0
  outer loop
    vertex -4.540011405944824 -1.909995675086975 2.0
    vertex -4.538222312927246 -1.94475519657135 2.999999761581421
    vertex -4.539912223815918 -1.9162479639053345 2.999999761581421
  endloop
endfacet
facet normal 0.0 0.0 0.0
  outer loop
    vertex -4.539912223815918 -1.9162479639053345 2.999999761581421
    vertex -4.539961814880371 -1.9141651391983032 2.999999761581421
    vertex -4.540011405944824 -1.909995675086975 2.0
  endloop
endfacet
facet normal 0.0 0.0 0.0
  outer loop
    vertex -4.540011405944824 -1.909995675086975 2.0
    vertex -4.539961814880371 -1.9141651391983032 2.999999761581421
    vertex -4.539992332458496 -1.9120746850967407 2.999999761581421
  endloop
endfacet
facet normal 0.0 0.0 0.0
  outer loop
    vertex -4.540011405944824 -1.909995675086975 2.0
    vertex -4.539992332458496 -1.9120746850967407 2.999999761581421
    vertex -4.540011405944824 -1.909995675086975 2.999999761581421
  endloop
endfacet
facet normal 0.0 0.0 0.0
  outer loop
    vertex 5.145228385925293 1.5966031551361084 2.999999761581421
    vertex 5.158509254455566 1.4957234859466553 2.999999761581421
    vertex 5.152518272399902 1.5633924007415771 2.999999761581421
  endloop
endfacet
facet normal 0.0 0.0 0.0
  outer loop
    vertex 5.152518272399902 1.5633924007415771 2.999999761581421
    vertex 5.158509254455566 1.4957234859466553 2.999999761581421
    vertex 5.156949043273926 1.529681921005249 2.999999761581421
  endloop
endfacet
facet normal 0.0 0.0 0.0
  outer loop
    vertex 5.158509254455566 -1.905906319618225 2.999999761581421
    vertex 5.158509254455566 1.4948232173919678 2.999999761581421
    vertex 5.158509254455566 -1.9063678979873657 2.999999761581421
  endloop
endfacet
facet normal 0.0 0.0 0.0
  outer loop
    vertex 5.158509254455566 -1.9063678979873657 2.999999761581421
    vertex 5.158509254455566 1.4948232173919678 2.999999761581421
    vertex 5.158509254455566 -1.9068256616592407 2.999999761581421
  endloop
endfacet
facet normal 0.0 0.0 0.0
  outer loop
    vertex 5.158509254455566 -1.9068256616592407 2.999999761581421
    vertex 5.158509254455566 1.4948232173919678 2.999999761581421
    vertex 5.158709526062012 1.494201421737671 2.999999761581421
  endloop
endfacet
facet normal 0.0 0.0 0.0
  outer loop
    vertex 5.158509254455566 -1.9068256616592407 2.999999761581421
    vertex 5.158709526062012 1.494201421737671 2.999999761581421
    vertex 5.158709526062012 -1.905795693397522 2.999999761581421
  endloop
endfacet
facet normal 0.0 0.0 0.0
  outer loop
    vertex 5.158509254455566 1.4948232173919678 2.999999761581421
    vertex 5.158509254455566 1.4951245784759521 2.999999761581421
    vertex 5.158709526062012 1.494201421737671 2.999999761581421
  endloop
endfacet
facet normal 0.0 0.0 0.0
  outer loop
    vertex 5.158709526062012 1.494201421737671 2.999999761581421
    vertex 5.158509254455566 1.4951245784759521 2.999999761581421
    vertex 5.158509254455566 1.495422124862671 2.999999761581421
  endloop
endfacet
facet normal 0.0 0.0 0.0
  outer loop
    vertex 5.158709526062012 1.494201421737671 2.999999761581421
    vertex 5.158509254455566 1.495422124862671 2.999999761581421
    vertex 5.158509254455566 1.4957234859466553 2.999999761581421
  endloop
endfacet
facet normal 0.0 0.0 0.0
  outer loop
    vertex 5.158709526062012 -1.905795693397522 2.999999761581421
    vertex 5.158509254455566 -1.9072872400283813 2.999999761581421
    vertex 5.158509254455566 -1.9068256616592407 2.999999761581421
  endloop
endfacet
facet normal 0.0 0.0 0.0
  outer loop
    vertex 5.145228385925293 1.5966031551361084 2.999999761581421
    vertex 5.1450395584106445 1.5973241329193115 2.999999761581421
    vertex 5.145079612731934 1.5977323055267334 2.999999761581421
  endloop
endfacet
facet normal 0.0 0.0 0.0
  outer loop
    vertex 5.145079612731934 1.5977323055267334 2.999999761581421
    vertex 5.1450395584106445 1.5973241329193115 2.999999761581421
    vertex 5.144839286804199 1.598052740097046 2.999999761581421
  endloop
endfacet
facet normal 0.0 0.0 0.0
  outer loop
    vertex 5.145079612731934 1.5977323055267334 2.999999761581421
    vertex 5.144839286804199 1.598052740097046 2.999999761581421
    vertex 5.144648551940918 1.5987813472747803 2.999999761581421
  endloop
endfacet
facet normal 0.0 0.0 0.0
  outer loop
    vertex 5.105408668518066 1.6934925317764282 2.999999761581421
    vertex 5.105158805847168 1.693931221961975 2.999999761581421
    vertex 5.105118751525879 1.6942020654678345 2.999999761581421
  endloop
endfacet
facet normal 0.0 0.0 0.0
  outer loop
    vertex 5.105118751525879 1.6942020654678345 2.999999761581421
    vertex 5.105158805847168 1.693931221961975 2.999999761581421
    vertex 5.1049089431762695 1.6943737268447876 2.999999761581421
  endloop
endfacet
facet normal 0.0 0.0 0.0
  outer loop
    vertex 5.105118751525879 1.6942020654678345 2.999999761581421
    vertex 5.1049089431762695 1.6943737268447876 2.999999761581421
    vertex 5.104659080505371 1.6948009729385376 2.999999761581421
  endloop
endfacet
facet normal 0.0 0.0 0.0
  outer loop
    vertex 5.041808128356934 1.7767139673233032 2.999999761581421
    vertex 5.041607856750488 1.7769008874893188 2.999999761581421
    vertex 5.041548728942871 1.777042031288147 2.999999761581421
  endloop
endfacet
facet normal 0.0 0.0 0.0
  outer loop
    vertex 5.041548728942871 1.777042031288147 2.999999761581421
    vertex 5.041607856750488 1.7769008874893188 2.999999761581421
    vertex 5.04141902923584 1.777103066444397 2.999999761581421
  endloop
endfacet
facet normal 0.0 0.0 0.0
  outer loop
    vertex 5.041548728942871 1.777042031288147 2.999999761581421
    vertex 5.04141902923584 1.777103066444397 2.999999761581421
    vertex 5.0412187576293945 1.7772938013076782 2.999999761581421
  endloop
endfacet
facet normal 0.0 0.0 0.0
  outer loop
    vertex 4.958868980407715 1.8404918909072876 2.999999761581421
    vertex 4.958758354187012 1.8405529260635376 2.999999761581421
    vertex 4.958708763122559 1.8406139612197876 2.999999761581421
  endloop
endfacet
facet normal 0.0 0.0 0.0
  outer loop
    vertex 4.958708763122559 1.8406139612197876 2.999999761581421
    vertex 4.958758354187012 1.8405529260635376 2.999999761581421
    vertex 4.9586381912231445 1.8406215906143188 2.999999761581421
  endloop
endfacet
facet normal 0.0 0.0 0.0
  outer loop
    vertex 4.958708763122559 1.8406139612197876 2.999999761581421
    vertex 4.9586381912231445 1.8406215906143188 2.999999761581421
    vertex 4.958518028259277 1.8406940698623657 2.999999761581421
  endloop
endfacet
facet normal 0.0 0.0 0.0
  outer loop
    vertex 1.7595298290252686 -2.3057971000671387 2.999999761581421
    vertex 1.7595298290252686 -2.3055949211120605 2.999999761581421
    vertex 4.7587080001831055 -2.3057971000671387 2.999999761581421
  endloop
endfacet
facet normal 0.0 0.0 0.0
  outer loop
    vertex 4.7587080001831055 -2.3057971000671387 2.999999761581421
    vertex 1.7595298290252686 -2.3055949211120605 2.999999761581421
    vertex 4.759987831115723 -2.3055949211120605 2.999999761581421
  endloop
endfacet
facet normal 0.0 0.0 0.0
  outer loop
    vertex 4.7587080001831055 -2.3057971000671387 2.999999761581421
    vertex 4.759987831115723 -2.3055949211120605 2.999999761581421
    vertex 4.760228157043457 -2.3055949211120605 2.999999761581421
  endloop
endfacet
facet normal 0.0 0.0 0.0
  outer loop
    vertex -4.2436628341674805 1.8807216882705688 2.999999761581421
    vertex -4.24442195892334 1.8805233240127563 2.999999761581421
    vertex -4.2448225021362305 1.8805729150772095 2.999999761581421
  endloop
endfacet
facet normal 0.0 0.0 0.0
  outer loop
    vertex -4.2448225021362305 1.8805729150772095 2.999999761581421
    vertex -4.24442195892334 1.8805233240127563 2.999999761581421
    vertex -4.245169639587402 1.8803211450576782 2.999999761581421
  endloop
endfacet
facet normal 0.0 0.0 0.0
  outer loop
    vertex -4.2448225021362305 1.8805729150772095 2.999999761581421
    vertex -4.245169639587402 1.8803211450576782 2.999999761581421
    vertex -4.2459211349487305 1.8801113367080688 2.999999761581421
  endloop
endfacet
facet normal 0.0 0.0 0.0
  outer loop
    vertex -4.338801383972168 1.8416439294815063 2.999999761581421
    vertex -4.3403730392456055 1.8407436609268188 2.999999761581421
    vertex -4.341292381286621 1.8406139612197876 2.999999761581421
  endloop
endfacet
facet normal 0.0 0.0 0.0
  outer loop
    vertex -4.341292381286621 1.8406139612197876 2.999999761581421
    vertex -4.3403730392456055 1.8407436609268188 2.999999761581421
    vertex -4.3419294357299805 1.8398319482803345 2.999999761581421
  endloop
endfacet
facet normal 0.0 0.0 0.0
  outer loop
    vertex -4.341292381286621 1.8406139612197876 2.999999761581421
    vertex -4.3419294357299805 1.8398319482803345 2.999999761581421
    vertex -4.343489646911621 1.8389240503311157 2.999999761581421
  endloop
endfacet
facet normal 0.0 0.0 0.0
  outer loop
    vertex 1.684788465499878 -3.1322855949401855 2.999999761581421
    vertex 1.7027900218963623 -3.104426860809326 2.999999761581421
    vertex 1.7051169872283936 -3.1057963371276855 2.999999761581421
  endloop
endfacet
facet normal 0.0 0.0 0.0
  outer loop
    vertex 1.7051169872283936 -3.1057963371276855 2.999999761581421
    vertex 1.7027900218963623 -3.104426860809326 2.999999761581421
    vertex 1.7144782543182373 -3.0832056999206543 2.999999761581421
  endloop
endfacet
facet normal 0.0 0.0 0.0
  outer loop
    vertex -4.4205732345581055 1.7797733545303345 2.999999761581421
    vertex -4.423720359802246 1.7766414880752563 2.999999761581421
    vertex -4.424132347106934 1.777042031288147 2.999999761581421
  endloop
endfacet
facet normal 0.0 0.0 0.0
  outer loop
    vertex -4.424132347106934 1.777042031288147 2.999999761581421
    vertex -4.423720359802246 1.7766414880752563 2.999999761581421
    vertex -4.426962852478027 1.7733532190322876 2.999999761581421
  endloop
endfacet
facet normal 0.0 0.0 0.0
  outer loop
    vertex 1.6090400218963623 -3.213588237762451 2.999999761581421
    vertex 1.6392371654510498 -3.186316967010498 2.999999761581421
    vertex 1.6415488719940186 -3.188636302947998 2.999999761581421
  endloop
endfacet
facet normal 0.0 0.0 0.0
  outer loop
    vertex 1.6415488719940186 -3.188636302947998 2.999999761581421
    vertex 1.6392371654510498 -3.186316967010498 2.999999761581421
    vertex 1.6645972728729248 -3.158595561981201 2.999999761581421
  endloop
endfacet
facet normal 0.0 0.0 0.0
  outer loop
    vertex -4.483721733093262 1.69939386844635 2.999999761581421
    vertex -4.486990928649902 1.6937938928604126 2.999999761581421
    vertex -4.487700462341309 1.6942020654678345 2.999999761581421
  endloop
endfacet
facet normal 0.0 0.0 0.0
  outer loop
    vertex -4.487700462341309 1.6942020654678345 2.999999761581421
    vertex -4.486990928649902 1.6937938928604126 2.999999761581421
    vertex -4.490302085876465 1.6879116296768188 2.999999761581421
  endloop
endfacet
facet normal 0.0 0.0 0.0
  outer loop
    vertex 1.531609296798706 -3.263427257537842 2.999999761581421
    vertex 1.5571982860565186 -3.2496256828308105 2.999999761581421
    vertex 1.558708906173706 -3.2522082328796387 2.999999761581421
  endloop
endfacet
facet normal 0.0 0.0 0.0
  outer loop
    vertex 1.558708906173706 -3.2522082328796387 2.999999761581421
    vertex 1.5571982860565186 -3.2496256828308105 2.999999761581421
    vertex 1.5894782543182373 -3.22859525680542 2.999999761581421
  endloop
endfacet
facet normal 0.0 0.0 0.0
  outer loop
    vertex -4.524352073669434 1.605731725692749 2.999999761581421
    vertex -4.526640892028809 1.597461462020874 2.999999761581421
    vertex -4.527663230895996 1.5977323055267334 2.999999761581421
  endloop
endfacet
facet normal 0.0 0.0 0.0
  outer loop
    vertex -4.527663230895996 1.5977323055267334 2.999999761581421
    vertex -4.526640892028809 1.597461462020874 2.999999761581421
    vertex -4.528841972351074 1.588794469833374 2.999999761581421
  endloop
endfacet
facet normal 0.0 0.0 0.0
  outer loop
    vertex 1.4475982189178467 -3.294097423553467 2.999999761581421
    vertex 1.4617278575897217 -3.2903552055358887 2.999999761581421
    vertex 1.4622390270233154 -3.2921671867370605 2.999999761581421
  endloop
endfacet
facet normal 0.0 0.0 0.0
  outer loop
    vertex 1.4622390270233154 -3.2921671867370605 2.999999761581421
    vertex 1.4617278575897217 -3.2903552055358887 2.999999761581421
    vertex 1.4812095165252686 -3.2843050956726074 2.999999761581421
  endloop
endfacet
facet normal 0.0 0.0 0.0
  outer loop
    vertex -4.540011405944824 -1.909995675086975 2.999999761581421
    vertex -4.541293144226074 -1.905795693397522 2.999999761581421
    vertex -4.540011405944824 1.4950025081634521 2.999999761581421
  endloop
endfacet
facet normal 0.0 0.0 0.0
  outer loop
    vertex -4.540011405944824 1.4950025081634521 2.999999761581421
    vertex -4.541293144226074 -1.905795693397522 2.999999761581421
    vertex -4.541293144226074 1.494201421737671 2.999999761581421
  endloop
endfacet
facet normal 0.0 0.0 0.0
  outer loop
    vertex -4.540011405944824 1.4950025081634521 2.999999761581421
    vertex -4.541293144226074 1.494201421737671 2.999999761581421
    vertex -4.539999961853027 1.4982717037200928 2.999999761581421
  endloop
endfacet
facet normal 0.0 0.0 0.0
  outer loop
    vertex -4.539999961853027 1.4982717037200928 2.999999761581421
    vertex -4.541293144226074 1.494201421737671 2.999999761581421
    vertex -4.539961814880371 1.5015523433685303 2.999999761581421
  endloop
endfacet
facet normal 0.0 0.0 0.0
  outer loop
    vertex -4.539961814880371 1.5015523433685303 2.999999761581421
    vertex -4.541293144226074 1.494201421737671 2.999999761581421
    vertex -4.53989315032959 1.5048329830169678 2.999999761581421
  endloop
endfacet
facet normal 0.0 0.0 0.0
  outer loop
    vertex -4.540011405944824 -1.909995675086975 2.999999761581421
    vertex -4.539992332458496 -1.9120746850967407 2.999999761581421
    vertex -4.541293144226074 -1.905795693397522 2.999999761581421
  endloop
endfacet
facet normal 0.0 0.0 0.0
  outer loop
    vertex -4.541293144226074 -1.905795693397522 2.999999761581421
    vertex -4.539992332458496 -1.9120746850967407 2.999999761581421
    vertex -4.539961814880371 -1.9141651391983032 2.999999761581421
  endloop
endfacet
facet normal 0.0 0.0 0.0
  outer loop
    vertex -4.541293144226074 -1.905795693397522 2.999999761581421
    vertex -4.539961814880371 -1.9141651391983032 2.999999761581421
    vertex -4.539912223815918 -1.9162479639053345 2.999999761581421
  endloop
endfacet
facet normal 0.0 0.0 0.0
  outer loop
    vertex -4.528750419616699 -2.001067638397217 2.999999761581421
    vertex -4.52670955657959 -2.0090746879577637 2.999999761581421
    vertex -4.527663230895996 -2.009326457977295 2.999999761581421
  endloop
endfacet
facet normal 0.0 0.0 0.0
  outer loop
    vertex -4.527663230895996 -2.009326457977295 2.999999761581421
    vertex -4.52670955657959 -2.0090746879577637 2.999999761581421
    vertex -4.524622917175293 -2.0166468620300293 2.999999761581421
  endloop
endfacet
facet normal 0.0 0.0 0.0
  outer loop
    vertex -4.489920616149902 -2.1004366874694824 2.999999761581421
    vertex -4.487090110778809 -2.105445384979248 2.999999761581421
    vertex -4.487700462341309 -2.1057963371276855 2.999999761581421
  endloop
endfacet
facet normal 0.0 0.0 0.0
  outer loop
    vertex -4.487700462341309 -2.1057963371276855 2.999999761581421
    vertex -4.487090110778809 -2.105445384979248 2.999999761581421
    vertex -4.484320640563965 -2.110206127166748 2.999999761581421
  endloop
endfacet
facet normal 0.0 0.0 0.0
  outer loop
    vertex -4.426352500915527 -2.1857447624206543 2.999999761581421
    vertex -4.4246931076049805 -2.187434673309326 2.999999761581421
    vertex -4.424132347106934 -2.188636302947998 2.999999761581421
  endloop
endfacet
facet normal 0.0 0.0 0.0
  outer loop
    vertex -4.424132347106934 -2.188636302947998 2.999999761581421
    vertex -4.4246931076049805 -2.187434673309326 2.999999761581421
    vertex -4.423022270202637 -2.18910551071167 2.999999761581421
  endloop
endfacet
facet normal 0.0 0.0 0.0
  outer loop
    vertex -4.424132347106934 -2.188636302947998 2.999999761581421
    vertex -4.423022270202637 -2.18910551071167 2.999999761581421
    vertex -4.421339988708496 -2.1907763481140137 2.999999761581421
  endloop
endfacet
facet normal 0.0 0.0 0.0
  outer loop
    vertex -4.342890739440918 -2.250976085662842 2.999999761581421
    vertex -4.341750144958496 -2.251636028289795 2.999999761581421
    vertex -4.341292381286621 -2.2522082328796387 2.999999761581421
  endloop
endfacet
facet normal 0.0 0.0 0.0
  outer loop
    vertex -4.341292381286621 -2.2522082328796387 2.999999761581421
    vertex -4.341750144958496 -2.251636028289795 2.999999761581421
    vertex -4.340609550476074 -2.252307415008545 2.999999761581421
  endloop
endfacet
facet normal 0.0 0.0 0.0
  outer loop
    vertex -4.341292381286621 -2.2522082328796387 2.999999761581421
    vertex -4.340609550476074 -2.252307415008545 2.999999761581421
    vertex -4.339472770690918 -2.252955913543701 2.999999761581421
  endloop
endfacet
facet normal 0.0 0.0 0.0
  outer loop
    vertex -4.245673179626465 -2.291816234588623 2.999999761581421
    vertex -4.245089530944824 -2.2919764518737793 2.999999761581421
    vertex -4.2448225021362305 -2.2921671867370605 2.999999761581421
  endloop
endfacet
facet normal 0.0 0.0 0.0
  outer loop
    vertex -4.2448225021362305 -2.2921671867370605 2.999999761581421
    vertex -4.245089530944824 -2.2919764518737793 2.999999761581421
    vertex -4.244502067565918 -2.2921252250671387 2.999999761581421
  endloop
endfacet
facet normal 0.0 0.0 0.0
  outer loop
    vertex -4.2448225021362305 -2.2921671867370605 2.999999761581421
    vertex -4.244502067565918 -2.2921252250671387 2.999999761581421
    vertex -4.243922233581543 -2.292285442352295 2.999999761581421
  endloop
endfacet
facet normal 0.0 0.0 0.0
  outer loop
    vertex 3.258709669113159 0.794204592704773 6.19999885559082
    vertex 3.058708906173706 0.794204592704773 6.19999885559082
    vertex 3.258709669113159 -1.2057950496673584 6.19999885559082
  endloop
endfacet
facet normal 0.0 0.0 0.0
  outer loop
    vertex 3.258709669113159 -1.2057950496673584 6.19999885559082
    vertex 3.058708906173706 0.794204592704773 6.19999885559082
    vertex 3.058708906173706 -1.2057950496673584 6.19999885559082
  endloop
endfacet
facet normal 0.0 0.0 0.0
  outer loop
    vertex 3.756298780441284 1.2917935848236084 5.749009132385254
    vertex 3.758709669113159 1.2942044734954834 5.6999993324279785
    vertex 2.561119794845581 1.2917935848236084 5.749009132385254
  endloop
endfacet
facet normal 0.0 0.0 0.0
  outer loop
    vertex 2.561119794845581 1.2917935848236084 5.749009132385254
    vertex 3.758709669113159 1.2942044734954834 5.6999993324279785
    vertex 2.558708906173706 1.2942044734954834 5.6999993324279785
  endloop
endfacet
facet normal 0.0 0.0 0.0
  outer loop
    vertex 3.749096632003784 1.2845914363861084 5.797549247741699
    vertex 3.756298780441284 1.2917935848236084 5.749009132385254
    vertex 2.5683181285858154 1.2845914363861084 5.797549247741699
  endloop
endfacet
facet normal 0.0 0.0 0.0
  outer loop
    vertex 2.5683181285858154 1.2845914363861084 5.797549247741699
    vertex 3.756298780441284 1.2917935848236084 5.749009132385254
    vertex 2.561119794845581 1.2917935848236084 5.749009132385254
  endloop
endfacet
facet normal 0.0 0.0 0.0
  outer loop
    vertex 3.720646619796753 1.2561414241790771 5.891339302062988
    vertex 3.749096632003784 1.2845914363861084 5.797549247741699
    vertex 2.5967681407928467 1.2561414241790771 5.891339302062988
  endloop
endfacet
facet normal 0.0 0.0 0.0
  outer loop
    vertex 2.5967681407928467 1.2561414241790771 5.891339302062988
    vertex 3.749096632003784 1.2845914363861084 5.797549247741699
    vertex 2.5683181285858154 1.2845914363861084 5.797549247741699
  endloop
endfacet
facet normal 0.0 0.0 0.0
  outer loop
    vertex 3.6744391918182373 1.2099339962005615 5.977789402008057
    vertex 3.720646619796753 1.2561414241790771 5.891339302062988
    vertex 2.642979383468628 1.2099339962005615 5.977789402008057
  endloop
endfacet
facet normal 0.0 0.0 0.0
  outer loop
    vertex 2.642979383468628 1.2099339962005615 5.977789402008057
    vertex 3.720646619796753 1.2561414241790771 5.891339302062988
    vertex 2.5967681407928467 1.2561414241790771 5.891339302062988
  endloop
endfacet
facet normal 0.0 0.0 0.0
  outer loop
    vertex 2.7051589488983154 1.147754430770874 6.053548812866211
    vertex 3.61225962638855 1.147754430770874 6.053548812866211
    vertex 2.642979383468628 1.2099339962005615 5.977789402008057
  endloop
endfacet
facet normal 0.0 0.0 0.0
  outer loop
    vertex 2.642979383468628 1.2099339962005615 5.977789402008057
    vertex 3.61225962638855 1.147754430770874 6.053548812866211
    vertex 3.6744391918182373 1.2099339962005615 5.977789402008057
  endloop
endfacet
facet normal 0.0 0.0 0.0
  outer loop
    vertex 2.780918836593628 1.0719945430755615 6.115729331970215
    vertex 3.5364997386932373 1.0719945430755615 6.115729331970215
    vertex 2.7051589488983154 1.147754430770874 6.053548812866211
  endloop
endfacet
facet normal 0.0 0.0 0.0
  outer loop
    vertex 2.7051589488983154 1.147754430770874 6.053548812866211
    vertex 3.5364997386932373 1.0719945430755615 6.115729331970215
    vertex 3.61225962638855 1.147754430770874 6.053548812866211
  endloop
endfacet
facet normal 0.0 0.0 0.0
  outer loop
    vertex 2.8673675060272217 0.9855421185493469 6.16193962097168
    vertex 3.450047254562378 0.9855421185493469 6.16193962097168
    vertex 2.780918836593628 1.0719945430755615 6.115729331970215
  endloop
endfacet
facet normal 0.0 0.0 0.0
  outer loop
    vertex 2.780918836593628 1.0719945430755615 6.115729331970215
    vertex 3.450047254562378 0.9855421185493469 6.16193962097168
    vertex 3.5364997386932373 1.0719945430755615 6.115729331970215
  endloop
endfacet
facet normal 0.0 0.0 0.0
  outer loop
    vertex 2.9611594676971436 0.8917539715766907 6.190389633178711
    vertex 3.3562591075897217 0.8917539715766907 6.190389633178711
    vertex 2.8673675060272217 0.9855421185493469 6.16193962097168
  endloop
endfacet
facet normal 0.0 0.0 0.0
  outer loop
    vertex 2.8673675060272217 0.9855421185493469 6.16193962097168
    vertex 3.3562591075897217 0.8917539715766907 6.190389633178711
    vertex 3.450047254562378 0.9855421185493469 6.16193962097168
  endloop
endfacet
facet normal 0.0 0.0 0.0
  outer loop
    vertex 3.058708906173706 0.794204592704773 6.19999885559082
    vertex 3.258709669113159 0.794204592704773 6.19999885559082
    vertex 2.9611594676971436 0.8917539715766907 6.190389633178711
  endloop
endfacet
facet normal 0.0 0.0 0.0
  outer loop
    vertex 2.9611594676971436 0.8917539715766907 6.190389633178711
    vertex 3.258709669113159 0.794204592704773 6.19999885559082
    vertex 3.3562591075897217 0.8917539715766907 6.190389633178711
  endloop
endfacet
facet normal 0.0 0.0 0.0
  outer loop
    vertex 3.756298780441284 -1.7033878564834595 5.749009132385254
    vertex 3.758709669113159 -1.7057949304580688 5.6999993324279785
    vertex 3.756298780441284 1.2917935848236084 5.749009132385254
  endloop
endfacet
facet normal 0.0 0.0 0.0
  outer loop
    vertex 3.756298780441284 1.2917935848236084 5.749009132385254
    vertex 3.758709669113159 -1.7057949304580688 5.6999993324279785
    vertex 3.758709669113159 1.2942044734954834 5.6999993324279785
  endloop
endfacet
facet normal 0.0 0.0 0.0
  outer loop
    vertex 3.749096632003784 -1.6961857080459595 5.797549247741699
    vertex 3.756298780441284 -1.7033878564834595 5.749009132385254
    vertex 3.749096632003784 1.2845914363861084 5.797549247741699
  endloop
endfacet
facet normal 0.0 0.0 0.0
  outer loop
    vertex 3.749096632003784 1.2845914363861084 5.797549247741699
    vertex 3.756298780441284 -1.7033878564834595 5.749009132385254
    vertex 3.756298780441284 1.2917935848236084 5.749009132385254
  endloop
endfacet
facet normal 0.0 0.0 0.0
  outer loop
    vertex 3.720646619796753 -1.6677356958389282 5.891339302062988
    vertex 3.749096632003784 -1.6961857080459595 5.797549247741699
    vertex 3.720646619796753 1.2561414241790771 5.891339302062988
  endloop
endfacet
facet normal 0.0 0.0 0.0
  outer loop
    vertex 3.720646619796753 1.2561414241790771 5.891339302062988
    vertex 3.749096632003784 -1.6961857080459595 5.797549247741699
    vertex 3.749096632003784 1.2845914363861084 5.797549247741699
  endloop
endfacet
facet normal 0.0 0.0 0.0
  outer loop
    vertex 3.6744391918182373 -1.6215283870697021 5.977789402008057
    vertex 3.720646619796753 -1.6677356958389282 5.891339302062988
    vertex 3.6744391918182373 1.2099339962005615 5.977789402008057
  endloop
endfacet
facet normal 0.0 0.0 0.0
  outer loop
    vertex 3.6744391918182373 1.2099339962005615 5.977789402008057
    vertex 3.720646619796753 -1.6677356958389282 5.891339302062988
    vertex 3.720646619796753 1.2561414241790771 5.891339302062988
  endloop
endfacet
facet normal 0.0 0.0 0.0
  outer loop
    vertex 3.61225962638855 -1.559345006942749 6.053548812866211
    vertex 3.6744391918182373 -1.6215283870697021 5.977789402008057
    vertex 3.61225962638855 1.147754430770874 6.053548812866211
  endloop
endfacet
facet normal 0.0 0.0 0.0
  outer loop
    vertex 3.61225962638855 1.147754430770874 6.053548812866211
    vertex 3.6744391918182373 -1.6215283870697021 5.977789402008057
    vertex 3.6744391918182373 1.2099339962005615 5.977789402008057
  endloop
endfacet
facet normal 0.0 0.0 0.0
  outer loop
    vertex 3.5364997386932373 -1.4835851192474365 6.115729331970215
    vertex 3.61225962638855 -1.559345006942749 6.053548812866211
    vertex 3.5364997386932373 1.0719945430755615 6.115729331970215
  endloop
endfacet
facet normal 0.0 0.0 0.0
  outer loop
    vertex 3.5364997386932373 1.0719945430755615 6.115729331970215
    vertex 3.61225962638855 -1.559345006942749 6.053548812866211
    vertex 3.61225962638855 1.147754430770874 6.053548812866211
  endloop
endfacet
facet normal 0.0 0.0 0.0
  outer loop
    vertex 3.450047254562378 -1.3971364498138428 6.16193962097168
    vertex 3.5364997386932373 -1.4835851192474365 6.115729331970215
    vertex 3.450047254562378 0.9855421185493469 6.16193962097168
  endloop
endfacet
facet normal 0.0 0.0 0.0
  outer loop
    vertex 3.450047254562378 0.9855421185493469 6.16193962097168
    vertex 3.5364997386932373 -1.4835851192474365 6.115729331970215
    vertex 3.5364997386932373 1.0719945430755615 6.115729331970215
  endloop
endfacet
facet normal 0.0 0.0 0.0
  outer loop
    vertex 3.3562591075897217 -1.3033483028411865 6.190389633178711
    vertex 3.450047254562378 -1.3971364498138428 6.16193962097168
    vertex 3.3562591075897217 0.8917539715766907 6.190389633178711
  endloop
endfacet
facet normal 0.0 0.0 0.0
  outer loop
    vertex 3.3562591075897217 0.8917539715766907 6.190389633178711
    vertex 3.450047254562378 -1.3971364498138428 6.16193962097168
    vertex 3.450047254562378 0.9855421185493469 6.16193962097168
  endloop
endfacet
facet normal 0.0 0.0 0.0
  outer loop
    vertex 3.258709669113159 -1.2057950496673584 6.19999885559082
    vertex 3.3562591075897217 -1.3033483028411865 6.190389633178711
    vertex 3.258709669113159 0.794204592704773 6.19999885559082
  endloop
endfacet
facet normal 0.0 0.0 0.0
  outer loop
    vertex 3.258709669113159 0.794204592704773 6.19999885559082
    vertex 3.3562591075897217 -1.3033483028411865 6.190389633178711
    vertex 3.3562591075897217 0.8917539715766907 6.190389633178711
  endloop
endfacet
facet normal 0.0 0.0 0.0
  outer loop
    vertex 3.756298780441284 -1.7033878564834595 5.749009132385254
    vertex 2.561119794845581 -1.7033878564834595 5.749009132385254
    vertex 3.758709669113159 -1.7057949304580688 5.6999993324279785
  endloop
endfacet
facet normal 0.0 0.0 0.0
  outer loop
    vertex 3.758709669113159 -1.7057949304580688 5.6999993324279785
    vertex 2.561119794845581 -1.7033878564834595 5.749009132385254
    vertex 2.558708906173706 -1.7057949304580688 5.6999993324279785
  endloop
endfacet
facet normal 0.0 0.0 0.0
  outer loop
    vertex 3.749096632003784 -1.6961857080459595 5.797549247741699
    vertex 2.5683181285858154 -1.6961857080459595 5.797549247741699
    vertex 3.756298780441284 -1.7033878564834595 5.749009132385254
  endloop
endfacet
facet normal 0.0 0.0 0.0
  outer loop
    vertex 3.756298780441284 -1.7033878564834595 5.749009132385254
    vertex 2.5683181285858154 -1.6961857080459595 5.797549247741699
    vertex 2.561119794845581 -1.7033878564834595 5.749009132385254
  endloop
endfacet
facet normal 0.0 0.0 0.0
  outer loop
    vertex 3.720646619796753 -1.6677356958389282 5.891339302062988
    vertex 2.5967681407928467 -1.6677356958389282 5.891339302062988
    vertex 3.749096632003784 -1.6961857080459595 5.797549247741699
  endloop
endfacet
facet normal 0.0 0.0 0.0
  outer loop
    vertex 3.749096632003784 -1.6961857080459595 5.797549247741699
    vertex 2.5967681407928467 -1.6677356958389282 5.891339302062988
    vertex 2.5683181285858154 -1.6961857080459595 5.797549247741699
  endloop
endfacet
facet normal 0.0 0.0 0.0
  outer loop
    vertex 3.6744391918182373 -1.6215283870697021 5.977789402008057
    vertex 2.642979383468628 -1.6215283870697021 5.977789402008057
    vertex 3.720646619796753 -1.6677356958389282 5.891339302062988
  endloop
endfacet
facet normal 0.0 0.0 0.0
  outer loop
    vertex 3.720646619796753 -1.6677356958389282 5.891339302062988
    vertex 2.642979383468628 -1.6215283870697021 5.977789402008057
    vertex 2.5967681407928467 -1.6677356958389282 5.891339302062988
  endloop
endfacet
facet normal 0.0 0.0 0.0
  outer loop
    vertex 2.7051589488983154 -1.559345006942749 6.053548812866211
    vertex 2.642979383468628 -1.6215283870697021 5.977789402008057
    vertex 3.61225962638855 -1.559345006942749 6.053548812866211
  endloop
endfacet
facet normal 0.0 0.0 0.0
  outer loop
    vertex 3.61225962638855 -1.559345006942749 6.053548812866211
    vertex 2.642979383468628 -1.6215283870697021 5.977789402008057
    vertex 3.6744391918182373 -1.6215283870697021 5.977789402008057
  endloop
endfacet
facet normal 0.0 0.0 0.0
  outer loop
    vertex 3.5364997386932373 -1.4835851192474365 6.115729331970215
    vertex 2.780918836593628 -1.4835851192474365 6.115729331970215
    vertex 3.61225962638855 -1.559345006942749 6.053548812866211
  endloop
endfacet
facet normal 0.0 0.0 0.0
  outer loop
    vertex 3.61225962638855 -1.559345006942749 6.053548812866211
    vertex 2.780918836593628 -1.4835851192474365 6.115729331970215
    vertex 2.7051589488983154 -1.559345006942749 6.053548812866211
  endloop
endfacet
facet normal 0.0 0.0 0.0
  outer loop
    vertex 3.450047254562378 -1.3971364498138428 6.16193962097168
    vertex 2.8673675060272217 -1.3971364498138428 6.16193962097168
    vertex 3.5364997386932373 -1.4835851192474365 6.115729331970215
  endloop
endfacet
facet normal 0.0 0.0 0.0
  outer loop
    vertex 3.5364997386932373 -1.4835851192474365 6.115729331970215
    vertex 2.8673675060272217 -1.3971364498138428 6.16193962097168
    vertex 2.780918836593628 -1.4835851192474365 6.115729331970215
  endloop
endfacet
facet normal 0.0 0.0 0.0
  outer loop
    vertex 3.3562591075897217 -1.3033483028411865 6.190389633178711
    vertex 2.9611594676971436 -1.3033483028411865 6.190389633178711
    vertex 3.450047254562378 -1.3971364498138428 6.16193962097168
  endloop
endfacet
facet normal 0.0 0.0 0.0
  outer loop
    vertex 3.450047254562378 -1.3971364498138428 6.16193962097168
    vertex 2.9611594676971436 -1.3033483028411865 6.190389633178711
    vertex 2.8673675060272217 -1.3971364498138428 6.16193962097168
  endloop
endfacet
facet normal 0.0 0.0 0.0
  outer loop
    vertex 3.258709669113159 -1.2057950496673584 6.19999885559082
    vertex 3.058708906173706 -1.2057950496673584 6.19999885559082
    vertex 3.3562591075897217 -1.3033483028411865 6.190389633178711
  endloop
endfacet
facet normal 0.0 0.0 0.0
  outer loop
    vertex 3.3562591075897217 -1.3033483028411865 6.190389633178711
    vertex 3.058708906173706 -1.2057950496673584 6.19999885559082
    vertex 2.9611594676971436 -1.3033483028411865 6.190389633178711
  endloop
endfacet
facet normal 0.0 0.0 0.0
  outer loop
    vertex 2.561119794845581 -1.7033878564834595 5.749009132385254
    vertex 2.561119794845581 1.2917935848236084 5.749009132385254
    vertex 2.558708906173706 -1.7057949304580688 5.6999993324279785
  endloop
endfacet
facet normal 0.0 0.0 0.0
  outer loop
    vertex 2.558708906173706 -1.7057949304580688 5.6999993324279785
    vertex 2.561119794845581 1.2917935848236084 5.749009132385254
    vertex 2.558708906173706 1.2942044734954834 5.6999993324279785
  endloop
endfacet
facet normal 0.0 0.0 0.0
  outer loop
    vertex 2.5683181285858154 -1.6961857080459595 5.797549247741699
    vertex 2.5683181285858154 1.2845914363861084 5.797549247741699
    vertex 2.561119794845581 -1.7033878564834595 5.749009132385254
  endloop
endfacet
facet normal 0.0 0.0 0.0
  outer loop
    vertex 2.561119794845581 -1.7033878564834595 5.749009132385254
    vertex 2.5683181285858154 1.2845914363861084 5.797549247741699
    vertex 2.561119794845581 1.2917935848236084 5.749009132385254
  endloop
endfacet
facet normal 0.0 0.0 0.0
  outer loop
    vertex 2.5967681407928467 -1.6677356958389282 5.891339302062988
    vertex 2.5967681407928467 1.2561414241790771 5.891339302062988
    vertex 2.5683181285858154 -1.6961857080459595 5.797549247741699
  endloop
endfacet
facet normal 0.0 0.0 0.0
  outer loop
    vertex 2.5683181285858154 -1.6961857080459595 5.797549247741699
    vertex 2.5967681407928467 1.2561414241790771 5.891339302062988
    vertex 2.5683181285858154 1.2845914363861084 5.797549247741699
  endloop
endfacet
facet normal 0.0 0.0 0.0
  outer loop
    vertex 2.642979383468628 -1.6215283870697021 5.977789402008057
    vertex 2.642979383468628 1.2099339962005615 5.977789402008057
    vertex 2.5967681407928467 -1.6677356958389282 5.891339302062988
  endloop
endfacet
facet normal 0.0 0.0 0.0
  outer loop
    vertex 2.5967681407928467 -1.6677356958389282 5.891339302062988
    vertex 2.642979383468628 1.2099339962005615 5.977789402008057
    vertex 2.5967681407928467 1.2561414241790771 5.891339302062988
  endloop
endfacet
facet normal 0.0 0.0 0.0
  outer loop
    vertex 2.7051589488983154 -1.559345006942749 6.053548812866211
    vertex 2.7051589488983154 1.147754430770874 6.053548812866211
    vertex 2.642979383468628 -1.6215283870697021 5.977789402008057
  endloop
endfacet
facet normal 0.0 0.0 0.0
  outer loop
    vertex 2.642979383468628 -1.6215283870697021 5.977789402008057
    vertex 2.7051589488983154 1.147754430770874 6.053548812866211
    vertex 2.642979383468628 1.2099339962005615 5.977789402008057
  endloop
endfacet
facet normal 0.0 0.0 0.0
  outer loop
    vertex 2.780918836593628 -1.4835851192474365 6.115729331970215
    vertex 2.780918836593628 1.0719945430755615 6.115729331970215
    vertex 2.7051589488983154 -1.559345006942749 6.053548812866211
  endloop
endfacet
facet normal 0.0 0.0 0.0
  outer loop
    vertex 2.7051589488983154 -1.559345006942749 6.053548812866211
    vertex 2.780918836593628 1.0719945430755615 6.115729331970215
    vertex 2.7051589488983154 1.147754430770874 6.053548812866211
  endloop
endfacet
facet normal 0.0 0.0 0.0
  outer loop
    vertex 2.8673675060272217 -1.3971364498138428 6.16193962097168
    vertex 2.8673675060272217 0.9855421185493469 6.16193962097168
    vertex 2.780918836593628 -1.4835851192474365 6.115729331970215
  endloop
endfacet
facet normal 0.0 0.0 0.0
  outer loop
    vertex 2.780918836593628 -1.4835851192474365 6.115729331970215
    vertex 2.8673675060272217 0.9855421185493469 6.16193962097168
    vertex 2.780918836593628 1.0719945430755615 6.115729331970215
  endloop
endfacet
facet normal 0.0 0.0 0.0
  outer loop
    vertex 2.9611594676971436 -1.3033483028411865 6.190389633178711
    vertex 2.9611594676971436 0.8917539715766907 6.190389633178711
    vertex 2.8673675060272217 -1.3971364498138428 6.16193962097168
  endloop
endfacet
facet normal 0.0 0.0 0.0
  outer loop
    vertex 2.8673675060272217 -1.3971364498138428 6.16193962097168
    vertex 2.9611594676971436 0.8917539715766907 6.190389633178711
    vertex 2.8673675060272217 0.9855421185493469 6.16193962097168
  endloop
endfacet
facet normal 0.0 0.0 0.0
  outer loop
    vertex 3.058708906173706 -1.2057950496673584 6.19999885559082
    vertex 3.058708906173706 0.794204592704773 6.19999885559082
    vertex 2.9611594676971436 -1.3033483028411865 6.190389633178711
  endloop
endfacet
facet normal 0.0 0.0 0.0
  outer loop
    vertex 2.9611594676971436 -1.3033483028411865 6.190389633178711
    vertex 3.058708906173706 0.794204592704773 6.19999885559082
    vertex 2.9611594676971436 0.8917539715766907 6.190389633178711
  endloop
endfacet
facet normal 0.0 0.0 0.0
  outer loop
    vertex -1.943701982498169 -1.7033878564834595 5.749009132385254
    vertex -1.941291093826294 -1.7057949304580688 5.6999993324279785
    vertex -1.943701982498169 1.2917935848236084 5.749009132385254
  endloop
endfacet
facet normal 0.0 0.0 0.0
  outer loop
    vertex -1.943701982498169 1.2917935848236084 5.749009132385254
    vertex -1.941291093826294 -1.7057949304580688 5.6999993324279785
    vertex -1.941291093826294 1.2942044734954834 5.6999993324279785
  endloop
endfacet
facet normal 0.0 0.0 0.0
  outer loop
    vertex -1.9509003162384033 -1.6961857080459595 5.797549247741699
    vertex -1.943701982498169 -1.7033878564834595 5.749009132385254
    vertex -1.9509003162384033 1.2845914363861084 5.797549247741699
  endloop
endfacet
facet normal 0.0 0.0 0.0
  outer loop
    vertex -1.9509003162384033 1.2845914363861084 5.797549247741699
    vertex -1.943701982498169 -1.7033878564834595 5.749009132385254
    vertex -1.943701982498169 1.2917935848236084 5.749009132385254
  endloop
endfacet
facet normal 0.0 0.0 0.0
  outer loop
    vertex -1.9793503284454346 -1.6677356958389282 5.891339302062988
    vertex -1.9509003162384033 -1.6961857080459595 5.797549247741699
    vertex -1.9793503284454346 1.2561414241790771 5.891339302062988
  endloop
endfacet
facet normal 0.0 0.0 0.0
  outer loop
    vertex -1.9793503284454346 1.2561414241790771 5.891339302062988
    vertex -1.9509003162384033 -1.6961857080459595 5.797549247741699
    vertex -1.9509003162384033 1.2845914363861084 5.797549247741699
  endloop
endfacet
facet normal 0.0 0.0 0.0
  outer loop
    vertex -2.025561571121216 -1.6215283870697021 5.977789402008057
    vertex -1.9793503284454346 -1.6677356958389282 5.891339302062988
    vertex -2.025561571121216 1.2099339962005615 5.977789402008057
  endloop
endfacet
facet normal 0.0 0.0 0.0
  outer loop
    vertex -2.025561571121216 1.2099339962005615 5.977789402008057
    vertex -1.9793503284454346 -1.6677356958389282 5.891339302062988
    vertex -1.9793503284454346 1.2561414241790771 5.891339302062988
  endloop
endfacet
facet normal 0.0 0.0 0.0
  outer loop
    vertex -2.0877411365509033 -1.559345006942749 6.053548812866211
    vertex -2.025561571121216 -1.6215283870697021 5.977789402008057
    vertex -2.0877411365509033 1.147754430770874 6.053548812866211
  endloop
endfacet
facet normal 0.0 0.0 0.0
  outer loop
    vertex -2.0877411365509033 1.147754430770874 6.053548812866211
    vertex -2.025561571121216 -1.6215283870697021 5.977789402008057
    vertex -2.025561571121216 1.2099339962005615 5.977789402008057
  endloop
endfacet
facet normal 0.0 0.0 0.0
  outer loop
    vertex -2.163501024246216 -1.4835851192474365 6.115729331970215
    vertex -2.0877411365509033 -1.559345006942749 6.053548812866211
    vertex -2.163501024246216 1.0719945430755615 6.115729331970215
  endloop
endfacet
facet normal 0.0 0.0 0.0
  outer loop
    vertex -2.163501024246216 1.0719945430755615 6.115729331970215
    vertex -2.0877411365509033 -1.559345006942749 6.053548812866211
    vertex -2.0877411365509033 1.147754430770874 6.053548812866211
  endloop
endfacet
facet normal 0.0 0.0 0.0
  outer loop
    vertex -2.2499496936798096 -1.3971364498138428 6.16193962097168
    vertex -2.163501024246216 -1.4835851192474365 6.115729331970215
    vertex -2.2499496936798096 0.9855421185493469 6.16193962097168
  endloop
endfacet
facet normal 0.0 0.0 0.0
  outer loop
    vertex -2.2499496936798096 0.9855421185493469 6.16193962097168
    vertex -2.163501024246216 -1.4835851192474365 6.115729331970215
    vertex -2.163501024246216 1.0719945430755615 6.115729331970215
  endloop
endfacet
facet normal 0.0 0.0 0.0
  outer loop
    vertex -2.3437416553497314 -1.3033483028411865 6.190389633178711
    vertex -2.2499496936798096 -1.3971364498138428 6.16193962097168
    vertex -2.3437416553497314 0.8917539715766907 6.190389633178711
  endloop
endfacet
facet normal 0.0 0.0 0.0
  outer loop
    vertex -2.3437416553497314 0.8917539715766907 6.190389633178711
    vertex -2.2499496936798096 -1.3971364498138428 6.16193962097168
    vertex -2.2499496936798096 0.9855421185493469 6.16193962097168
  endloop
endfacet
facet normal 0.0 0.0 0.0
  outer loop
    vertex -2.441291093826294 -1.2057950496673584 6.19999885559082
    vertex -2.3437416553497314 -1.3033483028411865 6.190389633178711
    vertex -2.441291093826294 0.794204592704773 6.19999885559082
  endloop
endfacet
facet normal 0.0 0.0 0.0
  outer loop
    vertex -2.441291093826294 0.794204592704773 6.19999885559082
    vertex -2.3437416553497314 -1.3033483028411865 6.190389633178711
    vertex -2.3437416553497314 0.8917539715766907 6.190389633178711
  endloop
endfacet
facet normal 0.0 0.0 0.0
  outer loop
    vertex 3.758709669113159 1.2942044734954834 5.6999993324279785
    vertex 3.758709669113159 1.2942044734954834 3.0999999046325684
    vertex 2.558708906173706 1.2942044734954834 5.6999993324279785
  endloop
endfacet
facet normal 0.0 0.0 0.0
  outer loop
    vertex 2.558708906173706 1.2942044734954834 5.6999993324279785
    vertex 3.758709669113159 1.2942044734954834 3.0999999046325684
    vertex 2.558708906173706 1.2942044734954834 3.0999999046325684
  endloop
endfacet
facet normal 0.0 0.0 0.0
  outer loop
    vertex 3.758709669113159 -1.7057949304580688 5.6999993324279785
    vertex 3.758709669113159 -1.7057949304580688 3.0999996662139893
    vertex 3.758709669113159 1.2942044734954834 5.6999993324279785
  endloop
endfacet
facet normal 0.0 0.0 0.0
  outer loop
    vertex 3.758709669113159 1.2942044734954834 5.6999993324279785
    vertex 3.758709669113159 -1.7057949304580688 3.0999996662139893
    vertex 3.758709669113159 1.2942044734954834 3.0999999046325684
  endloop
endfacet
facet normal 0.0 0.0 0.0
  outer loop
    vertex 2.558708906173706 -1.7057949304580688 5.6999993324279785
    vertex 2.558708906173706 -1.7057949304580688 3.0999996662139893
    vertex 3.758709669113159 -1.7057949304580688 5.6999993324279785
  endloop
endfacet
facet normal 0.0 0.0 0.0
  outer loop
    vertex 3.758709669113159 -1.7057949304580688 5.6999993324279785
    vertex 2.558708906173706 -1.7057949304580688 3.0999996662139893
    vertex 3.758709669113159 -1.7057949304580688 3.0999996662139893
  endloop
endfacet
facet normal 0.0 0.0 0.0
  outer loop
    vertex 2.558708906173706 1.2942044734954834 5.6999993324279785
    vertex 2.558708906173706 1.2942044734954834 3.0999999046325684
    vertex 2.558708906173706 -1.7057949304580688 5.6999993324279785
  endloop
endfacet
facet normal 0.0 0.0 0.0
  outer loop
    vertex 2.558708906173706 -1.7057949304580688 5.6999993324279785
    vertex 2.558708906173706 1.2942044734954834 3.0999999046325684
    vertex 2.558708906173706 -1.7057949304580688 3.0999996662139893
  endloop
endfacet
facet normal 0.0 0.0 0.0
  outer loop
    vertex -1.141291856765747 -2.9057955741882324 2.999999761581421
    vertex -1.141291856765747 -2.9057955741882324 3.0999996662139893
    vertex -1.141291856765747 -2.3057971000671387 2.999999761581421
  endloop
endfacet
facet normal 0.0 0.0 0.0
  outer loop
    vertex -1.141291856765747 -2.3057971000671387 2.999999761581421
    vertex -1.141291856765747 -2.9057955741882324 3.0999996662139893
    vertex -1.141291856765747 -2.3057971000671387 3.0999996662139893
  endloop
endfacet
facet normal 0.0 0.0 0.0
  outer loop
    vertex -1.141291856765747 -2.3057971000671387 2.999999761581421
    vertex -1.141291856765747 -2.3057971000671387 3.0999996662139893
    vertex -4.141291618347168 -2.3057971000671387 2.999999761581421
  endloop
endfacet
facet normal 0.0 0.0 0.0
  outer loop
    vertex -4.141291618347168 -2.3057971000671387 2.999999761581421
    vertex -1.141291856765747 -2.3057971000671387 3.0999996662139893
    vertex -4.141291618347168 -2.3057971000671387 3.0999996662139893
  endloop
endfacet
facet normal 0.0 0.0 0.0
  outer loop
    vertex -4.2448225021362305 -2.2921671867370605 2.999999761581421
    vertex -4.243922233581543 -2.292285442352295 2.999999761581421
    vertex -4.2448225021362305 -2.2921671867370605 3.0999996662139893
  endloop
endfacet
facet normal 0.0 0.0 0.0
  outer loop
    vertex -4.2448225021362305 -2.2921671867370605 3.0999996662139893
    vertex -4.243922233581543 -2.292285442352295 2.999999761581421
    vertex -4.141291618347168 -2.3057971000671387 3.0999996662139893
  endloop
endfacet
facet normal 0.0 0.0 0.0
  outer loop
    vertex -4.141291618347168 -2.3057971000671387 3.0999996662139893
    vertex -4.243922233581543 -2.292285442352295 2.999999761581421
    vertex -4.1416730880737305 -2.3057475090026855 2.999999761581421
  endloop
endfacet
facet normal 0.0 0.0 0.0
  outer loop
    vertex -4.141291618347168 -2.3057971000671387 3.0999996662139893
    vertex -4.1416730880737305 -2.3057475090026855 2.999999761581421
    vertex -4.141291618347168 -2.3057971000671387 2.999999761581421
  endloop
endfacet
facet normal 0.0 0.0 0.0
  outer loop
    vertex -4.341292381286621 -2.2522082328796387 2.999999761581421
    vertex -4.339472770690918 -2.252955913543701 2.999999761581421
    vertex -4.341292381286621 -2.2522082328796387 3.0999996662139893
  endloop
endfacet
facet normal 0.0 0.0 0.0
  outer loop
    vertex -4.341292381286621 -2.2522082328796387 3.0999996662139893
    vertex -4.339472770690918 -2.252955913543701 2.999999761581421
    vertex -4.2448225021362305 -2.2921671867370605 3.0999996662139893
  endloop
endfacet
facet normal 0.0 0.0 0.0
  outer loop
    vertex -4.2448225021362305 -2.2921671867370605 3.0999996662139893
    vertex -4.339472770690918 -2.252955913543701 2.999999761581421
    vertex -4.245673179626465 -2.291816234588623 2.999999761581421
  endloop
endfacet
facet normal 0.0 0.0 0.0
  outer loop
    vertex -4.2448225021362305 -2.2921671867370605 3.0999996662139893
    vertex -4.245673179626465 -2.291816234588623 2.999999761581421
    vertex -4.2448225021362305 -2.2921671867370605 2.999999761581421
  endloop
endfacet
facet normal 0.0 0.0 0.0
  outer loop
    vertex -4.424132347106934 -2.188636302947998 2.999999761581421
    vertex -4.421339988708496 -2.1907763481140137 2.999999761581421
    vertex -4.424132347106934 -2.188636302947998 3.0999996662139893
  endloop
endfacet
facet normal 0.0 0.0 0.0
  outer loop
    vertex -4.424132347106934 -2.188636302947998 3.0999996662139893
    vertex -4.421339988708496 -2.1907763481140137 2.999999761581421
    vertex -4.341292381286621 -2.2522082328796387 3.0999996662139893
  endloop
endfacet
facet normal 0.0 0.0 0.0
  outer loop
    vertex -4.341292381286621 -2.2522082328796387 3.0999996662139893
    vertex -4.421339988708496 -2.1907763481140137 2.999999761581421
    vertex -4.342890739440918 -2.250976085662842 2.999999761581421
  endloop
endfacet
facet normal 0.0 0.0 0.0
  outer loop
    vertex -4.341292381286621 -2.2522082328796387 3.0999996662139893
    vertex -4.342890739440918 -2.250976085662842 2.999999761581421
    vertex -4.341292381286621 -2.2522082328796387 2.999999761581421
  endloop
endfacet
facet normal 0.0 0.0 0.0
  outer loop
    vertex -4.487700462341309 -2.1057963371276855 2.999999761581421
    vertex -4.484320640563965 -2.110206127166748 2.999999761581421
    vertex -4.487700462341309 -2.1057963371276855 3.0999996662139893
  endloop
endfacet
facet normal 0.0 0.0 0.0
  outer loop
    vertex -4.487700462341309 -2.1057963371276855 3.0999996662139893
    vertex -4.484320640563965 -2.110206127166748 2.999999761581421
    vertex -4.424132347106934 -2.188636302947998 3.0999996662139893
  endloop
endfacet
facet normal 0.0 0.0 0.0
  outer loop
    vertex -4.424132347106934 -2.188636302947998 3.0999996662139893
    vertex -4.484320640563965 -2.110206127166748 2.999999761581421
    vertex -4.426352500915527 -2.1857447624206543 2.999999761581421
  endloop
endfacet
facet normal 0.0 0.0 0.0
  outer loop
    vertex -4.424132347106934 -2.188636302947998 3.0999996662139893
    vertex -4.426352500915527 -2.1857447624206543 2.999999761581421
    vertex -4.424132347106934 -2.188636302947998 2.999999761581421
  endloop
endfacet
facet normal 0.0 0.0 0.0
  outer loop
    vertex -4.527663230895996 -2.009326457977295 2.999999761581421
    vertex -4.524622917175293 -2.0166468620300293 2.999999761581421
    vertex -4.527663230895996 -2.009326457977295 3.0999996662139893
  endloop
endfacet
facet normal 0.0 0.0 0.0
  outer loop
    vertex -4.527663230895996 -2.009326457977295 3.0999996662139893
    vertex -4.524622917175293 -2.0166468620300293 2.999999761581421
    vertex -4.487700462341309 -2.1057963371276855 3.0999996662139893
  endloop
endfacet
facet normal 0.0 0.0 0.0
  outer loop
    vertex -4.487700462341309 -2.1057963371276855 3.0999996662139893
    vertex -4.524622917175293 -2.0166468620300293 2.999999761581421
    vertex -4.489920616149902 -2.1004366874694824 2.999999761581421
  endloop
endfacet
facet normal 0.0 0.0 0.0
  outer loop
    vertex -4.487700462341309 -2.1057963371276855 3.0999996662139893
    vertex -4.489920616149902 -2.1004366874694824 2.999999761581421
    vertex -4.487700462341309 -2.1057963371276855 2.999999761581421
  endloop
endfacet
facet normal 0.0 0.0 0.0
  outer loop
    vertex -4.541293144226074 -1.905795693397522 2.999999761581421
    vertex -4.539912223815918 -1.9162479639053345 2.999999761581421
    vertex -4.541293144226074 -1.905795693397522 3.0999996662139893
  endloop
endfacet
facet normal 0.0 0.0 0.0
  outer loop
    vertex -4.541293144226074 -1.905795693397522 3.0999996662139893
    vertex -4.539912223815918 -1.9162479639053345 2.999999761581421
    vertex -4.527663230895996 -2.009326457977295 3.0999996662139893
  endloop
endfacet
facet normal 0.0 0.0 0.0
  outer loop
    vertex -4.527663230895996 -2.009326457977295 3.0999996662139893
    vertex -4.539912223815918 -1.9162479639053345 2.999999761581421
    vertex -4.528750419616699 -2.001067638397217 2.999999761581421
  endloop
endfacet
facet normal 0.0 0.0 0.0
  outer loop
    vertex -4.527663230895996 -2.009326457977295 3.0999996662139893
    vertex -4.528750419616699 -2.001067638397217 2.999999761581421
    vertex -4.527663230895996 -2.009326457977295 2.999999761581421
  endloop
endfacet
facet normal 0.0 0.0 0.0
  outer loop
    vertex -4.541293144226074 -1.905795693397522 2.999999761581421
    vertex -4.541293144226074 -1.905795693397522 3.0999996662139893
    vertex -4.541293144226074 1.494201421737671 2.999999761581421
  endloop
endfacet
facet normal 0.0 0.0 0.0
  outer loop
    vertex -4.541293144226074 1.494201421737671 2.999999761581421
    vertex -4.541293144226074 -1.905795693397522 3.0999996662139893
    vertex -4.541293144226074 1.494201421737671 3.0999999046325684
  endloop
endfacet
facet normal 0.0 0.0 0.0
  outer loop
    vertex -4.527663230895996 1.5977323055267334 2.999999761581421
    vertex -4.528841972351074 1.588794469833374 2.999999761581421
    vertex -4.527663230895996 1.5977323055267334 3.0999999046325684
  endloop
endfacet
facet normal 0.0 0.0 0.0
  outer loop
    vertex -4.527663230895996 1.5977323055267334 3.0999999046325684
    vertex -4.528841972351074 1.588794469833374 2.999999761581421
    vertex -4.53989315032959 1.5048329830169678 2.999999761581421
  endloop
endfacet
facet normal 0.0 0.0 0.0
  outer loop
    vertex -4.527663230895996 1.5977323055267334 3.0999999046325684
    vertex -4.53989315032959 1.5048329830169678 2.999999761581421
    vertex -4.541293144226074 1.494201421737671 3.0999999046325684
  endloop
endfacet
facet normal 0.0 0.0 0.0
  outer loop
    vertex -4.541293144226074 1.494201421737671 3.0999999046325684
    vertex -4.53989315032959 1.5048329830169678 2.999999761581421
    vertex -4.541293144226074 1.494201421737671 2.999999761581421
  endloop
endfacet
facet normal 0.0 0.0 0.0
  outer loop
    vertex -4.487700462341309 1.6942020654678345 2.999999761581421
    vertex -4.490302085876465 1.6879116296768188 2.999999761581421
    vertex -4.487700462341309 1.6942020654678345 3.0999999046325684
  endloop
endfacet
facet normal 0.0 0.0 0.0
  outer loop
    vertex -4.487700462341309 1.6942020654678345 3.0999999046325684
    vertex -4.490302085876465 1.6879116296768188 2.999999761581421
    vertex -4.524352073669434 1.605731725692749 2.999999761581421
  endloop
endfacet
facet normal 0.0 0.0 0.0
  outer loop
    vertex -4.487700462341309 1.6942020654678345 3.0999999046325684
    vertex -4.524352073669434 1.605731725692749 2.999999761581421
    vertex -4.527663230895996 1.5977323055267334 3.0999999046325684
  endloop
endfacet
facet normal 0.0 0.0 0.0
  outer loop
    vertex -4.527663230895996 1.5977323055267334 3.0999999046325684
    vertex -4.524352073669434 1.605731725692749 2.999999761581421
    vertex -4.527663230895996 1.5977323055267334 2.999999761581421
  endloop
endfacet
facet normal 0.0 0.0 0.0
  outer loop
    vertex -4.424132347106934 1.777042031288147 2.999999761581421
    vertex -4.426962852478027 1.7733532190322876 2.999999761581421
    vertex -4.424132347106934 1.777042031288147 3.0999999046325684
  endloop
endfacet
facet normal 0.0 0.0 0.0
  outer loop
    vertex -4.424132347106934 1.777042031288147 3.0999999046325684
    vertex -4.426962852478027 1.7733532190322876 2.999999761581421
    vertex -4.483721733093262 1.69939386844635 2.999999761581421
  endloop
endfacet
facet normal 0.0 0.0 0.0
  outer loop
    vertex -4.424132347106934 1.777042031288147 3.0999999046325684
    vertex -4.483721733093262 1.69939386844635 2.999999761581421
    vertex -4.487700462341309 1.6942020654678345 3.0999999046325684
  endloop
endfacet
facet normal 0.0 0.0 0.0
  outer loop
    vertex -4.487700462341309 1.6942020654678345 3.0999999046325684
    vertex -4.483721733093262 1.69939386844635 2.999999761581421
    vertex -4.487700462341309 1.6942020654678345 2.999999761581421
  endloop
endfacet
facet normal 0.0 0.0 0.0
  outer loop
    vertex -4.341292381286621 1.8406139612197876 2.999999761581421
    vertex -4.343489646911621 1.8389240503311157 2.999999761581421
    vertex -4.341292381286621 1.8406139612197876 3.0999999046325684
  endloop
endfacet
facet normal 0.0 0.0 0.0
  outer loop
    vertex -4.341292381286621 1.8406139612197876 3.0999999046325684
    vertex -4.343489646911621 1.8389240503311157 2.999999761581421
    vertex -4.4205732345581055 1.7797733545303345 2.999999761581421
  endloop
endfacet
facet normal 0.0 0.0 0.0
  outer loop
    vertex -4.341292381286621 1.8406139612197876 3.0999999046325684
    vertex -4.4205732345581055 1.7797733545303345 2.999999761581421
    vertex -4.424132347106934 1.777042031288147 3.0999999046325684
  endloop
endfacet
facet normal 0.0 0.0 0.0
  outer loop
    vertex -4.424132347106934 1.777042031288147 3.0999999046325684
    vertex -4.4205732345581055 1.7797733545303345 2.999999761581421
    vertex -4.424132347106934 1.777042031288147 2.999999761581421
  endloop
endfacet
facet normal 0.0 0.0 0.0
  outer loop
    vertex -4.2448225021362305 1.8805729150772095 2.999999761581421
    vertex -4.2459211349487305 1.8801113367080688 2.999999761581421
    vertex -4.2448225021362305 1.8805729150772095 3.0999999046325684
  endloop
endfacet
facet normal 0.0 0.0 0.0
  outer loop
    vertex -4.2448225021362305 1.8805729150772095 3.0999999046325684
    vertex -4.2459211349487305 1.8801113367080688 2.999999761581421
    vertex -4.338801383972168 1.8416439294815063 2.999999761581421
  endloop
endfacet
facet normal 0.0 0.0 0.0
  outer loop
    vertex -4.2448225021362305 1.8805729150772095 3.0999999046325684
    vertex -4.338801383972168 1.8416439294815063 2.999999761581421
    vertex -4.341292381286621 1.8406139612197876 3.0999999046325684
  endloop
endfacet
facet normal 0.0 0.0 0.0
  outer loop
    vertex -4.341292381286621 1.8406139612197876 3.0999999046325684
    vertex -4.338801383972168 1.8416439294815063 2.999999761581421
    vertex -4.341292381286621 1.8406139612197876 2.999999761581421
  endloop
endfacet
facet normal 0.0 0.0 0.0
  outer loop
    vertex -4.141291618347168 1.8942028284072876 2.999999761581421
    vertex -4.2436628341674805 1.8807216882705688 2.999999761581421
    vertex -4.141291618347168 1.8942028284072876 3.0999999046325684
  endloop
endfacet
facet normal 0.0 0.0 0.0
  outer loop
    vertex -4.141291618347168 1.8942028284072876 3.0999999046325684
    vertex -4.2436628341674805 1.8807216882705688 2.999999761581421
    vertex -4.2448225021362305 1.8805729150772095 3.0999999046325684
  endloop
endfacet
facet normal 0.0 0.0 0.0
  outer loop
    vertex -4.2448225021362305 1.8805729150772095 3.0999999046325684
    vertex -4.2436628341674805 1.8807216882705688 2.999999761581421
    vertex -4.2448225021362305 1.8805729150772095 2.999999761581421
  endloop
endfacet
facet normal 0.0 0.0 0.0
  outer loop
    vertex 4.7587080001831055 1.8942028284072876 3.0999999046325684
    vertex 4.7587080001831055 1.8942028284072876 2.999999761581421
    vertex -4.141291618347168 1.8942028284072876 3.0999999046325684
  endloop
endfacet
facet normal 0.0 0.0 0.0
  outer loop
    vertex -4.141291618347168 1.8942028284072876 3.0999999046325684
    vertex 4.7587080001831055 1.8942028284072876 2.999999761581421
    vertex -4.141291618347168 1.8942028284072876 2.999999761581421
  endloop
endfacet
facet normal 0.0 0.0 0.0
  outer loop
    vertex -4.141291618347168 1.8942028284072876 2.999999761581421
    vertex 4.7587080001831055 1.8942028284072876 2.999999761581421
    vertex 4.7587080001831055 1.8942028284072876 2.0
  endloop
endfacet
facet normal 0.0 0.0 0.0
  outer loop
    vertex -4.141291618347168 1.8942028284072876 2.999999761581421
    vertex 4.7587080001831055 1.8942028284072876 2.0
    vertex -4.141291618347168 1.8942028284072876 2.0
  endloop
endfacet
facet normal 0.0 0.0 0.0
  outer loop
    vertex -2.441291093826294 0.794204592704773 6.19999885559082
    vertex -2.641291856765747 0.794204592704773 6.19999885559082
    vertex -2.441291093826294 -1.2057950496673584 6.19999885559082
  endloop
endfacet
facet normal 0.0 0.0 0.0
  outer loop
    vertex -2.441291093826294 -1.2057950496673584 6.19999885559082
    vertex -2.641291856765747 0.794204592704773 6.19999885559082
    vertex -2.641291856765747 -1.2057950496673584 6.19999885559082
  endloop
endfacet
facet normal 0.0 0.0 0.0
  outer loop
    vertex -1.943701982498169 1.2917935848236084 5.749009132385254
    vertex -1.941291093826294 1.2942044734954834 5.6999993324279785
    vertex -3.138880968093872 1.2917935848236084 5.749009132385254
  endloop
endfacet
facet normal 0.0 0.0 0.0
  outer loop
    vertex -3.138880968093872 1.2917935848236084 5.749009132385254
    vertex -1.941291093826294 1.2942044734954834 5.6999993324279785
    vertex -3.141291856765747 1.2942044734954834 5.6999993324279785
  endloop
endfacet
facet normal 0.0 0.0 0.0
  outer loop
    vertex -1.9509003162384033 1.2845914363861084 5.797549247741699
    vertex -1.943701982498169 1.2917935848236084 5.749009132385254
    vertex -3.1316826343536377 1.2845914363861084 5.797549247741699
  endloop
endfacet
facet normal 0.0 0.0 0.0
  outer loop
    vertex -3.1316826343536377 1.2845914363861084 5.797549247741699
    vertex -1.943701982498169 1.2917935848236084 5.749009132385254
    vertex -3.138880968093872 1.2917935848236084 5.749009132385254
  endloop
endfacet
facet normal 0.0 0.0 0.0
  outer loop
    vertex -3.1032326221466064 1.2561414241790771 5.891339302062988
    vertex -1.9793503284454346 1.2561414241790771 5.891339302062988
    vertex -3.1316826343536377 1.2845914363861084 5.797549247741699
  endloop
endfacet
facet normal 0.0 0.0 0.0
  outer loop
    vertex -3.1316826343536377 1.2845914363861084 5.797549247741699
    vertex -1.9793503284454346 1.2561414241790771 5.891339302062988
    vertex -1.9509003162384033 1.2845914363861084 5.797549247741699
  endloop
endfacet
facet normal 0.0 0.0 0.0
  outer loop
    vertex -2.025561571121216 1.2099339962005615 5.977789402008057
    vertex -1.9793503284454346 1.2561414241790771 5.891339302062988
    vertex -3.057021379470825 1.2099339962005615 5.977789402008057
  endloop
endfacet
facet normal 0.0 0.0 0.0
  outer loop
    vertex -3.057021379470825 1.2099339962005615 5.977789402008057
    vertex -1.9793503284454346 1.2561414241790771 5.891339302062988
    vertex -3.1032326221466064 1.2561414241790771 5.891339302062988
  endloop
endfacet
facet normal 0.0 0.0 0.0
  outer loop
    vertex -2.0877411365509033 1.147754430770874 6.053548812866211
    vertex -2.025561571121216 1.2099339962005615 5.977789402008057
    vertex -2.9948418140411377 1.147754430770874 6.053548812866211
  endloop
endfacet
facet normal 0.0 0.0 0.0
  outer loop
    vertex -2.9948418140411377 1.147754430770874 6.053548812866211
    vertex -2.025561571121216 1.2099339962005615 5.977789402008057
    vertex -3.057021379470825 1.2099339962005615 5.977789402008057
  endloop
endfacet
facet normal 0.0 0.0 0.0
  outer loop
    vertex -2.919081926345825 1.0719945430755615 6.115729331970215
    vertex -2.163501024246216 1.0719945430755615 6.115729331970215
    vertex -2.9948418140411377 1.147754430770874 6.053548812866211
  endloop
endfacet
facet normal 0.0 0.0 0.0
  outer loop
    vertex -2.9948418140411377 1.147754430770874 6.053548812866211
    vertex -2.163501024246216 1.0719945430755615 6.115729331970215
    vertex -2.0877411365509033 1.147754430770874 6.053548812866211
  endloop
endfacet
facet normal 0.0 0.0 0.0
  outer loop
    vertex -2.8326332569122314 0.9855421185493469 6.16193962097168
    vertex -2.2499496936798096 0.9855421185493469 6.16193962097168
    vertex -2.919081926345825 1.0719945430755615 6.115729331970215
  endloop
endfacet
facet normal 0.0 0.0 0.0
  outer loop
    vertex -2.919081926345825 1.0719945430755615 6.115729331970215
    vertex -2.2499496936798096 0.9855421185493469 6.16193962097168
    vertex -2.163501024246216 1.0719945430755615 6.115729331970215
  endloop
endfacet
facet normal 0.0 0.0 0.0
  outer loop
    vertex -2.7388412952423096 0.8917539715766907 6.190389633178711
    vertex -2.3437416553497314 0.8917539715766907 6.190389633178711
    vertex -2.8326332569122314 0.9855421185493469 6.16193962097168
  endloop
endfacet
facet normal 0.0 0.0 0.0
  outer loop
    vertex -2.8326332569122314 0.9855421185493469 6.16193962097168
    vertex -2.3437416553497314 0.8917539715766907 6.190389633178711
    vertex -2.2499496936798096 0.9855421185493469 6.16193962097168
  endloop
endfacet
facet normal 0.0 0.0 0.0
  outer loop
    vertex -2.641291856765747 0.794204592704773 6.19999885559082
    vertex -2.441291093826294 0.794204592704773 6.19999885559082
    vertex -2.7388412952423096 0.8917539715766907 6.190389633178711
  endloop
endfacet
facet normal 0.0 0.0 0.0
  outer loop
    vertex -2.7388412952423096 0.8917539715766907 6.190389633178711
    vertex -2.441291093826294 0.794204592704773 6.19999885559082
    vertex -2.3437416553497314 0.8917539715766907 6.190389633178711
  endloop
endfacet
facet normal 0.0 0.0 0.0
  outer loop
    vertex -1.943701982498169 -1.7033878564834595 5.749009132385254
    vertex -3.138880968093872 -1.7033878564834595 5.749009132385254
    vertex -1.941291093826294 -1.7057949304580688 5.6999993324279785
  endloop
endfacet
facet normal 0.0 0.0 0.0
  outer loop
    vertex -1.941291093826294 -1.7057949304580688 5.6999993324279785
    vertex -3.138880968093872 -1.7033878564834595 5.749009132385254
    vertex -3.141291856765747 -1.7057949304580688 5.6999993324279785
  endloop
endfacet
facet normal 0.0 0.0 0.0
  outer loop
    vertex -1.9509003162384033 -1.6961857080459595 5.797549247741699
    vertex -3.1316826343536377 -1.6961857080459595 5.797549247741699
    vertex -1.943701982498169 -1.7033878564834595 5.749009132385254
  endloop
endfacet
facet normal 0.0 0.0 0.0
  outer loop
    vertex -1.943701982498169 -1.7033878564834595 5.749009132385254
    vertex -3.1316826343536377 -1.6961857080459595 5.797549247741699
    vertex -3.138880968093872 -1.7033878564834595 5.749009132385254
  endloop
endfacet
facet normal 0.0 0.0 0.0
  outer loop
    vertex -3.1032326221466064 -1.6677356958389282 5.891339302062988
    vertex -3.1316826343536377 -1.6961857080459595 5.797549247741699
    vertex -1.9793503284454346 -1.6677356958389282 5.891339302062988
  endloop
endfacet
facet normal 0.0 0.0 0.0
  outer loop
    vertex -1.9793503284454346 -1.6677356958389282 5.891339302062988
    vertex -3.1316826343536377 -1.6961857080459595 5.797549247741699
    vertex -1.9509003162384033 -1.6961857080459595 5.797549247741699
  endloop
endfacet
facet normal 0.0 0.0 0.0
  outer loop
    vertex -2.025561571121216 -1.6215283870697021 5.977789402008057
    vertex -3.057021379470825 -1.6215283870697021 5.977789402008057
    vertex -1.9793503284454346 -1.6677356958389282 5.891339302062988
  endloop
endfacet
facet normal 0.0 0.0 0.0
  outer loop
    vertex -1.9793503284454346 -1.6677356958389282 5.891339302062988
    vertex -3.057021379470825 -1.6215283870697021 5.977789402008057
    vertex -3.1032326221466064 -1.6677356958389282 5.891339302062988
  endloop
endfacet
facet normal 0.0 0.0 0.0
  outer loop
    vertex -2.0877411365509033 -1.559345006942749 6.053548812866211
    vertex -2.9948418140411377 -1.559345006942749 6.053548812866211
    vertex -2.025561571121216 -1.6215283870697021 5.977789402008057
  endloop
endfacet
facet normal 0.0 0.0 0.0
  outer loop
    vertex -2.025561571121216 -1.6215283870697021 5.977789402008057
    vertex -2.9948418140411377 -1.559345006942749 6.053548812866211
    vertex -3.057021379470825 -1.6215283870697021 5.977789402008057
  endloop
endfacet
facet normal 0.0 0.0 0.0
  outer loop
    vertex -2.163501024246216 -1.4835851192474365 6.115729331970215
    vertex -2.919081926345825 -1.4835851192474365 6.115729331970215
    vertex -2.0877411365509033 -1.559345006942749 6.053548812866211
  endloop
endfacet
facet normal 0.0 0.0 0.0
  outer loop
    vertex -2.0877411365509033 -1.559345006942749 6.053548812866211
    vertex -2.919081926345825 -1.4835851192474365 6.115729331970215
    vertex -2.9948418140411377 -1.559345006942749 6.053548812866211
  endloop
endfacet
facet normal 0.0 0.0 0.0
  outer loop
    vertex -2.2499496936798096 -1.3971364498138428 6.16193962097168
    vertex -2.8326332569122314 -1.3971364498138428 6.16193962097168
    vertex -2.163501024246216 -1.4835851192474365 6.115729331970215
  endloop
endfacet
facet normal 0.0 0.0 0.0
  outer loop
    vertex -2.163501024246216 -1.4835851192474365 6.115729331970215
    vertex -2.8326332569122314 -1.3971364498138428 6.16193962097168
    vertex -2.919081926345825 -1.4835851192474365 6.115729331970215
  endloop
endfacet
facet normal 0.0 0.0 0.0
  outer loop
    vertex -2.3437416553497314 -1.3033483028411865 6.190389633178711
    vertex -2.7388412952423096 -1.3033483028411865 6.190389633178711
    vertex -2.2499496936798096 -1.3971364498138428 6.16193962097168
  endloop
endfacet
facet normal 0.0 0.0 0.0
  outer loop
    vertex -2.2499496936798096 -1.3971364498138428 6.16193962097168
    vertex -2.7388412952423096 -1.3033483028411865 6.190389633178711
    vertex -2.8326332569122314 -1.3971364498138428 6.16193962097168
  endloop
endfacet
facet normal 0.0 0.0 0.0
  outer loop
    vertex -2.441291093826294 -1.2057950496673584 6.19999885559082
    vertex -2.641291856765747 -1.2057950496673584 6.19999885559082
    vertex -2.3437416553497314 -1.3033483028411865 6.190389633178711
  endloop
endfacet
facet normal 0.0 0.0 0.0
  outer loop
    vertex -2.3437416553497314 -1.3033483028411865 6.190389633178711
    vertex -2.641291856765747 -1.2057950496673584 6.19999885559082
    vertex -2.7388412952423096 -1.3033483028411865 6.190389633178711
  endloop
endfacet
facet normal 0.0 0.0 0.0
  outer loop
    vertex -1.941291093826294 -1.7057949304580688 5.6999993324279785
    vertex -1.941291093826294 -1.7057949304580688 3.0999996662139893
    vertex -1.941291093826294 1.2942044734954834 5.6999993324279785
  endloop
endfacet
facet normal 0.0 0.0 0.0
  outer loop
    vertex -1.941291093826294 1.2942044734954834 5.6999993324279785
    vertex -1.941291093826294 -1.7057949304580688 3.0999996662139893
    vertex -1.941291093826294 1.2942044734954834 3.0999999046325684
  endloop
endfacet
facet normal 0.0 0.0 0.0
  outer loop
    vertex -1.941291093826294 1.2942044734954834 5.6999993324279785
    vertex -1.941291093826294 1.2942044734954834 3.0999999046325684
    vertex -3.141291856765747 1.2942044734954834 5.6999993324279785
  endloop
endfacet
facet normal 0.0 0.0 0.0
  outer loop
    vertex -3.141291856765747 1.2942044734954834 5.6999993324279785
    vertex -1.941291093826294 1.2942044734954834 3.0999999046325684
    vertex -3.141291856765747 1.2942044734954834 3.0999999046325684
  endloop
endfacet
facet normal 0.0 0.0 0.0
  outer loop
    vertex 5.158709526062012 -1.905795693397522 3.0999996662139893
    vertex 5.158709526062012 1.494201421737671 3.0999999046325684
    vertex 3.758709669113159 1.2942044734954834 3.0999999046325684
  endloop
endfacet
facet normal 0.0 0.0 0.0
  outer loop
    vertex 3.758709669113159 1.2942044734954834 3.0999999046325684
    vertex 5.158709526062012 1.494201421737671 3.0999999046325684
    vertex 5.145079612731934 1.5977323055267334 3.0999999046325684
  endloop
endfacet
facet normal 0.0 0.0 0.0
  outer loop
    vertex 3.758709669113159 1.2942044734954834 3.0999999046325684
    vertex 5.145079612731934 1.5977323055267334 3.0999999046325684
    vertex 4.7587080001831055 1.8942028284072876 3.0999999046325684
  endloop
endfacet
facet normal 0.0 0.0 0.0
  outer loop
    vertex 4.7587080001831055 1.8942028284072876 3.0999999046325684
    vertex 5.145079612731934 1.5977323055267334 3.0999999046325684
    vertex 5.105118751525879 1.6942020654678345 3.0999999046325684
  endloop
endfacet
facet normal 0.0 0.0 0.0
  outer loop
    vertex 4.7587080001831055 1.8942028284072876 3.0999999046325684
    vertex 5.105118751525879 1.6942020654678345 3.0999999046325684
    vertex 5.041548728942871 1.777042031288147 3.0999999046325684
  endloop
endfacet
facet normal 0.0 0.0 0.0
  outer loop
    vertex 5.041548728942871 1.777042031288147 3.0999999046325684
    vertex 4.958708763122559 1.8406139612197876 3.0999999046325684
    vertex 4.7587080001831055 1.8942028284072876 3.0999999046325684
  endloop
endfacet
facet normal 0.0 0.0 0.0
  outer loop
    vertex 4.7587080001831055 1.8942028284072876 3.0999999046325684
    vertex 4.958708763122559 1.8406139612197876 3.0999999046325684
    vertex 4.862238883972168 1.8805729150772095 3.0999999046325684
  endloop
endfacet
facet normal 0.0 0.0 0.0
  outer loop
    vertex 3.758709669113159 1.2942044734954834 3.0999999046325684
    vertex 4.7587080001831055 1.8942028284072876 3.0999999046325684
    vertex 2.558708906173706 1.2942044734954834 3.0999999046325684
  endloop
endfacet
facet normal 0.0 0.0 0.0
  outer loop
    vertex 2.558708906173706 1.2942044734954834 3.0999999046325684
    vertex 4.7587080001831055 1.8942028284072876 3.0999999046325684
    vertex -4.141291618347168 1.8942028284072876 3.0999999046325684
  endloop
endfacet
facet normal 0.0 0.0 0.0
  outer loop
    vertex 2.558708906173706 1.2942044734954834 3.0999999046325684
    vertex -4.141291618347168 1.8942028284072876 3.0999999046325684
    vertex -1.941291093826294 1.2942044734954834 3.0999999046325684
  endloop
endfacet
facet normal 0.0 0.0 0.0
  outer loop
    vertex -1.941291093826294 1.2942044734954834 3.0999999046325684
    vertex -4.141291618347168 1.8942028284072876 3.0999999046325684
    vertex -3.141291856765747 1.2942044734954834 3.0999999046325684
  endloop
endfacet
facet normal 0.0 0.0 0.0
  outer loop
    vertex -3.141291856765747 1.2942044734954834 3.0999999046325684
    vertex -4.141291618347168 1.8942028284072876 3.0999999046325684
    vertex -4.527663230895996 1.5977323055267334 3.0999999046325684
  endloop
endfacet
facet normal 0.0 0.0 0.0
  outer loop
    vertex -3.141291856765747 1.2942044734954834 3.0999999046325684
    vertex -4.527663230895996 1.5977323055267334 3.0999999046325684
    vertex -4.541293144226074 1.494201421737671 3.0999999046325684
  endloop
endfacet
facet normal 0.0 0.0 0.0
  outer loop
    vertex -4.2448225021362305 1.8805729150772095 3.0999999046325684
    vertex -4.341292381286621 1.8406139612197876 3.0999999046325684
    vertex -4.141291618347168 1.8942028284072876 3.0999999046325684
  endloop
endfacet
facet normal 0.0 0.0 0.0
  outer loop
    vertex -4.141291618347168 1.8942028284072876 3.0999999046325684
    vertex -4.341292381286621 1.8406139612197876 3.0999999046325684
    vertex -4.424132347106934 1.777042031288147 3.0999999046325684
  endloop
endfacet
facet normal 0.0 0.0 0.0
  outer loop
    vertex -4.141291618347168 1.8942028284072876 3.0999999046325684
    vertex -4.424132347106934 1.777042031288147 3.0999999046325684
    vertex -4.487700462341309 1.6942020654678345 3.0999999046325684
  endloop
endfacet
facet normal 0.0 0.0 0.0
  outer loop
    vertex -4.487700462341309 1.6942020654678345 3.0999999046325684
    vertex -4.527663230895996 1.5977323055267334 3.0999999046325684
    vertex -4.141291618347168 1.8942028284072876 3.0999999046325684
  endloop
endfacet
facet normal 0.0 0.0 0.0
  outer loop
    vertex -4.541293144226074 1.494201421737671 3.0999999046325684
    vertex -4.541293144226074 -1.905795693397522 3.0999996662139893
    vertex -3.141291856765747 1.2942044734954834 3.0999999046325684
  endloop
endfacet
facet normal 0.0 0.0 0.0
  outer loop
    vertex -3.141291856765747 1.2942044734954834 3.0999999046325684
    vertex -4.541293144226074 -1.905795693397522 3.0999996662139893
    vertex -3.141291856765747 -1.7057949304580688 3.0999996662139893
  endloop
endfacet
facet normal 0.0 0.0 0.0
  outer loop
    vertex -3.141291856765747 -1.7057949304580688 3.0999996662139893
    vertex -4.541293144226074 -1.905795693397522 3.0999996662139893
    vertex -4.527663230895996 -2.009326457977295 3.0999996662139893
  endloop
endfacet
facet normal 0.0 0.0 0.0
  outer loop
    vertex -3.141291856765747 -1.7057949304580688 3.0999996662139893
    vertex -4.527663230895996 -2.009326457977295 3.0999996662139893
    vertex -4.141291618347168 -2.3057971000671387 3.0999996662139893
  endloop
endfacet
facet normal 0.0 0.0 0.0
  outer loop
    vertex -4.141291618347168 -2.3057971000671387 3.0999996662139893
    vertex -4.527663230895996 -2.009326457977295 3.0999996662139893
    vertex -4.487700462341309 -2.1057963371276855 3.0999996662139893
  endloop
endfacet
facet normal 0.0 0.0 0.0
  outer loop
    vertex -4.141291618347168 -2.3057971000671387 3.0999996662139893
    vertex -4.487700462341309 -2.1057963371276855 3.0999996662139893
    vertex -4.424132347106934 -2.188636302947998 3.0999996662139893
  endloop
endfacet
facet normal 0.0 0.0 0.0
  outer loop
    vertex -4.424132347106934 -2.188636302947998 3.0999996662139893
    vertex -4.341292381286621 -2.2522082328796387 3.0999996662139893
    vertex -4.141291618347168 -2.3057971000671387 3.0999996662139893
  endloop
endfacet
facet normal 0.0 0.0 0.0
  outer loop
    vertex -4.141291618347168 -2.3057971000671387 3.0999996662139893
    vertex -4.341292381286621 -2.2522082328796387 3.0999996662139893
    vertex -4.2448225021362305 -2.2921671867370605 3.0999996662139893
  endloop
endfacet
facet normal 0.0 0.0 0.0
  outer loop
    vertex -4.141291618347168 -2.3057971000671387 3.0999996662139893
    vertex -1.141291856765747 -2.3057971000671387 3.0999996662139893
    vertex -3.141291856765747 -1.7057949304580688 3.0999996662139893
  endloop
endfacet
facet normal 0.0 0.0 0.0
  outer loop
    vertex -3.141291856765747 -1.7057949304580688 3.0999996662139893
    vertex -1.141291856765747 -2.3057971000671387 3.0999996662139893
    vertex -1.941291093826294 -1.7057949304580688 3.0999996662139893
  endloop
endfacet
facet normal 0.0 0.0 0.0
  outer loop
    vertex -1.941291093826294 -1.7057949304580688 3.0999996662139893
    vertex -1.141291856765747 -2.3057971000671387 3.0999996662139893
    vertex 1.7587096691131592 -2.3057971000671387 3.0999996662139893
  endloop
endfacet
facet normal 0.0 0.0 0.0
  outer loop
    vertex -1.941291093826294 -1.7057949304580688 3.0999996662139893
    vertex 1.7587096691131592 -2.3057971000671387 3.0999996662139893
    vertex 2.558708906173706 -1.7057949304580688 3.0999996662139893
  endloop
endfacet
facet normal 0.0 0.0 0.0
  outer loop
    vertex 2.558708906173706 -1.7057949304580688 3.0999996662139893
    vertex 1.7587096691131592 -2.3057971000671387 3.0999996662139893
    vertex 3.758709669113159 -1.7057949304580688 3.0999996662139893
  endloop
endfacet
facet normal 0.0 0.0 0.0
  outer loop
    vertex 3.758709669113159 -1.7057949304580688 3.0999996662139893
    vertex 1.7587096691131592 -2.3057971000671387 3.0999996662139893
    vertex 4.7587080001831055 -2.3057971000671387 3.0999996662139893
  endloop
endfacet
facet normal 0.0 0.0 0.0
  outer loop
    vertex 3.758709669113159 -1.7057949304580688 3.0999996662139893
    vertex 4.7587080001831055 -2.3057971000671387 3.0999996662139893
    vertex 5.145079612731934 -2.009326457977295 3.0999996662139893
  endloop
endfacet
facet normal 0.0 0.0 0.0
  outer loop
    vertex 5.145079612731934 -2.009326457977295 3.0999996662139893
    vertex 4.7587080001831055 -2.3057971000671387 3.0999996662139893
    vertex 5.105118751525879 -2.1057963371276855 3.0999996662139893
  endloop
endfacet
facet normal 0.0 0.0 0.0
  outer loop
    vertex 5.105118751525879 -2.1057963371276855 3.0999996662139893
    vertex 4.7587080001831055 -2.3057971000671387 3.0999996662139893
    vertex 5.041548728942871 -2.188636302947998 3.0999996662139893
  endloop
endfacet
facet normal 0.0 0.0 0.0
  outer loop
    vertex 5.041548728942871 -2.188636302947998 3.0999996662139893
    vertex 4.7587080001831055 -2.3057971000671387 3.0999996662139893
    vertex 4.958708763122559 -2.2522082328796387 3.0999996662139893
  endloop
endfacet
facet normal 0.0 0.0 0.0
  outer loop
    vertex 4.958708763122559 -2.2522082328796387 3.0999996662139893
    vertex 4.7587080001831055 -2.3057971000671387 3.0999996662139893
    vertex 4.862238883972168 -2.2921671867370605 3.0999996662139893
  endloop
endfacet
facet normal 0.0 0.0 0.0
  outer loop
    vertex 1.7587096691131592 -2.3057971000671387 3.0999996662139893
    vertex -1.141291856765747 -2.3057971000671387 3.0999996662139893
    vertex 1.7587096691131592 -2.9057955741882324 3.0999996662139893
  endloop
endfacet
facet normal 0.0 0.0 0.0
  outer loop
    vertex 1.7587096691131592 -2.9057955741882324 3.0999996662139893
    vertex -1.141291856765747 -2.3057971000671387 3.0999996662139893
    vertex -1.141291856765747 -2.9057955741882324 3.0999996662139893
  endloop
endfacet
facet normal 0.0 0.0 0.0
  outer loop
    vertex 1.7587096691131592 -2.9057955741882324 3.0999996662139893
    vertex -1.141291856765747 -2.9057955741882324 3.0999996662139893
    vertex 1.358708143234253 -3.3057971000671387 3.0999996662139893
  endloop
endfacet
facet normal 0.0 0.0 0.0
  outer loop
    vertex 1.358708143234253 -3.3057971000671387 3.0999996662139893
    vertex -1.141291856765747 -2.9057955741882324 3.0999996662139893
    vertex -0.741290271282196 -3.3057971000671387 3.0999996662139893
  endloop
endfacet
facet normal 0.0 0.0 0.0
  outer loop
    vertex -0.741290271282196 -3.3057971000671387 3.0999996662139893
    vertex -1.141291856765747 -2.9057955741882324 3.0999996662139893
    vertex -1.127661943435669 -3.009326457977295 3.0999996662139893
  endloop
endfacet
facet normal 0.0 0.0 0.0
  outer loop
    vertex -0.741290271282196 -3.3057971000671387 3.0999996662139893
    vertex -1.127661943435669 -3.009326457977295 3.0999996662139893
    vertex -1.087702989578247 -3.1057963371276855 3.0999996662139893
  endloop
endfacet
facet normal 0.0 0.0 0.0
  outer loop
    vertex -1.087702989578247 -3.1057963371276855 3.0999996662139893
    vertex -1.0241310596466064 -3.188636302947998 3.0999996662139893
    vertex -0.741290271282196 -3.3057971000671387 3.0999996662139893
  endloop
endfacet
facet normal 0.0 0.0 0.0
  outer loop
    vertex -0.741290271282196 -3.3057971000671387 3.0999996662139893
    vertex -1.0241310596466064 -3.188636302947998 3.0999996662139893
    vertex -0.9412910342216492 -3.2522082328796387 3.0999996662139893
  endloop
endfacet
facet normal 0.0 0.0 0.0
  outer loop
    vertex -0.741290271282196 -3.3057971000671387 3.0999996662139893
    vertex -0.9412910342216492 -3.2522082328796387 3.0999996662139893
    vertex -0.8448211550712585 -3.2921671867370605 3.0999996662139893
  endloop
endfacet
facet normal 0.0 0.0 0.0
  outer loop
    vertex 1.4622390270233154 -3.2921671867370605 3.0999996662139893
    vertex 1.558708906173706 -3.2522082328796387 3.0999996662139893
    vertex 1.358708143234253 -3.3057971000671387 3.0999996662139893
  endloop
endfacet
facet normal 0.0 0.0 0.0
  outer loop
    vertex 1.358708143234253 -3.3057971000671387 3.0999996662139893
    vertex 1.558708906173706 -3.2522082328796387 3.0999996662139893
    vertex 1.6415488719940186 -3.188636302947998 3.0999996662139893
  endloop
endfacet
facet normal 0.0 0.0 0.0
  outer loop
    vertex 1.358708143234253 -3.3057971000671387 3.0999996662139893
    vertex 1.6415488719940186 -3.188636302947998 3.0999996662139893
    vertex 1.7051169872283936 -3.1057963371276855 3.0999996662139893
  endloop
endfacet
facet normal 0.0 0.0 0.0
  outer loop
    vertex 1.7051169872283936 -3.1057963371276855 3.0999996662139893
    vertex 1.745079755783081 -3.009326457977295 3.0999996662139893
    vertex 1.358708143234253 -3.3057971000671387 3.0999996662139893
  endloop
endfacet
facet normal 0.0 0.0 0.0
  outer loop
    vertex 1.358708143234253 -3.3057971000671387 3.0999996662139893
    vertex 1.745079755783081 -3.009326457977295 3.0999996662139893
    vertex 1.7587096691131592 -2.9057955741882324 3.0999996662139893
  endloop
endfacet
facet normal 0.0 0.0 0.0
  outer loop
    vertex 5.145079612731934 -2.009326457977295 3.0999996662139893
    vertex 5.158709526062012 -1.905795693397522 3.0999996662139893
    vertex 3.758709669113159 -1.7057949304580688 3.0999996662139893
  endloop
endfacet
facet normal 0.0 0.0 0.0
  outer loop
    vertex 3.758709669113159 -1.7057949304580688 3.0999996662139893
    vertex 5.158709526062012 -1.905795693397522 3.0999996662139893
    vertex 3.758709669113159 1.2942044734954834 3.0999999046325684
  endloop
endfacet
facet normal 0.0 0.0 0.0
  outer loop
    vertex 2.558708906173706 1.2942044734954834 3.0999999046325684
    vertex -1.941291093826294 1.2942044734954834 3.0999999046325684
    vertex 2.558708906173706 -1.7057949304580688 3.0999996662139893
  endloop
endfacet
facet normal 0.0 0.0 0.0
  outer loop
    vertex 2.558708906173706 -1.7057949304580688 3.0999996662139893
    vertex -1.941291093826294 1.2942044734954834 3.0999999046325684
    vertex -1.941291093826294 -1.7057949304580688 3.0999996662139893
  endloop
endfacet
facet normal 0.0 0.0 0.0
  outer loop
    vertex -3.138880968093872 -1.7033878564834595 5.749009132385254
    vertex -3.138880968093872 1.2917935848236084 5.749009132385254
    vertex -3.141291856765747 -1.7057949304580688 5.6999993324279785
  endloop
endfacet
facet normal 0.0 0.0 0.0
  outer loop
    vertex -3.141291856765747 -1.7057949304580688 5.6999993324279785
    vertex -3.138880968093872 1.2917935848236084 5.749009132385254
    vertex -3.141291856765747 1.2942044734954834 5.6999993324279785
  endloop
endfacet
facet normal 0.0 0.0 0.0
  outer loop
    vertex -3.1316826343536377 -1.6961857080459595 5.797549247741699
    vertex -3.1316826343536377 1.2845914363861084 5.797549247741699
    vertex -3.138880968093872 -1.7033878564834595 5.749009132385254
  endloop
endfacet
facet normal 0.0 0.0 0.0
  outer loop
    vertex -3.138880968093872 -1.7033878564834595 5.749009132385254
    vertex -3.1316826343536377 1.2845914363861084 5.797549247741699
    vertex -3.138880968093872 1.2917935848236084 5.749009132385254
  endloop
endfacet
facet normal 0.0 0.0 0.0
  outer loop
    vertex -3.1032326221466064 -1.6677356958389282 5.891339302062988
    vertex -3.1032326221466064 1.2561414241790771 5.891339302062988
    vertex -3.1316826343536377 -1.6961857080459595 5.797549247741699
  endloop
endfacet
facet normal 0.0 0.0 0.0
  outer loop
    vertex -3.1316826343536377 -1.6961857080459595 5.797549247741699
    vertex -3.1032326221466064 1.2561414241790771 5.891339302062988
    vertex -3.1316826343536377 1.2845914363861084 5.797549247741699
  endloop
endfacet
facet normal 0.0 0.0 0.0
  outer loop
    vertex -3.057021379470825 -1.6215283870697021 5.977789402008057
    vertex -3.057021379470825 1.2099339962005615 5.977789402008057
    vertex -3.1032326221466064 -1.6677356958389282 5.891339302062988
  endloop
endfacet
facet normal 0.0 0.0 0.0
  outer loop
    vertex -3.1032326221466064 -1.6677356958389282 5.891339302062988
    vertex -3.057021379470825 1.2099339962005615 5.977789402008057
    vertex -3.1032326221466064 1.2561414241790771 5.891339302062988
  endloop
endfacet
facet normal 0.0 0.0 0.0
  outer loop
    vertex -2.9948418140411377 -1.559345006942749 6.053548812866211
    vertex -2.9948418140411377 1.147754430770874 6.053548812866211
    vertex -3.057021379470825 -1.6215283870697021 5.977789402008057
  endloop
endfacet
facet normal 0.0 0.0 0.0
  outer loop
    vertex -3.057021379470825 -1.6215283870697021 5.977789402008057
    vertex -2.9948418140411377 1.147754430770874 6.053548812866211
    vertex -3.057021379470825 1.2099339962005615 5.977789402008057
  endloop
endfacet
facet normal 0.0 0.0 0.0
  outer loop
    vertex -2.919081926345825 -1.4835851192474365 6.115729331970215
    vertex -2.919081926345825 1.0719945430755615 6.115729331970215
    vertex -2.9948418140411377 -1.559345006942749 6.053548812866211
  endloop
endfacet
facet normal 0.0 0.0 0.0
  outer loop
    vertex -2.9948418140411377 -1.559345006942749 6.053548812866211
    vertex -2.919081926345825 1.0719945430755615 6.115729331970215
    vertex -2.9948418140411377 1.147754430770874 6.053548812866211
  endloop
endfacet
facet normal 0.0 0.0 0.0
  outer loop
    vertex -2.8326332569122314 -1.3971364498138428 6.16193962097168
    vertex -2.8326332569122314 0.9855421185493469 6.16193962097168
    vertex -2.919081926345825 -1.4835851192474365 6.115729331970215
  endloop
endfacet
facet normal 0.0 0.0 0.0
  outer loop
    vertex -2.919081926345825 -1.4835851192474365 6.115729331970215
    vertex -2.8326332569122314 0.9855421185493469 6.16193962097168
    vertex -2.919081926345825 1.0719945430755615 6.115729331970215
  endloop
endfacet
facet normal 0.0 0.0 0.0
  outer loop
    vertex -2.7388412952423096 -1.3033483028411865 6.190389633178711
    vertex -2.7388412952423096 0.8917539715766907 6.190389633178711
    vertex -2.8326332569122314 -1.3971364498138428 6.16193962097168
  endloop
endfacet
facet normal 0.0 0.0 0.0
  outer loop
    vertex -2.8326332569122314 -1.3971364498138428 6.16193962097168
    vertex -2.7388412952423096 0.8917539715766907 6.190389633178711
    vertex -2.8326332569122314 0.9855421185493469 6.16193962097168
  endloop
endfacet
facet normal 0.0 0.0 0.0
  outer loop
    vertex -2.641291856765747 -1.2057950496673584 6.19999885559082
    vertex -2.641291856765747 0.794204592704773 6.19999885559082
    vertex -2.7388412952423096 -1.3033483028411865 6.190389633178711
  endloop
endfacet
facet normal 0.0 0.0 0.0
  outer loop
    vertex -2.7388412952423096 -1.3033483028411865 6.190389633178711
    vertex -2.641291856765747 0.794204592704773 6.19999885559082
    vertex -2.7388412952423096 0.8917539715766907 6.190389633178711
  endloop
endfacet
facet normal 0.0 0.0 0.0
  outer loop
    vertex -3.141291856765747 -1.7057949304580688 5.6999993324279785
    vertex -3.141291856765747 -1.7057949304580688 3.0999996662139893
    vertex -1.941291093826294 -1.7057949304580688 5.6999993324279785
  endloop
endfacet
facet normal 0.0 0.0 0.0
  outer loop
    vertex -1.941291093826294 -1.7057949304580688 5.6999993324279785
    vertex -3.141291856765747 -1.7057949304580688 3.0999996662139893
    vertex -1.941291093826294 -1.7057949304580688 3.0999996662139893
  endloop
endfacet
facet normal 0.0 0.0 0.0
  outer loop
    vertex -3.141291856765747 1.2942044734954834 5.6999993324279785
    vertex -3.141291856765747 1.2942044734954834 3.0999999046325684
    vertex -3.141291856765747 -1.7057949304580688 5.6999993324279785
  endloop
endfacet
facet normal 0.0 0.0 0.0
  outer loop
    vertex -3.141291856765747 -1.7057949304580688 5.6999993324279785
    vertex -3.141291856765747 1.2942044734954834 3.0999999046325684
    vertex -3.141291856765747 -1.7057949304580688 3.0999996662139893
  endloop
endfacet
facet normal 0.0 0.0 0.0
  outer loop
    vertex 4.862238883972168 1.8805729150772095 3.0999999046325684
    vertex 4.862238883972168 1.8805729150772095 2.999999761581421
    vertex 4.7587080001831055 1.8942028284072876 3.0999999046325684
  endloop
endfacet
facet normal 0.0 0.0 0.0
  outer loop
    vertex 4.7587080001831055 1.8942028284072876 3.0999999046325684
    vertex 4.862238883972168 1.8805729150772095 2.999999761581421
    vertex 4.7587080001831055 1.8942028284072876 2.999999761581421
  endloop
endfacet
facet normal 0.0 0.0 0.0
  outer loop
    vertex 4.958708763122559 1.8406139612197876 2.999999761581421
    vertex 4.958518028259277 1.8406940698623657 2.999999761581421
    vertex 4.958708763122559 1.8406139612197876 3.0999999046325684
  endloop
endfacet
facet normal 0.0 0.0 0.0
  outer loop
    vertex 4.958708763122559 1.8406139612197876 3.0999999046325684
    vertex 4.958518028259277 1.8406940698623657 2.999999761581421
    vertex 4.862238883972168 1.8805729150772095 3.0999999046325684
  endloop
endfacet
facet normal 0.0 0.0 0.0
  outer loop
    vertex 4.862238883972168 1.8805729150772095 3.0999999046325684
    vertex 4.958518028259277 1.8406940698623657 2.999999761581421
    vertex 4.862238883972168 1.8805729150772095 2.999999761581421
  endloop
endfacet
facet normal 0.0 0.0 0.0
  outer loop
    vertex 5.041548728942871 1.777042031288147 2.999999761581421
    vertex 5.0412187576293945 1.7772938013076782 2.999999761581421
    vertex 5.041548728942871 1.777042031288147 3.0999999046325684
  endloop
endfacet
facet normal 0.0 0.0 0.0
  outer loop
    vertex 5.041548728942871 1.777042031288147 3.0999999046325684
    vertex 5.0412187576293945 1.7772938013076782 2.999999761581421
    vertex 4.958708763122559 1.8406139612197876 3.0999999046325684
  endloop
endfacet
facet normal 0.0 0.0 0.0
  outer loop
    vertex 4.958708763122559 1.8406139612197876 3.0999999046325684
    vertex 5.0412187576293945 1.7772938013076782 2.999999761581421
    vertex 4.958868980407715 1.8404918909072876 2.999999761581421
  endloop
endfacet
facet normal 0.0 0.0 0.0
  outer loop
    vertex 4.958708763122559 1.8406139612197876 3.0999999046325684
    vertex 4.958868980407715 1.8404918909072876 2.999999761581421
    vertex 4.958708763122559 1.8406139612197876 2.999999761581421
  endloop
endfacet
facet normal 0.0 0.0 0.0
  outer loop
    vertex 5.105118751525879 1.6942020654678345 2.999999761581421
    vertex 5.104659080505371 1.6948009729385376 2.999999761581421
    vertex 5.105118751525879 1.6942020654678345 3.0999999046325684
  endloop
endfacet
facet normal 0.0 0.0 0.0
  outer loop
    vertex 5.105118751525879 1.6942020654678345 3.0999999046325684
    vertex 5.104659080505371 1.6948009729385376 2.999999761581421
    vertex 5.041548728942871 1.777042031288147 3.0999999046325684
  endloop
endfacet
facet normal 0.0 0.0 0.0
  outer loop
    vertex 5.041548728942871 1.777042031288147 3.0999999046325684
    vertex 5.104659080505371 1.6948009729385376 2.999999761581421
    vertex 5.041808128356934 1.7767139673233032 2.999999761581421
  endloop
endfacet
facet normal 0.0 0.0 0.0
  outer loop
    vertex 5.041548728942871 1.777042031288147 3.0999999046325684
    vertex 5.041808128356934 1.7767139673233032 2.999999761581421
    vertex 5.041548728942871 1.777042031288147 2.999999761581421
  endloop
endfacet
facet normal 0.0 0.0 0.0
  outer loop
    vertex 5.145079612731934 1.5977323055267334 2.999999761581421
    vertex 5.144648551940918 1.5987813472747803 2.999999761581421
    vertex 5.145079612731934 1.5977323055267334 3.0999999046325684
  endloop
endfacet
facet normal 0.0 0.0 0.0
  outer loop
    vertex 5.145079612731934 1.5977323055267334 3.0999999046325684
    vertex 5.144648551940918 1.5987813472747803 2.999999761581421
    vertex 5.105118751525879 1.6942020654678345 3.0999999046325684
  endloop
endfacet
facet normal 0.0 0.0 0.0
  outer loop
    vertex 5.105118751525879 1.6942020654678345 3.0999999046325684
    vertex 5.144648551940918 1.5987813472747803 2.999999761581421
    vertex 5.105408668518066 1.6934925317764282 2.999999761581421
  endloop
endfacet
facet normal 0.0 0.0 0.0
  outer loop
    vertex 5.105118751525879 1.6942020654678345 3.0999999046325684
    vertex 5.105408668518066 1.6934925317764282 2.999999761581421
    vertex 5.105118751525879 1.6942020654678345 2.999999761581421
  endloop
endfacet
facet normal 0.0 0.0 0.0
  outer loop
    vertex 5.158709526062012 1.494201421737671 2.999999761581421
    vertex 5.158509254455566 1.4957234859466553 2.999999761581421
    vertex 5.158709526062012 1.494201421737671 3.0999999046325684
  endloop
endfacet
facet normal 0.0 0.0 0.0
  outer loop
    vertex 5.158709526062012 1.494201421737671 3.0999999046325684
    vertex 5.158509254455566 1.4957234859466553 2.999999761581421
    vertex 5.145079612731934 1.5977323055267334 3.0999999046325684
  endloop
endfacet
facet normal 0.0 0.0 0.0
  outer loop
    vertex 5.145079612731934 1.5977323055267334 3.0999999046325684
    vertex 5.158509254455566 1.4957234859466553 2.999999761581421
    vertex 5.145228385925293 1.5966031551361084 2.999999761581421
  endloop
endfacet
facet normal 0.0 0.0 0.0
  outer loop
    vertex 5.145079612731934 1.5977323055267334 3.0999999046325684
    vertex 5.145228385925293 1.5966031551361084 2.999999761581421
    vertex 5.145079612731934 1.5977323055267334 2.999999761581421
  endloop
endfacet
facet normal 0.0 0.0 0.0
  outer loop
    vertex 5.158709526062012 1.494201421737671 2.999999761581421
    vertex 5.158709526062012 1.494201421737671 3.0999999046325684
    vertex 5.158709526062012 -1.905795693397522 2.999999761581421
  endloop
endfacet
facet normal 0.0 0.0 0.0
  outer loop
    vertex 5.158709526062012 -1.905795693397522 2.999999761581421
    vertex 5.158709526062012 1.494201421737671 3.0999999046325684
    vertex 5.158709526062012 -1.905795693397522 3.0999996662139893
  endloop
endfacet
facet normal 0.0 0.0 0.0
  outer loop
    vertex 5.145079612731934 -2.009326457977295 2.999999761581421
    vertex 5.158509254455566 -1.9072872400283813 2.999999761581421
    vertex 5.145079612731934 -2.009326457977295 3.0999996662139893
  endloop
endfacet
facet normal 0.0 0.0 0.0
  outer loop
    vertex 5.145079612731934 -2.009326457977295 3.0999996662139893
    vertex 5.158509254455566 -1.9072872400283813 2.999999761581421
    vertex 5.158709526062012 -1.905795693397522 3.0999996662139893
  endloop
endfacet
facet normal 0.0 0.0 0.0
  outer loop
    vertex 5.158709526062012 -1.905795693397522 3.0999996662139893
    vertex 5.158509254455566 -1.9072872400283813 2.999999761581421
    vertex 5.158709526062012 -1.905795693397522 2.999999761581421
  endloop
endfacet
facet normal 0.0 0.0 0.0
  outer loop
    vertex 5.105118751525879 -2.1057963371276855 3.0999996662139893
    vertex 5.105118751525879 -2.1057963371276855 2.999999761581421
    vertex 5.145079612731934 -2.009326457977295 3.0999996662139893
  endloop
endfacet
facet normal 0.0 0.0 0.0
  outer loop
    vertex 5.145079612731934 -2.009326457977295 3.0999996662139893
    vertex 5.105118751525879 -2.1057963371276855 2.999999761581421
    vertex 5.145079612731934 -2.009326457977295 2.999999761581421
  endloop
endfacet
facet normal 0.0 0.0 0.0
  outer loop
    vertex 5.041548728942871 -2.188636302947998 3.0999996662139893
    vertex 5.041548728942871 -2.188636302947998 2.999999761581421
    vertex 5.105118751525879 -2.1057963371276855 3.0999996662139893
  endloop
endfacet
facet normal 0.0 0.0 0.0
  outer loop
    vertex 5.105118751525879 -2.1057963371276855 3.0999996662139893
    vertex 5.041548728942871 -2.188636302947998 2.999999761581421
    vertex 5.105118751525879 -2.1057963371276855 2.999999761581421
  endloop
endfacet
facet normal 0.0 0.0 0.0
  outer loop
    vertex 4.958708763122559 -2.2522082328796387 3.0999996662139893
    vertex 4.958708763122559 -2.2522082328796387 2.999999761581421
    vertex 5.041548728942871 -2.188636302947998 3.0999996662139893
  endloop
endfacet
facet normal 0.0 0.0 0.0
  outer loop
    vertex 5.041548728942871 -2.188636302947998 3.0999996662139893
    vertex 4.958708763122559 -2.2522082328796387 2.999999761581421
    vertex 5.041548728942871 -2.188636302947998 2.999999761581421
  endloop
endfacet
facet normal 0.0 0.0 0.0
  outer loop
    vertex 4.862238883972168 -2.2921671867370605 3.0999996662139893
    vertex 4.862238883972168 -2.2921671867370605 2.999999761581421
    vertex 4.958708763122559 -2.2522082328796387 3.0999996662139893
  endloop
endfacet
facet normal 0.0 0.0 0.0
  outer loop
    vertex 4.958708763122559 -2.2522082328796387 3.0999996662139893
    vertex 4.862238883972168 -2.2921671867370605 2.999999761581421
    vertex 4.958708763122559 -2.2522082328796387 2.999999761581421
  endloop
endfacet
facet normal 0.0 0.0 0.0
  outer loop
    vertex 4.7587080001831055 -2.3057971000671387 2.999999761581421
    vertex 4.760228157043457 -2.3055949211120605 2.999999761581421
    vertex 4.7587080001831055 -2.3057971000671387 3.0999996662139893
  endloop
endfacet
facet normal 0.0 0.0 0.0
  outer loop
    vertex 4.7587080001831055 -2.3057971000671387 3.0999996662139893
    vertex 4.760228157043457 -2.3055949211120605 2.999999761581421
    vertex 4.862238883972168 -2.2921671867370605 3.0999996662139893
  endloop
endfacet
facet normal 0.0 0.0 0.0
  outer loop
    vertex 4.862238883972168 -2.2921671867370605 3.0999996662139893
    vertex 4.760228157043457 -2.3055949211120605 2.999999761581421
    vertex 4.862238883972168 -2.2921671867370605 2.999999761581421
  endloop
endfacet
facet normal 0.0 0.0 0.0
  outer loop
    vertex 1.7587096691131592 -2.3057971000671387 2.999999761581421
    vertex 1.7595298290252686 -2.3057971000671387 2.999999761581421
    vertex 1.7587096691131592 -2.3057971000671387 3.0999996662139893
  endloop
endfacet
facet normal 0.0 0.0 0.0
  outer loop
    vertex 1.7587096691131592 -2.3057971000671387 3.0999996662139893
    vertex 1.7595298290252686 -2.3057971000671387 2.999999761581421
    vertex 4.7587080001831055 -2.3057971000671387 3.0999996662139893
  endloop
endfacet
facet normal 0.0 0.0 0.0
  outer loop
    vertex 4.7587080001831055 -2.3057971000671387 3.0999996662139893
    vertex 1.7595298290252686 -2.3057971000671387 2.999999761581421
    vertex 4.7587080001831055 -2.3057971000671387 2.999999761581421
  endloop
endfacet
facet normal 0.0 0.0 0.0
  outer loop
    vertex 1.7587096691131592 -2.3057971000671387 2.999999761581421
    vertex 1.7587096691131592 -2.3057971000671387 3.0999996662139893
    vertex 1.7587096691131592 -2.9057955741882324 2.999999761581421
  endloop
endfacet
facet normal 0.0 0.0 0.0
  outer loop
    vertex 1.7587096691131592 -2.9057955741882324 2.999999761581421
    vertex 1.7587096691131592 -2.3057971000671387 3.0999996662139893
    vertex 1.7587096691131592 -2.9057955741882324 3.0999996662139893
  endloop
endfacet
facet normal 0.0 0.0 0.0
  outer loop
    vertex 1.745079755783081 -3.009326457977295 2.999999761581421
    vertex 1.7463500499725342 -2.9996981620788574 2.999999761581421
    vertex 1.745079755783081 -3.009326457977295 3.0999996662139893
  endloop
endfacet
facet normal 0.0 0.0 0.0
  outer loop
    vertex 1.745079755783081 -3.009326457977295 3.0999996662139893
    vertex 1.7463500499725342 -2.9996981620788574 2.999999761581421
    vertex 1.7587096691131592 -2.9057955741882324 3.0999996662139893
  endloop
endfacet
facet normal 0.0 0.0 0.0
  outer loop
    vertex 1.7587096691131592 -2.9057955741882324 3.0999996662139893
    vertex 1.7463500499725342 -2.9996981620788574 2.999999761581421
    vertex 1.7587096691131592 -2.9057955741882324 2.999999761581421
  endloop
endfacet
facet normal 0.0 0.0 0.0
  outer loop
    vertex 1.7051169872283936 -3.1057963371276855 2.999999761581421
    vertex 1.7144782543182373 -3.0832056999206543 2.999999761581421
    vertex 1.7051169872283936 -3.1057963371276855 3.0999996662139893
  endloop
endfacet
facet normal 0.0 0.0 0.0
  outer loop
    vertex 1.7051169872283936 -3.1057963371276855 3.0999996662139893
    vertex 1.7144782543182373 -3.0832056999206543 2.999999761581421
    vertex 1.745079755783081 -3.009326457977295 3.0999996662139893
  endloop
endfacet
facet normal 0.0 0.0 0.0
  outer loop
    vertex 1.745079755783081 -3.009326457977295 3.0999996662139893
    vertex 1.7144782543182373 -3.0832056999206543 2.999999761581421
    vertex 1.7399070262908936 -3.021827220916748 2.999999761581421
  endloop
endfacet
facet normal 0.0 0.0 0.0
  outer loop
    vertex 1.745079755783081 -3.009326457977295 3.0999996662139893
    vertex 1.7399070262908936 -3.021827220916748 2.999999761581421
    vertex 1.745079755783081 -3.009326457977295 2.999999761581421
  endloop
endfacet
facet normal 0.0 0.0 0.0
  outer loop
    vertex 1.6415488719940186 -3.188636302947998 2.999999761581421
    vertex 1.6645972728729248 -3.158595561981201 2.999999761581421
    vertex 1.6415488719940186 -3.188636302947998 3.0999996662139893
  endloop
endfacet
facet normal 0.0 0.0 0.0
  outer loop
    vertex 1.6415488719940186 -3.188636302947998 3.0999996662139893
    vertex 1.6645972728729248 -3.158595561981201 2.999999761581421
    vertex 1.7051169872283936 -3.1057963371276855 3.0999996662139893
  endloop
endfacet
facet normal 0.0 0.0 0.0
  outer loop
    vertex 1.7051169872283936 -3.1057963371276855 3.0999996662139893
    vertex 1.6645972728729248 -3.158595561981201 2.999999761581421
    vertex 1.684788465499878 -3.1322855949401855 2.999999761581421
  endloop
endfacet
facet normal 0.0 0.0 0.0
  outer loop
    vertex 1.7051169872283936 -3.1057963371276855 3.0999996662139893
    vertex 1.684788465499878 -3.1322855949401855 2.999999761581421
    vertex 1.7051169872283936 -3.1057963371276855 2.999999761581421
  endloop
endfacet
facet normal 0.0 0.0 0.0
  outer loop
    vertex 1.558708906173706 -3.2522082328796387 2.999999761581421
    vertex 1.5894782543182373 -3.22859525680542 2.999999761581421
    vertex 1.558708906173706 -3.2522082328796387 3.0999996662139893
  endloop
endfacet
facet normal 0.0 0.0 0.0
  outer loop
    vertex 1.558708906173706 -3.2522082328796387 3.0999996662139893
    vertex 1.5894782543182373 -3.22859525680542 2.999999761581421
    vertex 1.6090400218963623 -3.213588237762451 2.999999761581421
  endloop
endfacet
facet normal 0.0 0.0 0.0
  outer loop
    vertex 1.558708906173706 -3.2522082328796387 3.0999996662139893
    vertex 1.6090400218963623 -3.213588237762451 2.999999761581421
    vertex 1.6415488719940186 -3.188636302947998 3.0999996662139893
  endloop
endfacet
facet normal 0.0 0.0 0.0
  outer loop
    vertex 1.6415488719940186 -3.188636302947998 3.0999996662139893
    vertex 1.6090400218963623 -3.213588237762451 2.999999761581421
    vertex 1.6415488719940186 -3.188636302947998 2.999999761581421
  endloop
endfacet
facet normal 0.0 0.0 0.0
  outer loop
    vertex 1.4622390270233154 -3.2921671867370605 2.999999761581421
    vertex 1.4812095165252686 -3.2843050956726074 2.999999761581421
    vertex 1.4622390270233154 -3.2921671867370605 3.0999996662139893
  endloop
endfacet
facet normal 0.0 0.0 0.0
  outer loop
    vertex 1.4622390270233154 -3.2921671867370605 3.0999996662139893
    vertex 1.4812095165252686 -3.2843050956726074 2.999999761581421
    vertex 1.531609296798706 -3.263427257537842 2.999999761581421
  endloop
endfacet
facet normal 0.0 0.0 0.0
  outer loop
    vertex 1.4622390270233154 -3.2921671867370605 3.0999996662139893
    vertex 1.531609296798706 -3.263427257537842 2.999999761581421
    vertex 1.558708906173706 -3.2522082328796387 3.0999996662139893
  endloop
endfacet
facet normal 0.0 0.0 0.0
  outer loop
    vertex 1.558708906173706 -3.2522082328796387 3.0999996662139893
    vertex 1.531609296798706 -3.263427257537842 2.999999761581421
    vertex 1.558708906173706 -3.2522082328796387 2.999999761581421
  endloop
endfacet
facet normal 0.0 0.0 0.0
  outer loop
    vertex 1.358708143234253 -3.3057971000671387 2.999999761581421
    vertex 1.4475982189178467 -3.294097423553467 2.999999761581421
    vertex 1.358708143234253 -3.3057971000671387 3.0999996662139893
  endloop
endfacet
facet normal 0.0 0.0 0.0
  outer loop
    vertex 1.358708143234253 -3.3057971000671387 3.0999996662139893
    vertex 1.4475982189178467 -3.294097423553467 2.999999761581421
    vertex 1.4622390270233154 -3.2921671867370605 3.0999996662139893
  endloop
endfacet
facet normal 0.0 0.0 0.0
  outer loop
    vertex 1.4622390270233154 -3.2921671867370605 3.0999996662139893
    vertex 1.4475982189178467 -3.294097423553467 2.999999761581421
    vertex 1.4622390270233154 -3.2921671867370605 2.999999761581421
  endloop
endfacet
facet normal 0.0 0.0 0.0
  outer loop
    vertex 1.358708143234253 -3.3057971000671387 2.999999761581421
    vertex 1.358708143234253 -3.3057971000671387 3.0999996662139893
    vertex -0.741290271282196 -3.3057971000671387 2.999999761581421
  endloop
endfacet
facet normal 0.0 0.0 0.0
  outer loop
    vertex -0.741290271282196 -3.3057971000671387 2.999999761581421
    vertex 1.358708143234253 -3.3057971000671387 3.0999996662139893
    vertex -0.741290271282196 -3.3057971000671387 3.0999996662139893
  endloop
endfacet
facet normal 0.0 0.0 0.0
  outer loop
    vertex -0.8448211550712585 -3.2921671867370605 3.0999996662139893
    vertex -0.8448211550712585 -3.2921671867370605 2.999999761581421
    vertex -0.741290271282196 -3.3057971000671387 3.0999996662139893
  endloop
endfacet
facet normal 0.0 0.0 0.0
  outer loop
    vertex -0.741290271282196 -3.3057971000671387 3.0999996662139893
    vertex -0.8448211550712585 -3.2921671867370605 2.999999761581421
    vertex -0.741290271282196 -3.3057971000671387 2.999999761581421
  endloop
endfacet
facet normal 0.0 0.0 0.0
  outer loop
    vertex -0.9412910342216492 -3.2522082328796387 3.0999996662139893
    vertex -0.9412910342216492 -3.2522082328796387 2.999999761581421
    vertex -0.8448211550712585 -3.2921671867370605 3.0999996662139893
  endloop
endfacet
facet normal 0.0 0.0 0.0
  outer loop
    vertex -0.8448211550712585 -3.2921671867370605 3.0999996662139893
    vertex -0.9412910342216492 -3.2522082328796387 2.999999761581421
    vertex -0.8448211550712585 -3.2921671867370605 2.999999761581421
  endloop
endfacet
facet normal 0.0 0.0 0.0
  outer loop
    vertex -1.0241310596466064 -3.188636302947998 3.0999996662139893
    vertex -1.0241310596466064 -3.188636302947998 2.999999761581421
    vertex -0.9412910342216492 -3.2522082328796387 3.0999996662139893
  endloop
endfacet
facet normal 0.0 0.0 0.0
  outer loop
    vertex -0.9412910342216492 -3.2522082328796387 3.0999996662139893
    vertex -1.0241310596466064 -3.188636302947998 2.999999761581421
    vertex -0.9412910342216492 -3.2522082328796387 2.999999761581421
  endloop
endfacet
facet normal 0.0 0.0 0.0
  outer loop
    vertex -1.087702989578247 -3.1057963371276855 3.0999996662139893
    vertex -1.087702989578247 -3.1057963371276855 2.999999761581421
    vertex -1.0241310596466064 -3.188636302947998 3.0999996662139893
  endloop
endfacet
facet normal 0.0 0.0 0.0
  outer loop
    vertex -1.0241310596466064 -3.188636302947998 3.0999996662139893
    vertex -1.087702989578247 -3.1057963371276855 2.999999761581421
    vertex -1.0241310596466064 -3.188636302947998 2.999999761581421
  endloop
endfacet
facet normal 0.0 0.0 0.0
  outer loop
    vertex -1.127661943435669 -3.009326457977295 3.0999996662139893
    vertex -1.127661943435669 -3.009326457977295 2.999999761581421
    vertex -1.087702989578247 -3.1057963371276855 3.0999996662139893
  endloop
endfacet
facet normal 0.0 0.0 0.0
  outer loop
    vertex -1.087702989578247 -3.1057963371276855 3.0999996662139893
    vertex -1.127661943435669 -3.009326457977295 2.999999761581421
    vertex -1.087702989578247 -3.1057963371276855 2.999999761581421
  endloop
endfacet
facet normal 0.0 0.0 0.0
  outer loop
    vertex -1.141291856765747 -2.9057955741882324 3.0999996662139893
    vertex -1.141291856765747 -2.9057955741882324 2.999999761581421
    vertex -1.127661943435669 -3.009326457977295 3.0999996662139893
  endloop
endfacet
facet normal 0.0 0.0 0.0
  outer loop
    vertex -1.127661943435669 -3.009326457977295 3.0999996662139893
    vertex -1.141291856765747 -2.9057955741882324 2.999999761581421
    vertex -1.127661943435669 -3.009326457977295 2.999999761581421
  endloop
endfacet
facet normal 0.0 0.0 0.0
  outer loop
    vertex -4.141512870788574 -2.3057475090026855 2.999999761581421
    vertex -4.141341209411621 -2.3057475090026855 2.999999761581421
    vertex -4.1416730880737305 -2.3057475090026855 2.999999761581421
  endloop
endfacet
facet normal 0.0 0.0 0.0
  outer loop
    vertex -4.1416730880737305 -2.3057475090026855 2.999999761581421
    vertex -4.141341209411621 -2.3057475090026855 2.999999761581421
    vertex -4.141180992126465 -2.3057475090026855 2.999999761581421
  endloop
endfacet
facet normal 0.0 0.0 0.0
  outer loop
    vertex -4.1416730880737305 -2.3057475090026855 2.999999761581421
    vertex -4.141180992126465 -2.3057475090026855 2.999999761581421
    vertex -4.141291618347168 -2.3057971000671387 2.999999761581421
  endloop
endfacet
facet normal 0.0 0.0 0.0
  outer loop
    vertex -4.141291618347168 -2.3057971000671387 2.999999761581421
    vertex -4.141180992126465 -2.3057475090026855 2.999999761581421
    vertex -1.141291856765747 -2.3057971000671387 2.999999761581421
  endloop
endfacet
facet normal 0.0 0.0 0.0
  outer loop
    vertex 1.7399070262908936 -3.021827220916748 2.999999761581421
    vertex 1.743809461593628 -3.008967876434326 2.999999761581421
    vertex 1.745079755783081 -3.009326457977295 2.999999761581421
  endloop
endfacet
facet normal 0.0 0.0 0.0
  outer loop
    vertex 1.745079755783081 -3.009326457977295 2.999999761581421
    vertex 1.743809461593628 -3.008967876434326 2.999999761581421
    vertex 1.7463500499725342 -2.9996981620788574 2.999999761581421
  endloop
endfacet
endsolid Uranium STLWriter Sat 14 Jun 2025 23:32:55
