solid Uranium STLWriter Sat 14 Jun 2025 23:33:22
facet normal 0.0 0.0 0.0
  outer loop
    vertex -7.787169456481934 5.900001049041748 1.3042105436325073
    vertex -7.787169456481934 1.9666746854782104 1.3042105436325073
    vertex -7.800002098083496 5.900001049041748 1.4999998807907104
  endloop
endfacet
facet normal 0.0 0.0 0.0
  outer loop
    vertex -7.800002098083496 5.900001049041748 1.4999998807907104
    vertex -7.787169456481934 1.9666746854782104 1.3042105436325073
    vertex -7.787169456481934 -1.9666670560836792 1.3042105436325073
  endloop
endfacet
facet normal 0.0 0.0 0.0
  outer loop
    vertex -7.800002098083496 5.900001049041748 1.4999998807907104
    vertex -7.787169456481934 -1.9666670560836792 1.3042105436325073
    vertex -7.800002098083496 -5.899993419647217 1.4999998807907104
  endloop
endfacet
facet normal 0.0 0.0 0.0
  outer loop
    vertex -7.800002098083496 -5.899993419647217 1.4999998807907104
    vertex -7.787169456481934 -1.9666670560836792 1.3042105436325073
    vertex -7.787169456481934 -5.899993419647217 1.3042105436325073
  endloop
endfacet
facet normal 0.0 0.0 0.0
  outer loop
    vertex -7.787169456481934 -5.899993419647217 1.3042105436325073
    vertex -7.787169456481934 -1.9666670560836792 1.3042105436325073
    vertex -7.748892784118652 -5.899993419647217 1.1117712259292603
  endloop
endfacet
facet normal 0.0 0.0 0.0
  outer loop
    vertex -7.748892784118652 -5.899993419647217 1.1117712259292603
    vertex -7.787169456481934 -1.9666670560836792 1.3042105436325073
    vertex -7.748892784118652 -1.9666670560836792 1.1117712259292603
  endloop
endfacet
facet normal 0.0 0.0 0.0
  outer loop
    vertex -7.748892784118652 -5.899993419647217 1.1117712259292603
    vertex -7.748892784118652 -1.9666670560836792 1.1117712259292603
    vertex -7.685820579528809 -5.899993419647217 0.9259748458862305
  endloop
endfacet
facet normal 0.0 0.0 0.0
  outer loop
    vertex -7.685820579528809 -5.899993419647217 0.9259748458862305
    vertex -7.748892784118652 -1.9666670560836792 1.1117712259292603
    vertex -7.685820579528809 -1.9666670560836792 0.9259748458862305
  endloop
endfacet
facet normal 0.0 0.0 0.0
  outer loop
    vertex -7.685820579528809 -5.899993419647217 0.9259748458862305
    vertex -7.685820579528809 -1.9666670560836792 0.9259748458862305
    vertex -7.5990400314331055 -5.899993419647217 0.75
  endloop
endfacet
facet normal 0.0 0.0 0.0
  outer loop
    vertex -7.5990400314331055 -5.899993419647217 0.75
    vertex -7.685820579528809 -1.9666670560836792 0.9259748458862305
    vertex -7.5990400314331055 -1.9666670560836792 0.75
  endloop
endfacet
facet normal 0.0 0.0 0.0
  outer loop
    vertex -7.5990400314331055 -5.899993419647217 0.75
    vertex -7.5990400314331055 -1.9666670560836792 0.75
    vertex -7.4900312423706055 -5.899993419647217 0.5868580341339111
  endloop
endfacet
facet normal 0.0 0.0 0.0
  outer loop
    vertex -7.4900312423706055 -5.899993419647217 0.5868580341339111
    vertex -7.5990400314331055 -1.9666670560836792 0.75
    vertex -7.4900312423706055 -1.9666670560836792 0.5868580341339111
  endloop
endfacet
facet normal 0.0 0.0 0.0
  outer loop
    vertex -7.4900312423706055 -5.899993419647217 0.5868580341339111
    vertex -7.4900312423706055 -1.9666670560836792 0.5868580341339111
    vertex -7.360659599304199 -5.899993419647217 0.43934011459350586
  endloop
endfacet
facet normal 0.0 0.0 0.0
  outer loop
    vertex -7.360659599304199 -5.899993419647217 0.43934011459350586
    vertex -7.4900312423706055 -1.9666670560836792 0.5868580341339111
    vertex -7.360659599304199 -1.9666670560836792 0.43934011459350586
  endloop
endfacet
facet normal 0.0 0.0 0.0
  outer loop
    vertex -7.360659599304199 -5.899993419647217 0.43934011459350586
    vertex -7.360659599304199 -1.9666670560836792 0.43934011459350586
    vertex -7.213141441345215 -5.899993419647217 0.3099699020385742
  endloop
endfacet
facet normal 0.0 0.0 0.0
  outer loop
    vertex -7.213141441345215 -5.899993419647217 0.3099699020385742
    vertex -7.360659599304199 -1.9666670560836792 0.43934011459350586
    vertex -7.213141441345215 -1.9666670560836792 0.3099699020385742
  endloop
endfacet
facet normal 0.0 0.0 0.0
  outer loop
    vertex -7.213141441345215 -5.899993419647217 0.3099699020385742
    vertex -7.213141441345215 -1.9666670560836792 0.3099699020385742
    vertex -7.050002098083496 -5.899993419647217 0.20096206665039062
  endloop
endfacet
facet normal 0.0 0.0 0.0
  outer loop
    vertex -7.050002098083496 -5.899993419647217 0.20096206665039062
    vertex -7.213141441345215 -1.9666670560836792 0.3099699020385742
    vertex -7.050002098083496 -1.9666670560836792 0.20096206665039062
  endloop
endfacet
facet normal 0.0 0.0 0.0
  outer loop
    vertex -7.050002098083496 -5.899993419647217 0.20096206665039062
    vertex -7.050002098083496 -1.9666670560836792 0.20096206665039062
    vertex -6.874030113220215 -5.899993419647217 0.1141810417175293
  endloop
endfacet
facet normal 0.0 0.0 0.0
  outer loop
    vertex -6.874030113220215 -5.899993419647217 0.1141810417175293
    vertex -7.050002098083496 -1.9666670560836792 0.20096206665039062
    vertex -6.874030113220215 -1.9666670560836792 0.1141810417175293
  endloop
endfacet
facet normal 0.0 0.0 0.0
  outer loop
    vertex -6.874030113220215 -5.899993419647217 0.1141810417175293
    vertex -6.874030113220215 -1.9666670560836792 0.1141810417175293
    vertex -6.688231468200684 -5.899993419647217 0.05111098289489746
  endloop
endfacet
facet normal 0.0 0.0 0.0
  outer loop
    vertex -6.688231468200684 -5.899993419647217 0.05111098289489746
    vertex -6.874030113220215 -1.9666670560836792 0.1141810417175293
    vertex -6.688231468200684 -1.9666670560836792 0.05111098289489746
  endloop
endfacet
facet normal 0.0 0.0 0.0
  outer loop
    vertex -6.688231468200684 -5.899993419647217 0.05111098289489746
    vertex -6.688231468200684 -1.9666670560836792 0.05111098289489746
    vertex -6.495791435241699 -5.899993419647217 0.012833118438720703
  endloop
endfacet
facet normal 0.0 0.0 0.0
  outer loop
    vertex -6.495791435241699 -5.899993419647217 0.012833118438720703
    vertex -6.688231468200684 -1.9666670560836792 0.05111098289489746
    vertex -6.495791435241699 -1.9666670560836792 0.012833118438720703
  endloop
endfacet
facet normal 0.0 0.0 0.0
  outer loop
    vertex -6.495791435241699 -5.899993419647217 0.012833118438720703
    vertex -6.495791435241699 -1.9666670560836792 0.012833118438720703
    vertex -6.300002098083496 -5.899993419647217 0.0
  endloop
endfacet
facet normal 0.0 0.0 0.0
  outer loop
    vertex -6.300002098083496 -5.899993419647217 0.0
    vertex -6.495791435241699 -1.9666670560836792 0.012833118438720703
    vertex -6.495791435241699 1.9666746854782104 0.012833118438720703
  endloop
endfacet
facet normal 0.0 0.0 0.0
  outer loop
    vertex -6.300002098083496 -5.899993419647217 0.0
    vertex -6.495791435241699 1.9666746854782104 0.012833118438720703
    vertex -6.300002098083496 5.900001049041748 0.0
  endloop
endfacet
facet normal 0.0 0.0 0.0
  outer loop
    vertex -6.300002098083496 5.900001049041748 0.0
    vertex -6.495791435241699 1.9666746854782104 0.012833118438720703
    vertex -6.495791435241699 5.900001049041748 0.012833118438720703
  endloop
endfacet
facet normal 0.0 0.0 0.0
  outer loop
    vertex -6.495791435241699 5.900001049041748 0.012833118438720703
    vertex -6.495791435241699 1.9666746854782104 0.012833118438720703
    vertex -6.688231468200684 5.900001049041748 0.05111098289489746
  endloop
endfacet
facet normal 0.0 0.0 0.0
  outer loop
    vertex -6.688231468200684 5.900001049041748 0.05111098289489746
    vertex -6.495791435241699 1.9666746854782104 0.012833118438720703
    vertex -6.688231468200684 1.9666746854782104 0.05111098289489746
  endloop
endfacet
facet normal 0.0 0.0 0.0
  outer loop
    vertex -6.688231468200684 5.900001049041748 0.05111098289489746
    vertex -6.688231468200684 1.9666746854782104 0.05111098289489746
    vertex -6.874030113220215 5.900001049041748 0.1141810417175293
  endloop
endfacet
facet normal 0.0 0.0 0.0
  outer loop
    vertex -6.874030113220215 5.900001049041748 0.1141810417175293
    vertex -6.688231468200684 1.9666746854782104 0.05111098289489746
    vertex -6.874030113220215 1.9666746854782104 0.1141810417175293
  endloop
endfacet
facet normal 0.0 0.0 0.0
  outer loop
    vertex -6.874030113220215 5.900001049041748 0.1141810417175293
    vertex -6.874030113220215 1.9666746854782104 0.1141810417175293
    vertex -7.050002098083496 5.900001049041748 0.20096206665039062
  endloop
endfacet
facet normal 0.0 0.0 0.0
  outer loop
    vertex -7.050002098083496 5.900001049041748 0.20096206665039062
    vertex -6.874030113220215 1.9666746854782104 0.1141810417175293
    vertex -7.050002098083496 1.9666746854782104 0.20096206665039062
  endloop
endfacet
facet normal 0.0 0.0 0.0
  outer loop
    vertex -7.050002098083496 5.900001049041748 0.20096206665039062
    vertex -7.050002098083496 1.9666746854782104 0.20096206665039062
    vertex -7.213141441345215 5.900001049041748 0.3099699020385742
  endloop
endfacet
facet normal 0.0 0.0 0.0
  outer loop
    vertex -7.213141441345215 5.900001049041748 0.3099699020385742
    vertex -7.050002098083496 1.9666746854782104 0.20096206665039062
    vertex -7.213141441345215 1.9666746854782104 0.3099699020385742
  endloop
endfacet
facet normal 0.0 0.0 0.0
  outer loop
    vertex -7.213141441345215 5.900001049041748 0.3099699020385742
    vertex -7.213141441345215 1.9666746854782104 0.3099699020385742
    vertex -7.360659599304199 5.900001049041748 0.43934011459350586
  endloop
endfacet
facet normal 0.0 0.0 0.0
  outer loop
    vertex -7.360659599304199 5.900001049041748 0.43934011459350586
    vertex -7.213141441345215 1.9666746854782104 0.3099699020385742
    vertex -7.360659599304199 1.9666746854782104 0.43934011459350586
  endloop
endfacet
facet normal 0.0 0.0 0.0
  outer loop
    vertex -7.360659599304199 5.900001049041748 0.43934011459350586
    vertex -7.360659599304199 1.9666746854782104 0.43934011459350586
    vertex -7.4900312423706055 5.900001049041748 0.5868580341339111
  endloop
endfacet
facet normal 0.0 0.0 0.0
  outer loop
    vertex -7.4900312423706055 5.900001049041748 0.5868580341339111
    vertex -7.360659599304199 1.9666746854782104 0.43934011459350586
    vertex -7.4900312423706055 1.9666746854782104 0.5868580341339111
  endloop
endfacet
facet normal 0.0 0.0 0.0
  outer loop
    vertex -7.4900312423706055 5.900001049041748 0.5868580341339111
    vertex -7.4900312423706055 1.9666746854782104 0.5868580341339111
    vertex -7.5990400314331055 5.900001049041748 0.75
  endloop
endfacet
facet normal 0.0 0.0 0.0
  outer loop
    vertex -7.5990400314331055 5.900001049041748 0.75
    vertex -7.4900312423706055 1.9666746854782104 0.5868580341339111
    vertex -7.5990400314331055 1.9666746854782104 0.75
  endloop
endfacet
facet normal 0.0 0.0 0.0
  outer loop
    vertex -7.5990400314331055 5.900001049041748 0.75
    vertex -7.5990400314331055 1.9666746854782104 0.75
    vertex -7.685820579528809 5.900001049041748 0.9259748458862305
  endloop
endfacet
facet normal 0.0 0.0 0.0
  outer loop
    vertex -7.685820579528809 5.900001049041748 0.9259748458862305
    vertex -7.5990400314331055 1.9666746854782104 0.75
    vertex -7.685820579528809 1.9666746854782104 0.9259748458862305
  endloop
endfacet
facet normal 0.0 0.0 0.0
  outer loop
    vertex -7.685820579528809 5.900001049041748 0.9259748458862305
    vertex -7.685820579528809 1.9666746854782104 0.9259748458862305
    vertex -7.748892784118652 5.900001049041748 1.1117712259292603
  endloop
endfacet
facet normal 0.0 0.0 0.0
  outer loop
    vertex -7.748892784118652 5.900001049041748 1.1117712259292603
    vertex -7.685820579528809 1.9666746854782104 0.9259748458862305
    vertex -7.748892784118652 1.9666746854782104 1.1117712259292603
  endloop
endfacet
facet normal 0.0 0.0 0.0
  outer loop
    vertex -7.748892784118652 5.900001049041748 1.1117712259292603
    vertex -7.748892784118652 1.9666746854782104 1.1117712259292603
    vertex -7.787169456481934 5.900001049041748 1.3042105436325073
  endloop
endfacet
facet normal 0.0 0.0 0.0
  outer loop
    vertex -7.787169456481934 5.900001049041748 1.3042105436325073
    vertex -7.748892784118652 1.9666746854782104 1.1117712259292603
    vertex -7.787169456481934 1.9666746854782104 1.3042105436325073
  endloop
endfacet
facet normal 0.0 0.0 0.0
  outer loop
    vertex -7.748892784118652 -1.9666670560836792 1.1117712259292603
    vertex -7.787169456481934 -1.9666670560836792 1.3042105436325073
    vertex -7.787169456481934 1.9666746854782104 1.3042105436325073
  endloop
endfacet
facet normal 0.0 0.0 0.0
  outer loop
    vertex -7.748892784118652 -1.9666670560836792 1.1117712259292603
    vertex -7.787169456481934 1.9666746854782104 1.3042105436325073
    vertex -7.748892784118652 1.9666746854782104 1.1117712259292603
  endloop
endfacet
facet normal 0.0 0.0 0.0
  outer loop
    vertex -7.685820579528809 -1.9666670560836792 0.9259748458862305
    vertex -7.748892784118652 -1.9666670560836792 1.1117712259292603
    vertex -7.748892784118652 1.9666746854782104 1.1117712259292603
  endloop
endfacet
facet normal 0.0 0.0 0.0
  outer loop
    vertex -7.685820579528809 -1.9666670560836792 0.9259748458862305
    vertex -7.748892784118652 1.9666746854782104 1.1117712259292603
    vertex -7.685820579528809 1.9666746854782104 0.9259748458862305
  endloop
endfacet
facet normal 0.0 0.0 0.0
  outer loop
    vertex -7.5990400314331055 -1.9666670560836792 0.75
    vertex -7.685820579528809 -1.9666670560836792 0.9259748458862305
    vertex -7.685820579528809 1.9666746854782104 0.9259748458862305
  endloop
endfacet
facet normal 0.0 0.0 0.0
  outer loop
    vertex -7.5990400314331055 -1.9666670560836792 0.75
    vertex -7.685820579528809 1.9666746854782104 0.9259748458862305
    vertex -7.5990400314331055 1.9666746854782104 0.75
  endloop
endfacet
facet normal 0.0 0.0 0.0
  outer loop
    vertex -7.4900312423706055 -1.9666670560836792 0.5868580341339111
    vertex -7.5990400314331055 -1.9666670560836792 0.75
    vertex -7.5990400314331055 1.9666746854782104 0.75
  endloop
endfacet
facet normal 0.0 0.0 0.0
  outer loop
    vertex -7.4900312423706055 -1.9666670560836792 0.5868580341339111
    vertex -7.5990400314331055 1.9666746854782104 0.75
    vertex -7.4900312423706055 1.9666746854782104 0.5868580341339111
  endloop
endfacet
facet normal 0.0 0.0 0.0
  outer loop
    vertex -7.360659599304199 -1.9666670560836792 0.43934011459350586
    vertex -7.4900312423706055 -1.9666670560836792 0.5868580341339111
    vertex -7.4900312423706055 1.9666746854782104 0.5868580341339111
  endloop
endfacet
facet normal 0.0 0.0 0.0
  outer loop
    vertex -7.360659599304199 -1.9666670560836792 0.43934011459350586
    vertex -7.4900312423706055 1.9666746854782104 0.5868580341339111
    vertex -7.360659599304199 1.9666746854782104 0.43934011459350586
  endloop
endfacet
facet normal 0.0 0.0 0.0
  outer loop
    vertex -7.213141441345215 -1.9666670560836792 0.3099699020385742
    vertex -7.360659599304199 -1.9666670560836792 0.43934011459350586
    vertex -7.360659599304199 1.9666746854782104 0.43934011459350586
  endloop
endfacet
facet normal 0.0 0.0 0.0
  outer loop
    vertex -7.213141441345215 -1.9666670560836792 0.3099699020385742
    vertex -7.360659599304199 1.9666746854782104 0.43934011459350586
    vertex -7.213141441345215 1.9666746854782104 0.3099699020385742
  endloop
endfacet
facet normal 0.0 0.0 0.0
  outer loop
    vertex -7.050002098083496 -1.9666670560836792 0.20096206665039062
    vertex -7.213141441345215 -1.9666670560836792 0.3099699020385742
    vertex -7.213141441345215 1.9666746854782104 0.3099699020385742
  endloop
endfacet
facet normal 0.0 0.0 0.0
  outer loop
    vertex -7.050002098083496 -1.9666670560836792 0.20096206665039062
    vertex -7.213141441345215 1.9666746854782104 0.3099699020385742
    vertex -7.050002098083496 1.9666746854782104 0.20096206665039062
  endloop
endfacet
facet normal 0.0 0.0 0.0
  outer loop
    vertex -6.874030113220215 -1.9666670560836792 0.1141810417175293
    vertex -7.050002098083496 -1.9666670560836792 0.20096206665039062
    vertex -7.050002098083496 1.9666746854782104 0.20096206665039062
  endloop
endfacet
facet normal 0.0 0.0 0.0
  outer loop
    vertex -6.874030113220215 -1.9666670560836792 0.1141810417175293
    vertex -7.050002098083496 1.9666746854782104 0.20096206665039062
    vertex -6.874030113220215 1.9666746854782104 0.1141810417175293
  endloop
endfacet
facet normal 0.0 0.0 0.0
  outer loop
    vertex -6.688231468200684 -1.9666670560836792 0.05111098289489746
    vertex -6.874030113220215 -1.9666670560836792 0.1141810417175293
    vertex -6.874030113220215 1.9666746854782104 0.1141810417175293
  endloop
endfacet
facet normal 0.0 0.0 0.0
  outer loop
    vertex -6.688231468200684 -1.9666670560836792 0.05111098289489746
    vertex -6.874030113220215 1.9666746854782104 0.1141810417175293
    vertex -6.688231468200684 1.9666746854782104 0.05111098289489746
  endloop
endfacet
facet normal 0.0 0.0 0.0
  outer loop
    vertex -6.495791435241699 -1.9666670560836792 0.012833118438720703
    vertex -6.688231468200684 -1.9666670560836792 0.05111098289489746
    vertex -6.688231468200684 1.9666746854782104 0.05111098289489746
  endloop
endfacet
facet normal 0.0 0.0 0.0
  outer loop
    vertex -6.495791435241699 -1.9666670560836792 0.012833118438720703
    vertex -6.688231468200684 1.9666746854782104 0.05111098289489746
    vertex -6.495791435241699 1.9666746854782104 0.012833118438720703
  endloop
endfacet
facet normal 0.0 0.0 0.0
  outer loop
    vertex -5.911261558532715 -6.387465953826904 0.0
    vertex -5.800002098083496 -6.399993419647217 0.0
    vertex -5.883872032165527 -6.590713024139404 0.012833118438720703
  endloop
endfacet
facet normal 0.0 0.0 0.0
  outer loop
    vertex -5.883872032165527 -6.590713024139404 0.012833118438720703
    vertex -5.800002098083496 -6.399993419647217 0.0
    vertex -5.800002098083496 -6.5957865715026855 0.012833118438720703
  endloop
endfacet
facet normal 0.0 0.0 0.0
  outer loop
    vertex -5.883872032165527 -6.590713024139404 0.012833118438720703
    vertex -5.800002098083496 -6.5957865715026855 0.012833118438720703
    vertex -5.800002098083496 -6.788222789764404 0.05111098289489746
  endloop
endfacet
facet normal 0.0 0.0 0.0
  outer loop
    vertex -5.883872032165527 -6.590713024139404 0.012833118438720703
    vertex -5.800002098083496 -6.788222789764404 0.05111098289489746
    vertex -5.907073020935059 -6.781753063201904 0.05111098289489746
  endloop
endfacet
facet normal 0.0 0.0 0.0
  outer loop
    vertex -5.907073020935059 -6.781753063201904 0.05111098289489746
    vertex -5.800002098083496 -6.788222789764404 0.05111098289489746
    vertex -5.800002098083496 -6.974029064178467 0.1141810417175293
  endloop
endfacet
facet normal 0.0 0.0 0.0
  outer loop
    vertex -5.907073020935059 -6.781753063201904 0.05111098289489746
    vertex -5.800002098083496 -6.974029064178467 0.1141810417175293
    vertex -5.929461479187012 -6.966193675994873 0.1141810417175293
  endloop
endfacet
facet normal 0.0 0.0 0.0
  outer loop
    vertex -5.929461479187012 -6.966193675994873 0.1141810417175293
    vertex -5.800002098083496 -6.974029064178467 0.1141810417175293
    vertex -5.800002098083496 -7.149993419647217 0.20096206665039062
  endloop
endfacet
facet normal 0.0 0.0 0.0
  outer loop
    vertex -5.929461479187012 -6.966193675994873 0.1141810417175293
    vertex -5.800002098083496 -7.149993419647217 0.20096206665039062
    vertex -5.950671195983887 -7.140883922576904 0.20096206665039062
  endloop
endfacet
facet normal 0.0 0.0 0.0
  outer loop
    vertex -5.950671195983887 -7.140883922576904 0.20096206665039062
    vertex -5.800002098083496 -7.149993419647217 0.20096206665039062
    vertex -5.800002098083496 -7.313148021697998 0.3099699020385742
  endloop
endfacet
facet normal 0.0 0.0 0.0
  outer loop
    vertex -5.950671195983887 -7.140883922576904 0.20096206665039062
    vertex -5.800002098083496 -7.313148021697998 0.3099699020385742
    vertex -5.970339775085449 -7.302833080291748 0.3099699020385742
  endloop
endfacet
facet normal 0.0 0.0 0.0
  outer loop
    vertex -5.970339775085449 -7.302833080291748 0.3099699020385742
    vertex -5.800002098083496 -7.313148021697998 0.3099699020385742
    vertex -5.800002098083496 -7.4606547355651855 0.43934011459350586
  endloop
endfacet
facet normal 0.0 0.0 0.0
  outer loop
    vertex -5.970339775085449 -7.302833080291748 0.3099699020385742
    vertex -5.800002098083496 -7.4606547355651855 0.43934011459350586
    vertex -5.988120079040527 -7.449286937713623 0.43934011459350586
  endloop
endfacet
facet normal 0.0 0.0 0.0
  outer loop
    vertex -5.988120079040527 -7.449286937713623 0.43934011459350586
    vertex -5.800002098083496 -7.4606547355651855 0.43934011459350586
    vertex -5.800002098083496 -7.590026378631592 0.5868580341339111
  endloop
endfacet
facet normal 0.0 0.0 0.0
  outer loop
    vertex -5.988120079040527 -7.449286937713623 0.43934011459350586
    vertex -5.800002098083496 -7.590026378631592 0.5868580341339111
    vertex -6.003710746765137 -7.577704906463623 0.5868580341339111
  endloop
endfacet
facet normal 0.0 0.0 0.0
  outer loop
    vertex -6.003710746765137 -7.577704906463623 0.5868580341339111
    vertex -5.800002098083496 -7.590026378631592 0.5868580341339111
    vertex -5.800002098083496 -7.699035167694092 0.75
  endloop
endfacet
facet normal 0.0 0.0 0.0
  outer loop
    vertex -6.003710746765137 -7.577704906463623 0.5868580341339111
    vertex -5.800002098083496 -7.699035167694092 0.75
    vertex -6.016852378845215 -7.685927867889404 0.75
  endloop
endfacet
facet normal 0.0 0.0 0.0
  outer loop
    vertex -6.016852378845215 -7.685927867889404 0.75
    vertex -5.800002098083496 -7.699035167694092 0.75
    vertex -5.800002098083496 -7.7858195304870605 0.9259748458862305
  endloop
endfacet
facet normal 0.0 0.0 0.0
  outer loop
    vertex -6.016852378845215 -7.685927867889404 0.75
    vertex -5.800002098083496 -7.7858195304870605 0.9259748458862305
    vertex -6.027312278747559 -7.772063732147217 0.9259748458862305
  endloop
endfacet
facet normal 0.0 0.0 0.0
  outer loop
    vertex -6.027312278747559 -7.772063732147217 0.9259748458862305
    vertex -5.800002098083496 -7.7858195304870605 0.9259748458862305
    vertex -5.800002098083496 -7.848884105682373 1.1117711067199707
  endloop
endfacet
facet normal 0.0 0.0 0.0
  outer loop
    vertex -6.027312278747559 -7.772063732147217 0.9259748458862305
    vertex -5.800002098083496 -7.848884105682373 1.1117711067199707
    vertex -6.034911155700684 -7.8346781730651855 1.1117711067199707
  endloop
endfacet
facet normal 0.0 0.0 0.0
  outer loop
    vertex -6.034911155700684 -7.8346781730651855 1.1117711067199707
    vertex -5.800002098083496 -7.848884105682373 1.1117711067199707
    vertex -5.800002098083496 -7.8871684074401855 1.3042104244232178
  endloop
endfacet
facet normal 0.0 0.0 0.0
  outer loop
    vertex -6.034911155700684 -7.8346781730651855 1.1117711067199707
    vertex -5.800002098083496 -7.8871684074401855 1.3042104244232178
    vertex -6.0395307540893555 -7.872680187225342 1.3042104244232178
  endloop
endfacet
facet normal 0.0 0.0 0.0
  outer loop
    vertex -6.0395307540893555 -7.872680187225342 1.3042104244232178
    vertex -5.800002098083496 -7.8871684074401855 1.3042104244232178
    vertex -5.800002098083496 -7.899993419647217 1.499999761581421
  endloop
endfacet
facet normal 0.0 0.0 0.0
  outer loop
    vertex -6.0395307540893555 -7.872680187225342 1.3042104244232178
    vertex -5.800002098083496 -7.899993419647217 1.499999761581421
    vertex -6.041079521179199 -7.885413646697998 1.499999761581421
  endloop
endfacet
facet normal 0.0 0.0 0.0
  outer loop
    vertex -6.0395307540893555 -7.872680187225342 1.3042104244232178
    vertex -6.041079521179199 -7.885413646697998 1.499999761581421
    vertex -6.275561332702637 -7.8294291496276855 1.3042104244232178
  endloop
endfacet
facet normal 0.0 0.0 0.0
  outer loop
    vertex -6.275561332702637 -7.8294291496276855 1.3042104244232178
    vertex -6.041079521179199 -7.885413646697998 1.499999761581421
    vertex -6.278632164001465 -7.841887950897217 1.499999761581421
  endloop
endfacet
facet normal 0.0 0.0 0.0
  outer loop
    vertex -6.275561332702637 -7.8294291496276855 1.3042104244232178
    vertex -6.278632164001465 -7.841887950897217 1.499999761581421
    vertex -6.504660606384277 -7.758033275604248 1.3042105436325073
  endloop
endfacet
facet normal 0.0 0.0 0.0
  outer loop
    vertex -6.504660606384277 -7.758033275604248 1.3042105436325073
    vertex -6.278632164001465 -7.841887950897217 1.499999761581421
    vertex -6.509211540222168 -7.770034313201904 1.4999998807907104
  endloop
endfacet
facet normal 0.0 0.0 0.0
  outer loop
    vertex -6.504660606384277 -7.758033275604248 1.3042105436325073
    vertex -6.509211540222168 -7.770034313201904 1.4999998807907104
    vertex -6.723483085632324 -7.659545421600342 1.3042105436325073
  endloop
endfacet
facet normal 0.0 0.0 0.0
  outer loop
    vertex -6.723483085632324 -7.659545421600342 1.3042105436325073
    vertex -6.509211540222168 -7.770034313201904 1.4999998807907104
    vertex -6.729453086853027 -7.670913219451904 1.4999998807907104
  endloop
endfacet
facet normal 0.0 0.0 0.0
  outer loop
    vertex -6.723483085632324 -7.659545421600342 1.3042105436325073
    vertex -6.729453086853027 -7.670913219451904 1.4999998807907104
    vertex -6.928839683532715 -7.535407543182373 1.3042105436325073
  endloop
endfacet
facet normal 0.0 0.0 0.0
  outer loop
    vertex -6.928839683532715 -7.535407543182373 1.3042105436325073
    vertex -6.729453086853027 -7.670913219451904 1.4999998807907104
    vertex -6.936129570007324 -7.545966625213623 1.4999998807907104
  endloop
endfacet
facet normal 0.0 0.0 0.0
  outer loop
    vertex -6.928839683532715 -7.535407543182373 1.3042105436325073
    vertex -6.936129570007324 -7.545966625213623 1.4999998807907104
    vertex -7.117739677429199 -7.387420177459717 1.3042105436325073
  endloop
endfacet
facet normal 0.0 0.0 0.0
  outer loop
    vertex -7.117739677429199 -7.387420177459717 1.3042105436325073
    vertex -6.936129570007324 -7.545966625213623 1.4999998807907104
    vertex -7.126250267028809 -7.3970255851745605 1.4999998807907104
  endloop
endfacet
facet normal 0.0 0.0 0.0
  outer loop
    vertex -7.117739677429199 -7.387420177459717 1.3042105436325073
    vertex -7.126250267028809 -7.3970255851745605 1.4999998807907104
    vertex -7.287421226501465 -7.2177348136901855 1.3042105436325073
  endloop
endfacet
facet normal 0.0 0.0 0.0
  outer loop
    vertex -7.287421226501465 -7.2177348136901855 1.3042105436325073
    vertex -7.126250267028809 -7.3970255851745605 1.4999998807907104
    vertex -7.297022819519043 -7.2262492179870605 1.4999998807907104
  endloop
endfacet
facet normal 0.0 0.0 0.0
  outer loop
    vertex -7.287421226501465 -7.2177348136901855 1.3042105436325073
    vertex -7.297022819519043 -7.2262492179870605 1.4999998807907104
    vertex -7.435412406921387 -7.028838634490967 1.3042105436325073
  endloop
endfacet
facet normal 0.0 0.0 0.0
  outer loop
    vertex -7.435412406921387 -7.028838634490967 1.3042105436325073
    vertex -7.297022819519043 -7.2262492179870605 1.4999998807907104
    vertex -7.445971488952637 -7.0361247062683105 1.4999998807907104
  endloop
endfacet
facet normal 0.0 0.0 0.0
  outer loop
    vertex -7.435412406921387 -7.028838634490967 1.3042105436325073
    vertex -7.445971488952637 -7.0361247062683105 1.4999998807907104
    vertex -7.5595502853393555 -6.823485851287842 1.3042105436325073
  endloop
endfacet
facet normal 0.0 0.0 0.0
  outer loop
    vertex -7.5595502853393555 -6.823485851287842 1.3042105436325073
    vertex -7.445971488952637 -7.0361247062683105 1.4999998807907104
    vertex -7.570910453796387 -6.829444408416748 1.4999998807907104
  endloop
endfacet
facet normal 0.0 0.0 0.0
  outer loop
    vertex -7.5595502853393555 -6.823485851287842 1.3042105436325073
    vertex -7.570910453796387 -6.829444408416748 1.4999998807907104
    vertex -7.658041954040527 -6.604659557342529 1.3042105436325073
  endloop
endfacet
facet normal 0.0 0.0 0.0
  outer loop
    vertex -7.658041954040527 -6.604659557342529 1.3042105436325073
    vertex -7.570910453796387 -6.829444408416748 1.4999998807907104
    vertex -7.670031547546387 -6.609206676483154 1.4999998807907104
  endloop
endfacet
facet normal 0.0 0.0 0.0
  outer loop
    vertex -7.658041954040527 -6.604659557342529 1.3042105436325073
    vertex -7.670031547546387 -6.609206676483154 1.4999998807907104
    vertex -7.729430198669434 -6.375556468963623 1.3042105436325073
  endloop
endfacet
facet normal 0.0 0.0 0.0
  outer loop
    vertex -7.729430198669434 -6.375556468963623 1.3042105436325073
    vertex -7.670031547546387 -6.609206676483154 1.4999998807907104
    vertex -7.7418928146362305 -6.378638744354248 1.4999998807907104
  endloop
endfacet
facet normal 0.0 0.0 0.0
  outer loop
    vertex -7.729430198669434 -6.375556468963623 1.3042105436325073
    vertex -7.7418928146362305 -6.378638744354248 1.4999998807907104
    vertex -7.77268123626709 -6.139525890350342 1.3042105436325073
  endloop
endfacet
facet normal 0.0 0.0 0.0
  outer loop
    vertex -7.77268123626709 -6.139525890350342 1.3042105436325073
    vertex -7.7418928146362305 -6.378638744354248 1.4999998807907104
    vertex -7.785422325134277 -6.1410746574401855 1.4999998807907104
  endloop
endfacet
facet normal 0.0 0.0 0.0
  outer loop
    vertex -7.77268123626709 -6.139525890350342 1.3042105436325073
    vertex -7.785422325134277 -6.1410746574401855 1.4999998807907104
    vertex -7.787169456481934 -5.899993419647217 1.3042105436325073
  endloop
endfacet
facet normal 0.0 0.0 0.0
  outer loop
    vertex -7.787169456481934 -5.899993419647217 1.3042105436325073
    vertex -7.785422325134277 -6.1410746574401855 1.4999998807907104
    vertex -7.800002098083496 -5.899993419647217 1.4999998807907104
  endloop
endfacet
facet normal 0.0 0.0 0.0
  outer loop
    vertex -7.787169456481934 -5.899993419647217 1.3042105436325073
    vertex -7.748892784118652 -5.899993419647217 1.1117712259292603
    vertex -7.77268123626709 -6.139525890350342 1.3042105436325073
  endloop
endfacet
facet normal 0.0 0.0 0.0
  outer loop
    vertex -7.77268123626709 -6.139525890350342 1.3042105436325073
    vertex -7.748892784118652 -5.899993419647217 1.1117712259292603
    vertex -7.734683036804199 -6.134917736053467 1.1117712259292603
  endloop
endfacet
facet normal 0.0 0.0 0.0
  outer loop
    vertex -7.77268123626709 -6.139525890350342 1.3042105436325073
    vertex -7.734683036804199 -6.134917736053467 1.1117712259292603
    vertex -7.729430198669434 -6.375556468963623 1.3042105436325073
  endloop
endfacet
facet normal 0.0 0.0 0.0
  outer loop
    vertex -7.729430198669434 -6.375556468963623 1.3042105436325073
    vertex -7.734683036804199 -6.134917736053467 1.1117712259292603
    vertex -7.692259788513184 -6.366393566131592 1.1117712259292603
  endloop
endfacet
facet normal 0.0 0.0 0.0
  outer loop
    vertex -7.729430198669434 -6.375556468963623 1.3042105436325073
    vertex -7.692259788513184 -6.366393566131592 1.1117712259292603
    vertex -7.658041954040527 -6.604659557342529 1.3042105436325073
  endloop
endfacet
facet normal 0.0 0.0 0.0
  outer loop
    vertex -7.658041954040527 -6.604659557342529 1.3042105436325073
    vertex -7.692259788513184 -6.366393566131592 1.1117712259292603
    vertex -7.622241020202637 -6.5910868644714355 1.1117712259292603
  endloop
endfacet
facet normal 0.0 0.0 0.0
  outer loop
    vertex -7.658041954040527 -6.604659557342529 1.3042105436325073
    vertex -7.622241020202637 -6.5910868644714355 1.1117712259292603
    vertex -7.5595502853393555 -6.823485851287842 1.3042105436325073
  endloop
endfacet
facet normal 0.0 0.0 0.0
  outer loop
    vertex -7.5595502853393555 -6.823485851287842 1.3042105436325073
    vertex -7.622241020202637 -6.5910868644714355 1.1117712259292603
    vertex -7.525660514831543 -6.805694103240967 1.1117712259292603
  endloop
endfacet
facet normal 0.0 0.0 0.0
  outer loop
    vertex -7.5595502853393555 -6.823485851287842 1.3042105436325073
    vertex -7.525660514831543 -6.805694103240967 1.1117712259292603
    vertex -7.435412406921387 -7.028838634490967 1.3042105436325073
  endloop
endfacet
facet normal 0.0 0.0 0.0
  outer loop
    vertex -7.435412406921387 -7.028838634490967 1.3042105436325073
    vertex -7.525660514831543 -6.805694103240967 1.1117712259292603
    vertex -7.4039106369018555 -7.007094860076904 1.1117712259292603
  endloop
endfacet
facet normal 0.0 0.0 0.0
  outer loop
    vertex -7.435412406921387 -7.028838634490967 1.3042105436325073
    vertex -7.4039106369018555 -7.007094860076904 1.1117712259292603
    vertex -7.287421226501465 -7.2177348136901855 1.3042105436325073
  endloop
endfacet
facet normal 0.0 0.0 0.0
  outer loop
    vertex -7.287421226501465 -7.2177348136901855 1.3042105436325073
    vertex -7.4039106369018555 -7.007094860076904 1.1117712259292603
    vertex -7.258772850036621 -7.192359447479248 1.1117712259292603
  endloop
endfacet
facet normal 0.0 0.0 0.0
  outer loop
    vertex -7.287421226501465 -7.2177348136901855 1.3042105436325073
    vertex -7.258772850036621 -7.192359447479248 1.1117712259292603
    vertex -7.117739677429199 -7.387420177459717 1.3042105436325073
  endloop
endfacet
facet normal 0.0 0.0 0.0
  outer loop
    vertex -7.117739677429199 -7.387420177459717 1.3042105436325073
    vertex -7.258772850036621 -7.192359447479248 1.1117712259292603
    vertex -7.092352867126465 -7.358764171600342 1.1117712259292603
  endloop
endfacet
facet normal 0.0 0.0 0.0
  outer loop
    vertex -7.117739677429199 -7.387420177459717 1.3042105436325073
    vertex -7.092352867126465 -7.358764171600342 1.1117712259292603
    vertex -6.928839683532715 -7.535407543182373 1.3042105436325073
  endloop
endfacet
facet normal 0.0 0.0 0.0
  outer loop
    vertex -6.928839683532715 -7.535407543182373 1.3042105436325073
    vertex -7.092352867126465 -7.358764171600342 1.1117712259292603
    vertex -6.907099723815918 -7.503905773162842 1.1117712259292603
  endloop
endfacet
facet normal 0.0 0.0 0.0
  outer loop
    vertex -6.928839683532715 -7.535407543182373 1.3042105436325073
    vertex -6.907099723815918 -7.503905773162842 1.1117712259292603
    vertex -6.723483085632324 -7.659545421600342 1.3042105436325073
  endloop
endfacet
facet normal 0.0 0.0 0.0
  outer loop
    vertex -6.723483085632324 -7.659545421600342 1.3042105436325073
    vertex -6.907099723815918 -7.503905773162842 1.1117712259292603
    vertex -6.705702781677246 -7.625655651092529 1.1117712259292603
  endloop
endfacet
facet normal 0.0 0.0 0.0
  outer loop
    vertex -6.723483085632324 -7.659545421600342 1.3042105436325073
    vertex -6.705702781677246 -7.625655651092529 1.1117712259292603
    vertex -6.504660606384277 -7.758033275604248 1.3042105436325073
  endloop
endfacet
facet normal 0.0 0.0 0.0
  outer loop
    vertex -6.504660606384277 -7.758033275604248 1.3042105436325073
    vertex -6.705702781677246 -7.625655651092529 1.1117712259292603
    vertex -6.491091728210449 -7.722243785858154 1.1117712259292603
  endloop
endfacet
facet normal 0.0 0.0 0.0
  outer loop
    vertex -6.504660606384277 -7.758033275604248 1.3042105436325073
    vertex -6.491091728210449 -7.722243785858154 1.1117712259292603
    vertex -6.275561332702637 -7.8294291496276855 1.3042104244232178
  endloop
endfacet
facet normal 0.0 0.0 0.0
  outer loop
    vertex -6.275561332702637 -7.8294291496276855 1.3042104244232178
    vertex -6.491091728210449 -7.722243785858154 1.1117712259292603
    vertex -6.266402244567871 -7.7922587394714355 1.1117712259292603
  endloop
endfacet
facet normal 0.0 0.0 0.0
  outer loop
    vertex -6.275561332702637 -7.8294291496276855 1.3042104244232178
    vertex -6.266402244567871 -7.7922587394714355 1.1117712259292603
    vertex -6.0395307540893555 -7.872680187225342 1.3042104244232178
  endloop
endfacet
facet normal 0.0 0.0 0.0
  outer loop
    vertex -6.0395307540893555 -7.872680187225342 1.3042104244232178
    vertex -6.266402244567871 -7.7922587394714355 1.1117712259292603
    vertex -6.034911155700684 -7.8346781730651855 1.1117711067199707
  endloop
endfacet
facet normal 0.0 0.0 0.0
  outer loop
    vertex -7.748892784118652 -5.899993419647217 1.1117712259292603
    vertex -7.685820579528809 -5.899993419647217 0.9259748458862305
    vertex -7.734683036804199 -6.134917736053467 1.1117712259292603
  endloop
endfacet
facet normal 0.0 0.0 0.0
  outer loop
    vertex -7.734683036804199 -6.134917736053467 1.1117712259292603
    vertex -7.685820579528809 -5.899993419647217 0.9259748458862305
    vertex -7.672072410583496 -6.127303600311279 0.9259748458862305
  endloop
endfacet
facet normal 0.0 0.0 0.0
  outer loop
    vertex -7.734683036804199 -6.134917736053467 1.1117712259292603
    vertex -7.672072410583496 -6.127303600311279 0.9259748458862305
    vertex -7.692259788513184 -6.366393566131592 1.1117712259292603
  endloop
endfacet
facet normal 0.0 0.0 0.0
  outer loop
    vertex -7.692259788513184 -6.366393566131592 1.1117712259292603
    vertex -7.672072410583496 -6.127303600311279 0.9259748458862305
    vertex -7.6310224533081055 -6.3513102531433105 0.9259748458862305
  endloop
endfacet
facet normal 0.0 0.0 0.0
  outer loop
    vertex -7.692259788513184 -6.366393566131592 1.1117712259292603
    vertex -7.6310224533081055 -6.3513102531433105 0.9259748458862305
    vertex -7.622241020202637 -6.5910868644714355 1.1117712259292603
  endloop
endfacet
facet normal 0.0 0.0 0.0
  outer loop
    vertex -7.622241020202637 -6.5910868644714355 1.1117712259292603
    vertex -7.6310224533081055 -6.3513102531433105 0.9259748458862305
    vertex -7.56326961517334 -6.5687174797058105 0.9259748458862305
  endloop
endfacet
facet normal 0.0 0.0 0.0
  outer loop
    vertex -7.622241020202637 -6.5910868644714355 1.1117712259292603
    vertex -7.56326961517334 -6.5687174797058105 0.9259748458862305
    vertex -7.525660514831543 -6.805694103240967 1.1117712259292603
  endloop
endfacet
facet normal 0.0 0.0 0.0
  outer loop
    vertex -7.525660514831543 -6.805694103240967 1.1117712259292603
    vertex -7.56326961517334 -6.5687174797058105 0.9259748458862305
    vertex -7.469809532165527 -6.7763895988464355 0.9259748458862305
  endloop
endfacet
facet normal 0.0 0.0 0.0
  outer loop
    vertex -7.525660514831543 -6.805694103240967 1.1117712259292603
    vertex -7.469809532165527 -6.7763895988464355 0.9259748458862305
    vertex -7.4039106369018555 -7.007094860076904 1.1117712259292603
  endloop
endfacet
facet normal 0.0 0.0 0.0
  outer loop
    vertex -7.4039106369018555 -7.007094860076904 1.1117712259292603
    vertex -7.469809532165527 -6.7763895988464355 0.9259748458862305
    vertex -7.3520002365112305 -6.971267223358154 0.9259748458862305
  endloop
endfacet
facet normal 0.0 0.0 0.0
  outer loop
    vertex -7.4039106369018555 -7.007094860076904 1.1117712259292603
    vertex -7.3520002365112305 -6.971267223358154 0.9259748458862305
    vertex -7.258772850036621 -7.192359447479248 1.1117712259292603
  endloop
endfacet
facet normal 0.0 0.0 0.0
  outer loop
    vertex -7.258772850036621 -7.192359447479248 1.1117712259292603
    vertex -7.3520002365112305 -6.971267223358154 0.9259748458862305
    vertex -7.211562156677246 -7.150527477264404 0.9259748458862305
  endloop
endfacet
facet normal 0.0 0.0 0.0
  outer loop
    vertex -7.258772850036621 -7.192359447479248 1.1117712259292603
    vertex -7.211562156677246 -7.150527477264404 0.9259748458862305
    vertex -7.092352867126465 -7.358764171600342 1.1117712259292603
  endloop
endfacet
facet normal 0.0 0.0 0.0
  outer loop
    vertex -7.092352867126465 -7.358764171600342 1.1117712259292603
    vertex -7.211562156677246 -7.150527477264404 0.9259748458862305
    vertex -7.050532341003418 -7.311553478240967 0.9259748458862305
  endloop
endfacet
facet normal 0.0 0.0 0.0
  outer loop
    vertex -7.092352867126465 -7.358764171600342 1.1117712259292603
    vertex -7.050532341003418 -7.311553478240967 0.9259748458862305
    vertex -6.907099723815918 -7.503905773162842 1.1117712259292603
  endloop
endfacet
facet normal 0.0 0.0 0.0
  outer loop
    vertex -6.907099723815918 -7.503905773162842 1.1117712259292603
    vertex -7.050532341003418 -7.311553478240967 0.9259748458862305
    vertex -6.871272087097168 -7.451995372772217 0.9259748458862305
  endloop
endfacet
facet normal 0.0 0.0 0.0
  outer loop
    vertex -6.907099723815918 -7.503905773162842 1.1117712259292603
    vertex -6.871272087097168 -7.451995372772217 0.9259748458862305
    vertex -6.705702781677246 -7.625655651092529 1.1117712259292603
  endloop
endfacet
facet normal 0.0 0.0 0.0
  outer loop
    vertex -6.705702781677246 -7.625655651092529 1.1117712259292603
    vertex -6.871272087097168 -7.451995372772217 0.9259748458862305
    vertex -6.676390647888184 -7.569808483123779 0.9259748458862305
  endloop
endfacet
facet normal 0.0 0.0 0.0
  outer loop
    vertex -6.705702781677246 -7.625655651092529 1.1117712259292603
    vertex -6.676390647888184 -7.569808483123779 0.9259748458862305
    vertex -6.491091728210449 -7.722243785858154 1.1117712259292603
  endloop
endfacet
facet normal 0.0 0.0 0.0
  outer loop
    vertex -6.491091728210449 -7.722243785858154 1.1117712259292603
    vertex -6.676390647888184 -7.569808483123779 0.9259748458862305
    vertex -6.468722343444824 -7.663276195526123 0.9259748458862305
  endloop
endfacet
facet normal 0.0 0.0 0.0
  outer loop
    vertex -6.491091728210449 -7.722243785858154 1.1117712259292603
    vertex -6.468722343444824 -7.663276195526123 0.9259748458862305
    vertex -6.266402244567871 -7.7922587394714355 1.1117712259292603
  endloop
endfacet
facet normal 0.0 0.0 0.0
  outer loop
    vertex -6.266402244567871 -7.7922587394714355 1.1117712259292603
    vertex -6.468722343444824 -7.663276195526123 0.9259748458862305
    vertex -6.251311302185059 -7.731017589569092 0.9259748458862305
  endloop
endfacet
facet normal 0.0 0.0 0.0
  outer loop
    vertex -6.266402244567871 -7.7922587394714355 1.1117712259292603
    vertex -6.251311302185059 -7.731017589569092 0.9259748458862305
    vertex -6.034911155700684 -7.8346781730651855 1.1117711067199707
  endloop
endfacet
facet normal 0.0 0.0 0.0
  outer loop
    vertex -6.034911155700684 -7.8346781730651855 1.1117711067199707
    vertex -6.251311302185059 -7.731017589569092 0.9259748458862305
    vertex -6.027312278747559 -7.772063732147217 0.9259748458862305
  endloop
endfacet
facet normal 0.0 0.0 0.0
  outer loop
    vertex -7.685820579528809 -5.899993419647217 0.9259748458862305
    vertex -7.5990400314331055 -5.899993419647217 0.75
    vertex -7.672072410583496 -6.127303600311279 0.9259748458862305
  endloop
endfacet
facet normal 0.0 0.0 0.0
  outer loop
    vertex -7.672072410583496 -6.127303600311279 0.9259748458862305
    vertex -7.5990400314331055 -5.899993419647217 0.75
    vertex -7.585921287536621 -6.1168437004089355 0.75
  endloop
endfacet
facet normal 0.0 0.0 0.0
  outer loop
    vertex -7.672072410583496 -6.127303600311279 0.9259748458862305
    vertex -7.585921287536621 -6.1168437004089355 0.75
    vertex -7.6310224533081055 -6.3513102531433105 0.9259748458862305
  endloop
endfacet
facet normal 0.0 0.0 0.0
  outer loop
    vertex -7.6310224533081055 -6.3513102531433105 0.9259748458862305
    vertex -7.585921287536621 -6.1168437004089355 0.75
    vertex -7.546759605407715 -6.330535411834717 0.75
  endloop
endfacet
facet normal 0.0 0.0 0.0
  outer loop
    vertex -7.6310224533081055 -6.3513102531433105 0.9259748458862305
    vertex -7.546759605407715 -6.330535411834717 0.75
    vertex -7.56326961517334 -6.5687174797058105 0.9259748458862305
  endloop
endfacet
facet normal 0.0 0.0 0.0
  outer loop
    vertex -7.56326961517334 -6.5687174797058105 0.9259748458862305
    vertex -7.546759605407715 -6.330535411834717 0.75
    vertex -7.482131004333496 -6.537948131561279 0.75
  endloop
endfacet
facet normal 0.0 0.0 0.0
  outer loop
    vertex -7.56326961517334 -6.5687174797058105 0.9259748458862305
    vertex -7.482131004333496 -6.537948131561279 0.75
    vertex -7.469809532165527 -6.7763895988464355 0.9259748458862305
  endloop
endfacet
facet normal 0.0 0.0 0.0
  outer loop
    vertex -7.469809532165527 -6.7763895988464355 0.9259748458862305
    vertex -7.482131004333496 -6.537948131561279 0.75
    vertex -7.392970085144043 -6.736052989959717 0.75
  endloop
endfacet
facet normal 0.0 0.0 0.0
  outer loop
    vertex -7.469809532165527 -6.7763895988464355 0.9259748458862305
    vertex -7.392970085144043 -6.736052989959717 0.75
    vertex -7.3520002365112305 -6.971267223358154 0.9259748458862305
  endloop
endfacet
facet normal 0.0 0.0 0.0
  outer loop
    vertex -7.3520002365112305 -6.971267223358154 0.9259748458862305
    vertex -7.392970085144043 -6.736052989959717 0.75
    vertex -7.280581474304199 -6.921966075897217 0.75
  endloop
endfacet
facet normal 0.0 0.0 0.0
  outer loop
    vertex -7.3520002365112305 -6.971267223358154 0.9259748458862305
    vertex -7.280581474304199 -6.921966075897217 0.75
    vertex -7.211562156677246 -7.150527477264404 0.9259748458862305
  endloop
endfacet
facet normal 0.0 0.0 0.0
  outer loop
    vertex -7.211562156677246 -7.150527477264404 0.9259748458862305
    vertex -7.280581474304199 -6.921966075897217 0.75
    vertex -7.146601676940918 -7.092986583709717 0.75
  endloop
endfacet
facet normal 0.0 0.0 0.0
  outer loop
    vertex -7.211562156677246 -7.150527477264404 0.9259748458862305
    vertex -7.146601676940918 -7.092986583709717 0.75
    vertex -7.050532341003418 -7.311553478240967 0.9259748458862305
  endloop
endfacet
facet normal 0.0 0.0 0.0
  outer loop
    vertex -7.050532341003418 -7.311553478240967 0.9259748458862305
    vertex -7.146601676940918 -7.092986583709717 0.75
    vertex -6.992980003356934 -7.246596813201904 0.75
  endloop
endfacet
facet normal 0.0 0.0 0.0
  outer loop
    vertex -7.050532341003418 -7.311553478240967 0.9259748458862305
    vertex -6.992980003356934 -7.246596813201904 0.75
    vertex -6.871272087097168 -7.451995372772217 0.9259748458862305
  endloop
endfacet
facet normal 0.0 0.0 0.0
  outer loop
    vertex -6.871272087097168 -7.451995372772217 0.9259748458862305
    vertex -6.992980003356934 -7.246596813201904 0.75
    vertex -6.8219709396362305 -7.3805766105651855 0.75
  endloop
endfacet
facet normal 0.0 0.0 0.0
  outer loop
    vertex -6.871272087097168 -7.451995372772217 0.9259748458862305
    vertex -6.8219709396362305 -7.3805766105651855 0.75
    vertex -6.676390647888184 -7.569808483123779 0.9259748458862305
  endloop
endfacet
facet normal 0.0 0.0 0.0
  outer loop
    vertex -6.676390647888184 -7.569808483123779 0.9259748458862305
    vertex -6.8219709396362305 -7.3805766105651855 0.75
    vertex -6.636061668395996 -7.492965221405029 0.75
  endloop
endfacet
facet normal 0.0 0.0 0.0
  outer loop
    vertex -6.676390647888184 -7.569808483123779 0.9259748458862305
    vertex -6.636061668395996 -7.492965221405029 0.75
    vertex -6.468722343444824 -7.663276195526123 0.9259748458862305
  endloop
endfacet
facet normal 0.0 0.0 0.0
  outer loop
    vertex -6.468722343444824 -7.663276195526123 0.9259748458862305
    vertex -6.636061668395996 -7.492965221405029 0.75
    vertex -6.437952995300293 -7.582129955291748 0.75
  endloop
endfacet
facet normal 0.0 0.0 0.0
  outer loop
    vertex -6.468722343444824 -7.663276195526123 0.9259748458862305
    vertex -6.437952995300293 -7.582129955291748 0.75
    vertex -6.251311302185059 -7.731017589569092 0.9259748458862305
  endloop
endfacet
facet normal 0.0 0.0 0.0
  outer loop
    vertex -6.251311302185059 -7.731017589569092 0.9259748458862305
    vertex -6.437952995300293 -7.582129955291748 0.75
    vertex -6.2305402755737305 -7.646766185760498 0.75
  endloop
endfacet
facet normal 0.0 0.0 0.0
  outer loop
    vertex -6.251311302185059 -7.731017589569092 0.9259748458862305
    vertex -6.2305402755737305 -7.646766185760498 0.75
    vertex -6.027312278747559 -7.772063732147217 0.9259748458862305
  endloop
endfacet
facet normal 0.0 0.0 0.0
  outer loop
    vertex -6.027312278747559 -7.772063732147217 0.9259748458862305
    vertex -6.2305402755737305 -7.646766185760498 0.75
    vertex -6.016852378845215 -7.685927867889404 0.75
  endloop
endfacet
facet normal 0.0 0.0 0.0
  outer loop
    vertex -7.5990400314331055 -5.899993419647217 0.75
    vertex -7.4900312423706055 -5.899993419647217 0.5868580341339111
    vertex -7.585921287536621 -6.1168437004089355 0.75
  endloop
endfacet
facet normal 0.0 0.0 0.0
  outer loop
    vertex -7.585921287536621 -6.1168437004089355 0.75
    vertex -7.4900312423706055 -5.899993419647217 0.5868580341339111
    vertex -7.477709770202637 -6.103705883026123 0.5868580341339111
  endloop
endfacet
facet normal 0.0 0.0 0.0
  outer loop
    vertex -7.585921287536621 -6.1168437004089355 0.75
    vertex -7.477709770202637 -6.103705883026123 0.5868580341339111
    vertex -7.546759605407715 -6.330535411834717 0.75
  endloop
endfacet
facet normal 0.0 0.0 0.0
  outer loop
    vertex -7.546759605407715 -6.330535411834717 0.75
    vertex -7.477709770202637 -6.103705883026123 0.5868580341339111
    vertex -7.440920829772949 -6.304442882537842 0.5868580341339111
  endloop
endfacet
facet normal 0.0 0.0 0.0
  outer loop
    vertex -7.546759605407715 -6.330535411834717 0.75
    vertex -7.440920829772949 -6.304442882537842 0.5868580341339111
    vertex -7.482131004333496 -6.537948131561279 0.75
  endloop
endfacet
facet normal 0.0 0.0 0.0
  outer loop
    vertex -7.482131004333496 -6.537948131561279 0.75
    vertex -7.440920829772949 -6.304442882537842 0.5868580341339111
    vertex -7.380209922790527 -6.499297618865967 0.5868580341339111
  endloop
endfacet
facet normal 0.0 0.0 0.0
  outer loop
    vertex -7.482131004333496 -6.537948131561279 0.75
    vertex -7.380209922790527 -6.499297618865967 0.5868580341339111
    vertex -7.392970085144043 -6.736052989959717 0.75
  endloop
endfacet
facet normal 0.0 0.0 0.0
  outer loop
    vertex -7.392970085144043 -6.736052989959717 0.75
    vertex -7.380209922790527 -6.499297618865967 0.5868580341339111
    vertex -7.296450614929199 -6.685393810272217 0.5868580341339111
  endloop
endfacet
facet normal 0.0 0.0 0.0
  outer loop
    vertex -7.392970085144043 -6.736052989959717 0.75
    vertex -7.296450614929199 -6.685393810272217 0.5868580341339111
    vertex -7.280581474304199 -6.921966075897217 0.75
  endloop
endfacet
facet normal 0.0 0.0 0.0
  outer loop
    vertex -7.280581474304199 -6.921966075897217 0.75
    vertex -7.296450614929199 -6.685393810272217 0.5868580341339111
    vertex -7.190871238708496 -6.860045909881592 0.5868580341339111
  endloop
endfacet
facet normal 0.0 0.0 0.0
  outer loop
    vertex -7.280581474304199 -6.921966075897217 0.75
    vertex -7.190871238708496 -6.860045909881592 0.5868580341339111
    vertex -7.146601676940918 -7.092986583709717 0.75
  endloop
endfacet
facet normal 0.0 0.0 0.0
  outer loop
    vertex -7.146601676940918 -7.092986583709717 0.75
    vertex -7.190871238708496 -6.860045909881592 0.5868580341339111
    vertex -7.0650129318237305 -7.020698070526123 0.5868580341339111
  endloop
endfacet
facet normal 0.0 0.0 0.0
  outer loop
    vertex -7.146601676940918 -7.092986583709717 0.75
    vertex -7.0650129318237305 -7.020698070526123 0.5868580341339111
    vertex -6.992980003356934 -7.246596813201904 0.75
  endloop
endfacet
facet normal 0.0 0.0 0.0
  outer loop
    vertex -6.992980003356934 -7.246596813201904 0.75
    vertex -7.0650129318237305 -7.020698070526123 0.5868580341339111
    vertex -6.920702934265137 -7.165008068084717 0.5868580341339111
  endloop
endfacet
facet normal 0.0 0.0 0.0
  outer loop
    vertex -6.992980003356934 -7.246596813201904 0.75
    vertex -6.920702934265137 -7.165008068084717 0.5868580341339111
    vertex -6.8219709396362305 -7.3805766105651855 0.75
  endloop
endfacet
facet normal 0.0 0.0 0.0
  outer loop
    vertex -6.8219709396362305 -7.3805766105651855 0.75
    vertex -6.920702934265137 -7.165008068084717 0.5868580341339111
    vertex -6.7600507736206055 -7.290870189666748 0.5868580341339111
  endloop
endfacet
facet normal 0.0 0.0 0.0
  outer loop
    vertex -6.8219709396362305 -7.3805766105651855 0.75
    vertex -6.7600507736206055 -7.290870189666748 0.5868580341339111
    vertex -6.636061668395996 -7.492965221405029 0.75
  endloop
endfacet
facet normal 0.0 0.0 0.0
  outer loop
    vertex -6.636061668395996 -7.492965221405029 0.75
    vertex -6.7600507736206055 -7.290870189666748 0.5868580341339111
    vertex -6.585402488708496 -7.3964457511901855 0.5868580341339111
  endloop
endfacet
facet normal 0.0 0.0 0.0
  outer loop
    vertex -6.636061668395996 -7.492965221405029 0.75
    vertex -6.585402488708496 -7.3964457511901855 0.5868580341339111
    vertex -6.437952995300293 -7.582129955291748 0.75
  endloop
endfacet
facet normal 0.0 0.0 0.0
  outer loop
    vertex -6.437952995300293 -7.582129955291748 0.75
    vertex -6.585402488708496 -7.3964457511901855 0.5868580341339111
    vertex -6.399291038513184 -7.480208873748779 0.5868580341339111
  endloop
endfacet
facet normal 0.0 0.0 0.0
  outer loop
    vertex -6.437952995300293 -7.582129955291748 0.75
    vertex -6.399291038513184 -7.480208873748779 0.5868580341339111
    vertex -6.2305402755737305 -7.646766185760498 0.75
  endloop
endfacet
facet normal 0.0 0.0 0.0
  outer loop
    vertex -6.2305402755737305 -7.646766185760498 0.75
    vertex -6.399291038513184 -7.480208873748779 0.5868580341339111
    vertex -6.204451560974121 -7.5409159660339355 0.5868580341339111
  endloop
endfacet
facet normal 0.0 0.0 0.0
  outer loop
    vertex -6.2305402755737305 -7.646766185760498 0.75
    vertex -6.204451560974121 -7.5409159660339355 0.5868580341339111
    vertex -6.016852378845215 -7.685927867889404 0.75
  endloop
endfacet
facet normal 0.0 0.0 0.0
  outer loop
    vertex -6.016852378845215 -7.685927867889404 0.75
    vertex -6.204451560974121 -7.5409159660339355 0.5868580341339111
    vertex -6.003710746765137 -7.577704906463623 0.5868580341339111
  endloop
endfacet
facet normal 0.0 0.0 0.0
  outer loop
    vertex -7.4900312423706055 -5.899993419647217 0.5868580341339111
    vertex -7.360659599304199 -5.899993419647217 0.43934011459350586
    vertex -7.477709770202637 -6.103705883026123 0.5868580341339111
  endloop
endfacet
facet normal 0.0 0.0 0.0
  outer loop
    vertex -7.477709770202637 -6.103705883026123 0.5868580341339111
    vertex -7.360659599304199 -5.899993419647217 0.43934011459350586
    vertex -7.34928035736084 -6.088119029998779 0.43934011459350586
  endloop
endfacet
facet normal 0.0 0.0 0.0
  outer loop
    vertex -7.477709770202637 -6.103705883026123 0.5868580341339111
    vertex -7.34928035736084 -6.088119029998779 0.43934011459350586
    vertex -7.440920829772949 -6.304442882537842 0.5868580341339111
  endloop
endfacet
facet normal 0.0 0.0 0.0
  outer loop
    vertex -7.440920829772949 -6.304442882537842 0.5868580341339111
    vertex -7.34928035736084 -6.088119029998779 0.43934011459350586
    vertex -7.315310478210449 -6.273482799530029 0.43934011459350586
  endloop
endfacet
facet normal 0.0 0.0 0.0
  outer loop
    vertex -7.440920829772949 -6.304442882537842 0.5868580341339111
    vertex -7.315310478210449 -6.273482799530029 0.43934011459350586
    vertex -7.380209922790527 -6.499297618865967 0.5868580341339111
  endloop
endfacet
facet normal 0.0 0.0 0.0
  outer loop
    vertex -7.380209922790527 -6.499297618865967 0.5868580341339111
    vertex -7.315310478210449 -6.273482799530029 0.43934011459350586
    vertex -7.259242057800293 -6.453414440155029 0.43934011459350586
  endloop
endfacet
facet normal 0.0 0.0 0.0
  outer loop
    vertex -7.380209922790527 -6.499297618865967 0.5868580341339111
    vertex -7.259242057800293 -6.453414440155029 0.43934011459350586
    vertex -7.296450614929199 -6.685393810272217 0.5868580341339111
  endloop
endfacet
facet normal 0.0 0.0 0.0
  outer loop
    vertex -7.296450614929199 -6.685393810272217 0.5868580341339111
    vertex -7.259242057800293 -6.453414440155029 0.43934011459350586
    vertex -7.181902885437012 -6.625274181365967 0.43934011459350586
  endloop
endfacet
facet normal 0.0 0.0 0.0
  outer loop
    vertex -7.296450614929199 -6.685393810272217 0.5868580341339111
    vertex -7.181902885437012 -6.625274181365967 0.43934011459350586
    vertex -7.190871238708496 -6.860045909881592 0.5868580341339111
  endloop
endfacet
facet normal 0.0 0.0 0.0
  outer loop
    vertex -7.190871238708496 -6.860045909881592 0.5868580341339111
    vertex -7.181902885437012 -6.625274181365967 0.43934011459350586
    vertex -7.084403038024902 -6.786559581756592 0.43934011459350586
  endloop
endfacet
facet normal 0.0 0.0 0.0
  outer loop
    vertex -7.190871238708496 -6.860045909881592 0.5868580341339111
    vertex -7.084403038024902 -6.786559581756592 0.43934011459350586
    vertex -7.0650129318237305 -7.020698070526123 0.5868580341339111
  endloop
endfacet
facet normal 0.0 0.0 0.0
  outer loop
    vertex -7.0650129318237305 -7.020698070526123 0.5868580341339111
    vertex -7.084403038024902 -6.786559581756592 0.43934011459350586
    vertex -6.968173027038574 -6.934905529022217 0.43934011459350586
  endloop
endfacet
facet normal 0.0 0.0 0.0
  outer loop
    vertex -7.0650129318237305 -7.020698070526123 0.5868580341339111
    vertex -6.968173027038574 -6.934905529022217 0.43934011459350586
    vertex -6.920702934265137 -7.165008068084717 0.5868580341339111
  endloop
endfacet
facet normal 0.0 0.0 0.0
  outer loop
    vertex -6.920702934265137 -7.165008068084717 0.5868580341339111
    vertex -6.968173027038574 -6.934905529022217 0.43934011459350586
    vertex -6.8349103927612305 -7.068175792694092 0.43934011459350586
  endloop
endfacet
facet normal 0.0 0.0 0.0
  outer loop
    vertex -6.920702934265137 -7.165008068084717 0.5868580341339111
    vertex -6.8349103927612305 -7.068175792694092 0.43934011459350586
    vertex -6.7600507736206055 -7.290870189666748 0.5868580341339111
  endloop
endfacet
facet normal 0.0 0.0 0.0
  outer loop
    vertex -6.7600507736206055 -7.290870189666748 0.5868580341339111
    vertex -6.8349103927612305 -7.068175792694092 0.43934011459350586
    vertex -6.68656063079834 -7.184394359588623 0.43934011459350586
  endloop
endfacet
facet normal 0.0 0.0 0.0
  outer loop
    vertex -6.7600507736206055 -7.290870189666748 0.5868580341339111
    vertex -6.68656063079834 -7.184394359588623 0.43934011459350586
    vertex -6.585402488708496 -7.3964457511901855 0.5868580341339111
  endloop
endfacet
facet normal 0.0 0.0 0.0
  outer loop
    vertex -6.585402488708496 -7.3964457511901855 0.5868580341339111
    vertex -6.68656063079834 -7.184394359588623 0.43934011459350586
    vertex -6.525282859802246 -7.281898021697998 0.43934011459350586
  endloop
endfacet
facet normal 0.0 0.0 0.0
  outer loop
    vertex -6.585402488708496 -7.3964457511901855 0.5868580341339111
    vertex -6.525282859802246 -7.281898021697998 0.43934011459350586
    vertex -6.399291038513184 -7.480208873748779 0.5868580341339111
  endloop
endfacet
facet normal 0.0 0.0 0.0
  outer loop
    vertex -6.399291038513184 -7.480208873748779 0.5868580341339111
    vertex -6.525282859802246 -7.281898021697998 0.43934011459350586
    vertex -6.353423118591309 -7.3592448234558105 0.43934011459350586
  endloop
endfacet
facet normal 0.0 0.0 0.0
  outer loop
    vertex -6.399291038513184 -7.480208873748779 0.5868580341339111
    vertex -6.353423118591309 -7.3592448234558105 0.43934011459350586
    vertex -6.204451560974121 -7.5409159660339355 0.5868580341339111
  endloop
endfacet
facet normal 0.0 0.0 0.0
  outer loop
    vertex -6.204451560974121 -7.5409159660339355 0.5868580341339111
    vertex -6.353423118591309 -7.3592448234558105 0.43934011459350586
    vertex -6.173491477966309 -7.4153056144714355 0.43934011459350586
  endloop
endfacet
facet normal 0.0 0.0 0.0
  outer loop
    vertex -6.204451560974121 -7.5409159660339355 0.5868580341339111
    vertex -6.173491477966309 -7.4153056144714355 0.43934011459350586
    vertex -6.003710746765137 -7.577704906463623 0.5868580341339111
  endloop
endfacet
facet normal 0.0 0.0 0.0
  outer loop
    vertex -6.003710746765137 -7.577704906463623 0.5868580341339111
    vertex -6.173491477966309 -7.4153056144714355 0.43934011459350586
    vertex -5.988120079040527 -7.449286937713623 0.43934011459350586
  endloop
endfacet
facet normal 0.0 0.0 0.0
  outer loop
    vertex -7.360659599304199 -5.899993419647217 0.43934011459350586
    vertex -7.213141441345215 -5.899993419647217 0.3099699020385742
    vertex -7.34928035736084 -6.088119029998779 0.43934011459350586
  endloop
endfacet
facet normal 0.0 0.0 0.0
  outer loop
    vertex -7.34928035736084 -6.088119029998779 0.43934011459350586
    vertex -7.213141441345215 -5.899993419647217 0.3099699020385742
    vertex -7.202841758728027 -6.0703349113464355 0.3099699020385742
  endloop
endfacet
facet normal 0.0 0.0 0.0
  outer loop
    vertex -7.34928035736084 -6.088119029998779 0.43934011459350586
    vertex -7.202841758728027 -6.0703349113464355 0.3099699020385742
    vertex -7.315310478210449 -6.273482799530029 0.43934011459350586
  endloop
endfacet
facet normal 0.0 0.0 0.0
  outer loop
    vertex -7.315310478210449 -6.273482799530029 0.43934011459350586
    vertex -7.202841758728027 -6.0703349113464355 0.3099699020385742
    vertex -7.172080039978027 -6.238189220428467 0.3099699020385742
  endloop
endfacet
facet normal 0.0 0.0 0.0
  outer loop
    vertex -7.315310478210449 -6.273482799530029 0.43934011459350586
    vertex -7.172080039978027 -6.238189220428467 0.3099699020385742
    vertex -7.259242057800293 -6.453414440155029 0.43934011459350586
  endloop
endfacet
facet normal 0.0 0.0 0.0
  outer loop
    vertex -7.259242057800293 -6.453414440155029 0.43934011459350586
    vertex -7.172080039978027 -6.238189220428467 0.3099699020385742
    vertex -7.121310234069824 -6.401107311248779 0.3099699020385742
  endloop
endfacet
facet normal 0.0 0.0 0.0
  outer loop
    vertex -7.259242057800293 -6.453414440155029 0.43934011459350586
    vertex -7.121310234069824 -6.401107311248779 0.3099699020385742
    vertex -7.181902885437012 -6.625274181365967 0.43934011459350586
  endloop
endfacet
facet normal 0.0 0.0 0.0
  outer loop
    vertex -7.181902885437012 -6.625274181365967 0.43934011459350586
    vertex -7.121310234069824 -6.401107311248779 0.3099699020385742
    vertex -7.0512800216674805 -6.556716442108154 0.3099699020385742
  endloop
endfacet
facet normal 0.0 0.0 0.0
  outer loop
    vertex -7.181902885437012 -6.625274181365967 0.43934011459350586
    vertex -7.0512800216674805 -6.556716442108154 0.3099699020385742
    vertex -7.084403038024902 -6.786559581756592 0.43934011459350586
  endloop
endfacet
facet normal 0.0 0.0 0.0
  outer loop
    vertex -7.084403038024902 -6.786559581756592 0.43934011459350586
    vertex -7.0512800216674805 -6.556716442108154 0.3099699020385742
    vertex -6.963000297546387 -6.702758312225342 0.3099699020385742
  endloop
endfacet
facet normal 0.0 0.0 0.0
  outer loop
    vertex -7.084403038024902 -6.786559581756592 0.43934011459350586
    vertex -6.963000297546387 -6.702758312225342 0.3099699020385742
    vertex -6.968173027038574 -6.934905529022217 0.43934011459350586
  endloop
endfacet
facet normal 0.0 0.0 0.0
  outer loop
    vertex -6.968173027038574 -6.934905529022217 0.43934011459350586
    vertex -6.963000297546387 -6.702758312225342 0.3099699020385742
    vertex -6.857752799987793 -6.8370890617370605 0.3099699020385742
  endloop
endfacet
facet normal 0.0 0.0 0.0
  outer loop
    vertex -6.968173027038574 -6.934905529022217 0.43934011459350586
    vertex -6.857752799987793 -6.8370890617370605 0.3099699020385742
    vertex -6.8349103927612305 -7.068175792694092 0.43934011459350586
  endloop
endfacet
facet normal 0.0 0.0 0.0
  outer loop
    vertex -6.8349103927612305 -7.068175792694092 0.43934011459350586
    vertex -6.857752799987793 -6.8370890617370605 0.3099699020385742
    vertex -6.737090110778809 -6.9577555656433105 0.3099699020385742
  endloop
endfacet
facet normal 0.0 0.0 0.0
  outer loop
    vertex -6.8349103927612305 -7.068175792694092 0.43934011459350586
    vertex -6.737090110778809 -6.9577555656433105 0.3099699020385742
    vertex -6.68656063079834 -7.184394359588623 0.43934011459350586
  endloop
endfacet
facet normal 0.0 0.0 0.0
  outer loop
    vertex -6.68656063079834 -7.184394359588623 0.43934011459350586
    vertex -6.737090110778809 -6.9577555656433105 0.3099699020385742
    vertex -6.6027631759643555 -7.062995433807373 0.3099699020385742
  endloop
endfacet
facet normal 0.0 0.0 0.0
  outer loop
    vertex -6.68656063079834 -7.184394359588623 0.43934011459350586
    vertex -6.6027631759643555 -7.062995433807373 0.3099699020385742
    vertex -6.525282859802246 -7.281898021697998 0.43934011459350586
  endloop
endfacet
facet normal 0.0 0.0 0.0
  outer loop
    vertex -6.525282859802246 -7.281898021697998 0.43934011459350586
    vertex -6.6027631759643555 -7.062995433807373 0.3099699020385742
    vertex -6.456721305847168 -7.151275157928467 0.3099699020385742
  endloop
endfacet
facet normal 0.0 0.0 0.0
  outer loop
    vertex -6.525282859802246 -7.281898021697998 0.43934011459350586
    vertex -6.456721305847168 -7.151275157928467 0.3099699020385742
    vertex -6.353423118591309 -7.3592448234558105 0.43934011459350586
  endloop
endfacet
facet normal 0.0 0.0 0.0
  outer loop
    vertex -6.353423118591309 -7.3592448234558105 0.43934011459350586
    vertex -6.456721305847168 -7.151275157928467 0.3099699020385742
    vertex -6.301112174987793 -7.221312999725342 0.3099699020385742
  endloop
endfacet
facet normal 0.0 0.0 0.0
  outer loop
    vertex -6.353423118591309 -7.3592448234558105 0.43934011459350586
    vertex -6.301112174987793 -7.221312999725342 0.3099699020385742
    vertex -6.173491477966309 -7.4153056144714355 0.43934011459350586
  endloop
endfacet
facet normal 0.0 0.0 0.0
  outer loop
    vertex -6.173491477966309 -7.4153056144714355 0.43934011459350586
    vertex -6.301112174987793 -7.221312999725342 0.3099699020385742
    vertex -6.138190269470215 -7.272078990936279 0.3099699020385742
  endloop
endfacet
facet normal 0.0 0.0 0.0
  outer loop
    vertex -6.173491477966309 -7.4153056144714355 0.43934011459350586
    vertex -6.138190269470215 -7.272078990936279 0.3099699020385742
    vertex -5.988120079040527 -7.449286937713623 0.43934011459350586
  endloop
endfacet
facet normal 0.0 0.0 0.0
  outer loop
    vertex -5.988120079040527 -7.449286937713623 0.43934011459350586
    vertex -6.138190269470215 -7.272078990936279 0.3099699020385742
    vertex -5.970339775085449 -7.302833080291748 0.3099699020385742
  endloop
endfacet
facet normal 0.0 0.0 0.0
  outer loop
    vertex -7.213141441345215 -5.899993419647217 0.3099699020385742
    vertex -7.050002098083496 -5.899993419647217 0.20096206665039062
    vertex -7.202841758728027 -6.0703349113464355 0.3099699020385742
  endloop
endfacet
facet normal 0.0 0.0 0.0
  outer loop
    vertex -7.202841758728027 -6.0703349113464355 0.3099699020385742
    vertex -7.050002098083496 -5.899993419647217 0.20096206665039062
    vertex -7.040892601013184 -6.050673961639404 0.20096206665039062
  endloop
endfacet
facet normal 0.0 0.0 0.0
  outer loop
    vertex -7.202841758728027 -6.0703349113464355 0.3099699020385742
    vertex -7.040892601013184 -6.050673961639404 0.20096206665039062
    vertex -7.172080039978027 -6.238189220428467 0.3099699020385742
  endloop
endfacet
facet normal 0.0 0.0 0.0
  outer loop
    vertex -7.172080039978027 -6.238189220428467 0.3099699020385742
    vertex -7.040892601013184 -6.050673961639404 0.20096206665039062
    vertex -7.0136823654174805 -6.1991496086120605 0.20096206665039062
  endloop
endfacet
facet normal 0.0 0.0 0.0
  outer loop
    vertex -7.172080039978027 -6.238189220428467 0.3099699020385742
    vertex -7.0136823654174805 -6.1991496086120605 0.20096206665039062
    vertex -7.121310234069824 -6.401107311248779 0.3099699020385742
  endloop
endfacet
facet normal 0.0 0.0 0.0
  outer loop
    vertex -7.121310234069824 -6.401107311248779 0.3099699020385742
    vertex -7.0136823654174805 -6.1991496086120605 0.20096206665039062
    vertex -6.968771934509277 -6.3432536125183105 0.20096206665039062
  endloop
endfacet
facet normal 0.0 0.0 0.0
  outer loop
    vertex -7.121310234069824 -6.401107311248779 0.3099699020385742
    vertex -6.968771934509277 -6.3432536125183105 0.20096206665039062
    vertex -7.0512800216674805 -6.556716442108154 0.3099699020385742
  endloop
endfacet
facet normal 0.0 0.0 0.0
  outer loop
    vertex -7.0512800216674805 -6.556716442108154 0.3099699020385742
    vertex -6.968771934509277 -6.3432536125183105 0.20096206665039062
    vertex -6.906821250915527 -6.480903148651123 0.20096206665039062
  endloop
endfacet
facet normal 0.0 0.0 0.0
  outer loop
    vertex -7.0512800216674805 -6.556716442108154 0.3099699020385742
    vertex -6.906821250915527 -6.480903148651123 0.20096206665039062
    vertex -6.963000297546387 -6.702758312225342 0.3099699020385742
  endloop
endfacet
facet normal 0.0 0.0 0.0
  outer loop
    vertex -6.963000297546387 -6.702758312225342 0.3099699020385742
    vertex -6.906821250915527 -6.480903148651123 0.20096206665039062
    vertex -6.828730583190918 -6.610084056854248 0.20096206665039062
  endloop
endfacet
facet normal 0.0 0.0 0.0
  outer loop
    vertex -6.963000297546387 -6.702758312225342 0.3099699020385742
    vertex -6.828730583190918 -6.610084056854248 0.20096206665039062
    vertex -6.857752799987793 -6.8370890617370605 0.3099699020385742
  endloop
endfacet
facet normal 0.0 0.0 0.0
  outer loop
    vertex -6.857752799987793 -6.8370890617370605 0.3099699020385742
    vertex -6.828730583190918 -6.610084056854248 0.20096206665039062
    vertex -6.735640525817871 -6.7289042472839355 0.20096206665039062
  endloop
endfacet
facet normal 0.0 0.0 0.0
  outer loop
    vertex -6.857752799987793 -6.8370890617370605 0.3099699020385742
    vertex -6.735640525817871 -6.7289042472839355 0.20096206665039062
    vertex -6.737090110778809 -6.9577555656433105 0.3099699020385742
  endloop
endfacet
facet normal 0.0 0.0 0.0
  outer loop
    vertex -6.737090110778809 -6.9577555656433105 0.3099699020385742
    vertex -6.735640525817871 -6.7289042472839355 0.20096206665039062
    vertex -6.628912925720215 -6.835639476776123 0.20096206665039062
  endloop
endfacet
facet normal 0.0 0.0 0.0
  outer loop
    vertex -6.737090110778809 -6.9577555656433105 0.3099699020385742
    vertex -6.628912925720215 -6.835639476776123 0.20096206665039062
    vertex -6.6027631759643555 -7.062995433807373 0.3099699020385742
  endloop
endfacet
facet normal 0.0 0.0 0.0
  outer loop
    vertex -6.6027631759643555 -7.062995433807373 0.3099699020385742
    vertex -6.628912925720215 -6.835639476776123 0.20096206665039062
    vertex -6.5100812911987305 -6.928725719451904 0.20096206665039062
  endloop
endfacet
facet normal 0.0 0.0 0.0
  outer loop
    vertex -6.6027631759643555 -7.062995433807373 0.3099699020385742
    vertex -6.5100812911987305 -6.928725719451904 0.20096206665039062
    vertex -6.456721305847168 -7.151275157928467 0.3099699020385742
  endloop
endfacet
facet normal 0.0 0.0 0.0
  outer loop
    vertex -6.456721305847168 -7.151275157928467 0.3099699020385742
    vertex -6.5100812911987305 -6.928725719451904 0.20096206665039062
    vertex -6.380911827087402 -7.006820201873779 0.20096206665039062
  endloop
endfacet
facet normal 0.0 0.0 0.0
  outer loop
    vertex -6.456721305847168 -7.151275157928467 0.3099699020385742
    vertex -6.380911827087402 -7.006820201873779 0.20096206665039062
    vertex -6.301112174987793 -7.221312999725342 0.3099699020385742
  endloop
endfacet
facet normal 0.0 0.0 0.0
  outer loop
    vertex -6.301112174987793 -7.221312999725342 0.3099699020385742
    vertex -6.380911827087402 -7.006820201873779 0.20096206665039062
    vertex -6.24326229095459 -7.068763256072998 0.20096206665039062
  endloop
endfacet
facet normal 0.0 0.0 0.0
  outer loop
    vertex -6.301112174987793 -7.221312999725342 0.3099699020385742
    vertex -6.24326229095459 -7.068763256072998 0.20096206665039062
    vertex -6.138190269470215 -7.272078990936279 0.3099699020385742
  endloop
endfacet
facet normal 0.0 0.0 0.0
  outer loop
    vertex -6.138190269470215 -7.272078990936279 0.3099699020385742
    vertex -6.24326229095459 -7.068763256072998 0.20096206665039062
    vertex -6.099150657653809 -7.113677501678467 0.20096206665039062
  endloop
endfacet
facet normal 0.0 0.0 0.0
  outer loop
    vertex -6.138190269470215 -7.272078990936279 0.3099699020385742
    vertex -6.099150657653809 -7.113677501678467 0.20096206665039062
    vertex -5.970339775085449 -7.302833080291748 0.3099699020385742
  endloop
endfacet
facet normal 0.0 0.0 0.0
  outer loop
    vertex -5.970339775085449 -7.302833080291748 0.3099699020385742
    vertex -6.099150657653809 -7.113677501678467 0.20096206665039062
    vertex -5.950671195983887 -7.140883922576904 0.20096206665039062
  endloop
endfacet
facet normal 0.0 0.0 0.0
  outer loop
    vertex -7.050002098083496 -5.899993419647217 0.20096206665039062
    vertex -6.874030113220215 -5.899993419647217 0.1141810417175293
    vertex -7.040892601013184 -6.050673961639404 0.20096206665039062
  endloop
endfacet
facet normal 0.0 0.0 0.0
  outer loop
    vertex -7.040892601013184 -6.050673961639404 0.20096206665039062
    vertex -6.874030113220215 -5.899993419647217 0.1141810417175293
    vertex -6.866202354431152 -6.029456615447998 0.1141810417175293
  endloop
endfacet
facet normal 0.0 0.0 0.0
  outer loop
    vertex -7.040892601013184 -6.050673961639404 0.20096206665039062
    vertex -6.866202354431152 -6.029456615447998 0.1141810417175293
    vertex -7.0136823654174805 -6.1991496086120605 0.20096206665039062
  endloop
endfacet
facet normal 0.0 0.0 0.0
  outer loop
    vertex -7.0136823654174805 -6.1991496086120605 0.20096206665039062
    vertex -6.866202354431152 -6.029456615447998 0.1141810417175293
    vertex -6.842822074890137 -6.1570353507995605 0.1141810417175293
  endloop
endfacet
facet normal 0.0 0.0 0.0
  outer loop
    vertex -7.0136823654174805 -6.1991496086120605 0.20096206665039062
    vertex -6.842822074890137 -6.1570353507995605 0.1141810417175293
    vertex -6.968771934509277 -6.3432536125183105 0.20096206665039062
  endloop
endfacet
facet normal 0.0 0.0 0.0
  outer loop
    vertex -6.968771934509277 -6.3432536125183105 0.20096206665039062
    vertex -6.842822074890137 -6.1570353507995605 0.1141810417175293
    vertex -6.804232597351074 -6.280852794647217 0.1141810417175293
  endloop
endfacet
facet normal 0.0 0.0 0.0
  outer loop
    vertex -6.968771934509277 -6.3432536125183105 0.20096206665039062
    vertex -6.804232597351074 -6.280852794647217 0.1141810417175293
    vertex -6.906821250915527 -6.480903148651123 0.20096206665039062
  endloop
endfacet
facet normal 0.0 0.0 0.0
  outer loop
    vertex -6.906821250915527 -6.480903148651123 0.20096206665039062
    vertex -6.804232597351074 -6.280852794647217 0.1141810417175293
    vertex -6.751002311706543 -6.399123668670654 0.1141810417175293
  endloop
endfacet
facet normal 0.0 0.0 0.0
  outer loop
    vertex -6.906821250915527 -6.480903148651123 0.20096206665039062
    vertex -6.751002311706543 -6.399123668670654 0.1141810417175293
    vertex -6.828730583190918 -6.610084056854248 0.20096206665039062
  endloop
endfacet
facet normal 0.0 0.0 0.0
  outer loop
    vertex -6.828730583190918 -6.610084056854248 0.20096206665039062
    vertex -6.751002311706543 -6.399123668670654 0.1141810417175293
    vertex -6.683913230895996 -6.510116100311279 0.1141810417175293
  endloop
endfacet
facet normal 0.0 0.0 0.0
  outer loop
    vertex -6.828730583190918 -6.610084056854248 0.20096206665039062
    vertex -6.683913230895996 -6.510116100311279 0.1141810417175293
    vertex -6.735640525817871 -6.7289042472839355 0.20096206665039062
  endloop
endfacet
facet normal 0.0 0.0 0.0
  outer loop
    vertex -6.735640525817871 -6.7289042472839355 0.20096206665039062
    vertex -6.683913230895996 -6.510116100311279 0.1141810417175293
    vertex -6.6039228439331055 -6.6122050285339355 0.1141810417175293
  endloop
endfacet
facet normal 0.0 0.0 0.0
  outer loop
    vertex -6.735640525817871 -6.7289042472839355 0.20096206665039062
    vertex -6.6039228439331055 -6.6122050285339355 0.1141810417175293
    vertex -6.628912925720215 -6.835639476776123 0.20096206665039062
  endloop
endfacet
facet normal 0.0 0.0 0.0
  outer loop
    vertex -6.628912925720215 -6.835639476776123 0.20096206665039062
    vertex -6.6039228439331055 -6.6122050285339355 0.1141810417175293
    vertex -6.512209892272949 -6.703917980194092 0.1141810417175293
  endloop
endfacet
facet normal 0.0 0.0 0.0
  outer loop
    vertex -6.628912925720215 -6.835639476776123 0.20096206665039062
    vertex -6.512209892272949 -6.703917980194092 0.1141810417175293
    vertex -6.5100812911987305 -6.928725719451904 0.20096206665039062
  endloop
endfacet
facet normal 0.0 0.0 0.0
  outer loop
    vertex -6.5100812911987305 -6.928725719451904 0.20096206665039062
    vertex -6.512209892272949 -6.703917980194092 0.1141810417175293
    vertex -6.410120964050293 -6.783904552459717 0.1141810417175293
  endloop
endfacet
facet normal 0.0 0.0 0.0
  outer loop
    vertex -6.5100812911987305 -6.928725719451904 0.20096206665039062
    vertex -6.410120964050293 -6.783904552459717 0.1141810417175293
    vertex -6.380911827087402 -7.006820201873779 0.20096206665039062
  endloop
endfacet
facet normal 0.0 0.0 0.0
  outer loop
    vertex -6.380911827087402 -7.006820201873779 0.20096206665039062
    vertex -6.410120964050293 -6.783904552459717 0.1141810417175293
    vertex -6.299132347106934 -6.8510050773620605 0.1141810417175293
  endloop
endfacet
facet normal 0.0 0.0 0.0
  outer loop
    vertex -6.380911827087402 -7.006820201873779 0.20096206665039062
    vertex -6.299132347106934 -6.8510050773620605 0.1141810417175293
    vertex -6.24326229095459 -7.068763256072998 0.20096206665039062
  endloop
endfacet
facet normal 0.0 0.0 0.0
  outer loop
    vertex -6.24326229095459 -7.068763256072998 0.20096206665039062
    vertex -6.299132347106934 -6.8510050773620605 0.1141810417175293
    vertex -6.180861473083496 -6.904235363006592 0.1141810417175293
  endloop
endfacet
facet normal 0.0 0.0 0.0
  outer loop
    vertex -6.24326229095459 -7.068763256072998 0.20096206665039062
    vertex -6.180861473083496 -6.904235363006592 0.1141810417175293
    vertex -6.099150657653809 -7.113677501678467 0.20096206665039062
  endloop
endfacet
facet normal 0.0 0.0 0.0
  outer loop
    vertex -6.099150657653809 -7.113677501678467 0.20096206665039062
    vertex -6.180861473083496 -6.904235363006592 0.1141810417175293
    vertex -6.057032585144043 -6.942817211151123 0.1141810417175293
  endloop
endfacet
facet normal 0.0 0.0 0.0
  outer loop
    vertex -6.099150657653809 -7.113677501678467 0.20096206665039062
    vertex -6.057032585144043 -6.942817211151123 0.1141810417175293
    vertex -5.950671195983887 -7.140883922576904 0.20096206665039062
  endloop
endfacet
facet normal 0.0 0.0 0.0
  outer loop
    vertex -5.950671195983887 -7.140883922576904 0.20096206665039062
    vertex -6.057032585144043 -6.942817211151123 0.1141810417175293
    vertex -5.929461479187012 -6.966193675994873 0.1141810417175293
  endloop
endfacet
facet normal 0.0 0.0 0.0
  outer loop
    vertex -6.874030113220215 -5.899993419647217 0.1141810417175293
    vertex -6.688231468200684 -5.899993419647217 0.05111098289489746
    vertex -6.866202354431152 -6.029456615447998 0.1141810417175293
  endloop
endfacet
facet normal 0.0 0.0 0.0
  outer loop
    vertex -6.866202354431152 -6.029456615447998 0.1141810417175293
    vertex -6.688231468200684 -5.899993419647217 0.05111098289489746
    vertex -6.681750297546387 -6.007064342498779 0.05111098289489746
  endloop
endfacet
facet normal 0.0 0.0 0.0
  outer loop
    vertex -6.866202354431152 -6.029456615447998 0.1141810417175293
    vertex -6.681750297546387 -6.007064342498779 0.05111098289489746
    vertex -6.842822074890137 -6.1570353507995605 0.1141810417175293
  endloop
endfacet
facet normal 0.0 0.0 0.0
  outer loop
    vertex -6.842822074890137 -6.1570353507995605 0.1141810417175293
    vertex -6.681750297546387 -6.007064342498779 0.05111098289489746
    vertex -6.662421226501465 -6.112563610076904 0.05111098289489746
  endloop
endfacet
facet normal 0.0 0.0 0.0
  outer loop
    vertex -6.842822074890137 -6.1570353507995605 0.1141810417175293
    vertex -6.662421226501465 -6.112563610076904 0.05111098289489746
    vertex -6.804232597351074 -6.280852794647217 0.1141810417175293
  endloop
endfacet
facet normal 0.0 0.0 0.0
  outer loop
    vertex -6.804232597351074 -6.280852794647217 0.1141810417175293
    vertex -6.662421226501465 -6.112563610076904 0.05111098289489746
    vertex -6.630511283874512 -6.214965343475342 0.05111098289489746
  endloop
endfacet
facet normal 0.0 0.0 0.0
  outer loop
    vertex -6.804232597351074 -6.280852794647217 0.1141810417175293
    vertex -6.630511283874512 -6.214965343475342 0.05111098289489746
    vertex -6.751002311706543 -6.399123668670654 0.1141810417175293
  endloop
endfacet
facet normal 0.0 0.0 0.0
  outer loop
    vertex -6.751002311706543 -6.399123668670654 0.1141810417175293
    vertex -6.630511283874512 -6.214965343475342 0.05111098289489746
    vertex -6.586489677429199 -6.312774181365967 0.05111098289489746
  endloop
endfacet
facet normal 0.0 0.0 0.0
  outer loop
    vertex -6.751002311706543 -6.399123668670654 0.1141810417175293
    vertex -6.586489677429199 -6.312774181365967 0.05111098289489746
    vertex -6.683913230895996 -6.510116100311279 0.1141810417175293
  endloop
endfacet
facet normal 0.0 0.0 0.0
  outer loop
    vertex -6.683913230895996 -6.510116100311279 0.1141810417175293
    vertex -6.586489677429199 -6.312774181365967 0.05111098289489746
    vertex -6.531001091003418 -6.404578685760498 0.05111098289489746
  endloop
endfacet
facet normal 0.0 0.0 0.0
  outer loop
    vertex -6.683913230895996 -6.510116100311279 0.1141810417175293
    vertex -6.531001091003418 -6.404578685760498 0.05111098289489746
    vertex -6.6039228439331055 -6.6122050285339355 0.1141810417175293
  endloop
endfacet
facet normal 0.0 0.0 0.0
  outer loop
    vertex -6.6039228439331055 -6.6122050285339355 0.1141810417175293
    vertex -6.531001091003418 -6.404578685760498 0.05111098289489746
    vertex -6.464850425720215 -6.4890055656433105 0.05111098289489746
  endloop
endfacet
facet normal 0.0 0.0 0.0
  outer loop
    vertex -6.6039228439331055 -6.6122050285339355 0.1141810417175293
    vertex -6.464850425720215 -6.4890055656433105 0.05111098289489746
    vertex -6.512209892272949 -6.703917980194092 0.1141810417175293
  endloop
endfacet
facet normal 0.0 0.0 0.0
  outer loop
    vertex -6.512209892272949 -6.703917980194092 0.1141810417175293
    vertex -6.464850425720215 -6.4890055656433105 0.05111098289489746
    vertex -6.389010429382324 -6.564849376678467 0.05111098289489746
  endloop
endfacet
facet normal 0.0 0.0 0.0
  outer loop
    vertex -6.512209892272949 -6.703917980194092 0.1141810417175293
    vertex -6.389010429382324 -6.564849376678467 0.05111098289489746
    vertex -6.410120964050293 -6.783904552459717 0.1141810417175293
  endloop
endfacet
facet normal 0.0 0.0 0.0
  outer loop
    vertex -6.410120964050293 -6.783904552459717 0.1141810417175293
    vertex -6.389010429382324 -6.564849376678467 0.05111098289489746
    vertex -6.304572105407715 -6.630996227264404 0.05111098289489746
  endloop
endfacet
facet normal 0.0 0.0 0.0
  outer loop
    vertex -6.410120964050293 -6.783904552459717 0.1141810417175293
    vertex -6.304572105407715 -6.630996227264404 0.05111098289489746
    vertex -6.299132347106934 -6.8510050773620605 0.1141810417175293
  endloop
endfacet
facet normal 0.0 0.0 0.0
  outer loop
    vertex -6.299132347106934 -6.8510050773620605 0.1141810417175293
    vertex -6.304572105407715 -6.630996227264404 0.05111098289489746
    vertex -6.212782859802246 -6.6864848136901855 0.05111098289489746
  endloop
endfacet
facet normal 0.0 0.0 0.0
  outer loop
    vertex -6.299132347106934 -6.8510050773620605 0.1141810417175293
    vertex -6.212782859802246 -6.6864848136901855 0.05111098289489746
    vertex -6.180861473083496 -6.904235363006592 0.1141810417175293
  endloop
endfacet
facet normal 0.0 0.0 0.0
  outer loop
    vertex -6.180861473083496 -6.904235363006592 0.1141810417175293
    vertex -6.212782859802246 -6.6864848136901855 0.05111098289489746
    vertex -6.1149702072143555 -6.730506420135498 0.05111098289489746
  endloop
endfacet
facet normal 0.0 0.0 0.0
  outer loop
    vertex -6.180861473083496 -6.904235363006592 0.1141810417175293
    vertex -6.1149702072143555 -6.730506420135498 0.05111098289489746
    vertex -6.057032585144043 -6.942817211151123 0.1141810417175293
  endloop
endfacet
facet normal 0.0 0.0 0.0
  outer loop
    vertex -6.057032585144043 -6.942817211151123 0.1141810417175293
    vertex -6.1149702072143555 -6.730506420135498 0.05111098289489746
    vertex -6.012572288513184 -6.762420177459717 0.05111098289489746
  endloop
endfacet
facet normal 0.0 0.0 0.0
  outer loop
    vertex -6.057032585144043 -6.942817211151123 0.1141810417175293
    vertex -6.012572288513184 -6.762420177459717 0.05111098289489746
    vertex -5.929461479187012 -6.966193675994873 0.1141810417175293
  endloop
endfacet
facet normal 0.0 0.0 0.0
  outer loop
    vertex -5.929461479187012 -6.966193675994873 0.1141810417175293
    vertex -6.012572288513184 -6.762420177459717 0.05111098289489746
    vertex -5.907073020935059 -6.781753063201904 0.05111098289489746
  endloop
endfacet
facet normal 0.0 0.0 0.0
  outer loop
    vertex -6.688231468200684 -5.899993419647217 0.05111098289489746
    vertex -6.495791435241699 -5.899993419647217 0.012833118438720703
    vertex -6.681750297546387 -6.007064342498779 0.05111098289489746
  endloop
endfacet
facet normal 0.0 0.0 0.0
  outer loop
    vertex -6.681750297546387 -6.007064342498779 0.05111098289489746
    vertex -6.495791435241699 -5.899993419647217 0.012833118438720703
    vertex -6.490721702575684 -5.983863353729248 0.012833118438720703
  endloop
endfacet
facet normal 0.0 0.0 0.0
  outer loop
    vertex -6.681750297546387 -6.007064342498779 0.05111098289489746
    vertex -6.490721702575684 -5.983863353729248 0.012833118438720703
    vertex -6.662421226501465 -6.112563610076904 0.05111098289489746
  endloop
endfacet
facet normal 0.0 0.0 0.0
  outer loop
    vertex -6.662421226501465 -6.112563610076904 0.05111098289489746
    vertex -6.490721702575684 -5.983863353729248 0.012833118438720703
    vertex -6.475569725036621 -6.0665202140808105 0.012833118438720703
  endloop
endfacet
facet normal 0.0 0.0 0.0
  outer loop
    vertex -6.662421226501465 -6.112563610076904 0.05111098289489746
    vertex -6.475569725036621 -6.0665202140808105 0.012833118438720703
    vertex -6.630511283874512 -6.214965343475342 0.05111098289489746
  endloop
endfacet
facet normal 0.0 0.0 0.0
  outer loop
    vertex -6.630511283874512 -6.214965343475342 0.05111098289489746
    vertex -6.475569725036621 -6.0665202140808105 0.012833118438720703
    vertex -6.450579643249512 -6.146728038787842 0.012833118438720703
  endloop
endfacet
facet normal 0.0 0.0 0.0
  outer loop
    vertex -6.630511283874512 -6.214965343475342 0.05111098289489746
    vertex -6.450579643249512 -6.146728038787842 0.012833118438720703
    vertex -6.586489677429199 -6.312774181365967 0.05111098289489746
  endloop
endfacet
facet normal 0.0 0.0 0.0
  outer loop
    vertex -6.586489677429199 -6.312774181365967 0.05111098289489746
    vertex -6.450579643249512 -6.146728038787842 0.012833118438720703
    vertex -6.416090965270996 -6.2233500480651855 0.012833118438720703
  endloop
endfacet
facet normal 0.0 0.0 0.0
  outer loop
    vertex -6.586489677429199 -6.312774181365967 0.05111098289489746
    vertex -6.416090965270996 -6.2233500480651855 0.012833118438720703
    vertex -6.531001091003418 -6.404578685760498 0.05111098289489746
  endloop
endfacet
facet normal 0.0 0.0 0.0
  outer loop
    vertex -6.531001091003418 -6.404578685760498 0.05111098289489746
    vertex -6.416090965270996 -6.2233500480651855 0.012833118438720703
    vertex -6.3726301193237305 -6.295257091522217 0.012833118438720703
  endloop
endfacet
facet normal 0.0 0.0 0.0
  outer loop
    vertex -6.531001091003418 -6.404578685760498 0.05111098289489746
    vertex -6.3726301193237305 -6.295257091522217 0.012833118438720703
    vertex -6.464850425720215 -6.4890055656433105 0.05111098289489746
  endloop
endfacet
facet normal 0.0 0.0 0.0
  outer loop
    vertex -6.464850425720215 -6.4890055656433105 0.05111098289489746
    vertex -6.3726301193237305 -6.295257091522217 0.012833118438720703
    vertex -6.3208112716674805 -6.361396312713623 0.012833118438720703
  endloop
endfacet
facet normal 0.0 0.0 0.0
  outer loop
    vertex -6.464850425720215 -6.4890055656433105 0.05111098289489746
    vertex -6.3208112716674805 -6.361396312713623 0.012833118438720703
    vertex -6.389010429382324 -6.564849376678467 0.05111098289489746
  endloop
endfacet
facet normal 0.0 0.0 0.0
  outer loop
    vertex -6.389010429382324 -6.564849376678467 0.05111098289489746
    vertex -6.3208112716674805 -6.361396312713623 0.012833118438720703
    vertex -6.261401176452637 -6.420806407928467 0.012833118438720703
  endloop
endfacet
facet normal 0.0 0.0 0.0
  outer loop
    vertex -6.389010429382324 -6.564849376678467 0.05111098289489746
    vertex -6.261401176452637 -6.420806407928467 0.012833118438720703
    vertex -6.304572105407715 -6.630996227264404 0.05111098289489746
  endloop
endfacet
facet normal 0.0 0.0 0.0
  outer loop
    vertex -6.304572105407715 -6.630996227264404 0.05111098289489746
    vertex -6.261401176452637 -6.420806407928467 0.012833118438720703
    vertex -6.1952619552612305 -6.472625255584717 0.012833118438720703
  endloop
endfacet
facet normal 0.0 0.0 0.0
  outer loop
    vertex -6.304572105407715 -6.630996227264404 0.05111098289489746
    vertex -6.1952619552612305 -6.472625255584717 0.012833118438720703
    vertex -6.212782859802246 -6.6864848136901855 0.05111098289489746
  endloop
endfacet
facet normal 0.0 0.0 0.0
  outer loop
    vertex -6.212782859802246 -6.6864848136901855 0.05111098289489746
    vertex -6.1952619552612305 -6.472625255584717 0.012833118438720703
    vertex -6.123351097106934 -6.516089916229248 0.012833118438720703
  endloop
endfacet
facet normal 0.0 0.0 0.0
  outer loop
    vertex -6.212782859802246 -6.6864848136901855 0.05111098289489746
    vertex -6.123351097106934 -6.516089916229248 0.012833118438720703
    vertex -6.1149702072143555 -6.730506420135498 0.05111098289489746
  endloop
endfacet
facet normal 0.0 0.0 0.0
  outer loop
    vertex -6.1149702072143555 -6.730506420135498 0.05111098289489746
    vertex -6.123351097106934 -6.516089916229248 0.012833118438720703
    vertex -6.0467329025268555 -6.550574779510498 0.012833118438720703
  endloop
endfacet
facet normal 0.0 0.0 0.0
  outer loop
    vertex -6.1149702072143555 -6.730506420135498 0.05111098289489746
    vertex -6.0467329025268555 -6.550574779510498 0.012833118438720703
    vertex -6.012572288513184 -6.762420177459717 0.05111098289489746
  endloop
endfacet
facet normal 0.0 0.0 0.0
  outer loop
    vertex -6.012572288513184 -6.762420177459717 0.05111098289489746
    vertex -6.0467329025268555 -6.550574779510498 0.012833118438720703
    vertex -5.966521263122559 -6.575576305389404 0.012833118438720703
  endloop
endfacet
facet normal 0.0 0.0 0.0
  outer loop
    vertex -6.012572288513184 -6.762420177459717 0.05111098289489746
    vertex -5.966521263122559 -6.575576305389404 0.012833118438720703
    vertex -5.907073020935059 -6.781753063201904 0.05111098289489746
  endloop
endfacet
facet normal 0.0 0.0 0.0
  outer loop
    vertex -5.907073020935059 -6.781753063201904 0.05111098289489746
    vertex -5.966521263122559 -6.575576305389404 0.012833118438720703
    vertex -5.883872032165527 -6.590713024139404 0.012833118438720703
  endloop
endfacet
facet normal 0.0 0.0 0.0
  outer loop
    vertex -6.495791435241699 -5.899993419647217 0.012833118438720703
    vertex -6.300002098083496 -5.899993419647217 0.0
    vertex -6.490721702575684 -5.983863353729248 0.012833118438720703
  endloop
endfacet
facet normal 0.0 0.0 0.0
  outer loop
    vertex -6.490721702575684 -5.983863353729248 0.012833118438720703
    vertex -6.300002098083496 -5.899993419647217 0.0
    vertex -6.287470817565918 -6.0112528800964355 0.0
  endloop
endfacet
facet normal 0.0 0.0 0.0
  outer loop
    vertex -6.490721702575684 -5.983863353729248 0.012833118438720703
    vertex -6.287470817565918 -6.0112528800964355 0.0
    vertex -6.475569725036621 -6.0665202140808105 0.012833118438720703
  endloop
endfacet
facet normal 0.0 0.0 0.0
  outer loop
    vertex -6.475569725036621 -6.0665202140808105 0.012833118438720703
    vertex -6.287470817565918 -6.0112528800964355 0.0
    vertex -6.450579643249512 -6.146728038787842 0.012833118438720703
  endloop
endfacet
facet normal 0.0 0.0 0.0
  outer loop
    vertex -6.287470817565918 -6.0112528800964355 0.0
    vertex -6.250491142272949 -6.116942882537842 0.0
    vertex -6.450579643249512 -6.146728038787842 0.012833118438720703
  endloop
endfacet
facet normal 0.0 0.0 0.0
  outer loop
    vertex -6.450579643249512 -6.146728038787842 0.012833118438720703
    vertex -6.250491142272949 -6.116942882537842 0.0
    vertex -6.416090965270996 -6.2233500480651855 0.012833118438720703
  endloop
endfacet
facet normal 0.0 0.0 0.0
  outer loop
    vertex -6.416090965270996 -6.2233500480651855 0.012833118438720703
    vertex -6.250491142272949 -6.116942882537842 0.0
    vertex -6.3726301193237305 -6.295257091522217 0.012833118438720703
  endloop
endfacet
facet normal 0.0 0.0 0.0
  outer loop
    vertex -6.3726301193237305 -6.295257091522217 0.012833118438720703
    vertex -6.250491142272949 -6.116942882537842 0.0
    vertex -6.190920829772949 -6.211745738983154 0.0
  endloop
endfacet
facet normal 0.0 0.0 0.0
  outer loop
    vertex -6.3726301193237305 -6.295257091522217 0.012833118438720703
    vertex -6.190920829772949 -6.211745738983154 0.0
    vertex -6.3208112716674805 -6.361396312713623 0.012833118438720703
  endloop
endfacet
facet normal 0.0 0.0 0.0
  outer loop
    vertex -6.3208112716674805 -6.361396312713623 0.012833118438720703
    vertex -6.190920829772949 -6.211745738983154 0.0
    vertex -6.111750602722168 -6.2909159660339355 0.0
  endloop
endfacet
facet normal 0.0 0.0 0.0
  outer loop
    vertex -6.3208112716674805 -6.361396312713623 0.012833118438720703
    vertex -6.111750602722168 -6.2909159660339355 0.0
    vertex -6.261401176452637 -6.420806407928467 0.012833118438720703
  endloop
endfacet
facet normal 0.0 0.0 0.0
  outer loop
    vertex -6.261401176452637 -6.420806407928467 0.012833118438720703
    vertex -6.111750602722168 -6.2909159660339355 0.0
    vertex -6.1952619552612305 -6.472625255584717 0.012833118438720703
  endloop
endfacet
facet normal 0.0 0.0 0.0
  outer loop
    vertex -6.111750602722168 -6.2909159660339355 0.0
    vertex -6.016940116882324 -6.3504862785339355 0.0
    vertex -6.1952619552612305 -6.472625255584717 0.012833118438720703
  endloop
endfacet
facet normal 0.0 0.0 0.0
  outer loop
    vertex -6.1952619552612305 -6.472625255584717 0.012833118438720703
    vertex -6.016940116882324 -6.3504862785339355 0.0
    vertex -6.123351097106934 -6.516089916229248 0.012833118438720703
  endloop
endfacet
facet normal 0.0 0.0 0.0
  outer loop
    vertex -6.123351097106934 -6.516089916229248 0.012833118438720703
    vertex -6.016940116882324 -6.3504862785339355 0.0
    vertex -6.0467329025268555 -6.550574779510498 0.012833118438720703
  endloop
endfacet
facet normal 0.0 0.0 0.0
  outer loop
    vertex -6.0467329025268555 -6.550574779510498 0.012833118438720703
    vertex -6.016940116882324 -6.3504862785339355 0.0
    vertex -5.911261558532715 -6.387465953826904 0.0
  endloop
endfacet
facet normal 0.0 0.0 0.0
  outer loop
    vertex -6.0467329025268555 -6.550574779510498 0.012833118438720703
    vertex -5.911261558532715 -6.387465953826904 0.0
    vertex -5.966521263122559 -6.575576305389404 0.012833118438720703
  endloop
endfacet
facet normal 0.0 0.0 0.0
  outer loop
    vertex -5.966521263122559 -6.575576305389404 0.012833118438720703
    vertex -5.911261558532715 -6.387465953826904 0.0
    vertex -5.883872032165527 -6.590713024139404 0.012833118438720703
  endloop
endfacet
facet normal 0.0 0.0 0.0
  outer loop
    vertex 5.899998664855957 -6.5957865715026855 0.012833118438720703
    vertex 1.9999969005584717 -6.5957865715026855 0.012833118438720703
    vertex 5.899998664855957 -6.399993419647217 0.0
  endloop
endfacet
facet normal 0.0 0.0 0.0
  outer loop
    vertex 5.899998664855957 -6.399993419647217 0.0
    vertex 1.9999969005584717 -6.5957865715026855 0.012833118438720703
    vertex -1.900000810623169 -6.5957865715026855 0.012833118438720703
  endloop
endfacet
facet normal 0.0 0.0 0.0
  outer loop
    vertex 5.899998664855957 -6.399993419647217 0.0
    vertex -1.900000810623169 -6.5957865715026855 0.012833118438720703
    vertex -5.800002098083496 -6.399993419647217 0.0
  endloop
endfacet
facet normal 0.0 0.0 0.0
  outer loop
    vertex -5.800002098083496 -6.399993419647217 0.0
    vertex -1.900000810623169 -6.5957865715026855 0.012833118438720703
    vertex -5.800002098083496 -6.5957865715026855 0.012833118438720703
  endloop
endfacet
facet normal 0.0 0.0 0.0
  outer loop
    vertex -5.800002098083496 -6.5957865715026855 0.012833118438720703
    vertex -1.900000810623169 -6.5957865715026855 0.012833118438720703
    vertex -5.800002098083496 -6.788222789764404 0.05111098289489746
  endloop
endfacet
facet normal 0.0 0.0 0.0
  outer loop
    vertex -5.800002098083496 -6.788222789764404 0.05111098289489746
    vertex -1.900000810623169 -6.5957865715026855 0.012833118438720703
    vertex -1.900000810623169 -6.788222789764404 0.05111098289489746
  endloop
endfacet
facet normal 0.0 0.0 0.0
  outer loop
    vertex -5.800002098083496 -6.788222789764404 0.05111098289489746
    vertex -1.900000810623169 -6.788222789764404 0.05111098289489746
    vertex -5.800002098083496 -6.974029064178467 0.1141810417175293
  endloop
endfacet
facet normal 0.0 0.0 0.0
  outer loop
    vertex -5.800002098083496 -6.974029064178467 0.1141810417175293
    vertex -1.900000810623169 -6.788222789764404 0.05111098289489746
    vertex -1.900000810623169 -6.974029064178467 0.1141810417175293
  endloop
endfacet
facet normal 0.0 0.0 0.0
  outer loop
    vertex -5.800002098083496 -6.974029064178467 0.1141810417175293
    vertex -1.900000810623169 -6.974029064178467 0.1141810417175293
    vertex -5.800002098083496 -7.149993419647217 0.20096206665039062
  endloop
endfacet
facet normal 0.0 0.0 0.0
  outer loop
    vertex -5.800002098083496 -7.149993419647217 0.20096206665039062
    vertex -1.900000810623169 -6.974029064178467 0.1141810417175293
    vertex -1.900000810623169 -7.149993419647217 0.20096206665039062
  endloop
endfacet
facet normal 0.0 0.0 0.0
  outer loop
    vertex -5.800002098083496 -7.149993419647217 0.20096206665039062
    vertex -1.900000810623169 -7.149993419647217 0.20096206665039062
    vertex -5.800002098083496 -7.313148021697998 0.3099699020385742
  endloop
endfacet
facet normal 0.0 0.0 0.0
  outer loop
    vertex -5.800002098083496 -7.313148021697998 0.3099699020385742
    vertex -1.900000810623169 -7.149993419647217 0.20096206665039062
    vertex -1.900000810623169 -7.313148021697998 0.3099699020385742
  endloop
endfacet
facet normal 0.0 0.0 0.0
  outer loop
    vertex -5.800002098083496 -7.313148021697998 0.3099699020385742
    vertex -1.900000810623169 -7.313148021697998 0.3099699020385742
    vertex -5.800002098083496 -7.4606547355651855 0.43934011459350586
  endloop
endfacet
facet normal 0.0 0.0 0.0
  outer loop
    vertex -5.800002098083496 -7.4606547355651855 0.43934011459350586
    vertex -1.900000810623169 -7.313148021697998 0.3099699020385742
    vertex -1.900000810623169 -7.4606547355651855 0.43934011459350586
  endloop
endfacet
facet normal 0.0 0.0 0.0
  outer loop
    vertex -5.800002098083496 -7.4606547355651855 0.43934011459350586
    vertex -1.900000810623169 -7.4606547355651855 0.43934011459350586
    vertex -5.800002098083496 -7.590026378631592 0.5868580341339111
  endloop
endfacet
facet normal 0.0 0.0 0.0
  outer loop
    vertex -5.800002098083496 -7.590026378631592 0.5868580341339111
    vertex -1.900000810623169 -7.4606547355651855 0.43934011459350586
    vertex -1.900000810623169 -7.590026378631592 0.5868580341339111
  endloop
endfacet
facet normal 0.0 0.0 0.0
  outer loop
    vertex -5.800002098083496 -7.590026378631592 0.5868580341339111
    vertex -1.900000810623169 -7.590026378631592 0.5868580341339111
    vertex -5.800002098083496 -7.699035167694092 0.75
  endloop
endfacet
facet normal 0.0 0.0 0.0
  outer loop
    vertex -5.800002098083496 -7.699035167694092 0.75
    vertex -1.900000810623169 -7.590026378631592 0.5868580341339111
    vertex -1.900000810623169 -7.699035167694092 0.75
  endloop
endfacet
facet normal 0.0 0.0 0.0
  outer loop
    vertex -5.800002098083496 -7.699035167694092 0.75
    vertex -1.900000810623169 -7.699035167694092 0.75
    vertex -5.800002098083496 -7.7858195304870605 0.9259748458862305
  endloop
endfacet
facet normal 0.0 0.0 0.0
  outer loop
    vertex -5.800002098083496 -7.7858195304870605 0.9259748458862305
    vertex -1.900000810623169 -7.699035167694092 0.75
    vertex -1.900000810623169 -7.7858195304870605 0.9259748458862305
  endloop
endfacet
facet normal 0.0 0.0 0.0
  outer loop
    vertex -5.800002098083496 -7.7858195304870605 0.9259748458862305
    vertex -1.900000810623169 -7.7858195304870605 0.9259748458862305
    vertex -5.800002098083496 -7.848884105682373 1.1117711067199707
  endloop
endfacet
facet normal 0.0 0.0 0.0
  outer loop
    vertex -5.800002098083496 -7.848884105682373 1.1117711067199707
    vertex -1.900000810623169 -7.7858195304870605 0.9259748458862305
    vertex -1.900000810623169 -7.848884105682373 1.1117711067199707
  endloop
endfacet
facet normal 0.0 0.0 0.0
  outer loop
    vertex -5.800002098083496 -7.848884105682373 1.1117711067199707
    vertex -1.900000810623169 -7.848884105682373 1.1117711067199707
    vertex -5.800002098083496 -7.8871684074401855 1.3042104244232178
  endloop
endfacet
facet normal 0.0 0.0 0.0
  outer loop
    vertex -5.800002098083496 -7.8871684074401855 1.3042104244232178
    vertex -1.900000810623169 -7.848884105682373 1.1117711067199707
    vertex -1.900000810623169 -7.8871684074401855 1.3042104244232178
  endloop
endfacet
facet normal 0.0 0.0 0.0
  outer loop
    vertex -5.800002098083496 -7.8871684074401855 1.3042104244232178
    vertex -1.900000810623169 -7.8871684074401855 1.3042104244232178
    vertex -5.800002098083496 -7.899993419647217 1.499999761581421
  endloop
endfacet
facet normal 0.0 0.0 0.0
  outer loop
    vertex -5.800002098083496 -7.899993419647217 1.499999761581421
    vertex -1.900000810623169 -7.8871684074401855 1.3042104244232178
    vertex 1.9999969005584717 -7.8871684074401855 1.3042104244232178
  endloop
endfacet
facet normal 0.0 0.0 0.0
  outer loop
    vertex -5.800002098083496 -7.899993419647217 1.499999761581421
    vertex 1.9999969005584717 -7.8871684074401855 1.3042104244232178
    vertex 5.899998664855957 -7.899993419647217 1.499999761581421
  endloop
endfacet
facet normal 0.0 0.0 0.0
  outer loop
    vertex 5.899998664855957 -7.899993419647217 1.499999761581421
    vertex 1.9999969005584717 -7.8871684074401855 1.3042104244232178
    vertex 5.899998664855957 -7.8871684074401855 1.3042104244232178
  endloop
endfacet
facet normal 0.0 0.0 0.0
  outer loop
    vertex 5.899998664855957 -7.8871684074401855 1.3042104244232178
    vertex 1.9999969005584717 -7.8871684074401855 1.3042104244232178
    vertex 5.899998664855957 -7.848884105682373 1.1117711067199707
  endloop
endfacet
facet normal 0.0 0.0 0.0
  outer loop
    vertex 5.899998664855957 -7.848884105682373 1.1117711067199707
    vertex 1.9999969005584717 -7.8871684074401855 1.3042104244232178
    vertex 1.9999969005584717 -7.848884105682373 1.1117711067199707
  endloop
endfacet
facet normal 0.0 0.0 0.0
  outer loop
    vertex 5.899998664855957 -7.848884105682373 1.1117711067199707
    vertex 1.9999969005584717 -7.848884105682373 1.1117711067199707
    vertex 5.899998664855957 -7.7858195304870605 0.9259748458862305
  endloop
endfacet
facet normal 0.0 0.0 0.0
  outer loop
    vertex 5.899998664855957 -7.7858195304870605 0.9259748458862305
    vertex 1.9999969005584717 -7.848884105682373 1.1117711067199707
    vertex 1.9999969005584717 -7.7858195304870605 0.9259748458862305
  endloop
endfacet
facet normal 0.0 0.0 0.0
  outer loop
    vertex 5.899998664855957 -7.7858195304870605 0.9259748458862305
    vertex 1.9999969005584717 -7.7858195304870605 0.9259748458862305
    vertex 5.899998664855957 -7.699035167694092 0.75
  endloop
endfacet
facet normal 0.0 0.0 0.0
  outer loop
    vertex 5.899998664855957 -7.699035167694092 0.75
    vertex 1.9999969005584717 -7.7858195304870605 0.9259748458862305
    vertex 1.9999969005584717 -7.699035167694092 0.75
  endloop
endfacet
facet normal 0.0 0.0 0.0
  outer loop
    vertex 5.899998664855957 -7.699035167694092 0.75
    vertex 1.9999969005584717 -7.699035167694092 0.75
    vertex 5.899998664855957 -7.590026378631592 0.5868580341339111
  endloop
endfacet
facet normal 0.0 0.0 0.0
  outer loop
    vertex 5.899998664855957 -7.590026378631592 0.5868580341339111
    vertex 1.9999969005584717 -7.699035167694092 0.75
    vertex 1.9999969005584717 -7.590026378631592 0.5868580341339111
  endloop
endfacet
facet normal 0.0 0.0 0.0
  outer loop
    vertex 5.899998664855957 -7.590026378631592 0.5868580341339111
    vertex 1.9999969005584717 -7.590026378631592 0.5868580341339111
    vertex 5.899998664855957 -7.4606547355651855 0.43934011459350586
  endloop
endfacet
facet normal 0.0 0.0 0.0
  outer loop
    vertex 5.899998664855957 -7.4606547355651855 0.43934011459350586
    vertex 1.9999969005584717 -7.590026378631592 0.5868580341339111
    vertex 1.9999969005584717 -7.4606547355651855 0.43934011459350586
  endloop
endfacet
facet normal 0.0 0.0 0.0
  outer loop
    vertex 5.899998664855957 -7.4606547355651855 0.43934011459350586
    vertex 1.9999969005584717 -7.4606547355651855 0.43934011459350586
    vertex 5.899998664855957 -7.313148021697998 0.3099699020385742
  endloop
endfacet
facet normal 0.0 0.0 0.0
  outer loop
    vertex 5.899998664855957 -7.313148021697998 0.3099699020385742
    vertex 1.9999969005584717 -7.4606547355651855 0.43934011459350586
    vertex 1.9999969005584717 -7.313148021697998 0.3099699020385742
  endloop
endfacet
facet normal 0.0 0.0 0.0
  outer loop
    vertex 5.899998664855957 -7.313148021697998 0.3099699020385742
    vertex 1.9999969005584717 -7.313148021697998 0.3099699020385742
    vertex 5.899998664855957 -7.149993419647217 0.20096206665039062
  endloop
endfacet
facet normal 0.0 0.0 0.0
  outer loop
    vertex 5.899998664855957 -7.149993419647217 0.20096206665039062
    vertex 1.9999969005584717 -7.313148021697998 0.3099699020385742
    vertex 1.9999969005584717 -7.149993419647217 0.20096206665039062
  endloop
endfacet
facet normal 0.0 0.0 0.0
  outer loop
    vertex 5.899998664855957 -7.149993419647217 0.20096206665039062
    vertex 1.9999969005584717 -7.149993419647217 0.20096206665039062
    vertex 5.899998664855957 -6.974029064178467 0.1141810417175293
  endloop
endfacet
facet normal 0.0 0.0 0.0
  outer loop
    vertex 5.899998664855957 -6.974029064178467 0.1141810417175293
    vertex 1.9999969005584717 -7.149993419647217 0.20096206665039062
    vertex 1.9999969005584717 -6.974029064178467 0.1141810417175293
  endloop
endfacet
facet normal 0.0 0.0 0.0
  outer loop
    vertex 5.899998664855957 -6.974029064178467 0.1141810417175293
    vertex 1.9999969005584717 -6.974029064178467 0.1141810417175293
    vertex 5.899998664855957 -6.788222789764404 0.05111098289489746
  endloop
endfacet
facet normal 0.0 0.0 0.0
  outer loop
    vertex 5.899998664855957 -6.788222789764404 0.05111098289489746
    vertex 1.9999969005584717 -6.974029064178467 0.1141810417175293
    vertex 1.9999969005584717 -6.788222789764404 0.05111098289489746
  endloop
endfacet
facet normal 0.0 0.0 0.0
  outer loop
    vertex 5.899998664855957 -6.788222789764404 0.05111098289489746
    vertex 1.9999969005584717 -6.788222789764404 0.05111098289489746
    vertex 5.899998664855957 -6.5957865715026855 0.012833118438720703
  endloop
endfacet
facet normal 0.0 0.0 0.0
  outer loop
    vertex 5.899998664855957 -6.5957865715026855 0.012833118438720703
    vertex 1.9999969005584717 -6.788222789764404 0.05111098289489746
    vertex 1.9999969005584717 -6.5957865715026855 0.012833118438720703
  endloop
endfacet
facet normal 0.0 0.0 0.0
  outer loop
    vertex -1.900000810623169 -6.788222789764404 0.05111098289489746
    vertex -1.900000810623169 -6.5957865715026855 0.012833118438720703
    vertex 1.9999969005584717 -6.5957865715026855 0.012833118438720703
  endloop
endfacet
facet normal 0.0 0.0 0.0
  outer loop
    vertex -1.900000810623169 -6.788222789764404 0.05111098289489746
    vertex 1.9999969005584717 -6.5957865715026855 0.012833118438720703
    vertex 1.9999969005584717 -6.788222789764404 0.05111098289489746
  endloop
endfacet
facet normal 0.0 0.0 0.0
  outer loop
    vertex -1.900000810623169 -6.974029064178467 0.1141810417175293
    vertex -1.900000810623169 -6.788222789764404 0.05111098289489746
    vertex 1.9999969005584717 -6.788222789764404 0.05111098289489746
  endloop
endfacet
facet normal 0.0 0.0 0.0
  outer loop
    vertex -1.900000810623169 -6.974029064178467 0.1141810417175293
    vertex 1.9999969005584717 -6.788222789764404 0.05111098289489746
    vertex 1.9999969005584717 -6.974029064178467 0.1141810417175293
  endloop
endfacet
facet normal 0.0 0.0 0.0
  outer loop
    vertex -1.900000810623169 -7.149993419647217 0.20096206665039062
    vertex -1.900000810623169 -6.974029064178467 0.1141810417175293
    vertex 1.9999969005584717 -6.974029064178467 0.1141810417175293
  endloop
endfacet
facet normal 0.0 0.0 0.0
  outer loop
    vertex -1.900000810623169 -7.149993419647217 0.20096206665039062
    vertex 1.9999969005584717 -6.974029064178467 0.1141810417175293
    vertex 1.9999969005584717 -7.149993419647217 0.20096206665039062
  endloop
endfacet
facet normal 0.0 0.0 0.0
  outer loop
    vertex -1.900000810623169 -7.313148021697998 0.3099699020385742
    vertex -1.900000810623169 -7.149993419647217 0.20096206665039062
    vertex 1.9999969005584717 -7.149993419647217 0.20096206665039062
  endloop
endfacet
facet normal 0.0 0.0 0.0
  outer loop
    vertex -1.900000810623169 -7.313148021697998 0.3099699020385742
    vertex 1.9999969005584717 -7.149993419647217 0.20096206665039062
    vertex 1.9999969005584717 -7.313148021697998 0.3099699020385742
  endloop
endfacet
facet normal 0.0 0.0 0.0
  outer loop
    vertex -1.900000810623169 -7.4606547355651855 0.43934011459350586
    vertex -1.900000810623169 -7.313148021697998 0.3099699020385742
    vertex 1.9999969005584717 -7.313148021697998 0.3099699020385742
  endloop
endfacet
facet normal 0.0 0.0 0.0
  outer loop
    vertex -1.900000810623169 -7.4606547355651855 0.43934011459350586
    vertex 1.9999969005584717 -7.313148021697998 0.3099699020385742
    vertex 1.9999969005584717 -7.4606547355651855 0.43934011459350586
  endloop
endfacet
facet normal 0.0 0.0 0.0
  outer loop
    vertex -1.900000810623169 -7.590026378631592 0.5868580341339111
    vertex -1.900000810623169 -7.4606547355651855 0.43934011459350586
    vertex 1.9999969005584717 -7.4606547355651855 0.43934011459350586
  endloop
endfacet
facet normal 0.0 0.0 0.0
  outer loop
    vertex -1.900000810623169 -7.590026378631592 0.5868580341339111
    vertex 1.9999969005584717 -7.4606547355651855 0.43934011459350586
    vertex 1.9999969005584717 -7.590026378631592 0.5868580341339111
  endloop
endfacet
facet normal 0.0 0.0 0.0
  outer loop
    vertex -1.900000810623169 -7.699035167694092 0.75
    vertex -1.900000810623169 -7.590026378631592 0.5868580341339111
    vertex 1.9999969005584717 -7.590026378631592 0.5868580341339111
  endloop
endfacet
facet normal 0.0 0.0 0.0
  outer loop
    vertex -1.900000810623169 -7.699035167694092 0.75
    vertex 1.9999969005584717 -7.590026378631592 0.5868580341339111
    vertex 1.9999969005584717 -7.699035167694092 0.75
  endloop
endfacet
facet normal 0.0 0.0 0.0
  outer loop
    vertex -1.900000810623169 -7.7858195304870605 0.9259748458862305
    vertex -1.900000810623169 -7.699035167694092 0.75
    vertex 1.9999969005584717 -7.699035167694092 0.75
  endloop
endfacet
facet normal 0.0 0.0 0.0
  outer loop
    vertex -1.900000810623169 -7.7858195304870605 0.9259748458862305
    vertex 1.9999969005584717 -7.699035167694092 0.75
    vertex 1.9999969005584717 -7.7858195304870605 0.9259748458862305
  endloop
endfacet
facet normal 0.0 0.0 0.0
  outer loop
    vertex -1.900000810623169 -7.848884105682373 1.1117711067199707
    vertex -1.900000810623169 -7.7858195304870605 0.9259748458862305
    vertex 1.9999969005584717 -7.7858195304870605 0.9259748458862305
  endloop
endfacet
facet normal 0.0 0.0 0.0
  outer loop
    vertex -1.900000810623169 -7.848884105682373 1.1117711067199707
    vertex 1.9999969005584717 -7.7858195304870605 0.9259748458862305
    vertex 1.9999969005584717 -7.848884105682373 1.1117711067199707
  endloop
endfacet
facet normal 0.0 0.0 0.0
  outer loop
    vertex -1.900000810623169 -7.8871684074401855 1.3042104244232178
    vertex -1.900000810623169 -7.848884105682373 1.1117711067199707
    vertex 1.9999969005584717 -7.848884105682373 1.1117711067199707
  endloop
endfacet
facet normal 0.0 0.0 0.0
  outer loop
    vertex -1.900000810623169 -7.8871684074401855 1.3042104244232178
    vertex 1.9999969005584717 -7.848884105682373 1.1117711067199707
    vertex 1.9999969005584717 -7.8871684074401855 1.3042104244232178
  endloop
endfacet
facet normal 0.0 0.0 0.0
  outer loop
    vertex 6.387457847595215 -6.0112528800964355 0.0
    vertex 6.399998664855957 -5.899993419647217 0.0
    vertex 6.5907182693481445 -5.983863353729248 0.012833118438720703
  endloop
endfacet
facet normal 0.0 0.0 0.0
  outer loop
    vertex 6.5907182693481445 -5.983863353729248 0.012833118438720703
    vertex 6.399998664855957 -5.899993419647217 0.0
    vertex 6.59578800201416 -5.899993419647217 0.012833118438720703
  endloop
endfacet
facet normal 0.0 0.0 0.0
  outer loop
    vertex 6.5907182693481445 -5.983863353729248 0.012833118438720703
    vertex 6.59578800201416 -5.899993419647217 0.012833118438720703
    vertex 6.7882280349731445 -5.899993419647217 0.05111098289489746
  endloop
endfacet
facet normal 0.0 0.0 0.0
  outer loop
    vertex 6.5907182693481445 -5.983863353729248 0.012833118438720703
    vertex 6.7882280349731445 -5.899993419647217 0.05111098289489746
    vertex 6.7817487716674805 -6.007064342498779 0.05111098289489746
  endloop
endfacet
facet normal 0.0 0.0 0.0
  outer loop
    vertex 6.7817487716674805 -6.007064342498779 0.05111098289489746
    vertex 6.7882280349731445 -5.899993419647217 0.05111098289489746
    vertex 6.974028587341309 -5.899993419647217 0.1141810417175293
  endloop
endfacet
facet normal 0.0 0.0 0.0
  outer loop
    vertex 6.7817487716674805 -6.007064342498779 0.05111098289489746
    vertex 6.974028587341309 -5.899993419647217 0.1141810417175293
    vertex 6.966189384460449 -6.029456615447998 0.1141810417175293
  endloop
endfacet
facet normal 0.0 0.0 0.0
  outer loop
    vertex 6.966189384460449 -6.029456615447998 0.1141810417175293
    vertex 6.974028587341309 -5.899993419647217 0.1141810417175293
    vertex 7.149998664855957 -5.899993419647217 0.20096206665039062
  endloop
endfacet
facet normal 0.0 0.0 0.0
  outer loop
    vertex 6.966189384460449 -6.029456615447998 0.1141810417175293
    vertex 7.149998664855957 -5.899993419647217 0.20096206665039062
    vertex 7.1408891677856445 -6.050673961639404 0.20096206665039062
  endloop
endfacet
facet normal 0.0 0.0 0.0
  outer loop
    vertex 7.1408891677856445 -6.050673961639404 0.20096206665039062
    vertex 7.149998664855957 -5.899993419647217 0.20096206665039062
    vertex 7.313138008117676 -5.899993419647217 0.3099699020385742
  endloop
endfacet
facet normal 0.0 0.0 0.0
  outer loop
    vertex 7.1408891677856445 -6.050673961639404 0.20096206665039062
    vertex 7.313138008117676 -5.899993419647217 0.3099699020385742
    vertex 7.302838325500488 -6.0703349113464355 0.3099699020385742
  endloop
endfacet
facet normal 0.0 0.0 0.0
  outer loop
    vertex 7.302838325500488 -6.0703349113464355 0.3099699020385742
    vertex 7.313138008117676 -5.899993419647217 0.3099699020385742
    vertex 7.460658073425293 -5.899993419647217 0.43934011459350586
  endloop
endfacet
facet normal 0.0 0.0 0.0
  outer loop
    vertex 7.302838325500488 -6.0703349113464355 0.3099699020385742
    vertex 7.460658073425293 -5.899993419647217 0.43934011459350586
    vertex 7.449278831481934 -6.088119029998779 0.43934011459350586
  endloop
endfacet
facet normal 0.0 0.0 0.0
  outer loop
    vertex 7.449278831481934 -6.088119029998779 0.43934011459350586
    vertex 7.460658073425293 -5.899993419647217 0.43934011459350586
    vertex 7.590027809143066 -5.899993419647217 0.5868580341339111
  endloop
endfacet
facet normal 0.0 0.0 0.0
  outer loop
    vertex 7.449278831481934 -6.088119029998779 0.43934011459350586
    vertex 7.590027809143066 -5.899993419647217 0.5868580341339111
    vertex 7.5777082443237305 -6.103705883026123 0.5868580341339111
  endloop
endfacet
facet normal 0.0 0.0 0.0
  outer loop
    vertex 7.5777082443237305 -6.103705883026123 0.5868580341339111
    vertex 7.590027809143066 -5.899993419647217 0.5868580341339111
    vertex 7.699038505554199 -5.899993419647217 0.75
  endloop
endfacet
facet normal 0.0 0.0 0.0
  outer loop
    vertex 7.5777082443237305 -6.103705883026123 0.5868580341339111
    vertex 7.699038505554199 -5.899993419647217 0.75
    vertex 7.685917854309082 -6.1168437004089355 0.75
  endloop
endfacet
facet normal 0.0 0.0 0.0
  outer loop
    vertex 7.685917854309082 -6.1168437004089355 0.75
    vertex 7.699038505554199 -5.899993419647217 0.75
    vertex 7.785819053649902 -5.899993419647217 0.9259748458862305
  endloop
endfacet
facet normal 0.0 0.0 0.0
  outer loop
    vertex 7.685917854309082 -6.1168437004089355 0.75
    vertex 7.785819053649902 -5.899993419647217 0.9259748458862305
    vertex 7.772068977355957 -6.127303600311279 0.9259748458862305
  endloop
endfacet
facet normal 0.0 0.0 0.0
  outer loop
    vertex 7.772068977355957 -6.127303600311279 0.9259748458862305
    vertex 7.785819053649902 -5.899993419647217 0.9259748458862305
    vertex 7.848889350891113 -5.899993419647217 1.1117712259292603
  endloop
endfacet
facet normal 0.0 0.0 0.0
  outer loop
    vertex 7.772068977355957 -6.127303600311279 0.9259748458862305
    vertex 7.848889350891113 -5.899993419647217 1.1117712259292603
    vertex 7.83467960357666 -6.134917736053467 1.1117712259292603
  endloop
endfacet
facet normal 0.0 0.0 0.0
  outer loop
    vertex 7.83467960357666 -6.134917736053467 1.1117712259292603
    vertex 7.848889350891113 -5.899993419647217 1.1117712259292603
    vertex 7.887167930603027 -5.899993419647217 1.3042105436325073
  endloop
endfacet
facet normal 0.0 0.0 0.0
  outer loop
    vertex 7.83467960357666 -6.134917736053467 1.1117712259292603
    vertex 7.887167930603027 -5.899993419647217 1.3042105436325073
    vertex 7.872677803039551 -6.139525890350342 1.3042105436325073
  endloop
endfacet
facet normal 0.0 0.0 0.0
  outer loop
    vertex 7.872677803039551 -6.139525890350342 1.3042105436325073
    vertex 7.887167930603027 -5.899993419647217 1.3042105436325073
    vertex 7.899998664855957 -5.899993419647217 1.4999998807907104
  endloop
endfacet
facet normal 0.0 0.0 0.0
  outer loop
    vertex 7.872677803039551 -6.139525890350342 1.3042105436325073
    vertex 7.899998664855957 -5.899993419647217 1.4999998807907104
    vertex 7.885418891906738 -6.1410746574401855 1.4999998807907104
  endloop
endfacet
facet normal 0.0 0.0 0.0
  outer loop
    vertex 7.872677803039551 -6.139525890350342 1.3042105436325073
    vertex 7.885418891906738 -6.1410746574401855 1.4999998807907104
    vertex 7.829419136047363 -6.375556468963623 1.3042105436325073
  endloop
endfacet
facet normal 0.0 0.0 0.0
  outer loop
    vertex 7.829419136047363 -6.375556468963623 1.3042105436325073
    vertex 7.885418891906738 -6.1410746574401855 1.4999998807907104
    vertex 7.8418779373168945 -6.378638744354248 1.4999998807907104
  endloop
endfacet
facet normal 0.0 0.0 0.0
  outer loop
    vertex 7.829419136047363 -6.375556468963623 1.3042105436325073
    vertex 7.8418779373168945 -6.378638744354248 1.4999998807907104
    vertex 7.758028984069824 -6.604659557342529 1.3042105436325073
  endloop
endfacet
facet normal 0.0 0.0 0.0
  outer loop
    vertex 7.758028984069824 -6.604659557342529 1.3042105436325073
    vertex 7.8418779373168945 -6.378638744354248 1.4999998807907104
    vertex 7.770028114318848 -6.609206676483154 1.4999998807907104
  endloop
endfacet
facet normal 0.0 0.0 0.0
  outer loop
    vertex 7.758028984069824 -6.604659557342529 1.3042105436325073
    vertex 7.770028114318848 -6.609206676483154 1.4999998807907104
    vertex 7.659548759460449 -6.823485851287842 1.3042105436325073
  endloop
endfacet
facet normal 0.0 0.0 0.0
  outer loop
    vertex 7.659548759460449 -6.823485851287842 1.3042105436325073
    vertex 7.770028114318848 -6.609206676483154 1.4999998807907104
    vertex 7.6709089279174805 -6.829444408416748 1.4999998807907104
  endloop
endfacet
facet normal 0.0 0.0 0.0
  outer loop
    vertex 7.659548759460449 -6.823485851287842 1.3042105436325073
    vertex 7.6709089279174805 -6.829444408416748 1.4999998807907104
    vertex 7.535408973693848 -7.028838634490967 1.3042105436325073
  endloop
endfacet
facet normal 0.0 0.0 0.0
  outer loop
    vertex 7.535408973693848 -7.028838634490967 1.3042105436325073
    vertex 7.6709089279174805 -6.829444408416748 1.4999998807907104
    vertex 7.545968055725098 -7.0361247062683105 1.4999998807907104
  endloop
endfacet
facet normal 0.0 0.0 0.0
  outer loop
    vertex 7.535408973693848 -7.028838634490967 1.3042105436325073
    vertex 7.545968055725098 -7.0361247062683105 1.4999998807907104
    vertex 7.387417793273926 -7.2177348136901855 1.3042105436325073
  endloop
endfacet
facet normal 0.0 0.0 0.0
  outer loop
    vertex 7.387417793273926 -7.2177348136901855 1.3042105436325073
    vertex 7.545968055725098 -7.0361247062683105 1.4999998807907104
    vertex 7.397019386291504 -7.2262492179870605 1.4999998807907104
  endloop
endfacet
facet normal 0.0 0.0 0.0
  outer loop
    vertex 7.387417793273926 -7.2177348136901855 1.3042105436325073
    vertex 7.397019386291504 -7.2262492179870605 1.4999998807907104
    vertex 7.217738151550293 -7.387420177459717 1.3042105436325073
  endloop
endfacet
facet normal 0.0 0.0 0.0
  outer loop
    vertex 7.217738151550293 -7.387420177459717 1.3042105436325073
    vertex 7.397019386291504 -7.2262492179870605 1.4999998807907104
    vertex 7.226248741149902 -7.3970255851745605 1.4999998807907104
  endloop
endfacet
facet normal 0.0 0.0 0.0
  outer loop
    vertex 7.217738151550293 -7.387420177459717 1.3042105436325073
    vertex 7.226248741149902 -7.3970255851745605 1.4999998807907104
    vertex 7.028838157653809 -7.535407543182373 1.3042105436325073
  endloop
endfacet
facet normal 0.0 0.0 0.0
  outer loop
    vertex 7.028838157653809 -7.535407543182373 1.3042105436325073
    vertex 7.226248741149902 -7.3970255851745605 1.4999998807907104
    vertex 7.036128044128418 -7.545966625213623 1.4999998807907104
  endloop
endfacet
facet normal 0.0 0.0 0.0
  outer loop
    vertex 7.028838157653809 -7.535407543182373 1.3042105436325073
    vertex 7.036128044128418 -7.545966625213623 1.4999998807907104
    vertex 6.823477745056152 -7.659545421600342 1.3042105436325073
  endloop
endfacet
facet normal 0.0 0.0 0.0
  outer loop
    vertex 6.823477745056152 -7.659545421600342 1.3042105436325073
    vertex 7.036128044128418 -7.545966625213623 1.4999998807907104
    vertex 6.8294477462768555 -7.670913219451904 1.4999998807907104
  endloop
endfacet
facet normal 0.0 0.0 0.0
  outer loop
    vertex 6.823477745056152 -7.659545421600342 1.3042105436325073
    vertex 6.8294477462768555 -7.670913219451904 1.4999998807907104
    vertex 6.604659080505371 -7.758033275604248 1.3042105436325073
  endloop
endfacet
facet normal 0.0 0.0 0.0
  outer loop
    vertex 6.604659080505371 -7.758033275604248 1.3042105436325073
    vertex 6.8294477462768555 -7.670913219451904 1.4999998807907104
    vertex 6.609208106994629 -7.770034313201904 1.4999998807907104
  endloop
endfacet
facet normal 0.0 0.0 0.0
  outer loop
    vertex 6.604659080505371 -7.758033275604248 1.3042105436325073
    vertex 6.609208106994629 -7.770034313201904 1.4999998807907104
    vertex 6.375557899475098 -7.8294291496276855 1.3042104244232178
  endloop
endfacet
facet normal 0.0 0.0 0.0
  outer loop
    vertex 6.375557899475098 -7.8294291496276855 1.3042104244232178
    vertex 6.609208106994629 -7.770034313201904 1.4999998807907104
    vertex 6.378628730773926 -7.841887950897217 1.499999761581421
  endloop
endfacet
facet normal 0.0 0.0 0.0
  outer loop
    vertex 6.375557899475098 -7.8294291496276855 1.3042104244232178
    vertex 6.378628730773926 -7.841887950897217 1.499999761581421
    vertex 6.139529228210449 -7.872680187225342 1.3042104244232178
  endloop
endfacet
facet normal 0.0 0.0 0.0
  outer loop
    vertex 6.139529228210449 -7.872680187225342 1.3042104244232178
    vertex 6.378628730773926 -7.841887950897217 1.499999761581421
    vertex 6.141068458557129 -7.885413646697998 1.499999761581421
  endloop
endfacet
facet normal 0.0 0.0 0.0
  outer loop
    vertex 6.139529228210449 -7.872680187225342 1.3042104244232178
    vertex 6.141068458557129 -7.885413646697998 1.499999761581421
    vertex 5.899998664855957 -7.8871684074401855 1.3042104244232178
  endloop
endfacet
facet normal 0.0 0.0 0.0
  outer loop
    vertex 5.899998664855957 -7.8871684074401855 1.3042104244232178
    vertex 6.141068458557129 -7.885413646697998 1.499999761581421
    vertex 5.899998664855957 -7.899993419647217 1.499999761581421
  endloop
endfacet
facet normal 0.0 0.0 0.0
  outer loop
    vertex 5.899998664855957 -7.8871684074401855 1.3042104244232178
    vertex 5.899998664855957 -7.848884105682373 1.1117711067199707
    vertex 6.139529228210449 -7.872680187225342 1.3042104244232178
  endloop
endfacet
facet normal 0.0 0.0 0.0
  outer loop
    vertex 6.139529228210449 -7.872680187225342 1.3042104244232178
    vertex 5.899998664855957 -7.848884105682373 1.1117711067199707
    vertex 6.1349077224731445 -7.8346781730651855 1.1117711067199707
  endloop
endfacet
facet normal 0.0 0.0 0.0
  outer loop
    vertex 6.139529228210449 -7.872680187225342 1.3042104244232178
    vertex 6.1349077224731445 -7.8346781730651855 1.1117711067199707
    vertex 6.375557899475098 -7.8294291496276855 1.3042104244232178
  endloop
endfacet
facet normal 0.0 0.0 0.0
  outer loop
    vertex 6.375557899475098 -7.8294291496276855 1.3042104244232178
    vertex 6.1349077224731445 -7.8346781730651855 1.1117711067199707
    vertex 6.366398811340332 -7.7922587394714355 1.1117712259292603
  endloop
endfacet
facet normal 0.0 0.0 0.0
  outer loop
    vertex 6.375557899475098 -7.8294291496276855 1.3042104244232178
    vertex 6.366398811340332 -7.7922587394714355 1.1117712259292603
    vertex 6.604659080505371 -7.758033275604248 1.3042105436325073
  endloop
endfacet
facet normal 0.0 0.0 0.0
  outer loop
    vertex 6.604659080505371 -7.758033275604248 1.3042105436325073
    vertex 6.366398811340332 -7.7922587394714355 1.1117712259292603
    vertex 6.59108829498291 -7.722243785858154 1.1117712259292603
  endloop
endfacet
facet normal 0.0 0.0 0.0
  outer loop
    vertex 6.604659080505371 -7.758033275604248 1.3042105436325073
    vertex 6.59108829498291 -7.722243785858154 1.1117712259292603
    vertex 6.823477745056152 -7.659545421600342 1.3042105436325073
  endloop
endfacet
facet normal 0.0 0.0 0.0
  outer loop
    vertex 6.823477745056152 -7.659545421600342 1.3042105436325073
    vertex 6.59108829498291 -7.722243785858154 1.1117712259292603
    vertex 6.80568790435791 -7.625655651092529 1.1117712259292603
  endloop
endfacet
facet normal 0.0 0.0 0.0
  outer loop
    vertex 6.823477745056152 -7.659545421600342 1.3042105436325073
    vertex 6.80568790435791 -7.625655651092529 1.1117712259292603
    vertex 7.028838157653809 -7.535407543182373 1.3042105436325073
  endloop
endfacet
facet normal 0.0 0.0 0.0
  outer loop
    vertex 7.028838157653809 -7.535407543182373 1.3042105436325073
    vertex 6.80568790435791 -7.625655651092529 1.1117712259292603
    vertex 7.007098197937012 -7.503905773162842 1.1117712259292603
  endloop
endfacet
facet normal 0.0 0.0 0.0
  outer loop
    vertex 7.028838157653809 -7.535407543182373 1.3042105436325073
    vertex 7.007098197937012 -7.503905773162842 1.1117712259292603
    vertex 7.217738151550293 -7.387420177459717 1.3042105436325073
  endloop
endfacet
facet normal 0.0 0.0 0.0
  outer loop
    vertex 7.217738151550293 -7.387420177459717 1.3042105436325073
    vertex 7.007098197937012 -7.503905773162842 1.1117712259292603
    vertex 7.192349433898926 -7.358764171600342 1.1117712259292603
  endloop
endfacet
facet normal 0.0 0.0 0.0
  outer loop
    vertex 7.217738151550293 -7.387420177459717 1.3042105436325073
    vertex 7.192349433898926 -7.358764171600342 1.1117712259292603
    vertex 7.387417793273926 -7.2177348136901855 1.3042105436325073
  endloop
endfacet
facet normal 0.0 0.0 0.0
  outer loop
    vertex 7.387417793273926 -7.2177348136901855 1.3042105436325073
    vertex 7.192349433898926 -7.358764171600342 1.1117712259292603
    vertex 7.358757972717285 -7.192359447479248 1.1117712259292603
  endloop
endfacet
facet normal 0.0 0.0 0.0
  outer loop
    vertex 7.387417793273926 -7.2177348136901855 1.3042105436325073
    vertex 7.358757972717285 -7.192359447479248 1.1117712259292603
    vertex 7.535408973693848 -7.028838634490967 1.3042105436325073
  endloop
endfacet
facet normal 0.0 0.0 0.0
  outer loop
    vertex 7.535408973693848 -7.028838634490967 1.3042105436325073
    vertex 7.358757972717285 -7.192359447479248 1.1117712259292603
    vertex 7.503899574279785 -7.007094860076904 1.1117712259292603
  endloop
endfacet
facet normal 0.0 0.0 0.0
  outer loop
    vertex 7.535408973693848 -7.028838634490967 1.3042105436325073
    vertex 7.503899574279785 -7.007094860076904 1.1117712259292603
    vertex 7.659548759460449 -6.823485851287842 1.3042105436325073
  endloop
endfacet
facet normal 0.0 0.0 0.0
  outer loop
    vertex 7.659548759460449 -6.823485851287842 1.3042105436325073
    vertex 7.503899574279785 -7.007094860076904 1.1117712259292603
    vertex 7.625658988952637 -6.805694103240967 1.1117712259292603
  endloop
endfacet
facet normal 0.0 0.0 0.0
  outer loop
    vertex 7.659548759460449 -6.823485851287842 1.3042105436325073
    vertex 7.625658988952637 -6.805694103240967 1.1117712259292603
    vertex 7.758028984069824 -6.604659557342529 1.3042105436325073
  endloop
endfacet
facet normal 0.0 0.0 0.0
  outer loop
    vertex 7.758028984069824 -6.604659557342529 1.3042105436325073
    vertex 7.625658988952637 -6.805694103240967 1.1117712259292603
    vertex 7.7222394943237305 -6.5910868644714355 1.1117712259292603
  endloop
endfacet
facet normal 0.0 0.0 0.0
  outer loop
    vertex 7.758028984069824 -6.604659557342529 1.3042105436325073
    vertex 7.7222394943237305 -6.5910868644714355 1.1117712259292603
    vertex 7.829419136047363 -6.375556468963623 1.3042105436325073
  endloop
endfacet
facet normal 0.0 0.0 0.0
  outer loop
    vertex 7.829419136047363 -6.375556468963623 1.3042105436325073
    vertex 7.7222394943237305 -6.5910868644714355 1.1117712259292603
    vertex 7.792258262634277 -6.366393566131592 1.1117712259292603
  endloop
endfacet
facet normal 0.0 0.0 0.0
  outer loop
    vertex 7.829419136047363 -6.375556468963623 1.3042105436325073
    vertex 7.792258262634277 -6.366393566131592 1.1117712259292603
    vertex 7.872677803039551 -6.139525890350342 1.3042105436325073
  endloop
endfacet
facet normal 0.0 0.0 0.0
  outer loop
    vertex 7.872677803039551 -6.139525890350342 1.3042105436325073
    vertex 7.792258262634277 -6.366393566131592 1.1117712259292603
    vertex 7.83467960357666 -6.134917736053467 1.1117712259292603
  endloop
endfacet
facet normal 0.0 0.0 0.0
  outer loop
    vertex 5.899998664855957 -7.848884105682373 1.1117711067199707
    vertex 5.899998664855957 -7.7858195304870605 0.9259748458862305
    vertex 6.1349077224731445 -7.8346781730651855 1.1117711067199707
  endloop
endfacet
facet normal 0.0 0.0 0.0
  outer loop
    vertex 6.1349077224731445 -7.8346781730651855 1.1117711067199707
    vertex 5.899998664855957 -7.7858195304870605 0.9259748458862305
    vertex 6.1273088455200195 -7.772063732147217 0.9259748458862305
  endloop
endfacet
facet normal 0.0 0.0 0.0
  outer loop
    vertex 6.1349077224731445 -7.8346781730651855 1.1117711067199707
    vertex 6.1273088455200195 -7.772063732147217 0.9259748458862305
    vertex 6.366398811340332 -7.7922587394714355 1.1117712259292603
  endloop
endfacet
facet normal 0.0 0.0 0.0
  outer loop
    vertex 6.366398811340332 -7.7922587394714355 1.1117712259292603
    vertex 6.1273088455200195 -7.772063732147217 0.9259748458862305
    vertex 6.3513078689575195 -7.731017589569092 0.9259748458862305
  endloop
endfacet
facet normal 0.0 0.0 0.0
  outer loop
    vertex 6.366398811340332 -7.7922587394714355 1.1117712259292603
    vertex 6.3513078689575195 -7.731017589569092 0.9259748458862305
    vertex 6.59108829498291 -7.722243785858154 1.1117712259292603
  endloop
endfacet
facet normal 0.0 0.0 0.0
  outer loop
    vertex 6.59108829498291 -7.722243785858154 1.1117712259292603
    vertex 6.3513078689575195 -7.731017589569092 0.9259748458862305
    vertex 6.568718910217285 -7.663276195526123 0.9259748458862305
  endloop
endfacet
facet normal 0.0 0.0 0.0
  outer loop
    vertex 6.59108829498291 -7.722243785858154 1.1117712259292603
    vertex 6.568718910217285 -7.663276195526123 0.9259748458862305
    vertex 6.80568790435791 -7.625655651092529 1.1117712259292603
  endloop
endfacet
facet normal 0.0 0.0 0.0
  outer loop
    vertex 6.80568790435791 -7.625655651092529 1.1117712259292603
    vertex 6.568718910217285 -7.663276195526123 0.9259748458862305
    vertex 6.776379585266113 -7.569808483123779 0.9259748458862305
  endloop
endfacet
facet normal 0.0 0.0 0.0
  outer loop
    vertex 6.80568790435791 -7.625655651092529 1.1117712259292603
    vertex 6.776379585266113 -7.569808483123779 0.9259748458862305
    vertex 7.007098197937012 -7.503905773162842 1.1117712259292603
  endloop
endfacet
facet normal 0.0 0.0 0.0
  outer loop
    vertex 7.007098197937012 -7.503905773162842 1.1117712259292603
    vertex 6.776379585266113 -7.569808483123779 0.9259748458862305
    vertex 6.971268653869629 -7.451995372772217 0.9259748458862305
  endloop
endfacet
facet normal 0.0 0.0 0.0
  outer loop
    vertex 7.007098197937012 -7.503905773162842 1.1117712259292603
    vertex 6.971268653869629 -7.451995372772217 0.9259748458862305
    vertex 7.192349433898926 -7.358764171600342 1.1117712259292603
  endloop
endfacet
facet normal 0.0 0.0 0.0
  outer loop
    vertex 7.192349433898926 -7.358764171600342 1.1117712259292603
    vertex 6.971268653869629 -7.451995372772217 0.9259748458862305
    vertex 7.150528907775879 -7.311553478240967 0.9259748458862305
  endloop
endfacet
facet normal 0.0 0.0 0.0
  outer loop
    vertex 7.192349433898926 -7.358764171600342 1.1117712259292603
    vertex 7.150528907775879 -7.311553478240967 0.9259748458862305
    vertex 7.358757972717285 -7.192359447479248 1.1117712259292603
  endloop
endfacet
facet normal 0.0 0.0 0.0
  outer loop
    vertex 7.358757972717285 -7.192359447479248 1.1117712259292603
    vertex 7.150528907775879 -7.311553478240967 0.9259748458862305
    vertex 7.311558723449707 -7.150527477264404 0.9259748458862305
  endloop
endfacet
facet normal 0.0 0.0 0.0
  outer loop
    vertex 7.358757972717285 -7.192359447479248 1.1117712259292603
    vertex 7.311558723449707 -7.150527477264404 0.9259748458862305
    vertex 7.503899574279785 -7.007094860076904 1.1117712259292603
  endloop
endfacet
facet normal 0.0 0.0 0.0
  outer loop
    vertex 7.503899574279785 -7.007094860076904 1.1117712259292603
    vertex 7.311558723449707 -7.150527477264404 0.9259748458862305
    vertex 7.451998710632324 -6.971267223358154 0.9259748458862305
  endloop
endfacet
facet normal 0.0 0.0 0.0
  outer loop
    vertex 7.503899574279785 -7.007094860076904 1.1117712259292603
    vertex 7.451998710632324 -6.971267223358154 0.9259748458862305
    vertex 7.625658988952637 -6.805694103240967 1.1117712259292603
  endloop
endfacet
facet normal 0.0 0.0 0.0
  outer loop
    vertex 7.625658988952637 -6.805694103240967 1.1117712259292603
    vertex 7.451998710632324 -6.971267223358154 0.9259748458862305
    vertex 7.569808006286621 -6.7763895988464355 0.9259748458862305
  endloop
endfacet
facet normal 0.0 0.0 0.0
  outer loop
    vertex 7.625658988952637 -6.805694103240967 1.1117712259292603
    vertex 7.569808006286621 -6.7763895988464355 0.9259748458862305
    vertex 7.7222394943237305 -6.5910868644714355 1.1117712259292603
  endloop
endfacet
facet normal 0.0 0.0 0.0
  outer loop
    vertex 7.7222394943237305 -6.5910868644714355 1.1117712259292603
    vertex 7.569808006286621 -6.7763895988464355 0.9259748458862305
    vertex 7.663268089294434 -6.5687174797058105 0.9259748458862305
  endloop
endfacet
facet normal 0.0 0.0 0.0
  outer loop
    vertex 7.7222394943237305 -6.5910868644714355 1.1117712259292603
    vertex 7.663268089294434 -6.5687174797058105 0.9259748458862305
    vertex 7.792258262634277 -6.366393566131592 1.1117712259292603
  endloop
endfacet
facet normal 0.0 0.0 0.0
  outer loop
    vertex 7.792258262634277 -6.366393566131592 1.1117712259292603
    vertex 7.663268089294434 -6.5687174797058105 0.9259748458862305
    vertex 7.731019020080566 -6.3513102531433105 0.9259748458862305
  endloop
endfacet
facet normal 0.0 0.0 0.0
  outer loop
    vertex 7.792258262634277 -6.366393566131592 1.1117712259292603
    vertex 7.731019020080566 -6.3513102531433105 0.9259748458862305
    vertex 7.83467960357666 -6.134917736053467 1.1117712259292603
  endloop
endfacet
facet normal 0.0 0.0 0.0
  outer loop
    vertex 7.83467960357666 -6.134917736053467 1.1117712259292603
    vertex 7.731019020080566 -6.3513102531433105 0.9259748458862305
    vertex 7.772068977355957 -6.127303600311279 0.9259748458862305
  endloop
endfacet
facet normal 0.0 0.0 0.0
  outer loop
    vertex 5.899998664855957 -7.7858195304870605 0.9259748458862305
    vertex 5.899998664855957 -7.699035167694092 0.75
    vertex 6.1273088455200195 -7.772063732147217 0.9259748458862305
  endloop
endfacet
facet normal 0.0 0.0 0.0
  outer loop
    vertex 6.1273088455200195 -7.772063732147217 0.9259748458862305
    vertex 5.899998664855957 -7.699035167694092 0.75
    vertex 6.116848945617676 -7.685927867889404 0.75
  endloop
endfacet
facet normal 0.0 0.0 0.0
  outer loop
    vertex 6.1273088455200195 -7.772063732147217 0.9259748458862305
    vertex 6.116848945617676 -7.685927867889404 0.75
    vertex 6.3513078689575195 -7.731017589569092 0.9259748458862305
  endloop
endfacet
facet normal 0.0 0.0 0.0
  outer loop
    vertex 6.3513078689575195 -7.731017589569092 0.9259748458862305
    vertex 6.116848945617676 -7.685927867889404 0.75
    vertex 6.330538749694824 -7.646766185760498 0.75
  endloop
endfacet
facet normal 0.0 0.0 0.0
  outer loop
    vertex 6.3513078689575195 -7.731017589569092 0.9259748458862305
    vertex 6.330538749694824 -7.646766185760498 0.75
    vertex 6.568718910217285 -7.663276195526123 0.9259748458862305
  endloop
endfacet
facet normal 0.0 0.0 0.0
  outer loop
    vertex 6.568718910217285 -7.663276195526123 0.9259748458862305
    vertex 6.330538749694824 -7.646766185760498 0.75
    vertex 6.537949562072754 -7.582129955291748 0.75
  endloop
endfacet
facet normal 0.0 0.0 0.0
  outer loop
    vertex 6.568718910217285 -7.663276195526123 0.9259748458862305
    vertex 6.537949562072754 -7.582129955291748 0.75
    vertex 6.776379585266113 -7.569808483123779 0.9259748458862305
  endloop
endfacet
facet normal 0.0 0.0 0.0
  outer loop
    vertex 6.776379585266113 -7.569808483123779 0.9259748458862305
    vertex 6.537949562072754 -7.582129955291748 0.75
    vertex 6.736058235168457 -7.492965221405029 0.75
  endloop
endfacet
facet normal 0.0 0.0 0.0
  outer loop
    vertex 6.776379585266113 -7.569808483123779 0.9259748458862305
    vertex 6.736058235168457 -7.492965221405029 0.75
    vertex 6.971268653869629 -7.451995372772217 0.9259748458862305
  endloop
endfacet
facet normal 0.0 0.0 0.0
  outer loop
    vertex 6.971268653869629 -7.451995372772217 0.9259748458862305
    vertex 6.736058235168457 -7.492965221405029 0.75
    vertex 6.921969413757324 -7.3805766105651855 0.75
  endloop
endfacet
facet normal 0.0 0.0 0.0
  outer loop
    vertex 6.971268653869629 -7.451995372772217 0.9259748458862305
    vertex 6.921969413757324 -7.3805766105651855 0.75
    vertex 7.150528907775879 -7.311553478240967 0.9259748458862305
  endloop
endfacet
facet normal 0.0 0.0 0.0
  outer loop
    vertex 7.150528907775879 -7.311553478240967 0.9259748458862305
    vertex 6.921969413757324 -7.3805766105651855 0.75
    vertex 7.092978477478027 -7.246596813201904 0.75
  endloop
endfacet
facet normal 0.0 0.0 0.0
  outer loop
    vertex 7.150528907775879 -7.311553478240967 0.9259748458862305
    vertex 7.092978477478027 -7.246596813201904 0.75
    vertex 7.311558723449707 -7.150527477264404 0.9259748458862305
  endloop
endfacet
facet normal 0.0 0.0 0.0
  outer loop
    vertex 7.311558723449707 -7.150527477264404 0.9259748458862305
    vertex 7.092978477478027 -7.246596813201904 0.75
    vertex 7.246598243713379 -7.092986583709717 0.75
  endloop
endfacet
facet normal 0.0 0.0 0.0
  outer loop
    vertex 7.311558723449707 -7.150527477264404 0.9259748458862305
    vertex 7.246598243713379 -7.092986583709717 0.75
    vertex 7.451998710632324 -6.971267223358154 0.9259748458862305
  endloop
endfacet
facet normal 0.0 0.0 0.0
  outer loop
    vertex 7.451998710632324 -6.971267223358154 0.9259748458862305
    vertex 7.246598243713379 -7.092986583709717 0.75
    vertex 7.38057804107666 -6.921966075897217 0.75
  endloop
endfacet
facet normal 0.0 0.0 0.0
  outer loop
    vertex 7.451998710632324 -6.971267223358154 0.9259748458862305
    vertex 7.38057804107666 -6.921966075897217 0.75
    vertex 7.569808006286621 -6.7763895988464355 0.9259748458862305
  endloop
endfacet
facet normal 0.0 0.0 0.0
  outer loop
    vertex 7.569808006286621 -6.7763895988464355 0.9259748458862305
    vertex 7.38057804107666 -6.921966075897217 0.75
    vertex 7.492968559265137 -6.736052989959717 0.75
  endloop
endfacet
facet normal 0.0 0.0 0.0
  outer loop
    vertex 7.569808006286621 -6.7763895988464355 0.9259748458862305
    vertex 7.492968559265137 -6.736052989959717 0.75
    vertex 7.663268089294434 -6.5687174797058105 0.9259748458862305
  endloop
endfacet
facet normal 0.0 0.0 0.0
  outer loop
    vertex 7.663268089294434 -6.5687174797058105 0.9259748458862305
    vertex 7.492968559265137 -6.736052989959717 0.75
    vertex 7.58212947845459 -6.537948131561279 0.75
  endloop
endfacet
facet normal 0.0 0.0 0.0
  outer loop
    vertex 7.663268089294434 -6.5687174797058105 0.9259748458862305
    vertex 7.58212947845459 -6.537948131561279 0.75
    vertex 7.731019020080566 -6.3513102531433105 0.9259748458862305
  endloop
endfacet
facet normal 0.0 0.0 0.0
  outer loop
    vertex 7.731019020080566 -6.3513102531433105 0.9259748458862305
    vertex 7.58212947845459 -6.537948131561279 0.75
    vertex 7.646758079528809 -6.330535411834717 0.75
  endloop
endfacet
facet normal 0.0 0.0 0.0
  outer loop
    vertex 7.731019020080566 -6.3513102531433105 0.9259748458862305
    vertex 7.646758079528809 -6.330535411834717 0.75
    vertex 7.772068977355957 -6.127303600311279 0.9259748458862305
  endloop
endfacet
facet normal 0.0 0.0 0.0
  outer loop
    vertex 7.772068977355957 -6.127303600311279 0.9259748458862305
    vertex 7.646758079528809 -6.330535411834717 0.75
    vertex 7.685917854309082 -6.1168437004089355 0.75
  endloop
endfacet
facet normal 0.0 0.0 0.0
  outer loop
    vertex 5.899998664855957 -7.699035167694092 0.75
    vertex 5.899998664855957 -7.590026378631592 0.5868580341339111
    vertex 6.116848945617676 -7.685927867889404 0.75
  endloop
endfacet
facet normal 0.0 0.0 0.0
  outer loop
    vertex 6.116848945617676 -7.685927867889404 0.75
    vertex 5.899998664855957 -7.590026378631592 0.5868580341339111
    vertex 6.1037092208862305 -7.577704906463623 0.5868580341339111
  endloop
endfacet
facet normal 0.0 0.0 0.0
  outer loop
    vertex 6.116848945617676 -7.685927867889404 0.75
    vertex 6.1037092208862305 -7.577704906463623 0.5868580341339111
    vertex 6.330538749694824 -7.646766185760498 0.75
  endloop
endfacet
facet normal 0.0 0.0 0.0
  outer loop
    vertex 6.330538749694824 -7.646766185760498 0.75
    vertex 6.1037092208862305 -7.577704906463623 0.5868580341339111
    vertex 6.304448127746582 -7.5409159660339355 0.5868580341339111
  endloop
endfacet
facet normal 0.0 0.0 0.0
  outer loop
    vertex 6.330538749694824 -7.646766185760498 0.75
    vertex 6.304448127746582 -7.5409159660339355 0.5868580341339111
    vertex 6.537949562072754 -7.582129955291748 0.75
  endloop
endfacet
facet normal 0.0 0.0 0.0
  outer loop
    vertex 6.537949562072754 -7.582129955291748 0.75
    vertex 6.304448127746582 -7.5409159660339355 0.5868580341339111
    vertex 6.499289512634277 -7.480208873748779 0.5868580341339111
  endloop
endfacet
facet normal 0.0 0.0 0.0
  outer loop
    vertex 6.537949562072754 -7.582129955291748 0.75
    vertex 6.499289512634277 -7.480208873748779 0.5868580341339111
    vertex 6.736058235168457 -7.492965221405029 0.75
  endloop
endfacet
facet normal 0.0 0.0 0.0
  outer loop
    vertex 6.736058235168457 -7.492965221405029 0.75
    vertex 6.499289512634277 -7.480208873748779 0.5868580341339111
    vertex 6.685399055480957 -7.3964457511901855 0.5868580341339111
  endloop
endfacet
facet normal 0.0 0.0 0.0
  outer loop
    vertex 6.736058235168457 -7.492965221405029 0.75
    vertex 6.685399055480957 -7.3964457511901855 0.5868580341339111
    vertex 6.921969413757324 -7.3805766105651855 0.75
  endloop
endfacet
facet normal 0.0 0.0 0.0
  outer loop
    vertex 6.921969413757324 -7.3805766105651855 0.75
    vertex 6.685399055480957 -7.3964457511901855 0.5868580341339111
    vertex 6.860049247741699 -7.290870189666748 0.5868580341339111
  endloop
endfacet
facet normal 0.0 0.0 0.0
  outer loop
    vertex 6.921969413757324 -7.3805766105651855 0.75
    vertex 6.860049247741699 -7.290870189666748 0.5868580341339111
    vertex 7.092978477478027 -7.246596813201904 0.75
  endloop
endfacet
facet normal 0.0 0.0 0.0
  outer loop
    vertex 7.092978477478027 -7.246596813201904 0.75
    vertex 6.860049247741699 -7.290870189666748 0.5868580341339111
    vertex 7.020699501037598 -7.165008068084717 0.5868580341339111
  endloop
endfacet
facet normal 0.0 0.0 0.0
  outer loop
    vertex 7.092978477478027 -7.246596813201904 0.75
    vertex 7.020699501037598 -7.165008068084717 0.5868580341339111
    vertex 7.246598243713379 -7.092986583709717 0.75
  endloop
endfacet
facet normal 0.0 0.0 0.0
  outer loop
    vertex 7.246598243713379 -7.092986583709717 0.75
    vertex 7.020699501037598 -7.165008068084717 0.5868580341339111
    vertex 7.165009498596191 -7.020698070526123 0.5868580341339111
  endloop
endfacet
facet normal 0.0 0.0 0.0
  outer loop
    vertex 7.246598243713379 -7.092986583709717 0.75
    vertex 7.165009498596191 -7.020698070526123 0.5868580341339111
    vertex 7.38057804107666 -6.921966075897217 0.75
  endloop
endfacet
facet normal 0.0 0.0 0.0
  outer loop
    vertex 7.38057804107666 -6.921966075897217 0.75
    vertex 7.165009498596191 -7.020698070526123 0.5868580341339111
    vertex 7.290867805480957 -6.860045909881592 0.5868580341339111
  endloop
endfacet
facet normal 0.0 0.0 0.0
  outer loop
    vertex 7.38057804107666 -6.921966075897217 0.75
    vertex 7.290867805480957 -6.860045909881592 0.5868580341339111
    vertex 7.492968559265137 -6.736052989959717 0.75
  endloop
endfacet
facet normal 0.0 0.0 0.0
  outer loop
    vertex 7.492968559265137 -6.736052989959717 0.75
    vertex 7.290867805480957 -6.860045909881592 0.5868580341339111
    vertex 7.396449089050293 -6.685393810272217 0.5868580341339111
  endloop
endfacet
facet normal 0.0 0.0 0.0
  outer loop
    vertex 7.492968559265137 -6.736052989959717 0.75
    vertex 7.396449089050293 -6.685393810272217 0.5868580341339111
    vertex 7.58212947845459 -6.537948131561279 0.75
  endloop
endfacet
facet normal 0.0 0.0 0.0
  outer loop
    vertex 7.58212947845459 -6.537948131561279 0.75
    vertex 7.396449089050293 -6.685393810272217 0.5868580341339111
    vertex 7.480208396911621 -6.499297618865967 0.5868580341339111
  endloop
endfacet
facet normal 0.0 0.0 0.0
  outer loop
    vertex 7.58212947845459 -6.537948131561279 0.75
    vertex 7.480208396911621 -6.499297618865967 0.5868580341339111
    vertex 7.646758079528809 -6.330535411834717 0.75
  endloop
endfacet
facet normal 0.0 0.0 0.0
  outer loop
    vertex 7.646758079528809 -6.330535411834717 0.75
    vertex 7.480208396911621 -6.499297618865967 0.5868580341339111
    vertex 7.540919303894043 -6.304442882537842 0.5868580341339111
  endloop
endfacet
facet normal 0.0 0.0 0.0
  outer loop
    vertex 7.646758079528809 -6.330535411834717 0.75
    vertex 7.540919303894043 -6.304442882537842 0.5868580341339111
    vertex 7.685917854309082 -6.1168437004089355 0.75
  endloop
endfacet
facet normal 0.0 0.0 0.0
  outer loop
    vertex 7.685917854309082 -6.1168437004089355 0.75
    vertex 7.540919303894043 -6.304442882537842 0.5868580341339111
    vertex 7.5777082443237305 -6.103705883026123 0.5868580341339111
  endloop
endfacet
facet normal 0.0 0.0 0.0
  outer loop
    vertex 5.899998664855957 -7.590026378631592 0.5868580341339111
    vertex 5.899998664855957 -7.4606547355651855 0.43934011459350586
    vertex 6.1037092208862305 -7.577704906463623 0.5868580341339111
  endloop
endfacet
facet normal 0.0 0.0 0.0
  outer loop
    vertex 6.1037092208862305 -7.577704906463623 0.5868580341339111
    vertex 5.899998664855957 -7.4606547355651855 0.43934011459350586
    vertex 6.088118553161621 -7.449286937713623 0.43934011459350586
  endloop
endfacet
facet normal 0.0 0.0 0.0
  outer loop
    vertex 6.1037092208862305 -7.577704906463623 0.5868580341339111
    vertex 6.088118553161621 -7.449286937713623 0.43934011459350586
    vertex 6.304448127746582 -7.5409159660339355 0.5868580341339111
  endloop
endfacet
facet normal 0.0 0.0 0.0
  outer loop
    vertex 6.304448127746582 -7.5409159660339355 0.5868580341339111
    vertex 6.088118553161621 -7.449286937713623 0.43934011459350586
    vertex 6.2734880447387695 -7.4153056144714355 0.43934011459350586
  endloop
endfacet
facet normal 0.0 0.0 0.0
  outer loop
    vertex 6.304448127746582 -7.5409159660339355 0.5868580341339111
    vertex 6.2734880447387695 -7.4153056144714355 0.43934011459350586
    vertex 6.499289512634277 -7.480208873748779 0.5868580341339111
  endloop
endfacet
facet normal 0.0 0.0 0.0
  outer loop
    vertex 6.499289512634277 -7.480208873748779 0.5868580341339111
    vertex 6.2734880447387695 -7.4153056144714355 0.43934011459350586
    vertex 6.453417778015137 -7.3592448234558105 0.43934011459350586
  endloop
endfacet
facet normal 0.0 0.0 0.0
  outer loop
    vertex 6.499289512634277 -7.480208873748779 0.5868580341339111
    vertex 6.453417778015137 -7.3592448234558105 0.43934011459350586
    vertex 6.685399055480957 -7.3964457511901855 0.5868580341339111
  endloop
endfacet
facet normal 0.0 0.0 0.0
  outer loop
    vertex 6.685399055480957 -7.3964457511901855 0.5868580341339111
    vertex 6.453417778015137 -7.3592448234558105 0.43934011459350586
    vertex 6.625279426574707 -7.281898021697998 0.43934011459350586
  endloop
endfacet
facet normal 0.0 0.0 0.0
  outer loop
    vertex 6.685399055480957 -7.3964457511901855 0.5868580341339111
    vertex 6.625279426574707 -7.281898021697998 0.43934011459350586
    vertex 6.860049247741699 -7.290870189666748 0.5868580341339111
  endloop
endfacet
facet normal 0.0 0.0 0.0
  outer loop
    vertex 6.860049247741699 -7.290870189666748 0.5868580341339111
    vertex 6.625279426574707 -7.281898021697998 0.43934011459350586
    vertex 6.786559104919434 -7.184394359588623 0.43934011459350586
  endloop
endfacet
facet normal 0.0 0.0 0.0
  outer loop
    vertex 6.860049247741699 -7.290870189666748 0.5868580341339111
    vertex 6.786559104919434 -7.184394359588623 0.43934011459350586
    vertex 7.020699501037598 -7.165008068084717 0.5868580341339111
  endloop
endfacet
facet normal 0.0 0.0 0.0
  outer loop
    vertex 7.020699501037598 -7.165008068084717 0.5868580341339111
    vertex 6.786559104919434 -7.184394359588623 0.43934011459350586
    vertex 6.934908866882324 -7.068175792694092 0.43934011459350586
  endloop
endfacet
facet normal 0.0 0.0 0.0
  outer loop
    vertex 7.020699501037598 -7.165008068084717 0.5868580341339111
    vertex 6.934908866882324 -7.068175792694092 0.43934011459350586
    vertex 7.165009498596191 -7.020698070526123 0.5868580341339111
  endloop
endfacet
facet normal 0.0 0.0 0.0
  outer loop
    vertex 7.165009498596191 -7.020698070526123 0.5868580341339111
    vertex 6.934908866882324 -7.068175792694092 0.43934011459350586
    vertex 7.068169593811035 -6.934905529022217 0.43934011459350586
  endloop
endfacet
facet normal 0.0 0.0 0.0
  outer loop
    vertex 7.165009498596191 -7.020698070526123 0.5868580341339111
    vertex 7.068169593811035 -6.934905529022217 0.43934011459350586
    vertex 7.290867805480957 -6.860045909881592 0.5868580341339111
  endloop
endfacet
facet normal 0.0 0.0 0.0
  outer loop
    vertex 7.290867805480957 -6.860045909881592 0.5868580341339111
    vertex 7.068169593811035 -6.934905529022217 0.43934011459350586
    vertex 7.184399604797363 -6.786559581756592 0.43934011459350586
  endloop
endfacet
facet normal 0.0 0.0 0.0
  outer loop
    vertex 7.290867805480957 -6.860045909881592 0.5868580341339111
    vertex 7.184399604797363 -6.786559581756592 0.43934011459350586
    vertex 7.396449089050293 -6.685393810272217 0.5868580341339111
  endloop
endfacet
facet normal 0.0 0.0 0.0
  outer loop
    vertex 7.396449089050293 -6.685393810272217 0.5868580341339111
    vertex 7.184399604797363 -6.786559581756592 0.43934011459350586
    vertex 7.281899452209473 -6.625274181365967 0.43934011459350586
  endloop
endfacet
facet normal 0.0 0.0 0.0
  outer loop
    vertex 7.396449089050293 -6.685393810272217 0.5868580341339111
    vertex 7.281899452209473 -6.625274181365967 0.43934011459350586
    vertex 7.480208396911621 -6.499297618865967 0.5868580341339111
  endloop
endfacet
facet normal 0.0 0.0 0.0
  outer loop
    vertex 7.480208396911621 -6.499297618865967 0.5868580341339111
    vertex 7.281899452209473 -6.625274181365967 0.43934011459350586
    vertex 7.359238624572754 -6.453414440155029 0.43934011459350586
  endloop
endfacet
facet normal 0.0 0.0 0.0
  outer loop
    vertex 7.480208396911621 -6.499297618865967 0.5868580341339111
    vertex 7.359238624572754 -6.453414440155029 0.43934011459350586
    vertex 7.540919303894043 -6.304442882537842 0.5868580341339111
  endloop
endfacet
facet normal 0.0 0.0 0.0
  outer loop
    vertex 7.540919303894043 -6.304442882537842 0.5868580341339111
    vertex 7.359238624572754 -6.453414440155029 0.43934011459350586
    vertex 7.415308952331543 -6.273482799530029 0.43934011459350586
  endloop
endfacet
facet normal 0.0 0.0 0.0
  outer loop
    vertex 7.540919303894043 -6.304442882537842 0.5868580341339111
    vertex 7.415308952331543 -6.273482799530029 0.43934011459350586
    vertex 7.5777082443237305 -6.103705883026123 0.5868580341339111
  endloop
endfacet
facet normal 0.0 0.0 0.0
  outer loop
    vertex 7.5777082443237305 -6.103705883026123 0.5868580341339111
    vertex 7.415308952331543 -6.273482799530029 0.43934011459350586
    vertex 7.449278831481934 -6.088119029998779 0.43934011459350586
  endloop
endfacet
facet normal 0.0 0.0 0.0
  outer loop
    vertex 5.899998664855957 -7.4606547355651855 0.43934011459350586
    vertex 5.899998664855957 -7.313148021697998 0.3099699020385742
    vertex 6.088118553161621 -7.449286937713623 0.43934011459350586
  endloop
endfacet
facet normal 0.0 0.0 0.0
  outer loop
    vertex 6.088118553161621 -7.449286937713623 0.43934011459350586
    vertex 5.899998664855957 -7.313148021697998 0.3099699020385742
    vertex 6.070338249206543 -7.302833080291748 0.3099699020385742
  endloop
endfacet
facet normal 0.0 0.0 0.0
  outer loop
    vertex 6.088118553161621 -7.449286937713623 0.43934011459350586
    vertex 6.070338249206543 -7.302833080291748 0.3099699020385742
    vertex 6.2734880447387695 -7.4153056144714355 0.43934011459350586
  endloop
endfacet
facet normal 0.0 0.0 0.0
  outer loop
    vertex 6.2734880447387695 -7.4153056144714355 0.43934011459350586
    vertex 6.070338249206543 -7.302833080291748 0.3099699020385742
    vertex 6.238188743591309 -7.272078990936279 0.3099699020385742
  endloop
endfacet
facet normal 0.0 0.0 0.0
  outer loop
    vertex 6.2734880447387695 -7.4153056144714355 0.43934011459350586
    vertex 6.238188743591309 -7.272078990936279 0.3099699020385742
    vertex 6.453417778015137 -7.3592448234558105 0.43934011459350586
  endloop
endfacet
facet normal 0.0 0.0 0.0
  outer loop
    vertex 6.453417778015137 -7.3592448234558105 0.43934011459350586
    vertex 6.238188743591309 -7.272078990936279 0.3099699020385742
    vertex 6.401108741760254 -7.221312999725342 0.3099699020385742
  endloop
endfacet
facet normal 0.0 0.0 0.0
  outer loop
    vertex 6.453417778015137 -7.3592448234558105 0.43934011459350586
    vertex 6.401108741760254 -7.221312999725342 0.3099699020385742
    vertex 6.625279426574707 -7.281898021697998 0.43934011459350586
  endloop
endfacet
facet normal 0.0 0.0 0.0
  outer loop
    vertex 6.625279426574707 -7.281898021697998 0.43934011459350586
    vertex 6.401108741760254 -7.221312999725342 0.3099699020385742
    vertex 6.556717872619629 -7.151275157928467 0.3099699020385742
  endloop
endfacet
facet normal 0.0 0.0 0.0
  outer loop
    vertex 6.625279426574707 -7.281898021697998 0.43934011459350586
    vertex 6.556717872619629 -7.151275157928467 0.3099699020385742
    vertex 6.786559104919434 -7.184394359588623 0.43934011459350586
  endloop
endfacet
facet normal 0.0 0.0 0.0
  outer loop
    vertex 6.786559104919434 -7.184394359588623 0.43934011459350586
    vertex 6.556717872619629 -7.151275157928467 0.3099699020385742
    vertex 6.702757835388184 -7.062995433807373 0.3099699020385742
  endloop
endfacet
facet normal 0.0 0.0 0.0
  outer loop
    vertex 6.786559104919434 -7.184394359588623 0.43934011459350586
    vertex 6.702757835388184 -7.062995433807373 0.3099699020385742
    vertex 6.934908866882324 -7.068175792694092 0.43934011459350586
  endloop
endfacet
facet normal 0.0 0.0 0.0
  outer loop
    vertex 6.934908866882324 -7.068175792694092 0.43934011459350586
    vertex 6.702757835388184 -7.062995433807373 0.3099699020385742
    vertex 6.837088584899902 -6.9577555656433105 0.3099699020385742
  endloop
endfacet
facet normal 0.0 0.0 0.0
  outer loop
    vertex 6.934908866882324 -7.068175792694092 0.43934011459350586
    vertex 6.837088584899902 -6.9577555656433105 0.3099699020385742
    vertex 7.068169593811035 -6.934905529022217 0.43934011459350586
  endloop
endfacet
facet normal 0.0 0.0 0.0
  outer loop
    vertex 7.068169593811035 -6.934905529022217 0.43934011459350586
    vertex 6.837088584899902 -6.9577555656433105 0.3099699020385742
    vertex 6.957749366760254 -6.8370890617370605 0.3099699020385742
  endloop
endfacet
facet normal 0.0 0.0 0.0
  outer loop
    vertex 7.068169593811035 -6.934905529022217 0.43934011459350586
    vertex 6.957749366760254 -6.8370890617370605 0.3099699020385742
    vertex 7.184399604797363 -6.786559581756592 0.43934011459350586
  endloop
endfacet
facet normal 0.0 0.0 0.0
  outer loop
    vertex 7.184399604797363 -6.786559581756592 0.43934011459350586
    vertex 6.957749366760254 -6.8370890617370605 0.3099699020385742
    vertex 7.062989234924316 -6.702758312225342 0.3099699020385742
  endloop
endfacet
facet normal 0.0 0.0 0.0
  outer loop
    vertex 7.184399604797363 -6.786559581756592 0.43934011459350586
    vertex 7.062989234924316 -6.702758312225342 0.3099699020385742
    vertex 7.281899452209473 -6.625274181365967 0.43934011459350586
  endloop
endfacet
facet normal 0.0 0.0 0.0
  outer loop
    vertex 7.281899452209473 -6.625274181365967 0.43934011459350586
    vertex 7.062989234924316 -6.702758312225342 0.3099699020385742
    vertex 7.151278495788574 -6.556716442108154 0.3099699020385742
  endloop
endfacet
facet normal 0.0 0.0 0.0
  outer loop
    vertex 7.281899452209473 -6.625274181365967 0.43934011459350586
    vertex 7.151278495788574 -6.556716442108154 0.3099699020385742
    vertex 7.359238624572754 -6.453414440155029 0.43934011459350586
  endloop
endfacet
facet normal 0.0 0.0 0.0
  outer loop
    vertex 7.359238624572754 -6.453414440155029 0.43934011459350586
    vertex 7.151278495788574 -6.556716442108154 0.3099699020385742
    vertex 7.221308708190918 -6.401107311248779 0.3099699020385742
  endloop
endfacet
facet normal 0.0 0.0 0.0
  outer loop
    vertex 7.359238624572754 -6.453414440155029 0.43934011459350586
    vertex 7.221308708190918 -6.401107311248779 0.3099699020385742
    vertex 7.415308952331543 -6.273482799530029 0.43934011459350586
  endloop
endfacet
facet normal 0.0 0.0 0.0
  outer loop
    vertex 7.415308952331543 -6.273482799530029 0.43934011459350586
    vertex 7.221308708190918 -6.401107311248779 0.3099699020385742
    vertex 7.272078514099121 -6.238189220428467 0.3099699020385742
  endloop
endfacet
facet normal 0.0 0.0 0.0
  outer loop
    vertex 7.415308952331543 -6.273482799530029 0.43934011459350586
    vertex 7.272078514099121 -6.238189220428467 0.3099699020385742
    vertex 7.449278831481934 -6.088119029998779 0.43934011459350586
  endloop
endfacet
facet normal 0.0 0.0 0.0
  outer loop
    vertex 7.449278831481934 -6.088119029998779 0.43934011459350586
    vertex 7.272078514099121 -6.238189220428467 0.3099699020385742
    vertex 7.302838325500488 -6.0703349113464355 0.3099699020385742
  endloop
endfacet
facet normal 0.0 0.0 0.0
  outer loop
    vertex 5.899998664855957 -7.313148021697998 0.3099699020385742
    vertex 5.899998664855957 -7.149993419647217 0.20096206665039062
    vertex 6.070338249206543 -7.302833080291748 0.3099699020385742
  endloop
endfacet
facet normal 0.0 0.0 0.0
  outer loop
    vertex 6.070338249206543 -7.302833080291748 0.3099699020385742
    vertex 5.899998664855957 -7.149993419647217 0.20096206665039062
    vertex 6.050667762756348 -7.140883922576904 0.20096206665039062
  endloop
endfacet
facet normal 0.0 0.0 0.0
  outer loop
    vertex 6.070338249206543 -7.302833080291748 0.3099699020385742
    vertex 6.050667762756348 -7.140883922576904 0.20096206665039062
    vertex 6.238188743591309 -7.272078990936279 0.3099699020385742
  endloop
endfacet
facet normal 0.0 0.0 0.0
  outer loop
    vertex 6.238188743591309 -7.272078990936279 0.3099699020385742
    vertex 6.050667762756348 -7.140883922576904 0.20096206665039062
    vertex 6.199149131774902 -7.113677501678467 0.20096206665039062
  endloop
endfacet
facet normal 0.0 0.0 0.0
  outer loop
    vertex 6.238188743591309 -7.272078990936279 0.3099699020385742
    vertex 6.199149131774902 -7.113677501678467 0.20096206665039062
    vertex 6.401108741760254 -7.221312999725342 0.3099699020385742
  endloop
endfacet
facet normal 0.0 0.0 0.0
  outer loop
    vertex 6.401108741760254 -7.221312999725342 0.3099699020385742
    vertex 6.199149131774902 -7.113677501678467 0.20096206665039062
    vertex 6.343258857727051 -7.068763256072998 0.20096206665039062
  endloop
endfacet
facet normal 0.0 0.0 0.0
  outer loop
    vertex 6.401108741760254 -7.221312999725342 0.3099699020385742
    vertex 6.343258857727051 -7.068763256072998 0.20096206665039062
    vertex 6.556717872619629 -7.151275157928467 0.3099699020385742
  endloop
endfacet
facet normal 0.0 0.0 0.0
  outer loop
    vertex 6.556717872619629 -7.151275157928467 0.3099699020385742
    vertex 6.343258857727051 -7.068763256072998 0.20096206665039062
    vertex 6.480898857116699 -7.006820201873779 0.20096206665039062
  endloop
endfacet
facet normal 0.0 0.0 0.0
  outer loop
    vertex 6.556717872619629 -7.151275157928467 0.3099699020385742
    vertex 6.480898857116699 -7.006820201873779 0.20096206665039062
    vertex 6.702757835388184 -7.062995433807373 0.3099699020385742
  endloop
endfacet
facet normal 0.0 0.0 0.0
  outer loop
    vertex 6.702757835388184 -7.062995433807373 0.3099699020385742
    vertex 6.480898857116699 -7.006820201873779 0.20096206665039062
    vertex 6.610077857971191 -6.928725719451904 0.20096206665039062
  endloop
endfacet
facet normal 0.0 0.0 0.0
  outer loop
    vertex 6.702757835388184 -7.062995433807373 0.3099699020385742
    vertex 6.610077857971191 -6.928725719451904 0.20096206665039062
    vertex 6.837088584899902 -6.9577555656433105 0.3099699020385742
  endloop
endfacet
facet normal 0.0 0.0 0.0
  outer loop
    vertex 6.837088584899902 -6.9577555656433105 0.3099699020385742
    vertex 6.610077857971191 -6.928725719451904 0.20096206665039062
    vertex 6.728898048400879 -6.835639476776123 0.20096206665039062
  endloop
endfacet
facet normal 0.0 0.0 0.0
  outer loop
    vertex 6.837088584899902 -6.9577555656433105 0.3099699020385742
    vertex 6.728898048400879 -6.835639476776123 0.20096206665039062
    vertex 6.957749366760254 -6.8370890617370605 0.3099699020385742
  endloop
endfacet
facet normal 0.0 0.0 0.0
  outer loop
    vertex 6.957749366760254 -6.8370890617370605 0.3099699020385742
    vertex 6.728898048400879 -6.835639476776123 0.20096206665039062
    vertex 6.835638999938965 -6.7289042472839355 0.20096206665039062
  endloop
endfacet
facet normal 0.0 0.0 0.0
  outer loop
    vertex 6.957749366760254 -6.8370890617370605 0.3099699020385742
    vertex 6.835638999938965 -6.7289042472839355 0.20096206665039062
    vertex 7.062989234924316 -6.702758312225342 0.3099699020385742
  endloop
endfacet
facet normal 0.0 0.0 0.0
  outer loop
    vertex 7.062989234924316 -6.702758312225342 0.3099699020385742
    vertex 6.835638999938965 -6.7289042472839355 0.20096206665039062
    vertex 6.928729057312012 -6.610084056854248 0.20096206665039062
  endloop
endfacet
facet normal 0.0 0.0 0.0
  outer loop
    vertex 7.062989234924316 -6.702758312225342 0.3099699020385742
    vertex 6.928729057312012 -6.610084056854248 0.20096206665039062
    vertex 7.151278495788574 -6.556716442108154 0.3099699020385742
  endloop
endfacet
facet normal 0.0 0.0 0.0
  outer loop
    vertex 7.151278495788574 -6.556716442108154 0.3099699020385742
    vertex 6.928729057312012 -6.610084056854248 0.20096206665039062
    vertex 7.006817817687988 -6.480903148651123 0.20096206665039062
  endloop
endfacet
facet normal 0.0 0.0 0.0
  outer loop
    vertex 7.151278495788574 -6.556716442108154 0.3099699020385742
    vertex 7.006817817687988 -6.480903148651123 0.20096206665039062
    vertex 7.221308708190918 -6.401107311248779 0.3099699020385742
  endloop
endfacet
facet normal 0.0 0.0 0.0
  outer loop
    vertex 7.221308708190918 -6.401107311248779 0.3099699020385742
    vertex 7.006817817687988 -6.480903148651123 0.20096206665039062
    vertex 7.068768501281738 -6.3432536125183105 0.20096206665039062
  endloop
endfacet
facet normal 0.0 0.0 0.0
  outer loop
    vertex 7.221308708190918 -6.401107311248779 0.3099699020385742
    vertex 7.068768501281738 -6.3432536125183105 0.20096206665039062
    vertex 7.272078514099121 -6.238189220428467 0.3099699020385742
  endloop
endfacet
facet normal 0.0 0.0 0.0
  outer loop
    vertex 7.272078514099121 -6.238189220428467 0.3099699020385742
    vertex 7.068768501281738 -6.3432536125183105 0.20096206665039062
    vertex 7.113678932189941 -6.1991496086120605 0.20096206665039062
  endloop
endfacet
facet normal 0.0 0.0 0.0
  outer loop
    vertex 7.272078514099121 -6.238189220428467 0.3099699020385742
    vertex 7.113678932189941 -6.1991496086120605 0.20096206665039062
    vertex 7.302838325500488 -6.0703349113464355 0.3099699020385742
  endloop
endfacet
facet normal 0.0 0.0 0.0
  outer loop
    vertex 7.302838325500488 -6.0703349113464355 0.3099699020385742
    vertex 7.113678932189941 -6.1991496086120605 0.20096206665039062
    vertex 7.1408891677856445 -6.050673961639404 0.20096206665039062
  endloop
endfacet
facet normal 0.0 0.0 0.0
  outer loop
    vertex 5.899998664855957 -7.149993419647217 0.20096206665039062
    vertex 5.899998664855957 -6.974029064178467 0.1141810417175293
    vertex 6.050667762756348 -7.140883922576904 0.20096206665039062
  endloop
endfacet
facet normal 0.0 0.0 0.0
  outer loop
    vertex 6.050667762756348 -7.140883922576904 0.20096206665039062
    vertex 5.899998664855957 -6.974029064178467 0.1141810417175293
    vertex 6.029458045959473 -6.966193675994873 0.1141810417175293
  endloop
endfacet
facet normal 0.0 0.0 0.0
  outer loop
    vertex 6.050667762756348 -7.140883922576904 0.20096206665039062
    vertex 6.029458045959473 -6.966193675994873 0.1141810417175293
    vertex 6.199149131774902 -7.113677501678467 0.20096206665039062
  endloop
endfacet
facet normal 0.0 0.0 0.0
  outer loop
    vertex 6.199149131774902 -7.113677501678467 0.20096206665039062
    vertex 6.029458045959473 -6.966193675994873 0.1141810417175293
    vertex 6.157029151916504 -6.942817211151123 0.1141810417175293
  endloop
endfacet
facet normal 0.0 0.0 0.0
  outer loop
    vertex 6.199149131774902 -7.113677501678467 0.20096206665039062
    vertex 6.157029151916504 -6.942817211151123 0.1141810417175293
    vertex 6.343258857727051 -7.068763256072998 0.20096206665039062
  endloop
endfacet
facet normal 0.0 0.0 0.0
  outer loop
    vertex 6.343258857727051 -7.068763256072998 0.20096206665039062
    vertex 6.157029151916504 -6.942817211151123 0.1141810417175293
    vertex 6.280858039855957 -6.904235363006592 0.1141810417175293
  endloop
endfacet
facet normal 0.0 0.0 0.0
  outer loop
    vertex 6.343258857727051 -7.068763256072998 0.20096206665039062
    vertex 6.280858039855957 -6.904235363006592 0.1141810417175293
    vertex 6.480898857116699 -7.006820201873779 0.20096206665039062
  endloop
endfacet
facet normal 0.0 0.0 0.0
  outer loop
    vertex 6.480898857116699 -7.006820201873779 0.20096206665039062
    vertex 6.280858039855957 -6.904235363006592 0.1141810417175293
    vertex 6.3991289138793945 -6.8510050773620605 0.1141810417175293
  endloop
endfacet
facet normal 0.0 0.0 0.0
  outer loop
    vertex 6.480898857116699 -7.006820201873779 0.20096206665039062
    vertex 6.3991289138793945 -6.8510050773620605 0.1141810417175293
    vertex 6.610077857971191 -6.928725719451904 0.20096206665039062
  endloop
endfacet
facet normal 0.0 0.0 0.0
  outer loop
    vertex 6.610077857971191 -6.928725719451904 0.20096206665039062
    vertex 6.3991289138793945 -6.8510050773620605 0.1141810417175293
    vertex 6.510119438171387 -6.783904552459717 0.1141810417175293
  endloop
endfacet
facet normal 0.0 0.0 0.0
  outer loop
    vertex 6.610077857971191 -6.928725719451904 0.20096206665039062
    vertex 6.510119438171387 -6.783904552459717 0.1141810417175293
    vertex 6.728898048400879 -6.835639476776123 0.20096206665039062
  endloop
endfacet
facet normal 0.0 0.0 0.0
  outer loop
    vertex 6.728898048400879 -6.835639476776123 0.20096206665039062
    vertex 6.510119438171387 -6.783904552459717 0.1141810417175293
    vertex 6.612208366394043 -6.703917980194092 0.1141810417175293
  endloop
endfacet
facet normal 0.0 0.0 0.0
  outer loop
    vertex 6.728898048400879 -6.835639476776123 0.20096206665039062
    vertex 6.612208366394043 -6.703917980194092 0.1141810417175293
    vertex 6.835638999938965 -6.7289042472839355 0.20096206665039062
  endloop
endfacet
facet normal 0.0 0.0 0.0
  outer loop
    vertex 6.835638999938965 -6.7289042472839355 0.20096206665039062
    vertex 6.612208366394043 -6.703917980194092 0.1141810417175293
    vertex 6.703919410705566 -6.6122050285339355 0.1141810417175293
  endloop
endfacet
facet normal 0.0 0.0 0.0
  outer loop
    vertex 6.835638999938965 -6.7289042472839355 0.20096206665039062
    vertex 6.703919410705566 -6.6122050285339355 0.1141810417175293
    vertex 6.928729057312012 -6.610084056854248 0.20096206665039062
  endloop
endfacet
facet normal 0.0 0.0 0.0
  outer loop
    vertex 6.928729057312012 -6.610084056854248 0.20096206665039062
    vertex 6.703919410705566 -6.6122050285339355 0.1141810417175293
    vertex 6.783907890319824 -6.510116100311279 0.1141810417175293
  endloop
endfacet
facet normal 0.0 0.0 0.0
  outer loop
    vertex 6.928729057312012 -6.610084056854248 0.20096206665039062
    vertex 6.783907890319824 -6.510116100311279 0.1141810417175293
    vertex 7.006817817687988 -6.480903148651123 0.20096206665039062
  endloop
endfacet
facet normal 0.0 0.0 0.0
  outer loop
    vertex 7.006817817687988 -6.480903148651123 0.20096206665039062
    vertex 6.783907890319824 -6.510116100311279 0.1141810417175293
    vertex 6.850998878479004 -6.399123668670654 0.1141810417175293
  endloop
endfacet
facet normal 0.0 0.0 0.0
  outer loop
    vertex 7.006817817687988 -6.480903148651123 0.20096206665039062
    vertex 6.850998878479004 -6.399123668670654 0.1141810417175293
    vertex 7.068768501281738 -6.3432536125183105 0.20096206665039062
  endloop
endfacet
facet normal 0.0 0.0 0.0
  outer loop
    vertex 7.068768501281738 -6.3432536125183105 0.20096206665039062
    vertex 6.850998878479004 -6.399123668670654 0.1141810417175293
    vertex 6.904229164123535 -6.280852794647217 0.1141810417175293
  endloop
endfacet
facet normal 0.0 0.0 0.0
  outer loop
    vertex 7.068768501281738 -6.3432536125183105 0.20096206665039062
    vertex 6.904229164123535 -6.280852794647217 0.1141810417175293
    vertex 7.113678932189941 -6.1991496086120605 0.20096206665039062
  endloop
endfacet
facet normal 0.0 0.0 0.0
  outer loop
    vertex 7.113678932189941 -6.1991496086120605 0.20096206665039062
    vertex 6.904229164123535 -6.280852794647217 0.1141810417175293
    vertex 6.942818641662598 -6.1570353507995605 0.1141810417175293
  endloop
endfacet
facet normal 0.0 0.0 0.0
  outer loop
    vertex 7.113678932189941 -6.1991496086120605 0.20096206665039062
    vertex 6.942818641662598 -6.1570353507995605 0.1141810417175293
    vertex 7.1408891677856445 -6.050673961639404 0.20096206665039062
  endloop
endfacet
facet normal 0.0 0.0 0.0
  outer loop
    vertex 7.1408891677856445 -6.050673961639404 0.20096206665039062
    vertex 6.942818641662598 -6.1570353507995605 0.1141810417175293
    vertex 6.966189384460449 -6.029456615447998 0.1141810417175293
  endloop
endfacet
facet normal 0.0 0.0 0.0
  outer loop
    vertex 5.899998664855957 -6.974029064178467 0.1141810417175293
    vertex 5.899998664855957 -6.788222789764404 0.05111098289489746
    vertex 6.029458045959473 -6.966193675994873 0.1141810417175293
  endloop
endfacet
facet normal 0.0 0.0 0.0
  outer loop
    vertex 6.029458045959473 -6.966193675994873 0.1141810417175293
    vertex 5.899998664855957 -6.788222789764404 0.05111098289489746
    vertex 6.007058143615723 -6.781753063201904 0.05111098289489746
  endloop
endfacet
facet normal 0.0 0.0 0.0
  outer loop
    vertex 6.029458045959473 -6.966193675994873 0.1141810417175293
    vertex 6.007058143615723 -6.781753063201904 0.05111098289489746
    vertex 6.157029151916504 -6.942817211151123 0.1141810417175293
  endloop
endfacet
facet normal 0.0 0.0 0.0
  outer loop
    vertex 6.157029151916504 -6.942817211151123 0.1141810417175293
    vertex 6.007058143615723 -6.781753063201904 0.05111098289489746
    vertex 6.1125688552856445 -6.762420177459717 0.05111098289489746
  endloop
endfacet
facet normal 0.0 0.0 0.0
  outer loop
    vertex 6.157029151916504 -6.942817211151123 0.1141810417175293
    vertex 6.1125688552856445 -6.762420177459717 0.05111098289489746
    vertex 6.280858039855957 -6.904235363006592 0.1141810417175293
  endloop
endfacet
facet normal 0.0 0.0 0.0
  outer loop
    vertex 6.280858039855957 -6.904235363006592 0.1141810417175293
    vertex 6.1125688552856445 -6.762420177459717 0.05111098289489746
    vertex 6.214968681335449 -6.730506420135498 0.05111098289489746
  endloop
endfacet
facet normal 0.0 0.0 0.0
  outer loop
    vertex 6.280858039855957 -6.904235363006592 0.1141810417175293
    vertex 6.214968681335449 -6.730506420135498 0.05111098289489746
    vertex 6.3991289138793945 -6.8510050773620605 0.1141810417175293
  endloop
endfacet
facet normal 0.0 0.0 0.0
  outer loop
    vertex 6.3991289138793945 -6.8510050773620605 0.1141810417175293
    vertex 6.214968681335449 -6.730506420135498 0.05111098289489746
    vertex 6.312779426574707 -6.6864848136901855 0.05111098289489746
  endloop
endfacet
facet normal 0.0 0.0 0.0
  outer loop
    vertex 6.3991289138793945 -6.8510050773620605 0.1141810417175293
    vertex 6.312779426574707 -6.6864848136901855 0.05111098289489746
    vertex 6.510119438171387 -6.783904552459717 0.1141810417175293
  endloop
endfacet
facet normal 0.0 0.0 0.0
  outer loop
    vertex 6.510119438171387 -6.783904552459717 0.1141810417175293
    vertex 6.312779426574707 -6.6864848136901855 0.05111098289489746
    vertex 6.404568672180176 -6.630996227264404 0.05111098289489746
  endloop
endfacet
facet normal 0.0 0.0 0.0
  outer loop
    vertex 6.510119438171387 -6.783904552459717 0.1141810417175293
    vertex 6.404568672180176 -6.630996227264404 0.05111098289489746
    vertex 6.612208366394043 -6.703917980194092 0.1141810417175293
  endloop
endfacet
facet normal 0.0 0.0 0.0
  outer loop
    vertex 6.612208366394043 -6.703917980194092 0.1141810417175293
    vertex 6.404568672180176 -6.630996227264404 0.05111098289489746
    vertex 6.489008903503418 -6.564849376678467 0.05111098289489746
  endloop
endfacet
facet normal 0.0 0.0 0.0
  outer loop
    vertex 6.612208366394043 -6.703917980194092 0.1141810417175293
    vertex 6.489008903503418 -6.564849376678467 0.05111098289489746
    vertex 6.703919410705566 -6.6122050285339355 0.1141810417175293
  endloop
endfacet
facet normal 0.0 0.0 0.0
  outer loop
    vertex 6.703919410705566 -6.6122050285339355 0.1141810417175293
    vertex 6.489008903503418 -6.564849376678467 0.05111098289489746
    vertex 6.564848899841309 -6.4890055656433105 0.05111098289489746
  endloop
endfacet
facet normal 0.0 0.0 0.0
  outer loop
    vertex 6.703919410705566 -6.6122050285339355 0.1141810417175293
    vertex 6.564848899841309 -6.4890055656433105 0.05111098289489746
    vertex 6.783907890319824 -6.510116100311279 0.1141810417175293
  endloop
endfacet
facet normal 0.0 0.0 0.0
  outer loop
    vertex 6.783907890319824 -6.510116100311279 0.1141810417175293
    vertex 6.564848899841309 -6.4890055656433105 0.05111098289489746
    vertex 6.630999565124512 -6.404578685760498 0.05111098289489746
  endloop
endfacet
facet normal 0.0 0.0 0.0
  outer loop
    vertex 6.783907890319824 -6.510116100311279 0.1141810417175293
    vertex 6.630999565124512 -6.404578685760498 0.05111098289489746
    vertex 6.850998878479004 -6.399123668670654 0.1141810417175293
  endloop
endfacet
facet normal 0.0 0.0 0.0
  outer loop
    vertex 6.850998878479004 -6.399123668670654 0.1141810417175293
    vertex 6.630999565124512 -6.404578685760498 0.05111098289489746
    vertex 6.686488151550293 -6.312774181365967 0.05111098289489746
  endloop
endfacet
facet normal 0.0 0.0 0.0
  outer loop
    vertex 6.850998878479004 -6.399123668670654 0.1141810417175293
    vertex 6.686488151550293 -6.312774181365967 0.05111098289489746
    vertex 6.904229164123535 -6.280852794647217 0.1141810417175293
  endloop
endfacet
facet normal 0.0 0.0 0.0
  outer loop
    vertex 6.904229164123535 -6.280852794647217 0.1141810417175293
    vertex 6.686488151550293 -6.312774181365967 0.05111098289489746
    vertex 6.730507850646973 -6.214965343475342 0.05111098289489746
  endloop
endfacet
facet normal 0.0 0.0 0.0
  outer loop
    vertex 6.904229164123535 -6.280852794647217 0.1141810417175293
    vertex 6.730507850646973 -6.214965343475342 0.05111098289489746
    vertex 6.942818641662598 -6.1570353507995605 0.1141810417175293
  endloop
endfacet
facet normal 0.0 0.0 0.0
  outer loop
    vertex 6.942818641662598 -6.1570353507995605 0.1141810417175293
    vertex 6.730507850646973 -6.214965343475342 0.05111098289489746
    vertex 6.762417793273926 -6.112563610076904 0.05111098289489746
  endloop
endfacet
facet normal 0.0 0.0 0.0
  outer loop
    vertex 6.942818641662598 -6.1570353507995605 0.1141810417175293
    vertex 6.762417793273926 -6.112563610076904 0.05111098289489746
    vertex 6.966189384460449 -6.029456615447998 0.1141810417175293
  endloop
endfacet
facet normal 0.0 0.0 0.0
  outer loop
    vertex 6.966189384460449 -6.029456615447998 0.1141810417175293
    vertex 6.762417793273926 -6.112563610076904 0.05111098289489746
    vertex 6.7817487716674805 -6.007064342498779 0.05111098289489746
  endloop
endfacet
facet normal 0.0 0.0 0.0
  outer loop
    vertex 5.899998664855957 -6.788222789764404 0.05111098289489746
    vertex 5.899998664855957 -6.5957865715026855 0.012833118438720703
    vertex 6.007058143615723 -6.781753063201904 0.05111098289489746
  endloop
endfacet
facet normal 0.0 0.0 0.0
  outer loop
    vertex 6.007058143615723 -6.781753063201904 0.05111098289489746
    vertex 5.899998664855957 -6.5957865715026855 0.012833118438720703
    vertex 5.983868598937988 -6.590713024139404 0.012833118438720703
  endloop
endfacet
facet normal 0.0 0.0 0.0
  outer loop
    vertex 6.007058143615723 -6.781753063201904 0.05111098289489746
    vertex 5.983868598937988 -6.590713024139404 0.012833118438720703
    vertex 6.1125688552856445 -6.762420177459717 0.05111098289489746
  endloop
endfacet
facet normal 0.0 0.0 0.0
  outer loop
    vertex 6.1125688552856445 -6.762420177459717 0.05111098289489746
    vertex 5.983868598937988 -6.590713024139404 0.012833118438720703
    vertex 6.0665082931518555 -6.575576305389404 0.012833118438720703
  endloop
endfacet
facet normal 0.0 0.0 0.0
  outer loop
    vertex 6.1125688552856445 -6.762420177459717 0.05111098289489746
    vertex 6.0665082931518555 -6.575576305389404 0.012833118438720703
    vertex 6.214968681335449 -6.730506420135498 0.05111098289489746
  endloop
endfacet
facet normal 0.0 0.0 0.0
  outer loop
    vertex 6.214968681335449 -6.730506420135498 0.05111098289489746
    vertex 6.0665082931518555 -6.575576305389404 0.012833118438720703
    vertex 6.146729469299316 -6.550574779510498 0.012833118438720703
  endloop
endfacet
facet normal 0.0 0.0 0.0
  outer loop
    vertex 6.214968681335449 -6.730506420135498 0.05111098289489746
    vertex 6.146729469299316 -6.550574779510498 0.012833118438720703
    vertex 6.312779426574707 -6.6864848136901855 0.05111098289489746
  endloop
endfacet
facet normal 0.0 0.0 0.0
  outer loop
    vertex 6.312779426574707 -6.6864848136901855 0.05111098289489746
    vertex 6.146729469299316 -6.550574779510498 0.012833118438720703
    vertex 6.223349571228027 -6.516089916229248 0.012833118438720703
  endloop
endfacet
facet normal 0.0 0.0 0.0
  outer loop
    vertex 6.312779426574707 -6.6864848136901855 0.05111098289489746
    vertex 6.223349571228027 -6.516089916229248 0.012833118438720703
    vertex 6.404568672180176 -6.630996227264404 0.05111098289489746
  endloop
endfacet
facet normal 0.0 0.0 0.0
  outer loop
    vertex 6.404568672180176 -6.630996227264404 0.05111098289489746
    vertex 6.223349571228027 -6.516089916229248 0.012833118438720703
    vertex 6.295248985290527 -6.472625255584717 0.012833118438720703
  endloop
endfacet
facet normal 0.0 0.0 0.0
  outer loop
    vertex 6.404568672180176 -6.630996227264404 0.05111098289489746
    vertex 6.295248985290527 -6.472625255584717 0.012833118438720703
    vertex 6.489008903503418 -6.564849376678467 0.05111098289489746
  endloop
endfacet
facet normal 0.0 0.0 0.0
  outer loop
    vertex 6.489008903503418 -6.564849376678467 0.05111098289489746
    vertex 6.295248985290527 -6.472625255584717 0.012833118438720703
    vertex 6.361388206481934 -6.420806407928467 0.012833118438720703
  endloop
endfacet
facet normal 0.0 0.0 0.0
  outer loop
    vertex 6.489008903503418 -6.564849376678467 0.05111098289489746
    vertex 6.361388206481934 -6.420806407928467 0.012833118438720703
    vertex 6.564848899841309 -6.4890055656433105 0.05111098289489746
  endloop
endfacet
facet normal 0.0 0.0 0.0
  outer loop
    vertex 6.564848899841309 -6.4890055656433105 0.05111098289489746
    vertex 6.361388206481934 -6.420806407928467 0.012833118438720703
    vertex 6.420807838439941 -6.361396312713623 0.012833118438720703
  endloop
endfacet
facet normal 0.0 0.0 0.0
  outer loop
    vertex 6.564848899841309 -6.4890055656433105 0.05111098289489746
    vertex 6.420807838439941 -6.361396312713623 0.012833118438720703
    vertex 6.630999565124512 -6.404578685760498 0.05111098289489746
  endloop
endfacet
facet normal 0.0 0.0 0.0
  outer loop
    vertex 6.630999565124512 -6.404578685760498 0.05111098289489746
    vertex 6.420807838439941 -6.361396312713623 0.012833118438720703
    vertex 6.47261905670166 -6.295257091522217 0.012833118438720703
  endloop
endfacet
facet normal 0.0 0.0 0.0
  outer loop
    vertex 6.630999565124512 -6.404578685760498 0.05111098289489746
    vertex 6.47261905670166 -6.295257091522217 0.012833118438720703
    vertex 6.686488151550293 -6.312774181365967 0.05111098289489746
  endloop
endfacet
facet normal 0.0 0.0 0.0
  outer loop
    vertex 6.686488151550293 -6.312774181365967 0.05111098289489746
    vertex 6.47261905670166 -6.295257091522217 0.012833118438720703
    vertex 6.51608943939209 -6.2233500480651855 0.012833118438720703
  endloop
endfacet
facet normal 0.0 0.0 0.0
  outer loop
    vertex 6.686488151550293 -6.312774181365967 0.05111098289489746
    vertex 6.51608943939209 -6.2233500480651855 0.012833118438720703
    vertex 6.730507850646973 -6.214965343475342 0.05111098289489746
  endloop
endfacet
facet normal 0.0 0.0 0.0
  outer loop
    vertex 6.730507850646973 -6.214965343475342 0.05111098289489746
    vertex 6.51608943939209 -6.2233500480651855 0.012833118438720703
    vertex 6.550568580627441 -6.146728038787842 0.012833118438720703
  endloop
endfacet
facet normal 0.0 0.0 0.0
  outer loop
    vertex 6.730507850646973 -6.214965343475342 0.05111098289489746
    vertex 6.550568580627441 -6.146728038787842 0.012833118438720703
    vertex 6.762417793273926 -6.112563610076904 0.05111098289489746
  endloop
endfacet
facet normal 0.0 0.0 0.0
  outer loop
    vertex 6.762417793273926 -6.112563610076904 0.05111098289489746
    vertex 6.550568580627441 -6.146728038787842 0.012833118438720703
    vertex 6.575568199157715 -6.0665202140808105 0.012833118438720703
  endloop
endfacet
facet normal 0.0 0.0 0.0
  outer loop
    vertex 6.762417793273926 -6.112563610076904 0.05111098289489746
    vertex 6.575568199157715 -6.0665202140808105 0.012833118438720703
    vertex 6.7817487716674805 -6.007064342498779 0.05111098289489746
  endloop
endfacet
facet normal 0.0 0.0 0.0
  outer loop
    vertex 6.7817487716674805 -6.007064342498779 0.05111098289489746
    vertex 6.575568199157715 -6.0665202140808105 0.012833118438720703
    vertex 6.5907182693481445 -5.983863353729248 0.012833118438720703
  endloop
endfacet
facet normal 0.0 0.0 0.0
  outer loop
    vertex 5.899998664855957 -6.5957865715026855 0.012833118438720703
    vertex 5.899998664855957 -6.399993419647217 0.0
    vertex 5.983868598937988 -6.590713024139404 0.012833118438720703
  endloop
endfacet
facet normal 0.0 0.0 0.0
  outer loop
    vertex 5.983868598937988 -6.590713024139404 0.012833118438720703
    vertex 5.899998664855957 -6.399993419647217 0.0
    vertex 6.011258125305176 -6.387465953826904 0.0
  endloop
endfacet
facet normal 0.0 0.0 0.0
  outer loop
    vertex 5.983868598937988 -6.590713024139404 0.012833118438720703
    vertex 6.011258125305176 -6.387465953826904 0.0
    vertex 6.0665082931518555 -6.575576305389404 0.012833118438720703
  endloop
endfacet
facet normal 0.0 0.0 0.0
  outer loop
    vertex 6.0665082931518555 -6.575576305389404 0.012833118438720703
    vertex 6.011258125305176 -6.387465953826904 0.0
    vertex 6.146729469299316 -6.550574779510498 0.012833118438720703
  endloop
endfacet
facet normal 0.0 0.0 0.0
  outer loop
    vertex 6.011258125305176 -6.387465953826904 0.0
    vertex 6.116938591003418 -6.3504862785339355 0.0
    vertex 6.146729469299316 -6.550574779510498 0.012833118438720703
  endloop
endfacet
facet normal 0.0 0.0 0.0
  outer loop
    vertex 6.146729469299316 -6.550574779510498 0.012833118438720703
    vertex 6.116938591003418 -6.3504862785339355 0.0
    vertex 6.223349571228027 -6.516089916229248 0.012833118438720703
  endloop
endfacet
facet normal 0.0 0.0 0.0
  outer loop
    vertex 6.223349571228027 -6.516089916229248 0.012833118438720703
    vertex 6.116938591003418 -6.3504862785339355 0.0
    vertex 6.295248985290527 -6.472625255584717 0.012833118438720703
  endloop
endfacet
facet normal 0.0 0.0 0.0
  outer loop
    vertex 6.295248985290527 -6.472625255584717 0.012833118438720703
    vertex 6.116938591003418 -6.3504862785339355 0.0
    vertex 6.211749076843262 -6.2909159660339355 0.0
  endloop
endfacet
facet normal 0.0 0.0 0.0
  outer loop
    vertex 6.295248985290527 -6.472625255584717 0.012833118438720703
    vertex 6.211749076843262 -6.2909159660339355 0.0
    vertex 6.361388206481934 -6.420806407928467 0.012833118438720703
  endloop
endfacet
facet normal 0.0 0.0 0.0
  outer loop
    vertex 6.361388206481934 -6.420806407928467 0.012833118438720703
    vertex 6.211749076843262 -6.2909159660339355 0.0
    vertex 6.290919303894043 -6.211745738983154 0.0
  endloop
endfacet
facet normal 0.0 0.0 0.0
  outer loop
    vertex 6.361388206481934 -6.420806407928467 0.012833118438720703
    vertex 6.290919303894043 -6.211745738983154 0.0
    vertex 6.420807838439941 -6.361396312713623 0.012833118438720703
  endloop
endfacet
facet normal 0.0 0.0 0.0
  outer loop
    vertex 6.420807838439941 -6.361396312713623 0.012833118438720703
    vertex 6.290919303894043 -6.211745738983154 0.0
    vertex 6.47261905670166 -6.295257091522217 0.012833118438720703
  endloop
endfacet
facet normal 0.0 0.0 0.0
  outer loop
    vertex 6.290919303894043 -6.211745738983154 0.0
    vertex 6.350489616394043 -6.116942882537842 0.0
    vertex 6.47261905670166 -6.295257091522217 0.012833118438720703
  endloop
endfacet
facet normal 0.0 0.0 0.0
  outer loop
    vertex 6.47261905670166 -6.295257091522217 0.012833118438720703
    vertex 6.350489616394043 -6.116942882537842 0.0
    vertex 6.51608943939209 -6.2233500480651855 0.012833118438720703
  endloop
endfacet
facet normal 0.0 0.0 0.0
  outer loop
    vertex 6.51608943939209 -6.2233500480651855 0.012833118438720703
    vertex 6.350489616394043 -6.116942882537842 0.0
    vertex 6.550568580627441 -6.146728038787842 0.012833118438720703
  endloop
endfacet
facet normal 0.0 0.0 0.0
  outer loop
    vertex 6.550568580627441 -6.146728038787842 0.012833118438720703
    vertex 6.350489616394043 -6.116942882537842 0.0
    vertex 6.387457847595215 -6.0112528800964355 0.0
  endloop
endfacet
facet normal 0.0 0.0 0.0
  outer loop
    vertex 6.550568580627441 -6.146728038787842 0.012833118438720703
    vertex 6.387457847595215 -6.0112528800964355 0.0
    vertex 6.575568199157715 -6.0665202140808105 0.012833118438720703
  endloop
endfacet
facet normal 0.0 0.0 0.0
  outer loop
    vertex 6.575568199157715 -6.0665202140808105 0.012833118438720703
    vertex 6.387457847595215 -6.0112528800964355 0.0
    vertex 6.5907182693481445 -5.983863353729248 0.012833118438720703
  endloop
endfacet
facet normal 0.0 0.0 0.0
  outer loop
    vertex 6.59578800201416 5.900001049041748 0.012833118438720703
    vertex 6.59578800201416 1.9666746854782104 0.012833118438720703
    vertex 6.399998664855957 5.900001049041748 0.0
  endloop
endfacet
facet normal 0.0 0.0 0.0
  outer loop
    vertex 6.399998664855957 5.900001049041748 0.0
    vertex 6.59578800201416 1.9666746854782104 0.012833118438720703
    vertex 6.59578800201416 -1.9666670560836792 0.012833118438720703
  endloop
endfacet
facet normal 0.0 0.0 0.0
  outer loop
    vertex 6.399998664855957 5.900001049041748 0.0
    vertex 6.59578800201416 -1.9666670560836792 0.012833118438720703
    vertex 6.399998664855957 -5.899993419647217 0.0
  endloop
endfacet
facet normal 0.0 0.0 0.0
  outer loop
    vertex 6.399998664855957 -5.899993419647217 0.0
    vertex 6.59578800201416 -1.9666670560836792 0.012833118438720703
    vertex 6.59578800201416 -5.899993419647217 0.012833118438720703
  endloop
endfacet
facet normal 0.0 0.0 0.0
  outer loop
    vertex 6.59578800201416 -5.899993419647217 0.012833118438720703
    vertex 6.59578800201416 -1.9666670560836792 0.012833118438720703
    vertex 6.7882280349731445 -5.899993419647217 0.05111098289489746
  endloop
endfacet
facet normal 0.0 0.0 0.0
  outer loop
    vertex 6.7882280349731445 -5.899993419647217 0.05111098289489746
    vertex 6.59578800201416 -1.9666670560836792 0.012833118438720703
    vertex 6.7882280349731445 -1.9666670560836792 0.05111098289489746
  endloop
endfacet
facet normal 0.0 0.0 0.0
  outer loop
    vertex 6.7882280349731445 -5.899993419647217 0.05111098289489746
    vertex 6.7882280349731445 -1.9666670560836792 0.05111098289489746
    vertex 6.974028587341309 -5.899993419647217 0.1141810417175293
  endloop
endfacet
facet normal 0.0 0.0 0.0
  outer loop
    vertex 6.974028587341309 -5.899993419647217 0.1141810417175293
    vertex 6.7882280349731445 -1.9666670560836792 0.05111098289489746
    vertex 6.974028587341309 -1.9666670560836792 0.1141810417175293
  endloop
endfacet
facet normal 0.0 0.0 0.0
  outer loop
    vertex 6.974028587341309 -5.899993419647217 0.1141810417175293
    vertex 6.974028587341309 -1.9666670560836792 0.1141810417175293
    vertex 7.149998664855957 -5.899993419647217 0.20096206665039062
  endloop
endfacet
facet normal 0.0 0.0 0.0
  outer loop
    vertex 7.149998664855957 -5.899993419647217 0.20096206665039062
    vertex 6.974028587341309 -1.9666670560836792 0.1141810417175293
    vertex 7.149998664855957 -1.9666670560836792 0.20096206665039062
  endloop
endfacet
facet normal 0.0 0.0 0.0
  outer loop
    vertex 7.149998664855957 -5.899993419647217 0.20096206665039062
    vertex 7.149998664855957 -1.9666670560836792 0.20096206665039062
    vertex 7.313138008117676 -5.899993419647217 0.3099699020385742
  endloop
endfacet
facet normal 0.0 0.0 0.0
  outer loop
    vertex 7.313138008117676 -5.899993419647217 0.3099699020385742
    vertex 7.149998664855957 -1.9666670560836792 0.20096206665039062
    vertex 7.313138008117676 -1.9666670560836792 0.3099699020385742
  endloop
endfacet
facet normal 0.0 0.0 0.0
  outer loop
    vertex 7.313138008117676 -5.899993419647217 0.3099699020385742
    vertex 7.313138008117676 -1.9666670560836792 0.3099699020385742
    vertex 7.460658073425293 -5.899993419647217 0.43934011459350586
  endloop
endfacet
facet normal 0.0 0.0 0.0
  outer loop
    vertex 7.460658073425293 -5.899993419647217 0.43934011459350586
    vertex 7.313138008117676 -1.9666670560836792 0.3099699020385742
    vertex 7.460658073425293 -1.9666670560836792 0.43934011459350586
  endloop
endfacet
facet normal 0.0 0.0 0.0
  outer loop
    vertex 7.460658073425293 -5.899993419647217 0.43934011459350586
    vertex 7.460658073425293 -1.9666670560836792 0.43934011459350586
    vertex 7.590027809143066 -5.899993419647217 0.5868580341339111
  endloop
endfacet
facet normal 0.0 0.0 0.0
  outer loop
    vertex 7.590027809143066 -5.899993419647217 0.5868580341339111
    vertex 7.460658073425293 -1.9666670560836792 0.43934011459350586
    vertex 7.590027809143066 -1.9666670560836792 0.5868580341339111
  endloop
endfacet
facet normal 0.0 0.0 0.0
  outer loop
    vertex 7.590027809143066 -5.899993419647217 0.5868580341339111
    vertex 7.590027809143066 -1.9666670560836792 0.5868580341339111
    vertex 7.699038505554199 -5.899993419647217 0.75
  endloop
endfacet
facet normal 0.0 0.0 0.0
  outer loop
    vertex 7.699038505554199 -5.899993419647217 0.75
    vertex 7.590027809143066 -1.9666670560836792 0.5868580341339111
    vertex 7.699038505554199 -1.9666670560836792 0.75
  endloop
endfacet
facet normal 0.0 0.0 0.0
  outer loop
    vertex 7.699038505554199 -5.899993419647217 0.75
    vertex 7.699038505554199 -1.9666670560836792 0.75
    vertex 7.785819053649902 -5.899993419647217 0.9259748458862305
  endloop
endfacet
facet normal 0.0 0.0 0.0
  outer loop
    vertex 7.785819053649902 -5.899993419647217 0.9259748458862305
    vertex 7.699038505554199 -1.9666670560836792 0.75
    vertex 7.785819053649902 -1.9666670560836792 0.9259748458862305
  endloop
endfacet
facet normal 0.0 0.0 0.0
  outer loop
    vertex 7.785819053649902 -5.899993419647217 0.9259748458862305
    vertex 7.785819053649902 -1.9666670560836792 0.9259748458862305
    vertex 7.848889350891113 -5.899993419647217 1.1117712259292603
  endloop
endfacet
facet normal 0.0 0.0 0.0
  outer loop
    vertex 7.848889350891113 -5.899993419647217 1.1117712259292603
    vertex 7.785819053649902 -1.9666670560836792 0.9259748458862305
    vertex 7.848889350891113 -1.9666670560836792 1.1117712259292603
  endloop
endfacet
facet normal 0.0 0.0 0.0
  outer loop
    vertex 7.848889350891113 -5.899993419647217 1.1117712259292603
    vertex 7.848889350891113 -1.9666670560836792 1.1117712259292603
    vertex 7.887167930603027 -5.899993419647217 1.3042105436325073
  endloop
endfacet
facet normal 0.0 0.0 0.0
  outer loop
    vertex 7.887167930603027 -5.899993419647217 1.3042105436325073
    vertex 7.848889350891113 -1.9666670560836792 1.1117712259292603
    vertex 7.887167930603027 -1.9666670560836792 1.3042105436325073
  endloop
endfacet
facet normal 0.0 0.0 0.0
  outer loop
    vertex 7.887167930603027 -5.899993419647217 1.3042105436325073
    vertex 7.887167930603027 -1.9666670560836792 1.3042105436325073
    vertex 7.899998664855957 -5.899993419647217 1.4999998807907104
  endloop
endfacet
facet normal 0.0 0.0 0.0
  outer loop
    vertex 7.899998664855957 -5.899993419647217 1.4999998807907104
    vertex 7.887167930603027 -1.9666670560836792 1.3042105436325073
    vertex 7.887167930603027 1.9666746854782104 1.3042105436325073
  endloop
endfacet
facet normal 0.0 0.0 0.0
  outer loop
    vertex 7.899998664855957 -5.899993419647217 1.4999998807907104
    vertex 7.887167930603027 1.9666746854782104 1.3042105436325073
    vertex 7.899998664855957 5.900001049041748 1.4999998807907104
  endloop
endfacet
facet normal 0.0 0.0 0.0
  outer loop
    vertex 7.899998664855957 5.900001049041748 1.4999998807907104
    vertex 7.887167930603027 1.9666746854782104 1.3042105436325073
    vertex 7.887167930603027 5.900001049041748 1.3042105436325073
  endloop
endfacet
facet normal 0.0 0.0 0.0
  outer loop
    vertex 7.887167930603027 5.900001049041748 1.3042105436325073
    vertex 7.887167930603027 1.9666746854782104 1.3042105436325073
    vertex 7.848889350891113 5.900001049041748 1.1117712259292603
  endloop
endfacet
facet normal 0.0 0.0 0.0
  outer loop
    vertex 7.848889350891113 5.900001049041748 1.1117712259292603
    vertex 7.887167930603027 1.9666746854782104 1.3042105436325073
    vertex 7.848889350891113 1.9666746854782104 1.1117712259292603
  endloop
endfacet
facet normal 0.0 0.0 0.0
  outer loop
    vertex 7.848889350891113 5.900001049041748 1.1117712259292603
    vertex 7.848889350891113 1.9666746854782104 1.1117712259292603
    vertex 7.785819053649902 5.900001049041748 0.9259748458862305
  endloop
endfacet
facet normal 0.0 0.0 0.0
  outer loop
    vertex 7.785819053649902 5.900001049041748 0.9259748458862305
    vertex 7.848889350891113 1.9666746854782104 1.1117712259292603
    vertex 7.785819053649902 1.9666746854782104 0.9259748458862305
  endloop
endfacet
facet normal 0.0 0.0 0.0
  outer loop
    vertex 7.785819053649902 5.900001049041748 0.9259748458862305
    vertex 7.785819053649902 1.9666746854782104 0.9259748458862305
    vertex 7.699038505554199 5.900001049041748 0.75
  endloop
endfacet
facet normal 0.0 0.0 0.0
  outer loop
    vertex 7.699038505554199 5.900001049041748 0.75
    vertex 7.785819053649902 1.9666746854782104 0.9259748458862305
    vertex 7.699038505554199 1.9666746854782104 0.75
  endloop
endfacet
facet normal 0.0 0.0 0.0
  outer loop
    vertex 7.699038505554199 5.900001049041748 0.75
    vertex 7.699038505554199 1.9666746854782104 0.75
    vertex 7.590027809143066 5.900001049041748 0.5868580341339111
  endloop
endfacet
facet normal 0.0 0.0 0.0
  outer loop
    vertex 7.590027809143066 5.900001049041748 0.5868580341339111
    vertex 7.699038505554199 1.9666746854782104 0.75
    vertex 7.590027809143066 1.9666746854782104 0.5868580341339111
  endloop
endfacet
facet normal 0.0 0.0 0.0
  outer loop
    vertex 7.590027809143066 5.900001049041748 0.5868580341339111
    vertex 7.590027809143066 1.9666746854782104 0.5868580341339111
    vertex 7.460658073425293 5.900001049041748 0.43934011459350586
  endloop
endfacet
facet normal 0.0 0.0 0.0
  outer loop
    vertex 7.460658073425293 5.900001049041748 0.43934011459350586
    vertex 7.590027809143066 1.9666746854782104 0.5868580341339111
    vertex 7.460658073425293 1.9666746854782104 0.43934011459350586
  endloop
endfacet
facet normal 0.0 0.0 0.0
  outer loop
    vertex 7.460658073425293 5.900001049041748 0.43934011459350586
    vertex 7.460658073425293 1.9666746854782104 0.43934011459350586
    vertex 7.313138008117676 5.900001049041748 0.3099699020385742
  endloop
endfacet
facet normal 0.0 0.0 0.0
  outer loop
    vertex 7.313138008117676 5.900001049041748 0.3099699020385742
    vertex 7.460658073425293 1.9666746854782104 0.43934011459350586
    vertex 7.313138008117676 1.9666746854782104 0.3099699020385742
  endloop
endfacet
facet normal 0.0 0.0 0.0
  outer loop
    vertex 7.313138008117676 5.900001049041748 0.3099699020385742
    vertex 7.313138008117676 1.9666746854782104 0.3099699020385742
    vertex 7.149998664855957 5.900001049041748 0.20096206665039062
  endloop
endfacet
facet normal 0.0 0.0 0.0
  outer loop
    vertex 7.149998664855957 5.900001049041748 0.20096206665039062
    vertex 7.313138008117676 1.9666746854782104 0.3099699020385742
    vertex 7.149998664855957 1.9666746854782104 0.20096206665039062
  endloop
endfacet
facet normal 0.0 0.0 0.0
  outer loop
    vertex 7.149998664855957 5.900001049041748 0.20096206665039062
    vertex 7.149998664855957 1.9666746854782104 0.20096206665039062
    vertex 6.974028587341309 5.900001049041748 0.1141810417175293
  endloop
endfacet
facet normal 0.0 0.0 0.0
  outer loop
    vertex 6.974028587341309 5.900001049041748 0.1141810417175293
    vertex 7.149998664855957 1.9666746854782104 0.20096206665039062
    vertex 6.974028587341309 1.9666746854782104 0.1141810417175293
  endloop
endfacet
facet normal 0.0 0.0 0.0
  outer loop
    vertex 6.974028587341309 5.900001049041748 0.1141810417175293
    vertex 6.974028587341309 1.9666746854782104 0.1141810417175293
    vertex 6.7882280349731445 5.900001049041748 0.05111098289489746
  endloop
endfacet
facet normal 0.0 0.0 0.0
  outer loop
    vertex 6.7882280349731445 5.900001049041748 0.05111098289489746
    vertex 6.974028587341309 1.9666746854782104 0.1141810417175293
    vertex 6.7882280349731445 1.9666746854782104 0.05111098289489746
  endloop
endfacet
facet normal 0.0 0.0 0.0
  outer loop
    vertex 6.7882280349731445 5.900001049041748 0.05111098289489746
    vertex 6.7882280349731445 1.9666746854782104 0.05111098289489746
    vertex 6.59578800201416 5.900001049041748 0.012833118438720703
  endloop
endfacet
facet normal 0.0 0.0 0.0
  outer loop
    vertex 6.59578800201416 5.900001049041748 0.012833118438720703
    vertex 6.7882280349731445 1.9666746854782104 0.05111098289489746
    vertex 6.59578800201416 1.9666746854782104 0.012833118438720703
  endloop
endfacet
facet normal 0.0 0.0 0.0
  outer loop
    vertex 6.7882280349731445 -1.9666670560836792 0.05111098289489746
    vertex 6.59578800201416 -1.9666670560836792 0.012833118438720703
    vertex 6.59578800201416 1.9666746854782104 0.012833118438720703
  endloop
endfacet
facet normal 0.0 0.0 0.0
  outer loop
    vertex 6.7882280349731445 -1.9666670560836792 0.05111098289489746
    vertex 6.59578800201416 1.9666746854782104 0.012833118438720703
    vertex 6.7882280349731445 1.9666746854782104 0.05111098289489746
  endloop
endfacet
facet normal 0.0 0.0 0.0
  outer loop
    vertex 6.974028587341309 -1.9666670560836792 0.1141810417175293
    vertex 6.7882280349731445 -1.9666670560836792 0.05111098289489746
    vertex 6.7882280349731445 1.9666746854782104 0.05111098289489746
  endloop
endfacet
facet normal 0.0 0.0 0.0
  outer loop
    vertex 6.974028587341309 -1.9666670560836792 0.1141810417175293
    vertex 6.7882280349731445 1.9666746854782104 0.05111098289489746
    vertex 6.974028587341309 1.9666746854782104 0.1141810417175293
  endloop
endfacet
facet normal 0.0 0.0 0.0
  outer loop
    vertex 7.149998664855957 -1.9666670560836792 0.20096206665039062
    vertex 6.974028587341309 -1.9666670560836792 0.1141810417175293
    vertex 6.974028587341309 1.9666746854782104 0.1141810417175293
  endloop
endfacet
facet normal 0.0 0.0 0.0
  outer loop
    vertex 7.149998664855957 -1.9666670560836792 0.20096206665039062
    vertex 6.974028587341309 1.9666746854782104 0.1141810417175293
    vertex 7.149998664855957 1.9666746854782104 0.20096206665039062
  endloop
endfacet
facet normal 0.0 0.0 0.0
  outer loop
    vertex 7.313138008117676 -1.9666670560836792 0.3099699020385742
    vertex 7.149998664855957 -1.9666670560836792 0.20096206665039062
    vertex 7.149998664855957 1.9666746854782104 0.20096206665039062
  endloop
endfacet
facet normal 0.0 0.0 0.0
  outer loop
    vertex 7.313138008117676 -1.9666670560836792 0.3099699020385742
    vertex 7.149998664855957 1.9666746854782104 0.20096206665039062
    vertex 7.313138008117676 1.9666746854782104 0.3099699020385742
  endloop
endfacet
facet normal 0.0 0.0 0.0
  outer loop
    vertex 7.460658073425293 -1.9666670560836792 0.43934011459350586
    vertex 7.313138008117676 -1.9666670560836792 0.3099699020385742
    vertex 7.313138008117676 1.9666746854782104 0.3099699020385742
  endloop
endfacet
facet normal 0.0 0.0 0.0
  outer loop
    vertex 7.460658073425293 -1.9666670560836792 0.43934011459350586
    vertex 7.313138008117676 1.9666746854782104 0.3099699020385742
    vertex 7.460658073425293 1.9666746854782104 0.43934011459350586
  endloop
endfacet
facet normal 0.0 0.0 0.0
  outer loop
    vertex 7.590027809143066 -1.9666670560836792 0.5868580341339111
    vertex 7.460658073425293 -1.9666670560836792 0.43934011459350586
    vertex 7.460658073425293 1.9666746854782104 0.43934011459350586
  endloop
endfacet
facet normal 0.0 0.0 0.0
  outer loop
    vertex 7.590027809143066 -1.9666670560836792 0.5868580341339111
    vertex 7.460658073425293 1.9666746854782104 0.43934011459350586
    vertex 7.590027809143066 1.9666746854782104 0.5868580341339111
  endloop
endfacet
facet normal 0.0 0.0 0.0
  outer loop
    vertex 7.699038505554199 -1.9666670560836792 0.75
    vertex 7.590027809143066 -1.9666670560836792 0.5868580341339111
    vertex 7.590027809143066 1.9666746854782104 0.5868580341339111
  endloop
endfacet
facet normal 0.0 0.0 0.0
  outer loop
    vertex 7.699038505554199 -1.9666670560836792 0.75
    vertex 7.590027809143066 1.9666746854782104 0.5868580341339111
    vertex 7.699038505554199 1.9666746854782104 0.75
  endloop
endfacet
facet normal 0.0 0.0 0.0
  outer loop
    vertex 7.785819053649902 -1.9666670560836792 0.9259748458862305
    vertex 7.699038505554199 -1.9666670560836792 0.75
    vertex 7.699038505554199 1.9666746854782104 0.75
  endloop
endfacet
facet normal 0.0 0.0 0.0
  outer loop
    vertex 7.785819053649902 -1.9666670560836792 0.9259748458862305
    vertex 7.699038505554199 1.9666746854782104 0.75
    vertex 7.785819053649902 1.9666746854782104 0.9259748458862305
  endloop
endfacet
facet normal 0.0 0.0 0.0
  outer loop
    vertex 7.848889350891113 -1.9666670560836792 1.1117712259292603
    vertex 7.785819053649902 -1.9666670560836792 0.9259748458862305
    vertex 7.785819053649902 1.9666746854782104 0.9259748458862305
  endloop
endfacet
facet normal 0.0 0.0 0.0
  outer loop
    vertex 7.848889350891113 -1.9666670560836792 1.1117712259292603
    vertex 7.785819053649902 1.9666746854782104 0.9259748458862305
    vertex 7.848889350891113 1.9666746854782104 1.1117712259292603
  endloop
endfacet
facet normal 0.0 0.0 0.0
  outer loop
    vertex 7.887167930603027 -1.9666670560836792 1.3042105436325073
    vertex 7.848889350891113 -1.9666670560836792 1.1117712259292603
    vertex 7.848889350891113 1.9666746854782104 1.1117712259292603
  endloop
endfacet
facet normal 0.0 0.0 0.0
  outer loop
    vertex 7.887167930603027 -1.9666670560836792 1.3042105436325073
    vertex 7.848889350891113 1.9666746854782104 1.1117712259292603
    vertex 7.887167930603027 1.9666746854782104 1.3042105436325073
  endloop
endfacet
facet normal 0.0 0.0 0.0
  outer loop
    vertex 6.011258125305176 6.3874735832214355 0.0
    vertex 5.899998664855957 6.400001049041748 0.0
    vertex 5.983868598937988 6.5907206535339355 0.012833118438720703
  endloop
endfacet
facet normal 0.0 0.0 0.0
  outer loop
    vertex 5.983868598937988 6.5907206535339355 0.012833118438720703
    vertex 5.899998664855957 6.400001049041748 0.0
    vertex 5.899998664855957 6.595794200897217 0.012833118438720703
  endloop
endfacet
facet normal 0.0 0.0 0.0
  outer loop
    vertex 5.983868598937988 6.5907206535339355 0.012833118438720703
    vertex 5.899998664855957 6.595794200897217 0.012833118438720703
    vertex 5.899998664855957 6.7882304191589355 0.05111098289489746
  endloop
endfacet
facet normal 0.0 0.0 0.0
  outer loop
    vertex 5.983868598937988 6.5907206535339355 0.012833118438720703
    vertex 5.899998664855957 6.7882304191589355 0.05111098289489746
    vertex 6.007058143615723 6.781753063201904 0.05111098289489746
  endloop
endfacet
facet normal 0.0 0.0 0.0
  outer loop
    vertex 6.007058143615723 6.781753063201904 0.05111098289489746
    vertex 5.899998664855957 6.7882304191589355 0.05111098289489746
    vertex 5.899998664855957 6.974029064178467 0.1141810417175293
  endloop
endfacet
facet normal 0.0 0.0 0.0
  outer loop
    vertex 6.007058143615723 6.781753063201904 0.05111098289489746
    vertex 5.899998664855957 6.974029064178467 0.1141810417175293
    vertex 6.029458045959473 6.966201305389404 0.1141810417175293
  endloop
endfacet
facet normal 0.0 0.0 0.0
  outer loop
    vertex 6.029458045959473 6.966201305389404 0.1141810417175293
    vertex 5.899998664855957 6.974029064178467 0.1141810417175293
    vertex 5.899998664855957 7.150001049041748 0.20096206665039062
  endloop
endfacet
facet normal 0.0 0.0 0.0
  outer loop
    vertex 6.029458045959473 6.966201305389404 0.1141810417175293
    vertex 5.899998664855957 7.150001049041748 0.20096206665039062
    vertex 6.050667762756348 7.1408915519714355 0.20096206665039062
  endloop
endfacet
facet normal 0.0 0.0 0.0
  outer loop
    vertex 6.050667762756348 7.1408915519714355 0.20096206665039062
    vertex 5.899998664855957 7.150001049041748 0.20096206665039062
    vertex 5.899998664855957 7.313140392303467 0.3099699020385742
  endloop
endfacet
facet normal 0.0 0.0 0.0
  outer loop
    vertex 6.050667762756348 7.1408915519714355 0.20096206665039062
    vertex 5.899998664855957 7.313140392303467 0.3099699020385742
    vertex 6.070338249206543 7.302840709686279 0.3099699020385742
  endloop
endfacet
facet normal 0.0 0.0 0.0
  outer loop
    vertex 6.070338249206543 7.302840709686279 0.3099699020385742
    vertex 5.899998664855957 7.313140392303467 0.3099699020385742
    vertex 5.899998664855957 7.460662364959717 0.43934011459350586
  endloop
endfacet
facet normal 0.0 0.0 0.0
  outer loop
    vertex 6.070338249206543 7.302840709686279 0.3099699020385742
    vertex 5.899998664855957 7.460662364959717 0.43934011459350586
    vertex 6.088118553161621 7.449279308319092 0.43934011459350586
  endloop
endfacet
facet normal 0.0 0.0 0.0
  outer loop
    vertex 6.088118553161621 7.449279308319092 0.43934011459350586
    vertex 5.899998664855957 7.460662364959717 0.43934011459350586
    vertex 5.899998664855957 7.590034008026123 0.5868580341339111
  endloop
endfacet
facet normal 0.0 0.0 0.0
  outer loop
    vertex 6.088118553161621 7.449279308319092 0.43934011459350586
    vertex 5.899998664855957 7.590034008026123 0.5868580341339111
    vertex 6.1037092208862305 7.577712535858154 0.5868580341339111
  endloop
endfacet
facet normal 0.0 0.0 0.0
  outer loop
    vertex 6.1037092208862305 7.577712535858154 0.5868580341339111
    vertex 5.899998664855957 7.590034008026123 0.5868580341339111
    vertex 5.899998664855957 7.699042797088623 0.75
  endloop
endfacet
facet normal 0.0 0.0 0.0
  outer loop
    vertex 6.1037092208862305 7.577712535858154 0.5868580341339111
    vertex 5.899998664855957 7.699042797088623 0.75
    vertex 6.116848945617676 7.685920238494873 0.75
  endloop
endfacet
facet normal 0.0 0.0 0.0
  outer loop
    vertex 6.116848945617676 7.685920238494873 0.75
    vertex 5.899998664855957 7.699042797088623 0.75
    vertex 5.899998664855957 7.7858195304870605 0.9259748458862305
  endloop
endfacet
facet normal 0.0 0.0 0.0
  outer loop
    vertex 6.116848945617676 7.685920238494873 0.75
    vertex 5.899998664855957 7.7858195304870605 0.9259748458862305
    vertex 6.1273088455200195 7.772071361541748 0.9259748458862305
  endloop
endfacet
facet normal 0.0 0.0 0.0
  outer loop
    vertex 6.1273088455200195 7.772071361541748 0.9259748458862305
    vertex 5.899998664855957 7.7858195304870605 0.9259748458862305
    vertex 5.899998664855957 7.848891735076904 1.1117713451385498
  endloop
endfacet
facet normal 0.0 0.0 0.0
  outer loop
    vertex 6.1273088455200195 7.772071361541748 0.9259748458862305
    vertex 5.899998664855957 7.848891735076904 1.1117713451385498
    vertex 6.1349077224731445 7.834685802459717 1.1117713451385498
  endloop
endfacet
facet normal 0.0 0.0 0.0
  outer loop
    vertex 6.1349077224731445 7.834685802459717 1.1117713451385498
    vertex 5.899998664855957 7.848891735076904 1.1117713451385498
    vertex 5.899998664855957 7.887176036834717 1.3042106628417969
  endloop
endfacet
facet normal 0.0 0.0 0.0
  outer loop
    vertex 6.1349077224731445 7.834685802459717 1.1117713451385498
    vertex 5.899998664855957 7.887176036834717 1.3042106628417969
    vertex 6.139529228210449 7.872680187225342 1.3042106628417969
  endloop
endfacet
facet normal 0.0 0.0 0.0
  outer loop
    vertex 6.139529228210449 7.872680187225342 1.3042106628417969
    vertex 5.899998664855957 7.887176036834717 1.3042106628417969
    vertex 5.899998664855957 7.900001049041748 1.5
  endloop
endfacet
facet normal 0.0 0.0 0.0
  outer loop
    vertex 6.139529228210449 7.872680187225342 1.3042106628417969
    vertex 5.899998664855957 7.900001049041748 1.5
    vertex 6.141068458557129 7.885421276092529 1.5
  endloop
endfacet
facet normal 0.0 0.0 0.0
  outer loop
    vertex 6.139529228210449 7.872680187225342 1.3042106628417969
    vertex 6.141068458557129 7.885421276092529 1.5
    vertex 6.375557899475098 7.8294291496276855 1.3042106628417969
  endloop
endfacet
facet normal 0.0 0.0 0.0
  outer loop
    vertex 6.375557899475098 7.8294291496276855 1.3042106628417969
    vertex 6.141068458557129 7.885421276092529 1.5
    vertex 6.378628730773926 7.841895580291748 1.5
  endloop
endfacet
facet normal 0.0 0.0 0.0
  outer loop
    vertex 6.375557899475098 7.8294291496276855 1.3042106628417969
    vertex 6.378628730773926 7.841895580291748 1.5
    vertex 6.604659080505371 7.758040904998779 1.3042105436325073
  endloop
endfacet
facet normal 0.0 0.0 0.0
  outer loop
    vertex 6.604659080505371 7.758040904998779 1.3042105436325073
    vertex 6.378628730773926 7.841895580291748 1.5
    vertex 6.609208106994629 7.770034313201904 1.4999998807907104
  endloop
endfacet
facet normal 0.0 0.0 0.0
  outer loop
    vertex 6.604659080505371 7.758040904998779 1.3042105436325073
    vertex 6.609208106994629 7.770034313201904 1.4999998807907104
    vertex 6.823477745056152 7.659553050994873 1.3042105436325073
  endloop
endfacet
facet normal 0.0 0.0 0.0
  outer loop
    vertex 6.823477745056152 7.659553050994873 1.3042105436325073
    vertex 6.609208106994629 7.770034313201904 1.4999998807907104
    vertex 6.8294477462768555 7.670913219451904 1.4999998807907104
  endloop
endfacet
facet normal 0.0 0.0 0.0
  outer loop
    vertex 6.823477745056152 7.659553050994873 1.3042105436325073
    vertex 6.8294477462768555 7.670913219451904 1.4999998807907104
    vertex 7.028838157653809 7.535415172576904 1.3042105436325073
  endloop
endfacet
facet normal 0.0 0.0 0.0
  outer loop
    vertex 7.028838157653809 7.535415172576904 1.3042105436325073
    vertex 6.8294477462768555 7.670913219451904 1.4999998807907104
    vertex 7.036128044128418 7.545974254608154 1.4999998807907104
  endloop
endfacet
facet normal 0.0 0.0 0.0
  outer loop
    vertex 7.028838157653809 7.535415172576904 1.3042105436325073
    vertex 7.036128044128418 7.545974254608154 1.4999998807907104
    vertex 7.217738151550293 7.387420177459717 1.3042105436325073
  endloop
endfacet
facet normal 0.0 0.0 0.0
  outer loop
    vertex 7.217738151550293 7.387420177459717 1.3042105436325073
    vertex 7.036128044128418 7.545974254608154 1.4999998807907104
    vertex 7.226248741149902 7.3970255851745605 1.4999998807907104
  endloop
endfacet
facet normal 0.0 0.0 0.0
  outer loop
    vertex 7.217738151550293 7.387420177459717 1.3042105436325073
    vertex 7.226248741149902 7.3970255851745605 1.4999998807907104
    vertex 7.387417793273926 7.217742443084717 1.3042105436325073
  endloop
endfacet
facet normal 0.0 0.0 0.0
  outer loop
    vertex 7.387417793273926 7.217742443084717 1.3042105436325073
    vertex 7.226248741149902 7.3970255851745605 1.4999998807907104
    vertex 7.397019386291504 7.2262492179870605 1.4999998807907104
  endloop
endfacet
facet normal 0.0 0.0 0.0
  outer loop
    vertex 7.387417793273926 7.217742443084717 1.3042105436325073
    vertex 7.397019386291504 7.2262492179870605 1.4999998807907104
    vertex 7.535408973693848 7.028846263885498 1.3042105436325073
  endloop
endfacet
facet normal 0.0 0.0 0.0
  outer loop
    vertex 7.535408973693848 7.028846263885498 1.3042105436325073
    vertex 7.397019386291504 7.2262492179870605 1.4999998807907104
    vertex 7.545968055725098 7.036132335662842 1.4999998807907104
  endloop
endfacet
facet normal 0.0 0.0 0.0
  outer loop
    vertex 7.535408973693848 7.028846263885498 1.3042105436325073
    vertex 7.545968055725098 7.036132335662842 1.4999998807907104
    vertex 7.659548759460449 6.823485851287842 1.3042105436325073
  endloop
endfacet
facet normal 0.0 0.0 0.0
  outer loop
    vertex 7.659548759460449 6.823485851287842 1.3042105436325073
    vertex 7.545968055725098 7.036132335662842 1.4999998807907104
    vertex 7.6709089279174805 6.829452037811279 1.4999998807907104
  endloop
endfacet
facet normal 0.0 0.0 0.0
  outer loop
    vertex 7.659548759460449 6.823485851287842 1.3042105436325073
    vertex 7.6709089279174805 6.829452037811279 1.4999998807907104
    vertex 7.758028984069824 6.604659557342529 1.3042105436325073
  endloop
endfacet
facet normal 0.0 0.0 0.0
  outer loop
    vertex 7.758028984069824 6.604659557342529 1.3042105436325073
    vertex 7.6709089279174805 6.829452037811279 1.4999998807907104
    vertex 7.770028114318848 6.6092143058776855 1.4999998807907104
  endloop
endfacet
facet normal 0.0 0.0 0.0
  outer loop
    vertex 7.758028984069824 6.604659557342529 1.3042105436325073
    vertex 7.770028114318848 6.6092143058776855 1.4999998807907104
    vertex 7.829419136047363 6.375564098358154 1.3042105436325073
  endloop
endfacet
facet normal 0.0 0.0 0.0
  outer loop
    vertex 7.829419136047363 6.375564098358154 1.3042105436325073
    vertex 7.770028114318848 6.6092143058776855 1.4999998807907104
    vertex 7.8418779373168945 6.378631114959717 1.4999998807907104
  endloop
endfacet
facet normal 0.0 0.0 0.0
  outer loop
    vertex 7.829419136047363 6.375564098358154 1.3042105436325073
    vertex 7.8418779373168945 6.378631114959717 1.4999998807907104
    vertex 7.872677803039551 6.139533519744873 1.3042105436325073
  endloop
endfacet
facet normal 0.0 0.0 0.0
  outer loop
    vertex 7.872677803039551 6.139533519744873 1.3042105436325073
    vertex 7.8418779373168945 6.378631114959717 1.4999998807907104
    vertex 7.885418891906738 6.141082286834717 1.4999998807907104
  endloop
endfacet
facet normal 0.0 0.0 0.0
  outer loop
    vertex 7.872677803039551 6.139533519744873 1.3042105436325073
    vertex 7.885418891906738 6.141082286834717 1.4999998807907104
    vertex 7.887167930603027 5.900001049041748 1.3042105436325073
  endloop
endfacet
facet normal 0.0 0.0 0.0
  outer loop
    vertex 7.887167930603027 5.900001049041748 1.3042105436325073
    vertex 7.885418891906738 6.141082286834717 1.4999998807907104
    vertex 7.899998664855957 5.900001049041748 1.4999998807907104
  endloop
endfacet
facet normal 0.0 0.0 0.0
  outer loop
    vertex 7.887167930603027 5.900001049041748 1.3042105436325073
    vertex 7.848889350891113 5.900001049041748 1.1117712259292603
    vertex 7.872677803039551 6.139533519744873 1.3042105436325073
  endloop
endfacet
facet normal 0.0 0.0 0.0
  outer loop
    vertex 7.872677803039551 6.139533519744873 1.3042105436325073
    vertex 7.848889350891113 5.900001049041748 1.1117712259292603
    vertex 7.83467960357666 6.1349101066589355 1.1117712259292603
  endloop
endfacet
facet normal 0.0 0.0 0.0
  outer loop
    vertex 7.872677803039551 6.139533519744873 1.3042105436325073
    vertex 7.83467960357666 6.1349101066589355 1.1117712259292603
    vertex 7.829419136047363 6.375564098358154 1.3042105436325073
  endloop
endfacet
facet normal 0.0 0.0 0.0
  outer loop
    vertex 7.829419136047363 6.375564098358154 1.3042105436325073
    vertex 7.83467960357666 6.1349101066589355 1.1117712259292603
    vertex 7.792258262634277 6.366401195526123 1.1117712259292603
  endloop
endfacet
facet normal 0.0 0.0 0.0
  outer loop
    vertex 7.829419136047363 6.375564098358154 1.3042105436325073
    vertex 7.792258262634277 6.366401195526123 1.1117712259292603
    vertex 7.758028984069824 6.604659557342529 1.3042105436325073
  endloop
endfacet
facet normal 0.0 0.0 0.0
  outer loop
    vertex 7.758028984069824 6.604659557342529 1.3042105436325073
    vertex 7.792258262634277 6.366401195526123 1.1117712259292603
    vertex 7.7222394943237305 6.591094493865967 1.1117712259292603
  endloop
endfacet
facet normal 0.0 0.0 0.0
  outer loop
    vertex 7.758028984069824 6.604659557342529 1.3042105436325073
    vertex 7.7222394943237305 6.591094493865967 1.1117712259292603
    vertex 7.659548759460449 6.823485851287842 1.3042105436325073
  endloop
endfacet
facet normal 0.0 0.0 0.0
  outer loop
    vertex 7.659548759460449 6.823485851287842 1.3042105436325073
    vertex 7.7222394943237305 6.591094493865967 1.1117712259292603
    vertex 7.625658988952637 6.805701732635498 1.1117712259292603
  endloop
endfacet
facet normal 0.0 0.0 0.0
  outer loop
    vertex 7.659548759460449 6.823485851287842 1.3042105436325073
    vertex 7.625658988952637 6.805701732635498 1.1117712259292603
    vertex 7.535408973693848 7.028846263885498 1.3042105436325073
  endloop
endfacet
facet normal 0.0 0.0 0.0
  outer loop
    vertex 7.535408973693848 7.028846263885498 1.3042105436325073
    vertex 7.625658988952637 6.805701732635498 1.1117712259292603
    vertex 7.503899574279785 7.0071024894714355 1.1117712259292603
  endloop
endfacet
facet normal 0.0 0.0 0.0
  outer loop
    vertex 7.535408973693848 7.028846263885498 1.3042105436325073
    vertex 7.503899574279785 7.0071024894714355 1.1117712259292603
    vertex 7.387417793273926 7.217742443084717 1.3042105436325073
  endloop
endfacet
facet normal 0.0 0.0 0.0
  outer loop
    vertex 7.387417793273926 7.217742443084717 1.3042105436325073
    vertex 7.503899574279785 7.0071024894714355 1.1117712259292603
    vertex 7.358757972717285 7.192351818084717 1.1117712259292603
  endloop
endfacet
facet normal 0.0 0.0 0.0
  outer loop
    vertex 7.387417793273926 7.217742443084717 1.3042105436325073
    vertex 7.358757972717285 7.192351818084717 1.1117712259292603
    vertex 7.217738151550293 7.387420177459717 1.3042105436325073
  endloop
endfacet
facet normal 0.0 0.0 0.0
  outer loop
    vertex 7.217738151550293 7.387420177459717 1.3042105436325073
    vertex 7.358757972717285 7.192351818084717 1.1117712259292603
    vertex 7.192349433898926 7.358771800994873 1.1117712259292603
  endloop
endfacet
facet normal 0.0 0.0 0.0
  outer loop
    vertex 7.217738151550293 7.387420177459717 1.3042105436325073
    vertex 7.192349433898926 7.358771800994873 1.1117712259292603
    vertex 7.028838157653809 7.535415172576904 1.3042105436325073
  endloop
endfacet
facet normal 0.0 0.0 0.0
  outer loop
    vertex 7.028838157653809 7.535415172576904 1.3042105436325073
    vertex 7.192349433898926 7.358771800994873 1.1117712259292603
    vertex 7.007098197937012 7.503913402557373 1.1117712259292603
  endloop
endfacet
facet normal 0.0 0.0 0.0
  outer loop
    vertex 7.028838157653809 7.535415172576904 1.3042105436325073
    vertex 7.007098197937012 7.503913402557373 1.1117712259292603
    vertex 6.823477745056152 7.659553050994873 1.3042105436325073
  endloop
endfacet
facet normal 0.0 0.0 0.0
  outer loop
    vertex 6.823477745056152 7.659553050994873 1.3042105436325073
    vertex 7.007098197937012 7.503913402557373 1.1117712259292603
    vertex 6.80568790435791 7.6256632804870605 1.1117712259292603
  endloop
endfacet
facet normal 0.0 0.0 0.0
  outer loop
    vertex 6.823477745056152 7.659553050994873 1.3042105436325073
    vertex 6.80568790435791 7.6256632804870605 1.1117712259292603
    vertex 6.604659080505371 7.758040904998779 1.3042105436325073
  endloop
endfacet
facet normal 0.0 0.0 0.0
  outer loop
    vertex 6.604659080505371 7.758040904998779 1.3042105436325073
    vertex 6.80568790435791 7.6256632804870605 1.1117712259292603
    vertex 6.59108829498291 7.722243785858154 1.1117712259292603
  endloop
endfacet
facet normal 0.0 0.0 0.0
  outer loop
    vertex 6.604659080505371 7.758040904998779 1.3042105436325073
    vertex 6.59108829498291 7.722243785858154 1.1117712259292603
    vertex 6.375557899475098 7.8294291496276855 1.3042106628417969
  endloop
endfacet
facet normal 0.0 0.0 0.0
  outer loop
    vertex 6.375557899475098 7.8294291496276855 1.3042106628417969
    vertex 6.59108829498291 7.722243785858154 1.1117712259292603
    vertex 6.366398811340332 7.792266368865967 1.1117712259292603
  endloop
endfacet
facet normal 0.0 0.0 0.0
  outer loop
    vertex 6.375557899475098 7.8294291496276855 1.3042106628417969
    vertex 6.366398811340332 7.792266368865967 1.1117712259292603
    vertex 6.139529228210449 7.872680187225342 1.3042106628417969
  endloop
endfacet
facet normal 0.0 0.0 0.0
  outer loop
    vertex 6.139529228210449 7.872680187225342 1.3042106628417969
    vertex 6.366398811340332 7.792266368865967 1.1117712259292603
    vertex 6.1349077224731445 7.834685802459717 1.1117713451385498
  endloop
endfacet
facet normal 0.0 0.0 0.0
  outer loop
    vertex 7.848889350891113 5.900001049041748 1.1117712259292603
    vertex 7.785819053649902 5.900001049041748 0.9259748458862305
    vertex 7.83467960357666 6.1349101066589355 1.1117712259292603
  endloop
endfacet
facet normal 0.0 0.0 0.0
  outer loop
    vertex 7.83467960357666 6.1349101066589355 1.1117712259292603
    vertex 7.785819053649902 5.900001049041748 0.9259748458862305
    vertex 7.772068977355957 6.1273112297058105 0.9259748458862305
  endloop
endfacet
facet normal 0.0 0.0 0.0
  outer loop
    vertex 7.83467960357666 6.1349101066589355 1.1117712259292603
    vertex 7.772068977355957 6.1273112297058105 0.9259748458862305
    vertex 7.792258262634277 6.366401195526123 1.1117712259292603
  endloop
endfacet
facet normal 0.0 0.0 0.0
  outer loop
    vertex 7.792258262634277 6.366401195526123 1.1117712259292603
    vertex 7.772068977355957 6.1273112297058105 0.9259748458862305
    vertex 7.731019020080566 6.3513102531433105 0.9259748458862305
  endloop
endfacet
facet normal 0.0 0.0 0.0
  outer loop
    vertex 7.792258262634277 6.366401195526123 1.1117712259292603
    vertex 7.731019020080566 6.3513102531433105 0.9259748458862305
    vertex 7.7222394943237305 6.591094493865967 1.1117712259292603
  endloop
endfacet
facet normal 0.0 0.0 0.0
  outer loop
    vertex 7.7222394943237305 6.591094493865967 1.1117712259292603
    vertex 7.731019020080566 6.3513102531433105 0.9259748458862305
    vertex 7.663268089294434 6.568725109100342 0.9259748458862305
  endloop
endfacet
facet normal 0.0 0.0 0.0
  outer loop
    vertex 7.7222394943237305 6.591094493865967 1.1117712259292603
    vertex 7.663268089294434 6.568725109100342 0.9259748458862305
    vertex 7.625658988952637 6.805701732635498 1.1117712259292603
  endloop
endfacet
facet normal 0.0 0.0 0.0
  outer loop
    vertex 7.625658988952637 6.805701732635498 1.1117712259292603
    vertex 7.663268089294434 6.568725109100342 0.9259748458862305
    vertex 7.569808006286621 6.7763895988464355 0.9259748458862305
  endloop
endfacet
facet normal 0.0 0.0 0.0
  outer loop
    vertex 7.625658988952637 6.805701732635498 1.1117712259292603
    vertex 7.569808006286621 6.7763895988464355 0.9259748458862305
    vertex 7.503899574279785 7.0071024894714355 1.1117712259292603
  endloop
endfacet
facet normal 0.0 0.0 0.0
  outer loop
    vertex 7.503899574279785 7.0071024894714355 1.1117712259292603
    vertex 7.569808006286621 6.7763895988464355 0.9259748458862305
    vertex 7.451998710632324 6.9712748527526855 0.9259748458862305
  endloop
endfacet
facet normal 0.0 0.0 0.0
  outer loop
    vertex 7.503899574279785 7.0071024894714355 1.1117712259292603
    vertex 7.451998710632324 6.9712748527526855 0.9259748458862305
    vertex 7.358757972717285 7.192351818084717 1.1117712259292603
  endloop
endfacet
facet normal 0.0 0.0 0.0
  outer loop
    vertex 7.358757972717285 7.192351818084717 1.1117712259292603
    vertex 7.451998710632324 6.9712748527526855 0.9259748458862305
    vertex 7.311558723449707 7.1505351066589355 0.9259748458862305
  endloop
endfacet
facet normal 0.0 0.0 0.0
  outer loop
    vertex 7.358757972717285 7.192351818084717 1.1117712259292603
    vertex 7.311558723449707 7.1505351066589355 0.9259748458862305
    vertex 7.192349433898926 7.358771800994873 1.1117712259292603
  endloop
endfacet
facet normal 0.0 0.0 0.0
  outer loop
    vertex 7.192349433898926 7.358771800994873 1.1117712259292603
    vertex 7.311558723449707 7.1505351066589355 0.9259748458862305
    vertex 7.150528907775879 7.311561107635498 0.9259748458862305
  endloop
endfacet
facet normal 0.0 0.0 0.0
  outer loop
    vertex 7.192349433898926 7.358771800994873 1.1117712259292603
    vertex 7.150528907775879 7.311561107635498 0.9259748458862305
    vertex 7.007098197937012 7.503913402557373 1.1117712259292603
  endloop
endfacet
facet normal 0.0 0.0 0.0
  outer loop
    vertex 7.007098197937012 7.503913402557373 1.1117712259292603
    vertex 7.150528907775879 7.311561107635498 0.9259748458862305
    vertex 6.971268653869629 7.452003002166748 0.9259748458862305
  endloop
endfacet
facet normal 0.0 0.0 0.0
  outer loop
    vertex 7.007098197937012 7.503913402557373 1.1117712259292603
    vertex 6.971268653869629 7.452003002166748 0.9259748458862305
    vertex 6.80568790435791 7.6256632804870605 1.1117712259292603
  endloop
endfacet
facet normal 0.0 0.0 0.0
  outer loop
    vertex 6.80568790435791 7.6256632804870605 1.1117712259292603
    vertex 6.971268653869629 7.452003002166748 0.9259748458862305
    vertex 6.776379585266113 7.5698161125183105 0.9259748458862305
  endloop
endfacet
facet normal 0.0 0.0 0.0
  outer loop
    vertex 6.80568790435791 7.6256632804870605 1.1117712259292603
    vertex 6.776379585266113 7.5698161125183105 0.9259748458862305
    vertex 6.59108829498291 7.722243785858154 1.1117712259292603
  endloop
endfacet
facet normal 0.0 0.0 0.0
  outer loop
    vertex 6.59108829498291 7.722243785858154 1.1117712259292603
    vertex 6.776379585266113 7.5698161125183105 0.9259748458862305
    vertex 6.568718910217285 7.663276195526123 0.9259748458862305
  endloop
endfacet
facet normal 0.0 0.0 0.0
  outer loop
    vertex 6.59108829498291 7.722243785858154 1.1117712259292603
    vertex 6.568718910217285 7.663276195526123 0.9259748458862305
    vertex 6.366398811340332 7.792266368865967 1.1117712259292603
  endloop
endfacet
facet normal 0.0 0.0 0.0
  outer loop
    vertex 6.366398811340332 7.792266368865967 1.1117712259292603
    vertex 6.568718910217285 7.663276195526123 0.9259748458862305
    vertex 6.3513078689575195 7.731025218963623 0.9259748458862305
  endloop
endfacet
facet normal 0.0 0.0 0.0
  outer loop
    vertex 6.366398811340332 7.792266368865967 1.1117712259292603
    vertex 6.3513078689575195 7.731025218963623 0.9259748458862305
    vertex 6.1349077224731445 7.834685802459717 1.1117713451385498
  endloop
endfacet
facet normal 0.0 0.0 0.0
  outer loop
    vertex 6.1349077224731445 7.834685802459717 1.1117713451385498
    vertex 6.3513078689575195 7.731025218963623 0.9259748458862305
    vertex 6.1273088455200195 7.772071361541748 0.9259748458862305
  endloop
endfacet
facet normal 0.0 0.0 0.0
  outer loop
    vertex 7.785819053649902 5.900001049041748 0.9259748458862305
    vertex 7.699038505554199 5.900001049041748 0.75
    vertex 7.772068977355957 6.1273112297058105 0.9259748458862305
  endloop
endfacet
facet normal 0.0 0.0 0.0
  outer loop
    vertex 7.772068977355957 6.1273112297058105 0.9259748458862305
    vertex 7.699038505554199 5.900001049041748 0.75
    vertex 7.685917854309082 6.116851329803467 0.75
  endloop
endfacet
facet normal 0.0 0.0 0.0
  outer loop
    vertex 7.772068977355957 6.1273112297058105 0.9259748458862305
    vertex 7.685917854309082 6.116851329803467 0.75
    vertex 7.731019020080566 6.3513102531433105 0.9259748458862305
  endloop
endfacet
facet normal 0.0 0.0 0.0
  outer loop
    vertex 7.731019020080566 6.3513102531433105 0.9259748458862305
    vertex 7.685917854309082 6.116851329803467 0.75
    vertex 7.646758079528809 6.330543041229248 0.75
  endloop
endfacet
facet normal 0.0 0.0 0.0
  outer loop
    vertex 7.731019020080566 6.3513102531433105 0.9259748458862305
    vertex 7.646758079528809 6.330543041229248 0.75
    vertex 7.663268089294434 6.568725109100342 0.9259748458862305
  endloop
endfacet
facet normal 0.0 0.0 0.0
  outer loop
    vertex 7.663268089294434 6.568725109100342 0.9259748458862305
    vertex 7.646758079528809 6.330543041229248 0.75
    vertex 7.58212947845459 6.5379557609558105 0.75
  endloop
endfacet
facet normal 0.0 0.0 0.0
  outer loop
    vertex 7.663268089294434 6.568725109100342 0.9259748458862305
    vertex 7.58212947845459 6.5379557609558105 0.75
    vertex 7.569808006286621 6.7763895988464355 0.9259748458862305
  endloop
endfacet
facet normal 0.0 0.0 0.0
  outer loop
    vertex 7.569808006286621 6.7763895988464355 0.9259748458862305
    vertex 7.58212947845459 6.5379557609558105 0.75
    vertex 7.492968559265137 6.736060619354248 0.75
  endloop
endfacet
facet normal 0.0 0.0 0.0
  outer loop
    vertex 7.569808006286621 6.7763895988464355 0.9259748458862305
    vertex 7.492968559265137 6.736060619354248 0.75
    vertex 7.451998710632324 6.9712748527526855 0.9259748458862305
  endloop
endfacet
facet normal 0.0 0.0 0.0
  outer loop
    vertex 7.451998710632324 6.9712748527526855 0.9259748458862305
    vertex 7.492968559265137 6.736060619354248 0.75
    vertex 7.38057804107666 6.921973705291748 0.75
  endloop
endfacet
facet normal 0.0 0.0 0.0
  outer loop
    vertex 7.451998710632324 6.9712748527526855 0.9259748458862305
    vertex 7.38057804107666 6.921973705291748 0.75
    vertex 7.311558723449707 7.1505351066589355 0.9259748458862305
  endloop
endfacet
facet normal 0.0 0.0 0.0
  outer loop
    vertex 7.311558723449707 7.1505351066589355 0.9259748458862305
    vertex 7.38057804107666 6.921973705291748 0.75
    vertex 7.246598243713379 7.0929789543151855 0.75
  endloop
endfacet
facet normal 0.0 0.0 0.0
  outer loop
    vertex 7.311558723449707 7.1505351066589355 0.9259748458862305
    vertex 7.246598243713379 7.0929789543151855 0.75
    vertex 7.150528907775879 7.311561107635498 0.9259748458862305
  endloop
endfacet
facet normal 0.0 0.0 0.0
  outer loop
    vertex 7.150528907775879 7.311561107635498 0.9259748458862305
    vertex 7.246598243713379 7.0929789543151855 0.75
    vertex 7.092978477478027 7.2466044425964355 0.75
  endloop
endfacet
facet normal 0.0 0.0 0.0
  outer loop
    vertex 7.150528907775879 7.311561107635498 0.9259748458862305
    vertex 7.092978477478027 7.2466044425964355 0.75
    vertex 6.971268653869629 7.452003002166748 0.9259748458862305
  endloop
endfacet
facet normal 0.0 0.0 0.0
  outer loop
    vertex 6.971268653869629 7.452003002166748 0.9259748458862305
    vertex 7.092978477478027 7.2466044425964355 0.75
    vertex 6.921969413757324 7.380584239959717 0.75
  endloop
endfacet
facet normal 0.0 0.0 0.0
  outer loop
    vertex 6.971268653869629 7.452003002166748 0.9259748458862305
    vertex 6.921969413757324 7.380584239959717 0.75
    vertex 6.776379585266113 7.5698161125183105 0.9259748458862305
  endloop
endfacet
facet normal 0.0 0.0 0.0
  outer loop
    vertex 6.776379585266113 7.5698161125183105 0.9259748458862305
    vertex 6.921969413757324 7.380584239959717 0.75
    vertex 6.736058235168457 7.4929728507995605 0.75
  endloop
endfacet
facet normal 0.0 0.0 0.0
  outer loop
    vertex 6.776379585266113 7.5698161125183105 0.9259748458862305
    vertex 6.736058235168457 7.4929728507995605 0.75
    vertex 6.568718910217285 7.663276195526123 0.9259748458862305
  endloop
endfacet
facet normal 0.0 0.0 0.0
  outer loop
    vertex 6.568718910217285 7.663276195526123 0.9259748458862305
    vertex 6.736058235168457 7.4929728507995605 0.75
    vertex 6.537949562072754 7.582129955291748 0.75
  endloop
endfacet
facet normal 0.0 0.0 0.0
  outer loop
    vertex 6.568718910217285 7.663276195526123 0.9259748458862305
    vertex 6.537949562072754 7.582129955291748 0.75
    vertex 6.3513078689575195 7.731025218963623 0.9259748458862305
  endloop
endfacet
facet normal 0.0 0.0 0.0
  outer loop
    vertex 6.3513078689575195 7.731025218963623 0.9259748458862305
    vertex 6.537949562072754 7.582129955291748 0.75
    vertex 6.330538749694824 7.646766185760498 0.75
  endloop
endfacet
facet normal 0.0 0.0 0.0
  outer loop
    vertex 6.3513078689575195 7.731025218963623 0.9259748458862305
    vertex 6.330538749694824 7.646766185760498 0.75
    vertex 6.1273088455200195 7.772071361541748 0.9259748458862305
  endloop
endfacet
facet normal 0.0 0.0 0.0
  outer loop
    vertex 6.1273088455200195 7.772071361541748 0.9259748458862305
    vertex 6.330538749694824 7.646766185760498 0.75
    vertex 6.116848945617676 7.685920238494873 0.75
  endloop
endfacet
facet normal 0.0 0.0 0.0
  outer loop
    vertex 7.699038505554199 5.900001049041748 0.75
    vertex 7.590027809143066 5.900001049041748 0.5868580341339111
    vertex 7.685917854309082 6.116851329803467 0.75
  endloop
endfacet
facet normal 0.0 0.0 0.0
  outer loop
    vertex 7.685917854309082 6.116851329803467 0.75
    vertex 7.590027809143066 5.900001049041748 0.5868580341339111
    vertex 7.5777082443237305 6.103713512420654 0.5868580341339111
  endloop
endfacet
facet normal 0.0 0.0 0.0
  outer loop
    vertex 7.685917854309082 6.116851329803467 0.75
    vertex 7.5777082443237305 6.103713512420654 0.5868580341339111
    vertex 7.646758079528809 6.330543041229248 0.75
  endloop
endfacet
facet normal 0.0 0.0 0.0
  outer loop
    vertex 7.646758079528809 6.330543041229248 0.75
    vertex 7.5777082443237305 6.103713512420654 0.5868580341339111
    vertex 7.540919303894043 6.304450511932373 0.5868580341339111
  endloop
endfacet
facet normal 0.0 0.0 0.0
  outer loop
    vertex 7.646758079528809 6.330543041229248 0.75
    vertex 7.540919303894043 6.304450511932373 0.5868580341339111
    vertex 7.58212947845459 6.5379557609558105 0.75
  endloop
endfacet
facet normal 0.0 0.0 0.0
  outer loop
    vertex 7.58212947845459 6.5379557609558105 0.75
    vertex 7.540919303894043 6.304450511932373 0.5868580341339111
    vertex 7.480208396911621 6.4992899894714355 0.5868580341339111
  endloop
endfacet
facet normal 0.0 0.0 0.0
  outer loop
    vertex 7.58212947845459 6.5379557609558105 0.75
    vertex 7.480208396911621 6.4992899894714355 0.5868580341339111
    vertex 7.492968559265137 6.736060619354248 0.75
  endloop
endfacet
facet normal 0.0 0.0 0.0
  outer loop
    vertex 7.492968559265137 6.736060619354248 0.75
    vertex 7.480208396911621 6.4992899894714355 0.5868580341339111
    vertex 7.396449089050293 6.685401439666748 0.5868580341339111
  endloop
endfacet
facet normal 0.0 0.0 0.0
  outer loop
    vertex 7.492968559265137 6.736060619354248 0.75
    vertex 7.396449089050293 6.685401439666748 0.5868580341339111
    vertex 7.38057804107666 6.921973705291748 0.75
  endloop
endfacet
facet normal 0.0 0.0 0.0
  outer loop
    vertex 7.38057804107666 6.921973705291748 0.75
    vertex 7.396449089050293 6.685401439666748 0.5868580341339111
    vertex 7.290867805480957 6.860053539276123 0.5868580341339111
  endloop
endfacet
facet normal 0.0 0.0 0.0
  outer loop
    vertex 7.38057804107666 6.921973705291748 0.75
    vertex 7.290867805480957 6.860053539276123 0.5868580341339111
    vertex 7.246598243713379 7.0929789543151855 0.75
  endloop
endfacet
facet normal 0.0 0.0 0.0
  outer loop
    vertex 7.246598243713379 7.0929789543151855 0.75
    vertex 7.290867805480957 6.860053539276123 0.5868580341339111
    vertex 7.165009498596191 7.020705699920654 0.5868580341339111
  endloop
endfacet
facet normal 0.0 0.0 0.0
  outer loop
    vertex 7.246598243713379 7.0929789543151855 0.75
    vertex 7.165009498596191 7.020705699920654 0.5868580341339111
    vertex 7.092978477478027 7.2466044425964355 0.75
  endloop
endfacet
facet normal 0.0 0.0 0.0
  outer loop
    vertex 7.092978477478027 7.2466044425964355 0.75
    vertex 7.165009498596191 7.020705699920654 0.5868580341339111
    vertex 7.020699501037598 7.165015697479248 0.5868580341339111
  endloop
endfacet
facet normal 0.0 0.0 0.0
  outer loop
    vertex 7.092978477478027 7.2466044425964355 0.75
    vertex 7.020699501037598 7.165015697479248 0.5868580341339111
    vertex 6.921969413757324 7.380584239959717 0.75
  endloop
endfacet
facet normal 0.0 0.0 0.0
  outer loop
    vertex 6.921969413757324 7.380584239959717 0.75
    vertex 7.020699501037598 7.165015697479248 0.5868580341339111
    vertex 6.860049247741699 7.290870189666748 0.5868580341339111
  endloop
endfacet
facet normal 0.0 0.0 0.0
  outer loop
    vertex 6.921969413757324 7.380584239959717 0.75
    vertex 6.860049247741699 7.290870189666748 0.5868580341339111
    vertex 6.736058235168457 7.4929728507995605 0.75
  endloop
endfacet
facet normal 0.0 0.0 0.0
  outer loop
    vertex 6.736058235168457 7.4929728507995605 0.75
    vertex 6.860049247741699 7.290870189666748 0.5868580341339111
    vertex 6.685399055480957 7.396453380584717 0.5868580341339111
  endloop
endfacet
facet normal 0.0 0.0 0.0
  outer loop
    vertex 6.736058235168457 7.4929728507995605 0.75
    vertex 6.685399055480957 7.396453380584717 0.5868580341339111
    vertex 6.537949562072754 7.582129955291748 0.75
  endloop
endfacet
facet normal 0.0 0.0 0.0
  outer loop
    vertex 6.537949562072754 7.582129955291748 0.75
    vertex 6.685399055480957 7.396453380584717 0.5868580341339111
    vertex 6.499289512634277 7.480208873748779 0.5868580341339111
  endloop
endfacet
facet normal 0.0 0.0 0.0
  outer loop
    vertex 6.537949562072754 7.582129955291748 0.75
    vertex 6.499289512634277 7.480208873748779 0.5868580341339111
    vertex 6.330538749694824 7.646766185760498 0.75
  endloop
endfacet
facet normal 0.0 0.0 0.0
  outer loop
    vertex 6.330538749694824 7.646766185760498 0.75
    vertex 6.499289512634277 7.480208873748779 0.5868580341339111
    vertex 6.304448127746582 7.540923595428467 0.5868580341339111
  endloop
endfacet
facet normal 0.0 0.0 0.0
  outer loop
    vertex 6.330538749694824 7.646766185760498 0.75
    vertex 6.304448127746582 7.540923595428467 0.5868580341339111
    vertex 6.116848945617676 7.685920238494873 0.75
  endloop
endfacet
facet normal 0.0 0.0 0.0
  outer loop
    vertex 6.116848945617676 7.685920238494873 0.75
    vertex 6.304448127746582 7.540923595428467 0.5868580341339111
    vertex 6.1037092208862305 7.577712535858154 0.5868580341339111
  endloop
endfacet
facet normal 0.0 0.0 0.0
  outer loop
    vertex 7.590027809143066 5.900001049041748 0.5868580341339111
    vertex 7.460658073425293 5.900001049041748 0.43934011459350586
    vertex 7.5777082443237305 6.103713512420654 0.5868580341339111
  endloop
endfacet
facet normal 0.0 0.0 0.0
  outer loop
    vertex 7.5777082443237305 6.103713512420654 0.5868580341339111
    vertex 7.460658073425293 5.900001049041748 0.43934011459350586
    vertex 7.449278831481934 6.088119029998779 0.43934011459350586
  endloop
endfacet
facet normal 0.0 0.0 0.0
  outer loop
    vertex 7.5777082443237305 6.103713512420654 0.5868580341339111
    vertex 7.449278831481934 6.088119029998779 0.43934011459350586
    vertex 7.540919303894043 6.304450511932373 0.5868580341339111
  endloop
endfacet
facet normal 0.0 0.0 0.0
  outer loop
    vertex 7.540919303894043 6.304450511932373 0.5868580341339111
    vertex 7.449278831481934 6.088119029998779 0.43934011459350586
    vertex 7.415308952331543 6.2734904289245605 0.43934011459350586
  endloop
endfacet
facet normal 0.0 0.0 0.0
  outer loop
    vertex 7.540919303894043 6.304450511932373 0.5868580341339111
    vertex 7.415308952331543 6.2734904289245605 0.43934011459350586
    vertex 7.480208396911621 6.4992899894714355 0.5868580341339111
  endloop
endfacet
facet normal 0.0 0.0 0.0
  outer loop
    vertex 7.480208396911621 6.4992899894714355 0.5868580341339111
    vertex 7.415308952331543 6.2734904289245605 0.43934011459350586
    vertex 7.359238624572754 6.4534220695495605 0.43934011459350586
  endloop
endfacet
facet normal 0.0 0.0 0.0
  outer loop
    vertex 7.480208396911621 6.4992899894714355 0.5868580341339111
    vertex 7.359238624572754 6.4534220695495605 0.43934011459350586
    vertex 7.396449089050293 6.685401439666748 0.5868580341339111
  endloop
endfacet
facet normal 0.0 0.0 0.0
  outer loop
    vertex 7.396449089050293 6.685401439666748 0.5868580341339111
    vertex 7.359238624572754 6.4534220695495605 0.43934011459350586
    vertex 7.281899452209473 6.625281810760498 0.43934011459350586
  endloop
endfacet
facet normal 0.0 0.0 0.0
  outer loop
    vertex 7.396449089050293 6.685401439666748 0.5868580341339111
    vertex 7.281899452209473 6.625281810760498 0.43934011459350586
    vertex 7.290867805480957 6.860053539276123 0.5868580341339111
  endloop
endfacet
facet normal 0.0 0.0 0.0
  outer loop
    vertex 7.290867805480957 6.860053539276123 0.5868580341339111
    vertex 7.281899452209473 6.625281810760498 0.43934011459350586
    vertex 7.184399604797363 6.786559581756592 0.43934011459350586
  endloop
endfacet
facet normal 0.0 0.0 0.0
  outer loop
    vertex 7.290867805480957 6.860053539276123 0.5868580341339111
    vertex 7.184399604797363 6.786559581756592 0.43934011459350586
    vertex 7.165009498596191 7.020705699920654 0.5868580341339111
  endloop
endfacet
facet normal 0.0 0.0 0.0
  outer loop
    vertex 7.165009498596191 7.020705699920654 0.5868580341339111
    vertex 7.184399604797363 6.786559581756592 0.43934011459350586
    vertex 7.068169593811035 6.934913158416748 0.43934011459350586
  endloop
endfacet
facet normal 0.0 0.0 0.0
  outer loop
    vertex 7.165009498596191 7.020705699920654 0.5868580341339111
    vertex 7.068169593811035 6.934913158416748 0.43934011459350586
    vertex 7.020699501037598 7.165015697479248 0.5868580341339111
  endloop
endfacet
facet normal 0.0 0.0 0.0
  outer loop
    vertex 7.020699501037598 7.165015697479248 0.5868580341339111
    vertex 7.068169593811035 6.934913158416748 0.43934011459350586
    vertex 6.934908866882324 7.068175792694092 0.43934011459350586
  endloop
endfacet
facet normal 0.0 0.0 0.0
  outer loop
    vertex 7.020699501037598 7.165015697479248 0.5868580341339111
    vertex 6.934908866882324 7.068175792694092 0.43934011459350586
    vertex 6.860049247741699 7.290870189666748 0.5868580341339111
  endloop
endfacet
facet normal 0.0 0.0 0.0
  outer loop
    vertex 6.860049247741699 7.290870189666748 0.5868580341339111
    vertex 6.934908866882324 7.068175792694092 0.43934011459350586
    vertex 6.786559104919434 7.184401988983154 0.43934011459350586
  endloop
endfacet
facet normal 0.0 0.0 0.0
  outer loop
    vertex 6.860049247741699 7.290870189666748 0.5868580341339111
    vertex 6.786559104919434 7.184401988983154 0.43934011459350586
    vertex 6.685399055480957 7.396453380584717 0.5868580341339111
  endloop
endfacet
facet normal 0.0 0.0 0.0
  outer loop
    vertex 6.685399055480957 7.396453380584717 0.5868580341339111
    vertex 6.786559104919434 7.184401988983154 0.43934011459350586
    vertex 6.625279426574707 7.281905651092529 0.43934011459350586
  endloop
endfacet
facet normal 0.0 0.0 0.0
  outer loop
    vertex 6.685399055480957 7.396453380584717 0.5868580341339111
    vertex 6.625279426574707 7.281905651092529 0.43934011459350586
    vertex 6.499289512634277 7.480208873748779 0.5868580341339111
  endloop
endfacet
facet normal 0.0 0.0 0.0
  outer loop
    vertex 6.499289512634277 7.480208873748779 0.5868580341339111
    vertex 6.625279426574707 7.281905651092529 0.43934011459350586
    vertex 6.453417778015137 7.3592448234558105 0.43934011459350586
  endloop
endfacet
facet normal 0.0 0.0 0.0
  outer loop
    vertex 6.499289512634277 7.480208873748779 0.5868580341339111
    vertex 6.453417778015137 7.3592448234558105 0.43934011459350586
    vertex 6.304448127746582 7.540923595428467 0.5868580341339111
  endloop
endfacet
facet normal 0.0 0.0 0.0
  outer loop
    vertex 6.304448127746582 7.540923595428467 0.5868580341339111
    vertex 6.453417778015137 7.3592448234558105 0.43934011459350586
    vertex 6.2734880447387695 7.415313243865967 0.43934011459350586
  endloop
endfacet
facet normal 0.0 0.0 0.0
  outer loop
    vertex 6.304448127746582 7.540923595428467 0.5868580341339111
    vertex 6.2734880447387695 7.415313243865967 0.43934011459350586
    vertex 6.1037092208862305 7.577712535858154 0.5868580341339111
  endloop
endfacet
facet normal 0.0 0.0 0.0
  outer loop
    vertex 6.1037092208862305 7.577712535858154 0.5868580341339111
    vertex 6.2734880447387695 7.415313243865967 0.43934011459350586
    vertex 6.088118553161621 7.449279308319092 0.43934011459350586
  endloop
endfacet
facet normal 0.0 0.0 0.0
  outer loop
    vertex 7.460658073425293 5.900001049041748 0.43934011459350586
    vertex 7.313138008117676 5.900001049041748 0.3099699020385742
    vertex 7.449278831481934 6.088119029998779 0.43934011459350586
  endloop
endfacet
facet normal 0.0 0.0 0.0
  outer loop
    vertex 7.449278831481934 6.088119029998779 0.43934011459350586
    vertex 7.313138008117676 5.900001049041748 0.3099699020385742
    vertex 7.302838325500488 6.070342540740967 0.3099699020385742
  endloop
endfacet
facet normal 0.0 0.0 0.0
  outer loop
    vertex 7.449278831481934 6.088119029998779 0.43934011459350586
    vertex 7.302838325500488 6.070342540740967 0.3099699020385742
    vertex 7.415308952331543 6.2734904289245605 0.43934011459350586
  endloop
endfacet
facet normal 0.0 0.0 0.0
  outer loop
    vertex 7.415308952331543 6.2734904289245605 0.43934011459350586
    vertex 7.302838325500488 6.070342540740967 0.3099699020385742
    vertex 7.272078514099121 6.238189220428467 0.3099699020385742
  endloop
endfacet
facet normal 0.0 0.0 0.0
  outer loop
    vertex 7.415308952331543 6.2734904289245605 0.43934011459350586
    vertex 7.272078514099121 6.238189220428467 0.3099699020385742
    vertex 7.359238624572754 6.4534220695495605 0.43934011459350586
  endloop
endfacet
facet normal 0.0 0.0 0.0
  outer loop
    vertex 7.359238624572754 6.4534220695495605 0.43934011459350586
    vertex 7.272078514099121 6.238189220428467 0.3099699020385742
    vertex 7.221308708190918 6.4011149406433105 0.3099699020385742
  endloop
endfacet
facet normal 0.0 0.0 0.0
  outer loop
    vertex 7.359238624572754 6.4534220695495605 0.43934011459350586
    vertex 7.221308708190918 6.4011149406433105 0.3099699020385742
    vertex 7.281899452209473 6.625281810760498 0.43934011459350586
  endloop
endfacet
facet normal 0.0 0.0 0.0
  outer loop
    vertex 7.281899452209473 6.625281810760498 0.43934011459350586
    vertex 7.221308708190918 6.4011149406433105 0.3099699020385742
    vertex 7.151278495788574 6.5567240715026855 0.3099699020385742
  endloop
endfacet
facet normal 0.0 0.0 0.0
  outer loop
    vertex 7.281899452209473 6.625281810760498 0.43934011459350586
    vertex 7.151278495788574 6.5567240715026855 0.3099699020385742
    vertex 7.184399604797363 6.786559581756592 0.43934011459350586
  endloop
endfacet
facet normal 0.0 0.0 0.0
  outer loop
    vertex 7.184399604797363 6.786559581756592 0.43934011459350586
    vertex 7.151278495788574 6.5567240715026855 0.3099699020385742
    vertex 7.062989234924316 6.702765941619873 0.3099699020385742
  endloop
endfacet
facet normal 0.0 0.0 0.0
  outer loop
    vertex 7.184399604797363 6.786559581756592 0.43934011459350586
    vertex 7.062989234924316 6.702765941619873 0.3099699020385742
    vertex 7.068169593811035 6.934913158416748 0.43934011459350586
  endloop
endfacet
facet normal 0.0 0.0 0.0
  outer loop
    vertex 7.068169593811035 6.934913158416748 0.43934011459350586
    vertex 7.062989234924316 6.702765941619873 0.3099699020385742
    vertex 6.957749366760254 6.8370890617370605 0.3099699020385742
  endloop
endfacet
facet normal 0.0 0.0 0.0
  outer loop
    vertex 7.068169593811035 6.934913158416748 0.43934011459350586
    vertex 6.957749366760254 6.8370890617370605 0.3099699020385742
    vertex 6.934908866882324 7.068175792694092 0.43934011459350586
  endloop
endfacet
facet normal 0.0 0.0 0.0
  outer loop
    vertex 6.934908866882324 7.068175792694092 0.43934011459350586
    vertex 6.957749366760254 6.8370890617370605 0.3099699020385742
    vertex 6.837088584899902 6.9577555656433105 0.3099699020385742
  endloop
endfacet
facet normal 0.0 0.0 0.0
  outer loop
    vertex 6.934908866882324 7.068175792694092 0.43934011459350586
    vertex 6.837088584899902 6.9577555656433105 0.3099699020385742
    vertex 6.786559104919434 7.184401988983154 0.43934011459350586
  endloop
endfacet
facet normal 0.0 0.0 0.0
  outer loop
    vertex 6.786559104919434 7.184401988983154 0.43934011459350586
    vertex 6.837088584899902 6.9577555656433105 0.3099699020385742
    vertex 6.702757835388184 7.062995433807373 0.3099699020385742
  endloop
endfacet
facet normal 0.0 0.0 0.0
  outer loop
    vertex 6.786559104919434 7.184401988983154 0.43934011459350586
    vertex 6.702757835388184 7.062995433807373 0.3099699020385742
    vertex 6.625279426574707 7.281905651092529 0.43934011459350586
  endloop
endfacet
facet normal 0.0 0.0 0.0
  outer loop
    vertex 6.625279426574707 7.281905651092529 0.43934011459350586
    vertex 6.702757835388184 7.062995433807373 0.3099699020385742
    vertex 6.556717872619629 7.151282787322998 0.3099699020385742
  endloop
endfacet
facet normal 0.0 0.0 0.0
  outer loop
    vertex 6.625279426574707 7.281905651092529 0.43934011459350586
    vertex 6.556717872619629 7.151282787322998 0.3099699020385742
    vertex 6.453417778015137 7.3592448234558105 0.43934011459350586
  endloop
endfacet
facet normal 0.0 0.0 0.0
  outer loop
    vertex 6.453417778015137 7.3592448234558105 0.43934011459350586
    vertex 6.556717872619629 7.151282787322998 0.3099699020385742
    vertex 6.401108741760254 7.221312999725342 0.3099699020385742
  endloop
endfacet
facet normal 0.0 0.0 0.0
  outer loop
    vertex 6.453417778015137 7.3592448234558105 0.43934011459350586
    vertex 6.401108741760254 7.221312999725342 0.3099699020385742
    vertex 6.2734880447387695 7.415313243865967 0.43934011459350586
  endloop
endfacet
facet normal 0.0 0.0 0.0
  outer loop
    vertex 6.2734880447387695 7.415313243865967 0.43934011459350586
    vertex 6.401108741760254 7.221312999725342 0.3099699020385742
    vertex 6.238188743591309 7.272078990936279 0.3099699020385742
  endloop
endfacet
facet normal 0.0 0.0 0.0
  outer loop
    vertex 6.2734880447387695 7.415313243865967 0.43934011459350586
    vertex 6.238188743591309 7.272078990936279 0.3099699020385742
    vertex 6.088118553161621 7.449279308319092 0.43934011459350586
  endloop
endfacet
facet normal 0.0 0.0 0.0
  outer loop
    vertex 6.088118553161621 7.449279308319092 0.43934011459350586
    vertex 6.238188743591309 7.272078990936279 0.3099699020385742
    vertex 6.070338249206543 7.302840709686279 0.3099699020385742
  endloop
endfacet
facet normal 0.0 0.0 0.0
  outer loop
    vertex 7.313138008117676 5.900001049041748 0.3099699020385742
    vertex 7.149998664855957 5.900001049041748 0.20096206665039062
    vertex 7.302838325500488 6.070342540740967 0.3099699020385742
  endloop
endfacet
facet normal 0.0 0.0 0.0
  outer loop
    vertex 7.302838325500488 6.070342540740967 0.3099699020385742
    vertex 7.149998664855957 5.900001049041748 0.20096206665039062
    vertex 7.1408891677856445 6.050673961639404 0.20096206665039062
  endloop
endfacet
facet normal 0.0 0.0 0.0
  outer loop
    vertex 7.302838325500488 6.070342540740967 0.3099699020385742
    vertex 7.1408891677856445 6.050673961639404 0.20096206665039062
    vertex 7.272078514099121 6.238189220428467 0.3099699020385742
  endloop
endfacet
facet normal 0.0 0.0 0.0
  outer loop
    vertex 7.272078514099121 6.238189220428467 0.3099699020385742
    vertex 7.1408891677856445 6.050673961639404 0.20096206665039062
    vertex 7.113678932189941 6.1991496086120605 0.20096206665039062
  endloop
endfacet
facet normal 0.0 0.0 0.0
  outer loop
    vertex 7.272078514099121 6.238189220428467 0.3099699020385742
    vertex 7.113678932189941 6.1991496086120605 0.20096206665039062
    vertex 7.221308708190918 6.4011149406433105 0.3099699020385742
  endloop
endfacet
facet normal 0.0 0.0 0.0
  outer loop
    vertex 7.221308708190918 6.4011149406433105 0.3099699020385742
    vertex 7.113678932189941 6.1991496086120605 0.20096206665039062
    vertex 7.068768501281738 6.343261241912842 0.20096206665039062
  endloop
endfacet
facet normal 0.0 0.0 0.0
  outer loop
    vertex 7.221308708190918 6.4011149406433105 0.3099699020385742
    vertex 7.068768501281738 6.343261241912842 0.20096206665039062
    vertex 7.151278495788574 6.5567240715026855 0.3099699020385742
  endloop
endfacet
facet normal 0.0 0.0 0.0
  outer loop
    vertex 7.151278495788574 6.5567240715026855 0.3099699020385742
    vertex 7.068768501281738 6.343261241912842 0.20096206665039062
    vertex 7.006817817687988 6.480910778045654 0.20096206665039062
  endloop
endfacet
facet normal 0.0 0.0 0.0
  outer loop
    vertex 7.151278495788574 6.5567240715026855 0.3099699020385742
    vertex 7.006817817687988 6.480910778045654 0.20096206665039062
    vertex 7.062989234924316 6.702765941619873 0.3099699020385742
  endloop
endfacet
facet normal 0.0 0.0 0.0
  outer loop
    vertex 7.062989234924316 6.702765941619873 0.3099699020385742
    vertex 7.006817817687988 6.480910778045654 0.20096206665039062
    vertex 6.928729057312012 6.610084056854248 0.20096206665039062
  endloop
endfacet
facet normal 0.0 0.0 0.0
  outer loop
    vertex 7.062989234924316 6.702765941619873 0.3099699020385742
    vertex 6.928729057312012 6.610084056854248 0.20096206665039062
    vertex 6.957749366760254 6.8370890617370605 0.3099699020385742
  endloop
endfacet
facet normal 0.0 0.0 0.0
  outer loop
    vertex 6.957749366760254 6.8370890617370605 0.3099699020385742
    vertex 6.928729057312012 6.610084056854248 0.20096206665039062
    vertex 6.835638999938965 6.7289042472839355 0.20096206665039062
  endloop
endfacet
facet normal 0.0 0.0 0.0
  outer loop
    vertex 6.957749366760254 6.8370890617370605 0.3099699020385742
    vertex 6.835638999938965 6.7289042472839355 0.20096206665039062
    vertex 6.837088584899902 6.9577555656433105 0.3099699020385742
  endloop
endfacet
facet normal 0.0 0.0 0.0
  outer loop
    vertex 6.837088584899902 6.9577555656433105 0.3099699020385742
    vertex 6.835638999938965 6.7289042472839355 0.20096206665039062
    vertex 6.728898048400879 6.835639476776123 0.20096206665039062
  endloop
endfacet
facet normal 0.0 0.0 0.0
  outer loop
    vertex 6.837088584899902 6.9577555656433105 0.3099699020385742
    vertex 6.728898048400879 6.835639476776123 0.20096206665039062
    vertex 6.702757835388184 7.062995433807373 0.3099699020385742
  endloop
endfacet
facet normal 0.0 0.0 0.0
  outer loop
    vertex 6.702757835388184 7.062995433807373 0.3099699020385742
    vertex 6.728898048400879 6.835639476776123 0.20096206665039062
    vertex 6.610077857971191 6.9287333488464355 0.20096206665039062
  endloop
endfacet
facet normal 0.0 0.0 0.0
  outer loop
    vertex 6.702757835388184 7.062995433807373 0.3099699020385742
    vertex 6.610077857971191 6.9287333488464355 0.20096206665039062
    vertex 6.556717872619629 7.151282787322998 0.3099699020385742
  endloop
endfacet
facet normal 0.0 0.0 0.0
  outer loop
    vertex 6.556717872619629 7.151282787322998 0.3099699020385742
    vertex 6.610077857971191 6.9287333488464355 0.20096206665039062
    vertex 6.480898857116699 7.006820201873779 0.20096206665039062
  endloop
endfacet
facet normal 0.0 0.0 0.0
  outer loop
    vertex 6.556717872619629 7.151282787322998 0.3099699020385742
    vertex 6.480898857116699 7.006820201873779 0.20096206665039062
    vertex 6.401108741760254 7.221312999725342 0.3099699020385742
  endloop
endfacet
facet normal 0.0 0.0 0.0
  outer loop
    vertex 6.401108741760254 7.221312999725342 0.3099699020385742
    vertex 6.480898857116699 7.006820201873779 0.20096206665039062
    vertex 6.343258857727051 7.068770885467529 0.20096206665039062
  endloop
endfacet
facet normal 0.0 0.0 0.0
  outer loop
    vertex 6.401108741760254 7.221312999725342 0.3099699020385742
    vertex 6.343258857727051 7.068770885467529 0.20096206665039062
    vertex 6.238188743591309 7.272078990936279 0.3099699020385742
  endloop
endfacet
facet normal 0.0 0.0 0.0
  outer loop
    vertex 6.238188743591309 7.272078990936279 0.3099699020385742
    vertex 6.343258857727051 7.068770885467529 0.20096206665039062
    vertex 6.199149131774902 7.113685131072998 0.20096206665039062
  endloop
endfacet
facet normal 0.0 0.0 0.0
  outer loop
    vertex 6.238188743591309 7.272078990936279 0.3099699020385742
    vertex 6.199149131774902 7.113685131072998 0.20096206665039062
    vertex 6.070338249206543 7.302840709686279 0.3099699020385742
  endloop
endfacet
facet normal 0.0 0.0 0.0
  outer loop
    vertex 6.070338249206543 7.302840709686279 0.3099699020385742
    vertex 6.199149131774902 7.113685131072998 0.20096206665039062
    vertex 6.050667762756348 7.1408915519714355 0.20096206665039062
  endloop
endfacet
facet normal 0.0 0.0 0.0
  outer loop
    vertex 7.149998664855957 5.900001049041748 0.20096206665039062
    vertex 6.974028587341309 5.900001049041748 0.1141810417175293
    vertex 7.1408891677856445 6.050673961639404 0.20096206665039062
  endloop
endfacet
facet normal 0.0 0.0 0.0
  outer loop
    vertex 7.1408891677856445 6.050673961639404 0.20096206665039062
    vertex 6.974028587341309 5.900001049041748 0.1141810417175293
    vertex 6.966189384460449 6.029464244842529 0.1141810417175293
  endloop
endfacet
facet normal 0.0 0.0 0.0
  outer loop
    vertex 7.1408891677856445 6.050673961639404 0.20096206665039062
    vertex 6.966189384460449 6.029464244842529 0.1141810417175293
    vertex 7.113678932189941 6.1991496086120605 0.20096206665039062
  endloop
endfacet
facet normal 0.0 0.0 0.0
  outer loop
    vertex 7.113678932189941 6.1991496086120605 0.20096206665039062
    vertex 6.966189384460449 6.029464244842529 0.1141810417175293
    vertex 6.942818641662598 6.1570353507995605 0.1141810417175293
  endloop
endfacet
facet normal 0.0 0.0 0.0
  outer loop
    vertex 7.113678932189941 6.1991496086120605 0.20096206665039062
    vertex 6.942818641662598 6.1570353507995605 0.1141810417175293
    vertex 7.068768501281738 6.343261241912842 0.20096206665039062
  endloop
endfacet
facet normal 0.0 0.0 0.0
  outer loop
    vertex 7.068768501281738 6.343261241912842 0.20096206665039062
    vertex 6.942818641662598 6.1570353507995605 0.1141810417175293
    vertex 6.904229164123535 6.280860424041748 0.1141810417175293
  endloop
endfacet
facet normal 0.0 0.0 0.0
  outer loop
    vertex 7.068768501281738 6.343261241912842 0.20096206665039062
    vertex 6.904229164123535 6.280860424041748 0.1141810417175293
    vertex 7.006817817687988 6.480910778045654 0.20096206665039062
  endloop
endfacet
facet normal 0.0 0.0 0.0
  outer loop
    vertex 7.006817817687988 6.480910778045654 0.20096206665039062
    vertex 6.904229164123535 6.280860424041748 0.1141810417175293
    vertex 6.850998878479004 6.3991312980651855 0.1141810417175293
  endloop
endfacet
facet normal 0.0 0.0 0.0
  outer loop
    vertex 7.006817817687988 6.480910778045654 0.20096206665039062
    vertex 6.850998878479004 6.3991312980651855 0.1141810417175293
    vertex 6.928729057312012 6.610084056854248 0.20096206665039062
  endloop
endfacet
facet normal 0.0 0.0 0.0
  outer loop
    vertex 6.928729057312012 6.610084056854248 0.20096206665039062
    vertex 6.850998878479004 6.3991312980651855 0.1141810417175293
    vertex 6.783907890319824 6.5101237297058105 0.1141810417175293
  endloop
endfacet
facet normal 0.0 0.0 0.0
  outer loop
    vertex 6.928729057312012 6.610084056854248 0.20096206665039062
    vertex 6.783907890319824 6.5101237297058105 0.1141810417175293
    vertex 6.835638999938965 6.7289042472839355 0.20096206665039062
  endloop
endfacet
facet normal 0.0 0.0 0.0
  outer loop
    vertex 6.835638999938965 6.7289042472839355 0.20096206665039062
    vertex 6.783907890319824 6.5101237297058105 0.1141810417175293
    vertex 6.703919410705566 6.612212657928467 0.1141810417175293
  endloop
endfacet
facet normal 0.0 0.0 0.0
  outer loop
    vertex 6.835638999938965 6.7289042472839355 0.20096206665039062
    vertex 6.703919410705566 6.612212657928467 0.1141810417175293
    vertex 6.728898048400879 6.835639476776123 0.20096206665039062
  endloop
endfacet
facet normal 0.0 0.0 0.0
  outer loop
    vertex 6.728898048400879 6.835639476776123 0.20096206665039062
    vertex 6.703919410705566 6.612212657928467 0.1141810417175293
    vertex 6.612208366394043 6.703925609588623 0.1141810417175293
  endloop
endfacet
facet normal 0.0 0.0 0.0
  outer loop
    vertex 6.728898048400879 6.835639476776123 0.20096206665039062
    vertex 6.612208366394043 6.703925609588623 0.1141810417175293
    vertex 6.610077857971191 6.9287333488464355 0.20096206665039062
  endloop
endfacet
facet normal 0.0 0.0 0.0
  outer loop
    vertex 6.610077857971191 6.9287333488464355 0.20096206665039062
    vertex 6.612208366394043 6.703925609588623 0.1141810417175293
    vertex 6.510119438171387 6.783912181854248 0.1141810417175293
  endloop
endfacet
facet normal 0.0 0.0 0.0
  outer loop
    vertex 6.610077857971191 6.9287333488464355 0.20096206665039062
    vertex 6.510119438171387 6.783912181854248 0.1141810417175293
    vertex 6.480898857116699 7.006820201873779 0.20096206665039062
  endloop
endfacet
facet normal 0.0 0.0 0.0
  outer loop
    vertex 6.480898857116699 7.006820201873779 0.20096206665039062
    vertex 6.510119438171387 6.783912181854248 0.1141810417175293
    vertex 6.3991289138793945 6.8510050773620605 0.1141810417175293
  endloop
endfacet
facet normal 0.0 0.0 0.0
  outer loop
    vertex 6.480898857116699 7.006820201873779 0.20096206665039062
    vertex 6.3991289138793945 6.8510050773620605 0.1141810417175293
    vertex 6.343258857727051 7.068770885467529 0.20096206665039062
  endloop
endfacet
facet normal 0.0 0.0 0.0
  outer loop
    vertex 6.343258857727051 7.068770885467529 0.20096206665039062
    vertex 6.3991289138793945 6.8510050773620605 0.1141810417175293
    vertex 6.280858039855957 6.904235363006592 0.1141810417175293
  endloop
endfacet
facet normal 0.0 0.0 0.0
  outer loop
    vertex 6.343258857727051 7.068770885467529 0.20096206665039062
    vertex 6.280858039855957 6.904235363006592 0.1141810417175293
    vertex 6.199149131774902 7.113685131072998 0.20096206665039062
  endloop
endfacet
facet normal 0.0 0.0 0.0
  outer loop
    vertex 6.199149131774902 7.113685131072998 0.20096206665039062
    vertex 6.280858039855957 6.904235363006592 0.1141810417175293
    vertex 6.157029151916504 6.942824840545654 0.1141810417175293
  endloop
endfacet
facet normal 0.0 0.0 0.0
  outer loop
    vertex 6.199149131774902 7.113685131072998 0.20096206665039062
    vertex 6.157029151916504 6.942824840545654 0.1141810417175293
    vertex 6.050667762756348 7.1408915519714355 0.20096206665039062
  endloop
endfacet
facet normal 0.0 0.0 0.0
  outer loop
    vertex 6.050667762756348 7.1408915519714355 0.20096206665039062
    vertex 6.157029151916504 6.942824840545654 0.1141810417175293
    vertex 6.029458045959473 6.966201305389404 0.1141810417175293
  endloop
endfacet
facet normal 0.0 0.0 0.0
  outer loop
    vertex 6.974028587341309 5.900001049041748 0.1141810417175293
    vertex 6.7882280349731445 5.900001049041748 0.05111098289489746
    vertex 6.966189384460449 6.029464244842529 0.1141810417175293
  endloop
endfacet
facet normal 0.0 0.0 0.0
  outer loop
    vertex 6.966189384460449 6.029464244842529 0.1141810417175293
    vertex 6.7882280349731445 5.900001049041748 0.05111098289489746
    vertex 6.7817487716674805 6.0070719718933105 0.05111098289489746
  endloop
endfacet
facet normal 0.0 0.0 0.0
  outer loop
    vertex 6.966189384460449 6.029464244842529 0.1141810417175293
    vertex 6.7817487716674805 6.0070719718933105 0.05111098289489746
    vertex 6.942818641662598 6.1570353507995605 0.1141810417175293
  endloop
endfacet
facet normal 0.0 0.0 0.0
  outer loop
    vertex 6.942818641662598 6.1570353507995605 0.1141810417175293
    vertex 6.7817487716674805 6.0070719718933105 0.05111098289489746
    vertex 6.762417793273926 6.1125712394714355 0.05111098289489746
  endloop
endfacet
facet normal 0.0 0.0 0.0
  outer loop
    vertex 6.942818641662598 6.1570353507995605 0.1141810417175293
    vertex 6.762417793273926 6.1125712394714355 0.05111098289489746
    vertex 6.904229164123535 6.280860424041748 0.1141810417175293
  endloop
endfacet
facet normal 0.0 0.0 0.0
  outer loop
    vertex 6.904229164123535 6.280860424041748 0.1141810417175293
    vertex 6.762417793273926 6.1125712394714355 0.05111098289489746
    vertex 6.730507850646973 6.214972972869873 0.05111098289489746
  endloop
endfacet
facet normal 0.0 0.0 0.0
  outer loop
    vertex 6.904229164123535 6.280860424041748 0.1141810417175293
    vertex 6.730507850646973 6.214972972869873 0.05111098289489746
    vertex 6.850998878479004 6.3991312980651855 0.1141810417175293
  endloop
endfacet
facet normal 0.0 0.0 0.0
  outer loop
    vertex 6.850998878479004 6.3991312980651855 0.1141810417175293
    vertex 6.730507850646973 6.214972972869873 0.05111098289489746
    vertex 6.686488151550293 6.312781810760498 0.05111098289489746
  endloop
endfacet
facet normal 0.0 0.0 0.0
  outer loop
    vertex 6.850998878479004 6.3991312980651855 0.1141810417175293
    vertex 6.686488151550293 6.312781810760498 0.05111098289489746
    vertex 6.783907890319824 6.5101237297058105 0.1141810417175293
  endloop
endfacet
facet normal 0.0 0.0 0.0
  outer loop
    vertex 6.783907890319824 6.5101237297058105 0.1141810417175293
    vertex 6.686488151550293 6.312781810760498 0.05111098289489746
    vertex 6.630999565124512 6.404571056365967 0.05111098289489746
  endloop
endfacet
facet normal 0.0 0.0 0.0
  outer loop
    vertex 6.783907890319824 6.5101237297058105 0.1141810417175293
    vertex 6.630999565124512 6.404571056365967 0.05111098289489746
    vertex 6.703919410705566 6.612212657928467 0.1141810417175293
  endloop
endfacet
facet normal 0.0 0.0 0.0
  outer loop
    vertex 6.703919410705566 6.612212657928467 0.1141810417175293
    vertex 6.630999565124512 6.404571056365967 0.05111098289489746
    vertex 6.564848899841309 6.489013195037842 0.05111098289489746
  endloop
endfacet
facet normal 0.0 0.0 0.0
  outer loop
    vertex 6.703919410705566 6.612212657928467 0.1141810417175293
    vertex 6.564848899841309 6.489013195037842 0.05111098289489746
    vertex 6.612208366394043 6.703925609588623 0.1141810417175293
  endloop
endfacet
facet normal 0.0 0.0 0.0
  outer loop
    vertex 6.612208366394043 6.703925609588623 0.1141810417175293
    vertex 6.564848899841309 6.489013195037842 0.05111098289489746
    vertex 6.489008903503418 6.564849376678467 0.05111098289489746
  endloop
endfacet
facet normal 0.0 0.0 0.0
  outer loop
    vertex 6.612208366394043 6.703925609588623 0.1141810417175293
    vertex 6.489008903503418 6.564849376678467 0.05111098289489746
    vertex 6.510119438171387 6.783912181854248 0.1141810417175293
  endloop
endfacet
facet normal 0.0 0.0 0.0
  outer loop
    vertex 6.510119438171387 6.783912181854248 0.1141810417175293
    vertex 6.489008903503418 6.564849376678467 0.05111098289489746
    vertex 6.404568672180176 6.6310038566589355 0.05111098289489746
  endloop
endfacet
facet normal 0.0 0.0 0.0
  outer loop
    vertex 6.510119438171387 6.783912181854248 0.1141810417175293
    vertex 6.404568672180176 6.6310038566589355 0.05111098289489746
    vertex 6.3991289138793945 6.8510050773620605 0.1141810417175293
  endloop
endfacet
facet normal 0.0 0.0 0.0
  outer loop
    vertex 6.3991289138793945 6.8510050773620605 0.1141810417175293
    vertex 6.404568672180176 6.6310038566589355 0.05111098289489746
    vertex 6.312779426574707 6.686492443084717 0.05111098289489746
  endloop
endfacet
facet normal 0.0 0.0 0.0
  outer loop
    vertex 6.3991289138793945 6.8510050773620605 0.1141810417175293
    vertex 6.312779426574707 6.686492443084717 0.05111098289489746
    vertex 6.280858039855957 6.904235363006592 0.1141810417175293
  endloop
endfacet
facet normal 0.0 0.0 0.0
  outer loop
    vertex 6.280858039855957 6.904235363006592 0.1141810417175293
    vertex 6.312779426574707 6.686492443084717 0.05111098289489746
    vertex 6.214968681335449 6.730514049530029 0.05111098289489746
  endloop
endfacet
facet normal 0.0 0.0 0.0
  outer loop
    vertex 6.280858039855957 6.904235363006592 0.1141810417175293
    vertex 6.214968681335449 6.730514049530029 0.05111098289489746
    vertex 6.157029151916504 6.942824840545654 0.1141810417175293
  endloop
endfacet
facet normal 0.0 0.0 0.0
  outer loop
    vertex 6.157029151916504 6.942824840545654 0.1141810417175293
    vertex 6.214968681335449 6.730514049530029 0.05111098289489746
    vertex 6.1125688552856445 6.762420177459717 0.05111098289489746
  endloop
endfacet
facet normal 0.0 0.0 0.0
  outer loop
    vertex 6.157029151916504 6.942824840545654 0.1141810417175293
    vertex 6.1125688552856445 6.762420177459717 0.05111098289489746
    vertex 6.029458045959473 6.966201305389404 0.1141810417175293
  endloop
endfacet
facet normal 0.0 0.0 0.0
  outer loop
    vertex 6.029458045959473 6.966201305389404 0.1141810417175293
    vertex 6.1125688552856445 6.762420177459717 0.05111098289489746
    vertex 6.007058143615723 6.781753063201904 0.05111098289489746
  endloop
endfacet
facet normal 0.0 0.0 0.0
  outer loop
    vertex 6.7882280349731445 5.900001049041748 0.05111098289489746
    vertex 6.59578800201416 5.900001049041748 0.012833118438720703
    vertex 6.7817487716674805 6.0070719718933105 0.05111098289489746
  endloop
endfacet
facet normal 0.0 0.0 0.0
  outer loop
    vertex 6.7817487716674805 6.0070719718933105 0.05111098289489746
    vertex 6.59578800201416 5.900001049041748 0.012833118438720703
    vertex 6.5907182693481445 5.983870983123779 0.012833118438720703
  endloop
endfacet
facet normal 0.0 0.0 0.0
  outer loop
    vertex 6.7817487716674805 6.0070719718933105 0.05111098289489746
    vertex 6.5907182693481445 5.983870983123779 0.012833118438720703
    vertex 6.762417793273926 6.1125712394714355 0.05111098289489746
  endloop
endfacet
facet normal 0.0 0.0 0.0
  outer loop
    vertex 6.762417793273926 6.1125712394714355 0.05111098289489746
    vertex 6.5907182693481445 5.983870983123779 0.012833118438720703
    vertex 6.575568199157715 6.066512584686279 0.012833118438720703
  endloop
endfacet
facet normal 0.0 0.0 0.0
  outer loop
    vertex 6.762417793273926 6.1125712394714355 0.05111098289489746
    vertex 6.575568199157715 6.066512584686279 0.012833118438720703
    vertex 6.730507850646973 6.214972972869873 0.05111098289489746
  endloop
endfacet
facet normal 0.0 0.0 0.0
  outer loop
    vertex 6.730507850646973 6.214972972869873 0.05111098289489746
    vertex 6.575568199157715 6.066512584686279 0.012833118438720703
    vertex 6.550568580627441 6.146735668182373 0.012833118438720703
  endloop
endfacet
facet normal 0.0 0.0 0.0
  outer loop
    vertex 6.730507850646973 6.214972972869873 0.05111098289489746
    vertex 6.550568580627441 6.146735668182373 0.012833118438720703
    vertex 6.686488151550293 6.312781810760498 0.05111098289489746
  endloop
endfacet
facet normal 0.0 0.0 0.0
  outer loop
    vertex 6.686488151550293 6.312781810760498 0.05111098289489746
    vertex 6.550568580627441 6.146735668182373 0.012833118438720703
    vertex 6.51608943939209 6.2233500480651855 0.012833118438720703
  endloop
endfacet
facet normal 0.0 0.0 0.0
  outer loop
    vertex 6.686488151550293 6.312781810760498 0.05111098289489746
    vertex 6.51608943939209 6.2233500480651855 0.012833118438720703
    vertex 6.630999565124512 6.404571056365967 0.05111098289489746
  endloop
endfacet
facet normal 0.0 0.0 0.0
  outer loop
    vertex 6.630999565124512 6.404571056365967 0.05111098289489746
    vertex 6.51608943939209 6.2233500480651855 0.012833118438720703
    vertex 6.47261905670166 6.295264720916748 0.012833118438720703
  endloop
endfacet
facet normal 0.0 0.0 0.0
  outer loop
    vertex 6.630999565124512 6.404571056365967 0.05111098289489746
    vertex 6.47261905670166 6.295264720916748 0.012833118438720703
    vertex 6.564848899841309 6.489013195037842 0.05111098289489746
  endloop
endfacet
facet normal 0.0 0.0 0.0
  outer loop
    vertex 6.564848899841309 6.489013195037842 0.05111098289489746
    vertex 6.47261905670166 6.295264720916748 0.012833118438720703
    vertex 6.420807838439941 6.361403942108154 0.012833118438720703
  endloop
endfacet
facet normal 0.0 0.0 0.0
  outer loop
    vertex 6.564848899841309 6.489013195037842 0.05111098289489746
    vertex 6.420807838439941 6.361403942108154 0.012833118438720703
    vertex 6.489008903503418 6.564849376678467 0.05111098289489746
  endloop
endfacet
facet normal 0.0 0.0 0.0
  outer loop
    vertex 6.489008903503418 6.564849376678467 0.05111098289489746
    vertex 6.420807838439941 6.361403942108154 0.012833118438720703
    vertex 6.361388206481934 6.420814037322998 0.012833118438720703
  endloop
endfacet
facet normal 0.0 0.0 0.0
  outer loop
    vertex 6.489008903503418 6.564849376678467 0.05111098289489746
    vertex 6.361388206481934 6.420814037322998 0.012833118438720703
    vertex 6.404568672180176 6.6310038566589355 0.05111098289489746
  endloop
endfacet
facet normal 0.0 0.0 0.0
  outer loop
    vertex 6.404568672180176 6.6310038566589355 0.05111098289489746
    vertex 6.361388206481934 6.420814037322998 0.012833118438720703
    vertex 6.295248985290527 6.472632884979248 0.012833118438720703
  endloop
endfacet
facet normal 0.0 0.0 0.0
  outer loop
    vertex 6.404568672180176 6.6310038566589355 0.05111098289489746
    vertex 6.295248985290527 6.472632884979248 0.012833118438720703
    vertex 6.312779426574707 6.686492443084717 0.05111098289489746
  endloop
endfacet
facet normal 0.0 0.0 0.0
  outer loop
    vertex 6.312779426574707 6.686492443084717 0.05111098289489746
    vertex 6.295248985290527 6.472632884979248 0.012833118438720703
    vertex 6.223349571228027 6.516089916229248 0.012833118438720703
  endloop
endfacet
facet normal 0.0 0.0 0.0
  outer loop
    vertex 6.312779426574707 6.686492443084717 0.05111098289489746
    vertex 6.223349571228027 6.516089916229248 0.012833118438720703
    vertex 6.214968681335449 6.730514049530029 0.05111098289489746
  endloop
endfacet
facet normal 0.0 0.0 0.0
  outer loop
    vertex 6.214968681335449 6.730514049530029 0.05111098289489746
    vertex 6.223349571228027 6.516089916229248 0.012833118438720703
    vertex 6.146729469299316 6.550582408905029 0.012833118438720703
  endloop
endfacet
facet normal 0.0 0.0 0.0
  outer loop
    vertex 6.214968681335449 6.730514049530029 0.05111098289489746
    vertex 6.146729469299316 6.550582408905029 0.012833118438720703
    vertex 6.1125688552856445 6.762420177459717 0.05111098289489746
  endloop
endfacet
facet normal 0.0 0.0 0.0
  outer loop
    vertex 6.1125688552856445 6.762420177459717 0.05111098289489746
    vertex 6.146729469299316 6.550582408905029 0.012833118438720703
    vertex 6.0665082931518555 6.575576305389404 0.012833118438720703
  endloop
endfacet
facet normal 0.0 0.0 0.0
  outer loop
    vertex 6.1125688552856445 6.762420177459717 0.05111098289489746
    vertex 6.0665082931518555 6.575576305389404 0.012833118438720703
    vertex 6.007058143615723 6.781753063201904 0.05111098289489746
  endloop
endfacet
facet normal 0.0 0.0 0.0
  outer loop
    vertex 6.007058143615723 6.781753063201904 0.05111098289489746
    vertex 6.0665082931518555 6.575576305389404 0.012833118438720703
    vertex 5.983868598937988 6.5907206535339355 0.012833118438720703
  endloop
endfacet
facet normal 0.0 0.0 0.0
  outer loop
    vertex 6.59578800201416 5.900001049041748 0.012833118438720703
    vertex 6.399998664855957 5.900001049041748 0.0
    vertex 6.5907182693481445 5.983870983123779 0.012833118438720703
  endloop
endfacet
facet normal 0.0 0.0 0.0
  outer loop
    vertex 6.5907182693481445 5.983870983123779 0.012833118438720703
    vertex 6.399998664855957 5.900001049041748 0.0
    vertex 6.387457847595215 6.011260509490967 0.0
  endloop
endfacet
facet normal 0.0 0.0 0.0
  outer loop
    vertex 6.5907182693481445 5.983870983123779 0.012833118438720703
    vertex 6.387457847595215 6.011260509490967 0.0
    vertex 6.575568199157715 6.066512584686279 0.012833118438720703
  endloop
endfacet
facet normal 0.0 0.0 0.0
  outer loop
    vertex 6.575568199157715 6.066512584686279 0.012833118438720703
    vertex 6.387457847595215 6.011260509490967 0.0
    vertex 6.550568580627441 6.146735668182373 0.012833118438720703
  endloop
endfacet
facet normal 0.0 0.0 0.0
  outer loop
    vertex 6.387457847595215 6.011260509490967 0.0
    vertex 6.350489616394043 6.116942882537842 0.0
    vertex 6.550568580627441 6.146735668182373 0.012833118438720703
  endloop
endfacet
facet normal 0.0 0.0 0.0
  outer loop
    vertex 6.550568580627441 6.146735668182373 0.012833118438720703
    vertex 6.350489616394043 6.116942882537842 0.0
    vertex 6.51608943939209 6.2233500480651855 0.012833118438720703
  endloop
endfacet
facet normal 0.0 0.0 0.0
  outer loop
    vertex 6.51608943939209 6.2233500480651855 0.012833118438720703
    vertex 6.350489616394043 6.116942882537842 0.0
    vertex 6.47261905670166 6.295264720916748 0.012833118438720703
  endloop
endfacet
facet normal 0.0 0.0 0.0
  outer loop
    vertex 6.47261905670166 6.295264720916748 0.012833118438720703
    vertex 6.350489616394043 6.116942882537842 0.0
    vertex 6.290919303894043 6.2117533683776855 0.0
  endloop
endfacet
facet normal 0.0 0.0 0.0
  outer loop
    vertex 6.47261905670166 6.295264720916748 0.012833118438720703
    vertex 6.290919303894043 6.2117533683776855 0.0
    vertex 6.420807838439941 6.361403942108154 0.012833118438720703
  endloop
endfacet
facet normal 0.0 0.0 0.0
  outer loop
    vertex 6.420807838439941 6.361403942108154 0.012833118438720703
    vertex 6.290919303894043 6.2117533683776855 0.0
    vertex 6.211749076843262 6.290923595428467 0.0
  endloop
endfacet
facet normal 0.0 0.0 0.0
  outer loop
    vertex 6.420807838439941 6.361403942108154 0.012833118438720703
    vertex 6.211749076843262 6.290923595428467 0.0
    vertex 6.361388206481934 6.420814037322998 0.012833118438720703
  endloop
endfacet
facet normal 0.0 0.0 0.0
  outer loop
    vertex 6.361388206481934 6.420814037322998 0.012833118438720703
    vertex 6.211749076843262 6.290923595428467 0.0
    vertex 6.295248985290527 6.472632884979248 0.012833118438720703
  endloop
endfacet
facet normal 0.0 0.0 0.0
  outer loop
    vertex 6.211749076843262 6.290923595428467 0.0
    vertex 6.116938591003418 6.350493907928467 0.0
    vertex 6.295248985290527 6.472632884979248 0.012833118438720703
  endloop
endfacet
facet normal 0.0 0.0 0.0
  outer loop
    vertex 6.295248985290527 6.472632884979248 0.012833118438720703
    vertex 6.116938591003418 6.350493907928467 0.0
    vertex 6.223349571228027 6.516089916229248 0.012833118438720703
  endloop
endfacet
facet normal 0.0 0.0 0.0
  outer loop
    vertex 6.223349571228027 6.516089916229248 0.012833118438720703
    vertex 6.116938591003418 6.350493907928467 0.0
    vertex 6.146729469299316 6.550582408905029 0.012833118438720703
  endloop
endfacet
facet normal 0.0 0.0 0.0
  outer loop
    vertex 6.146729469299316 6.550582408905029 0.012833118438720703
    vertex 6.116938591003418 6.350493907928467 0.0
    vertex 6.011258125305176 6.3874735832214355 0.0
  endloop
endfacet
facet normal 0.0 0.0 0.0
  outer loop
    vertex 6.146729469299316 6.550582408905029 0.012833118438720703
    vertex 6.011258125305176 6.3874735832214355 0.0
    vertex 6.0665082931518555 6.575576305389404 0.012833118438720703
  endloop
endfacet
facet normal 0.0 0.0 0.0
  outer loop
    vertex 6.0665082931518555 6.575576305389404 0.012833118438720703
    vertex 6.011258125305176 6.3874735832214355 0.0
    vertex 5.983868598937988 6.5907206535339355 0.012833118438720703
  endloop
endfacet
facet normal 0.0 0.0 0.0
  outer loop
    vertex -5.800002098083496 6.595794200897217 0.012833118438720703
    vertex -1.900000810623169 6.595794200897217 0.012833118438720703
    vertex -5.800002098083496 6.400001049041748 0.0
  endloop
endfacet
facet normal 0.0 0.0 0.0
  outer loop
    vertex -5.800002098083496 6.400001049041748 0.0
    vertex -1.900000810623169 6.595794200897217 0.012833118438720703
    vertex 1.9999969005584717 6.595794200897217 0.012833118438720703
  endloop
endfacet
facet normal 0.0 0.0 0.0
  outer loop
    vertex -5.800002098083496 6.400001049041748 0.0
    vertex 1.9999969005584717 6.595794200897217 0.012833118438720703
    vertex 5.899998664855957 6.400001049041748 0.0
  endloop
endfacet
facet normal 0.0 0.0 0.0
  outer loop
    vertex 5.899998664855957 6.400001049041748 0.0
    vertex 1.9999969005584717 6.595794200897217 0.012833118438720703
    vertex 5.899998664855957 6.595794200897217 0.012833118438720703
  endloop
endfacet
facet normal 0.0 0.0 0.0
  outer loop
    vertex 5.899998664855957 6.595794200897217 0.012833118438720703
    vertex 1.9999969005584717 6.595794200897217 0.012833118438720703
    vertex 5.899998664855957 6.7882304191589355 0.05111098289489746
  endloop
endfacet
facet normal 0.0 0.0 0.0
  outer loop
    vertex 5.899998664855957 6.7882304191589355 0.05111098289489746
    vertex 1.9999969005584717 6.595794200897217 0.012833118438720703
    vertex 1.9999969005584717 6.7882304191589355 0.05111098289489746
  endloop
endfacet
facet normal 0.0 0.0 0.0
  outer loop
    vertex 5.899998664855957 6.7882304191589355 0.05111098289489746
    vertex 1.9999969005584717 6.7882304191589355 0.05111098289489746
    vertex 5.899998664855957 6.974029064178467 0.1141810417175293
  endloop
endfacet
facet normal 0.0 0.0 0.0
  outer loop
    vertex 5.899998664855957 6.974029064178467 0.1141810417175293
    vertex 1.9999969005584717 6.7882304191589355 0.05111098289489746
    vertex 1.9999969005584717 6.974029064178467 0.1141810417175293
  endloop
endfacet
facet normal 0.0 0.0 0.0
  outer loop
    vertex 5.899998664855957 6.974029064178467 0.1141810417175293
    vertex 1.9999969005584717 6.974029064178467 0.1141810417175293
    vertex 5.899998664855957 7.150001049041748 0.20096206665039062
  endloop
endfacet
facet normal 0.0 0.0 0.0
  outer loop
    vertex 5.899998664855957 7.150001049041748 0.20096206665039062
    vertex 1.9999969005584717 6.974029064178467 0.1141810417175293
    vertex 1.9999969005584717 7.150001049041748 0.20096206665039062
  endloop
endfacet
facet normal 0.0 0.0 0.0
  outer loop
    vertex 5.899998664855957 7.150001049041748 0.20096206665039062
    vertex 1.9999969005584717 7.150001049041748 0.20096206665039062
    vertex 5.899998664855957 7.313140392303467 0.3099699020385742
  endloop
endfacet
facet normal 0.0 0.0 0.0
  outer loop
    vertex 5.899998664855957 7.313140392303467 0.3099699020385742
    vertex 1.9999969005584717 7.150001049041748 0.20096206665039062
    vertex 1.9999969005584717 7.313140392303467 0.3099699020385742
  endloop
endfacet
facet normal 0.0 0.0 0.0
  outer loop
    vertex 5.899998664855957 7.313140392303467 0.3099699020385742
    vertex 1.9999969005584717 7.313140392303467 0.3099699020385742
    vertex 5.899998664855957 7.460662364959717 0.43934011459350586
  endloop
endfacet
facet normal 0.0 0.0 0.0
  outer loop
    vertex 5.899998664855957 7.460662364959717 0.43934011459350586
    vertex 1.9999969005584717 7.313140392303467 0.3099699020385742
    vertex 1.9999969005584717 7.460662364959717 0.43934011459350586
  endloop
endfacet
facet normal 0.0 0.0 0.0
  outer loop
    vertex 5.899998664855957 7.460662364959717 0.43934011459350586
    vertex 1.9999969005584717 7.460662364959717 0.43934011459350586
    vertex 5.899998664855957 7.590034008026123 0.5868580341339111
  endloop
endfacet
facet normal 0.0 0.0 0.0
  outer loop
    vertex 5.899998664855957 7.590034008026123 0.5868580341339111
    vertex 1.9999969005584717 7.460662364959717 0.43934011459350586
    vertex 1.9999969005584717 7.590034008026123 0.5868580341339111
  endloop
endfacet
facet normal 0.0 0.0 0.0
  outer loop
    vertex 5.899998664855957 7.590034008026123 0.5868580341339111
    vertex 1.9999969005584717 7.590034008026123 0.5868580341339111
    vertex 5.899998664855957 7.699042797088623 0.75
  endloop
endfacet
facet normal 0.0 0.0 0.0
  outer loop
    vertex 5.899998664855957 7.699042797088623 0.75
    vertex 1.9999969005584717 7.590034008026123 0.5868580341339111
    vertex 1.9999969005584717 7.699042797088623 0.75
  endloop
endfacet
facet normal 0.0 0.0 0.0
  outer loop
    vertex 5.899998664855957 7.699042797088623 0.75
    vertex 1.9999969005584717 7.699042797088623 0.75
    vertex 5.899998664855957 7.7858195304870605 0.9259748458862305
  endloop
endfacet
facet normal 0.0 0.0 0.0
  outer loop
    vertex 5.899998664855957 7.7858195304870605 0.9259748458862305
    vertex 1.9999969005584717 7.699042797088623 0.75
    vertex 1.9999969005584717 7.7858195304870605 0.9259748458862305
  endloop
endfacet
facet normal 0.0 0.0 0.0
  outer loop
    vertex 5.899998664855957 7.7858195304870605 0.9259748458862305
    vertex 1.9999969005584717 7.7858195304870605 0.9259748458862305
    vertex 5.899998664855957 7.848891735076904 1.1117713451385498
  endloop
endfacet
facet normal 0.0 0.0 0.0
  outer loop
    vertex 5.899998664855957 7.848891735076904 1.1117713451385498
    vertex 1.9999969005584717 7.7858195304870605 0.9259748458862305
    vertex 1.9999969005584717 7.848891735076904 1.1117713451385498
  endloop
endfacet
facet normal 0.0 0.0 0.0
  outer loop
    vertex 5.899998664855957 7.848891735076904 1.1117713451385498
    vertex 1.9999969005584717 7.848891735076904 1.1117713451385498
    vertex 5.899998664855957 7.887176036834717 1.3042106628417969
  endloop
endfacet
facet normal 0.0 0.0 0.0
  outer loop
    vertex 5.899998664855957 7.887176036834717 1.3042106628417969
    vertex 1.9999969005584717 7.848891735076904 1.1117713451385498
    vertex 1.9999969005584717 7.887176036834717 1.3042106628417969
  endloop
endfacet
facet normal 0.0 0.0 0.0
  outer loop
    vertex 5.899998664855957 7.887176036834717 1.3042106628417969
    vertex 1.9999969005584717 7.887176036834717 1.3042106628417969
    vertex 5.899998664855957 7.900001049041748 1.5
  endloop
endfacet
facet normal 0.0 0.0 0.0
  outer loop
    vertex 5.899998664855957 7.900001049041748 1.5
    vertex 1.9999969005584717 7.887176036834717 1.3042106628417969
    vertex -1.900000810623169 7.887176036834717 1.3042106628417969
  endloop
endfacet
facet normal 0.0 0.0 0.0
  outer loop
    vertex 5.899998664855957 7.900001049041748 1.5
    vertex -1.900000810623169 7.887176036834717 1.3042106628417969
    vertex -5.800002098083496 7.900001049041748 1.5
  endloop
endfacet
facet normal 0.0 0.0 0.0
  outer loop
    vertex -5.800002098083496 7.900001049041748 1.5
    vertex -1.900000810623169 7.887176036834717 1.3042106628417969
    vertex -5.800002098083496 7.887176036834717 1.3042106628417969
  endloop
endfacet
facet normal 0.0 0.0 0.0
  outer loop
    vertex -5.800002098083496 7.887176036834717 1.3042106628417969
    vertex -1.900000810623169 7.887176036834717 1.3042106628417969
    vertex -5.800002098083496 7.848891735076904 1.1117713451385498
  endloop
endfacet
facet normal 0.0 0.0 0.0
  outer loop
    vertex -5.800002098083496 7.848891735076904 1.1117713451385498
    vertex -1.900000810623169 7.887176036834717 1.3042106628417969
    vertex -1.900000810623169 7.848891735076904 1.1117713451385498
  endloop
endfacet
facet normal 0.0 0.0 0.0
  outer loop
    vertex -5.800002098083496 7.848891735076904 1.1117713451385498
    vertex -1.900000810623169 7.848891735076904 1.1117713451385498
    vertex -5.800002098083496 7.7858195304870605 0.9259748458862305
  endloop
endfacet
facet normal 0.0 0.0 0.0
  outer loop
    vertex -5.800002098083496 7.7858195304870605 0.9259748458862305
    vertex -1.900000810623169 7.848891735076904 1.1117713451385498
    vertex -1.900000810623169 7.7858195304870605 0.9259748458862305
  endloop
endfacet
facet normal 0.0 0.0 0.0
  outer loop
    vertex -5.800002098083496 7.7858195304870605 0.9259748458862305
    vertex -1.900000810623169 7.7858195304870605 0.9259748458862305
    vertex -5.800002098083496 7.699042797088623 0.75
  endloop
endfacet
facet normal 0.0 0.0 0.0
  outer loop
    vertex -5.800002098083496 7.699042797088623 0.75
    vertex -1.900000810623169 7.7858195304870605 0.9259748458862305
    vertex -1.900000810623169 7.699042797088623 0.75
  endloop
endfacet
facet normal 0.0 0.0 0.0
  outer loop
    vertex -5.800002098083496 7.699042797088623 0.75
    vertex -1.900000810623169 7.699042797088623 0.75
    vertex -5.800002098083496 7.590034008026123 0.5868580341339111
  endloop
endfacet
facet normal 0.0 0.0 0.0
  outer loop
    vertex -5.800002098083496 7.590034008026123 0.5868580341339111
    vertex -1.900000810623169 7.699042797088623 0.75
    vertex -1.900000810623169 7.590034008026123 0.5868580341339111
  endloop
endfacet
facet normal 0.0 0.0 0.0
  outer loop
    vertex -5.800002098083496 7.590034008026123 0.5868580341339111
    vertex -1.900000810623169 7.590034008026123 0.5868580341339111
    vertex -5.800002098083496 7.460662364959717 0.43934011459350586
  endloop
endfacet
facet normal 0.0 0.0 0.0
  outer loop
    vertex -5.800002098083496 7.460662364959717 0.43934011459350586
    vertex -1.900000810623169 7.590034008026123 0.5868580341339111
    vertex -1.900000810623169 7.460662364959717 0.43934011459350586
  endloop
endfacet
facet normal 0.0 0.0 0.0
  outer loop
    vertex -5.800002098083496 7.460662364959717 0.43934011459350586
    vertex -1.900000810623169 7.460662364959717 0.43934011459350586
    vertex -5.800002098083496 7.313140392303467 0.3099699020385742
  endloop
endfacet
facet normal 0.0 0.0 0.0
  outer loop
    vertex -5.800002098083496 7.313140392303467 0.3099699020385742
    vertex -1.900000810623169 7.460662364959717 0.43934011459350586
    vertex -1.900000810623169 7.313140392303467 0.3099699020385742
  endloop
endfacet
facet normal 0.0 0.0 0.0
  outer loop
    vertex -5.800002098083496 7.313140392303467 0.3099699020385742
    vertex -1.900000810623169 7.313140392303467 0.3099699020385742
    vertex -5.800002098083496 7.150001049041748 0.20096206665039062
  endloop
endfacet
facet normal 0.0 0.0 0.0
  outer loop
    vertex -5.800002098083496 7.150001049041748 0.20096206665039062
    vertex -1.900000810623169 7.313140392303467 0.3099699020385742
    vertex -1.900000810623169 7.150001049041748 0.20096206665039062
  endloop
endfacet
facet normal 0.0 0.0 0.0
  outer loop
    vertex -5.800002098083496 7.150001049041748 0.20096206665039062
    vertex -1.900000810623169 7.150001049041748 0.20096206665039062
    vertex -5.800002098083496 6.974029064178467 0.1141810417175293
  endloop
endfacet
facet normal 0.0 0.0 0.0
  outer loop
    vertex -5.800002098083496 6.974029064178467 0.1141810417175293
    vertex -1.900000810623169 7.150001049041748 0.20096206665039062
    vertex -1.900000810623169 6.974029064178467 0.1141810417175293
  endloop
endfacet
facet normal 0.0 0.0 0.0
  outer loop
    vertex -5.800002098083496 6.974029064178467 0.1141810417175293
    vertex -1.900000810623169 6.974029064178467 0.1141810417175293
    vertex -5.800002098083496 6.7882304191589355 0.05111098289489746
  endloop
endfacet
facet normal 0.0 0.0 0.0
  outer loop
    vertex -5.800002098083496 6.7882304191589355 0.05111098289489746
    vertex -1.900000810623169 6.974029064178467 0.1141810417175293
    vertex -1.900000810623169 6.7882304191589355 0.05111098289489746
  endloop
endfacet
facet normal 0.0 0.0 0.0
  outer loop
    vertex -5.800002098083496 6.7882304191589355 0.05111098289489746
    vertex -1.900000810623169 6.7882304191589355 0.05111098289489746
    vertex -5.800002098083496 6.595794200897217 0.012833118438720703
  endloop
endfacet
facet normal 0.0 0.0 0.0
  outer loop
    vertex -5.800002098083496 6.595794200897217 0.012833118438720703
    vertex -1.900000810623169 6.7882304191589355 0.05111098289489746
    vertex -1.900000810623169 6.595794200897217 0.012833118438720703
  endloop
endfacet
facet normal 0.0 0.0 0.0
  outer loop
    vertex 1.9999969005584717 6.7882304191589355 0.05111098289489746
    vertex 1.9999969005584717 6.595794200897217 0.012833118438720703
    vertex -1.900000810623169 6.595794200897217 0.012833118438720703
  endloop
endfacet
facet normal 0.0 0.0 0.0
  outer loop
    vertex 1.9999969005584717 6.7882304191589355 0.05111098289489746
    vertex -1.900000810623169 6.595794200897217 0.012833118438720703
    vertex -1.900000810623169 6.7882304191589355 0.05111098289489746
  endloop
endfacet
facet normal 0.0 0.0 0.0
  outer loop
    vertex 1.9999969005584717 6.974029064178467 0.1141810417175293
    vertex 1.9999969005584717 6.7882304191589355 0.05111098289489746
    vertex -1.900000810623169 6.7882304191589355 0.05111098289489746
  endloop
endfacet
facet normal 0.0 0.0 0.0
  outer loop
    vertex 1.9999969005584717 6.974029064178467 0.1141810417175293
    vertex -1.900000810623169 6.7882304191589355 0.05111098289489746
    vertex -1.900000810623169 6.974029064178467 0.1141810417175293
  endloop
endfacet
facet normal 0.0 0.0 0.0
  outer loop
    vertex 1.9999969005584717 7.150001049041748 0.20096206665039062
    vertex 1.9999969005584717 6.974029064178467 0.1141810417175293
    vertex -1.900000810623169 6.974029064178467 0.1141810417175293
  endloop
endfacet
facet normal 0.0 0.0 0.0
  outer loop
    vertex 1.9999969005584717 7.150001049041748 0.20096206665039062
    vertex -1.900000810623169 6.974029064178467 0.1141810417175293
    vertex -1.900000810623169 7.150001049041748 0.20096206665039062
  endloop
endfacet
facet normal 0.0 0.0 0.0
  outer loop
    vertex 1.9999969005584717 7.313140392303467 0.3099699020385742
    vertex 1.9999969005584717 7.150001049041748 0.20096206665039062
    vertex -1.900000810623169 7.150001049041748 0.20096206665039062
  endloop
endfacet
facet normal 0.0 0.0 0.0
  outer loop
    vertex 1.9999969005584717 7.313140392303467 0.3099699020385742
    vertex -1.900000810623169 7.150001049041748 0.20096206665039062
    vertex -1.900000810623169 7.313140392303467 0.3099699020385742
  endloop
endfacet
facet normal 0.0 0.0 0.0
  outer loop
    vertex 1.9999969005584717 7.460662364959717 0.43934011459350586
    vertex 1.9999969005584717 7.313140392303467 0.3099699020385742
    vertex -1.900000810623169 7.313140392303467 0.3099699020385742
  endloop
endfacet
facet normal 0.0 0.0 0.0
  outer loop
    vertex 1.9999969005584717 7.460662364959717 0.43934011459350586
    vertex -1.900000810623169 7.313140392303467 0.3099699020385742
    vertex -1.900000810623169 7.460662364959717 0.43934011459350586
  endloop
endfacet
facet normal 0.0 0.0 0.0
  outer loop
    vertex 1.9999969005584717 7.590034008026123 0.5868580341339111
    vertex 1.9999969005584717 7.460662364959717 0.43934011459350586
    vertex -1.900000810623169 7.460662364959717 0.43934011459350586
  endloop
endfacet
facet normal 0.0 0.0 0.0
  outer loop
    vertex 1.9999969005584717 7.590034008026123 0.5868580341339111
    vertex -1.900000810623169 7.460662364959717 0.43934011459350586
    vertex -1.900000810623169 7.590034008026123 0.5868580341339111
  endloop
endfacet
facet normal 0.0 0.0 0.0
  outer loop
    vertex 1.9999969005584717 7.699042797088623 0.75
    vertex 1.9999969005584717 7.590034008026123 0.5868580341339111
    vertex -1.900000810623169 7.590034008026123 0.5868580341339111
  endloop
endfacet
facet normal 0.0 0.0 0.0
  outer loop
    vertex 1.9999969005584717 7.699042797088623 0.75
    vertex -1.900000810623169 7.590034008026123 0.5868580341339111
    vertex -1.900000810623169 7.699042797088623 0.75
  endloop
endfacet
facet normal 0.0 0.0 0.0
  outer loop
    vertex 1.9999969005584717 7.7858195304870605 0.9259748458862305
    vertex 1.9999969005584717 7.699042797088623 0.75
    vertex -1.900000810623169 7.699042797088623 0.75
  endloop
endfacet
facet normal 0.0 0.0 0.0
  outer loop
    vertex 1.9999969005584717 7.7858195304870605 0.9259748458862305
    vertex -1.900000810623169 7.699042797088623 0.75
    vertex -1.900000810623169 7.7858195304870605 0.9259748458862305
  endloop
endfacet
facet normal 0.0 0.0 0.0
  outer loop
    vertex 1.9999969005584717 7.848891735076904 1.1117713451385498
    vertex 1.9999969005584717 7.7858195304870605 0.9259748458862305
    vertex -1.900000810623169 7.7858195304870605 0.9259748458862305
  endloop
endfacet
facet normal 0.0 0.0 0.0
  outer loop
    vertex 1.9999969005584717 7.848891735076904 1.1117713451385498
    vertex -1.900000810623169 7.7858195304870605 0.9259748458862305
    vertex -1.900000810623169 7.848891735076904 1.1117713451385498
  endloop
endfacet
facet normal 0.0 0.0 0.0
  outer loop
    vertex 1.9999969005584717 7.887176036834717 1.3042106628417969
    vertex 1.9999969005584717 7.848891735076904 1.1117713451385498
    vertex -1.900000810623169 7.848891735076904 1.1117713451385498
  endloop
endfacet
facet normal 0.0 0.0 0.0
  outer loop
    vertex 1.9999969005584717 7.887176036834717 1.3042106628417969
    vertex -1.900000810623169 7.848891735076904 1.1117713451385498
    vertex -1.900000810623169 7.887176036834717 1.3042106628417969
  endloop
endfacet
facet normal 0.0 0.0 0.0
  outer loop
    vertex -6.287470817565918 6.011260509490967 0.0
    vertex -6.300002098083496 5.900001049041748 0.0
    vertex -6.490721702575684 5.983870983123779 0.012833118438720703
  endloop
endfacet
facet normal 0.0 0.0 0.0
  outer loop
    vertex -6.490721702575684 5.983870983123779 0.012833118438720703
    vertex -6.300002098083496 5.900001049041748 0.0
    vertex -6.495791435241699 5.900001049041748 0.012833118438720703
  endloop
endfacet
facet normal 0.0 0.0 0.0
  outer loop
    vertex -6.490721702575684 5.983870983123779 0.012833118438720703
    vertex -6.495791435241699 5.900001049041748 0.012833118438720703
    vertex -6.688231468200684 5.900001049041748 0.05111098289489746
  endloop
endfacet
facet normal 0.0 0.0 0.0
  outer loop
    vertex -6.490721702575684 5.983870983123779 0.012833118438720703
    vertex -6.688231468200684 5.900001049041748 0.05111098289489746
    vertex -6.681750297546387 6.0070719718933105 0.05111098289489746
  endloop
endfacet
facet normal 0.0 0.0 0.0
  outer loop
    vertex -6.681750297546387 6.0070719718933105 0.05111098289489746
    vertex -6.688231468200684 5.900001049041748 0.05111098289489746
    vertex -6.874030113220215 5.900001049041748 0.1141810417175293
  endloop
endfacet
facet normal 0.0 0.0 0.0
  outer loop
    vertex -6.681750297546387 6.0070719718933105 0.05111098289489746
    vertex -6.874030113220215 5.900001049041748 0.1141810417175293
    vertex -6.866202354431152 6.029464244842529 0.1141810417175293
  endloop
endfacet
facet normal 0.0 0.0 0.0
  outer loop
    vertex -6.866202354431152 6.029464244842529 0.1141810417175293
    vertex -6.874030113220215 5.900001049041748 0.1141810417175293
    vertex -7.050002098083496 5.900001049041748 0.20096206665039062
  endloop
endfacet
facet normal 0.0 0.0 0.0
  outer loop
    vertex -6.866202354431152 6.029464244842529 0.1141810417175293
    vertex -7.050002098083496 5.900001049041748 0.20096206665039062
    vertex -7.040892601013184 6.050673961639404 0.20096206665039062
  endloop
endfacet
facet normal 0.0 0.0 0.0
  outer loop
    vertex -7.040892601013184 6.050673961639404 0.20096206665039062
    vertex -7.050002098083496 5.900001049041748 0.20096206665039062
    vertex -7.213141441345215 5.900001049041748 0.3099699020385742
  endloop
endfacet
facet normal 0.0 0.0 0.0
  outer loop
    vertex -7.040892601013184 6.050673961639404 0.20096206665039062
    vertex -7.213141441345215 5.900001049041748 0.3099699020385742
    vertex -7.202841758728027 6.070342540740967 0.3099699020385742
  endloop
endfacet
facet normal 0.0 0.0 0.0
  outer loop
    vertex -7.202841758728027 6.070342540740967 0.3099699020385742
    vertex -7.213141441345215 5.900001049041748 0.3099699020385742
    vertex -7.360659599304199 5.900001049041748 0.43934011459350586
  endloop
endfacet
facet normal 0.0 0.0 0.0
  outer loop
    vertex -7.202841758728027 6.070342540740967 0.3099699020385742
    vertex -7.360659599304199 5.900001049041748 0.43934011459350586
    vertex -7.34928035736084 6.088119029998779 0.43934011459350586
  endloop
endfacet
facet normal 0.0 0.0 0.0
  outer loop
    vertex -7.34928035736084 6.088119029998779 0.43934011459350586
    vertex -7.360659599304199 5.900001049041748 0.43934011459350586
    vertex -7.4900312423706055 5.900001049041748 0.5868580341339111
  endloop
endfacet
facet normal 0.0 0.0 0.0
  outer loop
    vertex -7.34928035736084 6.088119029998779 0.43934011459350586
    vertex -7.4900312423706055 5.900001049041748 0.5868580341339111
    vertex -7.477709770202637 6.103713512420654 0.5868580341339111
  endloop
endfacet
facet normal 0.0 0.0 0.0
  outer loop
    vertex -7.477709770202637 6.103713512420654 0.5868580341339111
    vertex -7.4900312423706055 5.900001049041748 0.5868580341339111
    vertex -7.5990400314331055 5.900001049041748 0.75
  endloop
endfacet
facet normal 0.0 0.0 0.0
  outer loop
    vertex -7.477709770202637 6.103713512420654 0.5868580341339111
    vertex -7.5990400314331055 5.900001049041748 0.75
    vertex -7.585921287536621 6.116851329803467 0.75
  endloop
endfacet
facet normal 0.0 0.0 0.0
  outer loop
    vertex -7.585921287536621 6.116851329803467 0.75
    vertex -7.5990400314331055 5.900001049041748 0.75
    vertex -7.685820579528809 5.900001049041748 0.9259748458862305
  endloop
endfacet
facet normal 0.0 0.0 0.0
  outer loop
    vertex -7.585921287536621 6.116851329803467 0.75
    vertex -7.685820579528809 5.900001049041748 0.9259748458862305
    vertex -7.672072410583496 6.1273112297058105 0.9259748458862305
  endloop
endfacet
facet normal 0.0 0.0 0.0
  outer loop
    vertex -7.672072410583496 6.1273112297058105 0.9259748458862305
    vertex -7.685820579528809 5.900001049041748 0.9259748458862305
    vertex -7.748892784118652 5.900001049041748 1.1117712259292603
  endloop
endfacet
facet normal 0.0 0.0 0.0
  outer loop
    vertex -7.672072410583496 6.1273112297058105 0.9259748458862305
    vertex -7.748892784118652 5.900001049041748 1.1117712259292603
    vertex -7.734683036804199 6.1349101066589355 1.1117712259292603
  endloop
endfacet
facet normal 0.0 0.0 0.0
  outer loop
    vertex -7.734683036804199 6.1349101066589355 1.1117712259292603
    vertex -7.748892784118652 5.900001049041748 1.1117712259292603
    vertex -7.787169456481934 5.900001049041748 1.3042105436325073
  endloop
endfacet
facet normal 0.0 0.0 0.0
  outer loop
    vertex -7.734683036804199 6.1349101066589355 1.1117712259292603
    vertex -7.787169456481934 5.900001049041748 1.3042105436325073
    vertex -7.77268123626709 6.139533519744873 1.3042105436325073
  endloop
endfacet
facet normal 0.0 0.0 0.0
  outer loop
    vertex -7.77268123626709 6.139533519744873 1.3042105436325073
    vertex -7.787169456481934 5.900001049041748 1.3042105436325073
    vertex -7.800002098083496 5.900001049041748 1.4999998807907104
  endloop
endfacet
facet normal 0.0 0.0 0.0
  outer loop
    vertex -7.77268123626709 6.139533519744873 1.3042105436325073
    vertex -7.800002098083496 5.900001049041748 1.4999998807907104
    vertex -7.785422325134277 6.141082286834717 1.4999998807907104
  endloop
endfacet
facet normal 0.0 0.0 0.0
  outer loop
    vertex -7.77268123626709 6.139533519744873 1.3042105436325073
    vertex -7.785422325134277 6.141082286834717 1.4999998807907104
    vertex -7.729430198669434 6.375564098358154 1.3042105436325073
  endloop
endfacet
facet normal 0.0 0.0 0.0
  outer loop
    vertex -7.729430198669434 6.375564098358154 1.3042105436325073
    vertex -7.785422325134277 6.141082286834717 1.4999998807907104
    vertex -7.7418928146362305 6.378631114959717 1.4999998807907104
  endloop
endfacet
facet normal 0.0 0.0 0.0
  outer loop
    vertex -7.729430198669434 6.375564098358154 1.3042105436325073
    vertex -7.7418928146362305 6.378631114959717 1.4999998807907104
    vertex -7.658041954040527 6.604659557342529 1.3042105436325073
  endloop
endfacet
facet normal 0.0 0.0 0.0
  outer loop
    vertex -7.658041954040527 6.604659557342529 1.3042105436325073
    vertex -7.7418928146362305 6.378631114959717 1.4999998807907104
    vertex -7.670031547546387 6.6092143058776855 1.4999998807907104
  endloop
endfacet
facet normal 0.0 0.0 0.0
  outer loop
    vertex -7.658041954040527 6.604659557342529 1.3042105436325073
    vertex -7.670031547546387 6.6092143058776855 1.4999998807907104
    vertex -7.5595502853393555 6.823485851287842 1.3042105436325073
  endloop
endfacet
facet normal 0.0 0.0 0.0
  outer loop
    vertex -7.5595502853393555 6.823485851287842 1.3042105436325073
    vertex -7.670031547546387 6.6092143058776855 1.4999998807907104
    vertex -7.570910453796387 6.829452037811279 1.4999998807907104
  endloop
endfacet
facet normal 0.0 0.0 0.0
  outer loop
    vertex -7.5595502853393555 6.823485851287842 1.3042105436325073
    vertex -7.570910453796387 6.829452037811279 1.4999998807907104
    vertex -7.435412406921387 7.028846263885498 1.3042105436325073
  endloop
endfacet
facet normal 0.0 0.0 0.0
  outer loop
    vertex -7.435412406921387 7.028846263885498 1.3042105436325073
    vertex -7.570910453796387 6.829452037811279 1.4999998807907104
    vertex -7.445971488952637 7.036132335662842 1.4999998807907104
  endloop
endfacet
facet normal 0.0 0.0 0.0
  outer loop
    vertex -7.435412406921387 7.028846263885498 1.3042105436325073
    vertex -7.445971488952637 7.036132335662842 1.4999998807907104
    vertex -7.287421226501465 7.217742443084717 1.3042105436325073
  endloop
endfacet
facet normal 0.0 0.0 0.0
  outer loop
    vertex -7.287421226501465 7.217742443084717 1.3042105436325073
    vertex -7.445971488952637 7.036132335662842 1.4999998807907104
    vertex -7.297022819519043 7.2262492179870605 1.4999998807907104
  endloop
endfacet
facet normal 0.0 0.0 0.0
  outer loop
    vertex -7.287421226501465 7.217742443084717 1.3042105436325073
    vertex -7.297022819519043 7.2262492179870605 1.4999998807907104
    vertex -7.117739677429199 7.387420177459717 1.3042105436325073
  endloop
endfacet
facet normal 0.0 0.0 0.0
  outer loop
    vertex -7.117739677429199 7.387420177459717 1.3042105436325073
    vertex -7.297022819519043 7.2262492179870605 1.4999998807907104
    vertex -7.126250267028809 7.3970255851745605 1.4999998807907104
  endloop
endfacet
facet normal 0.0 0.0 0.0
  outer loop
    vertex -7.117739677429199 7.387420177459717 1.3042105436325073
    vertex -7.126250267028809 7.3970255851745605 1.4999998807907104
    vertex -6.928839683532715 7.535415172576904 1.3042105436325073
  endloop
endfacet
facet normal 0.0 0.0 0.0
  outer loop
    vertex -6.928839683532715 7.535415172576904 1.3042105436325073
    vertex -7.126250267028809 7.3970255851745605 1.4999998807907104
    vertex -6.936129570007324 7.545974254608154 1.4999998807907104
  endloop
endfacet
facet normal 0.0 0.0 0.0
  outer loop
    vertex -6.928839683532715 7.535415172576904 1.3042105436325073
    vertex -6.936129570007324 7.545974254608154 1.4999998807907104
    vertex -6.723483085632324 7.659553050994873 1.3042105436325073
  endloop
endfacet
facet normal 0.0 0.0 0.0
  outer loop
    vertex -6.723483085632324 7.659553050994873 1.3042105436325073
    vertex -6.936129570007324 7.545974254608154 1.4999998807907104
    vertex -6.729453086853027 7.670913219451904 1.4999998807907104
  endloop
endfacet
facet normal 0.0 0.0 0.0
  outer loop
    vertex -6.723483085632324 7.659553050994873 1.3042105436325073
    vertex -6.729453086853027 7.670913219451904 1.4999998807907104
    vertex -6.504660606384277 7.758040904998779 1.3042105436325073
  endloop
endfacet
facet normal 0.0 0.0 0.0
  outer loop
    vertex -6.504660606384277 7.758040904998779 1.3042105436325073
    vertex -6.729453086853027 7.670913219451904 1.4999998807907104
    vertex -6.509211540222168 7.770034313201904 1.4999998807907104
  endloop
endfacet
facet normal 0.0 0.0 0.0
  outer loop
    vertex -6.504660606384277 7.758040904998779 1.3042105436325073
    vertex -6.509211540222168 7.770034313201904 1.4999998807907104
    vertex -6.275561332702637 7.8294291496276855 1.3042106628417969
  endloop
endfacet
facet normal 0.0 0.0 0.0
  outer loop
    vertex -6.275561332702637 7.8294291496276855 1.3042106628417969
    vertex -6.509211540222168 7.770034313201904 1.4999998807907104
    vertex -6.278632164001465 7.841895580291748 1.5
  endloop
endfacet
facet normal 0.0 0.0 0.0
  outer loop
    vertex -6.275561332702637 7.8294291496276855 1.3042106628417969
    vertex -6.278632164001465 7.841895580291748 1.5
    vertex -6.0395307540893555 7.872680187225342 1.3042106628417969
  endloop
endfacet
facet normal 0.0 0.0 0.0
  outer loop
    vertex -6.0395307540893555 7.872680187225342 1.3042106628417969
    vertex -6.278632164001465 7.841895580291748 1.5
    vertex -6.041079521179199 7.885421276092529 1.5
  endloop
endfacet
facet normal 0.0 0.0 0.0
  outer loop
    vertex -6.0395307540893555 7.872680187225342 1.3042106628417969
    vertex -6.041079521179199 7.885421276092529 1.5
    vertex -5.800002098083496 7.887176036834717 1.3042106628417969
  endloop
endfacet
facet normal 0.0 0.0 0.0
  outer loop
    vertex -5.800002098083496 7.887176036834717 1.3042106628417969
    vertex -6.041079521179199 7.885421276092529 1.5
    vertex -5.800002098083496 7.900001049041748 1.5
  endloop
endfacet
facet normal 0.0 0.0 0.0
  outer loop
    vertex -5.800002098083496 7.887176036834717 1.3042106628417969
    vertex -5.800002098083496 7.848891735076904 1.1117713451385498
    vertex -6.0395307540893555 7.872680187225342 1.3042106628417969
  endloop
endfacet
facet normal 0.0 0.0 0.0
  outer loop
    vertex -6.0395307540893555 7.872680187225342 1.3042106628417969
    vertex -5.800002098083496 7.848891735076904 1.1117713451385498
    vertex -6.034911155700684 7.834685802459717 1.1117713451385498
  endloop
endfacet
facet normal 0.0 0.0 0.0
  outer loop
    vertex -6.0395307540893555 7.872680187225342 1.3042106628417969
    vertex -6.034911155700684 7.834685802459717 1.1117713451385498
    vertex -6.275561332702637 7.8294291496276855 1.3042106628417969
  endloop
endfacet
facet normal 0.0 0.0 0.0
  outer loop
    vertex -6.275561332702637 7.8294291496276855 1.3042106628417969
    vertex -6.034911155700684 7.834685802459717 1.1117713451385498
    vertex -6.266402244567871 7.792266368865967 1.1117712259292603
  endloop
endfacet
facet normal 0.0 0.0 0.0
  outer loop
    vertex -6.275561332702637 7.8294291496276855 1.3042106628417969
    vertex -6.266402244567871 7.792266368865967 1.1117712259292603
    vertex -6.504660606384277 7.758040904998779 1.3042105436325073
  endloop
endfacet
facet normal 0.0 0.0 0.0
  outer loop
    vertex -6.504660606384277 7.758040904998779 1.3042105436325073
    vertex -6.266402244567871 7.792266368865967 1.1117712259292603
    vertex -6.491091728210449 7.722243785858154 1.1117712259292603
  endloop
endfacet
facet normal 0.0 0.0 0.0
  outer loop
    vertex -6.504660606384277 7.758040904998779 1.3042105436325073
    vertex -6.491091728210449 7.722243785858154 1.1117712259292603
    vertex -6.723483085632324 7.659553050994873 1.3042105436325073
  endloop
endfacet
facet normal 0.0 0.0 0.0
  outer loop
    vertex -6.723483085632324 7.659553050994873 1.3042105436325073
    vertex -6.491091728210449 7.722243785858154 1.1117712259292603
    vertex -6.705702781677246 7.6256632804870605 1.1117712259292603
  endloop
endfacet
facet normal 0.0 0.0 0.0
  outer loop
    vertex -6.723483085632324 7.659553050994873 1.3042105436325073
    vertex -6.705702781677246 7.6256632804870605 1.1117712259292603
    vertex -6.928839683532715 7.535415172576904 1.3042105436325073
  endloop
endfacet
facet normal 0.0 0.0 0.0
  outer loop
    vertex -6.928839683532715 7.535415172576904 1.3042105436325073
    vertex -6.705702781677246 7.6256632804870605 1.1117712259292603
    vertex -6.907099723815918 7.503913402557373 1.1117712259292603
  endloop
endfacet
facet normal 0.0 0.0 0.0
  outer loop
    vertex -6.928839683532715 7.535415172576904 1.3042105436325073
    vertex -6.907099723815918 7.503913402557373 1.1117712259292603
    vertex -7.117739677429199 7.387420177459717 1.3042105436325073
  endloop
endfacet
facet normal 0.0 0.0 0.0
  outer loop
    vertex -7.117739677429199 7.387420177459717 1.3042105436325073
    vertex -6.907099723815918 7.503913402557373 1.1117712259292603
    vertex -7.092352867126465 7.358771800994873 1.1117712259292603
  endloop
endfacet
facet normal 0.0 0.0 0.0
  outer loop
    vertex -7.117739677429199 7.387420177459717 1.3042105436325073
    vertex -7.092352867126465 7.358771800994873 1.1117712259292603
    vertex -7.287421226501465 7.217742443084717 1.3042105436325073
  endloop
endfacet
facet normal 0.0 0.0 0.0
  outer loop
    vertex -7.287421226501465 7.217742443084717 1.3042105436325073
    vertex -7.092352867126465 7.358771800994873 1.1117712259292603
    vertex -7.258772850036621 7.192351818084717 1.1117712259292603
  endloop
endfacet
facet normal 0.0 0.0 0.0
  outer loop
    vertex -7.287421226501465 7.217742443084717 1.3042105436325073
    vertex -7.258772850036621 7.192351818084717 1.1117712259292603
    vertex -7.435412406921387 7.028846263885498 1.3042105436325073
  endloop
endfacet
facet normal 0.0 0.0 0.0
  outer loop
    vertex -7.435412406921387 7.028846263885498 1.3042105436325073
    vertex -7.258772850036621 7.192351818084717 1.1117712259292603
    vertex -7.4039106369018555 7.0071024894714355 1.1117712259292603
  endloop
endfacet
facet normal 0.0 0.0 0.0
  outer loop
    vertex -7.435412406921387 7.028846263885498 1.3042105436325073
    vertex -7.4039106369018555 7.0071024894714355 1.1117712259292603
    vertex -7.5595502853393555 6.823485851287842 1.3042105436325073
  endloop
endfacet
facet normal 0.0 0.0 0.0
  outer loop
    vertex -7.5595502853393555 6.823485851287842 1.3042105436325073
    vertex -7.4039106369018555 7.0071024894714355 1.1117712259292603
    vertex -7.525660514831543 6.805701732635498 1.1117712259292603
  endloop
endfacet
facet normal 0.0 0.0 0.0
  outer loop
    vertex -7.5595502853393555 6.823485851287842 1.3042105436325073
    vertex -7.525660514831543 6.805701732635498 1.1117712259292603
    vertex -7.658041954040527 6.604659557342529 1.3042105436325073
  endloop
endfacet
facet normal 0.0 0.0 0.0
  outer loop
    vertex -7.658041954040527 6.604659557342529 1.3042105436325073
    vertex -7.525660514831543 6.805701732635498 1.1117712259292603
    vertex -7.622241020202637 6.591094493865967 1.1117712259292603
  endloop
endfacet
facet normal 0.0 0.0 0.0
  outer loop
    vertex -7.658041954040527 6.604659557342529 1.3042105436325073
    vertex -7.622241020202637 6.591094493865967 1.1117712259292603
    vertex -7.729430198669434 6.375564098358154 1.3042105436325073
  endloop
endfacet
facet normal 0.0 0.0 0.0
  outer loop
    vertex -7.729430198669434 6.375564098358154 1.3042105436325073
    vertex -7.622241020202637 6.591094493865967 1.1117712259292603
    vertex -7.692259788513184 6.366401195526123 1.1117712259292603
  endloop
endfacet
facet normal 0.0 0.0 0.0
  outer loop
    vertex -7.729430198669434 6.375564098358154 1.3042105436325073
    vertex -7.692259788513184 6.366401195526123 1.1117712259292603
    vertex -7.77268123626709 6.139533519744873 1.3042105436325073
  endloop
endfacet
facet normal 0.0 0.0 0.0
  outer loop
    vertex -7.77268123626709 6.139533519744873 1.3042105436325073
    vertex -7.692259788513184 6.366401195526123 1.1117712259292603
    vertex -7.734683036804199 6.1349101066589355 1.1117712259292603
  endloop
endfacet
facet normal 0.0 0.0 0.0
  outer loop
    vertex -5.800002098083496 7.848891735076904 1.1117713451385498
    vertex -5.800002098083496 7.7858195304870605 0.9259748458862305
    vertex -6.034911155700684 7.834685802459717 1.1117713451385498
  endloop
endfacet
facet normal 0.0 0.0 0.0
  outer loop
    vertex -6.034911155700684 7.834685802459717 1.1117713451385498
    vertex -5.800002098083496 7.7858195304870605 0.9259748458862305
    vertex -6.027312278747559 7.772071361541748 0.9259748458862305
  endloop
endfacet
facet normal 0.0 0.0 0.0
  outer loop
    vertex -6.034911155700684 7.834685802459717 1.1117713451385498
    vertex -6.027312278747559 7.772071361541748 0.9259748458862305
    vertex -6.266402244567871 7.792266368865967 1.1117712259292603
  endloop
endfacet
facet normal 0.0 0.0 0.0
  outer loop
    vertex -6.266402244567871 7.792266368865967 1.1117712259292603
    vertex -6.027312278747559 7.772071361541748 0.9259748458862305
    vertex -6.251311302185059 7.731025218963623 0.9259748458862305
  endloop
endfacet
facet normal 0.0 0.0 0.0
  outer loop
    vertex -6.266402244567871 7.792266368865967 1.1117712259292603
    vertex -6.251311302185059 7.731025218963623 0.9259748458862305
    vertex -6.491091728210449 7.722243785858154 1.1117712259292603
  endloop
endfacet
facet normal 0.0 0.0 0.0
  outer loop
    vertex -6.491091728210449 7.722243785858154 1.1117712259292603
    vertex -6.251311302185059 7.731025218963623 0.9259748458862305
    vertex -6.468722343444824 7.663276195526123 0.9259748458862305
  endloop
endfacet
facet normal 0.0 0.0 0.0
  outer loop
    vertex -6.491091728210449 7.722243785858154 1.1117712259292603
    vertex -6.468722343444824 7.663276195526123 0.9259748458862305
    vertex -6.705702781677246 7.6256632804870605 1.1117712259292603
  endloop
endfacet
facet normal 0.0 0.0 0.0
  outer loop
    vertex -6.705702781677246 7.6256632804870605 1.1117712259292603
    vertex -6.468722343444824 7.663276195526123 0.9259748458862305
    vertex -6.676390647888184 7.5698161125183105 0.9259748458862305
  endloop
endfacet
facet normal 0.0 0.0 0.0
  outer loop
    vertex -6.705702781677246 7.6256632804870605 1.1117712259292603
    vertex -6.676390647888184 7.5698161125183105 0.9259748458862305
    vertex -6.907099723815918 7.503913402557373 1.1117712259292603
  endloop
endfacet
facet normal 0.0 0.0 0.0
  outer loop
    vertex -6.907099723815918 7.503913402557373 1.1117712259292603
    vertex -6.676390647888184 7.5698161125183105 0.9259748458862305
    vertex -6.871272087097168 7.452003002166748 0.9259748458862305
  endloop
endfacet
facet normal 0.0 0.0 0.0
  outer loop
    vertex -6.907099723815918 7.503913402557373 1.1117712259292603
    vertex -6.871272087097168 7.452003002166748 0.9259748458862305
    vertex -7.092352867126465 7.358771800994873 1.1117712259292603
  endloop
endfacet
facet normal 0.0 0.0 0.0
  outer loop
    vertex -7.092352867126465 7.358771800994873 1.1117712259292603
    vertex -6.871272087097168 7.452003002166748 0.9259748458862305
    vertex -7.050532341003418 7.311561107635498 0.9259748458862305
  endloop
endfacet
facet normal 0.0 0.0 0.0
  outer loop
    vertex -7.092352867126465 7.358771800994873 1.1117712259292603
    vertex -7.050532341003418 7.311561107635498 0.9259748458862305
    vertex -7.258772850036621 7.192351818084717 1.1117712259292603
  endloop
endfacet
facet normal 0.0 0.0 0.0
  outer loop
    vertex -7.258772850036621 7.192351818084717 1.1117712259292603
    vertex -7.050532341003418 7.311561107635498 0.9259748458862305
    vertex -7.211562156677246 7.1505351066589355 0.9259748458862305
  endloop
endfacet
facet normal 0.0 0.0 0.0
  outer loop
    vertex -7.258772850036621 7.192351818084717 1.1117712259292603
    vertex -7.211562156677246 7.1505351066589355 0.9259748458862305
    vertex -7.4039106369018555 7.0071024894714355 1.1117712259292603
  endloop
endfacet
facet normal 0.0 0.0 0.0
  outer loop
    vertex -7.4039106369018555 7.0071024894714355 1.1117712259292603
    vertex -7.211562156677246 7.1505351066589355 0.9259748458862305
    vertex -7.3520002365112305 6.9712748527526855 0.9259748458862305
  endloop
endfacet
facet normal 0.0 0.0 0.0
  outer loop
    vertex -7.4039106369018555 7.0071024894714355 1.1117712259292603
    vertex -7.3520002365112305 6.9712748527526855 0.9259748458862305
    vertex -7.525660514831543 6.805701732635498 1.1117712259292603
  endloop
endfacet
facet normal 0.0 0.0 0.0
  outer loop
    vertex -7.525660514831543 6.805701732635498 1.1117712259292603
    vertex -7.3520002365112305 6.9712748527526855 0.9259748458862305
    vertex -7.469809532165527 6.7763895988464355 0.9259748458862305
  endloop
endfacet
facet normal 0.0 0.0 0.0
  outer loop
    vertex -7.525660514831543 6.805701732635498 1.1117712259292603
    vertex -7.469809532165527 6.7763895988464355 0.9259748458862305
    vertex -7.622241020202637 6.591094493865967 1.1117712259292603
  endloop
endfacet
facet normal 0.0 0.0 0.0
  outer loop
    vertex -7.622241020202637 6.591094493865967 1.1117712259292603
    vertex -7.469809532165527 6.7763895988464355 0.9259748458862305
    vertex -7.56326961517334 6.568725109100342 0.9259748458862305
  endloop
endfacet
facet normal 0.0 0.0 0.0
  outer loop
    vertex -7.622241020202637 6.591094493865967 1.1117712259292603
    vertex -7.56326961517334 6.568725109100342 0.9259748458862305
    vertex -7.692259788513184 6.366401195526123 1.1117712259292603
  endloop
endfacet
facet normal 0.0 0.0 0.0
  outer loop
    vertex -7.692259788513184 6.366401195526123 1.1117712259292603
    vertex -7.56326961517334 6.568725109100342 0.9259748458862305
    vertex -7.6310224533081055 6.3513102531433105 0.9259748458862305
  endloop
endfacet
facet normal 0.0 0.0 0.0
  outer loop
    vertex -7.692259788513184 6.366401195526123 1.1117712259292603
    vertex -7.6310224533081055 6.3513102531433105 0.9259748458862305
    vertex -7.734683036804199 6.1349101066589355 1.1117712259292603
  endloop
endfacet
facet normal 0.0 0.0 0.0
  outer loop
    vertex -7.734683036804199 6.1349101066589355 1.1117712259292603
    vertex -7.6310224533081055 6.3513102531433105 0.9259748458862305
    vertex -7.672072410583496 6.1273112297058105 0.9259748458862305
  endloop
endfacet
facet normal 0.0 0.0 0.0
  outer loop
    vertex -5.800002098083496 7.7858195304870605 0.9259748458862305
    vertex -5.800002098083496 7.699042797088623 0.75
    vertex -6.027312278747559 7.772071361541748 0.9259748458862305
  endloop
endfacet
facet normal 0.0 0.0 0.0
  outer loop
    vertex -6.027312278747559 7.772071361541748 0.9259748458862305
    vertex -5.800002098083496 7.699042797088623 0.75
    vertex -6.016852378845215 7.685920238494873 0.75
  endloop
endfacet
facet normal 0.0 0.0 0.0
  outer loop
    vertex -6.027312278747559 7.772071361541748 0.9259748458862305
    vertex -6.016852378845215 7.685920238494873 0.75
    vertex -6.251311302185059 7.731025218963623 0.9259748458862305
  endloop
endfacet
facet normal 0.0 0.0 0.0
  outer loop
    vertex -6.251311302185059 7.731025218963623 0.9259748458862305
    vertex -6.016852378845215 7.685920238494873 0.75
    vertex -6.2305402755737305 7.646766185760498 0.75
  endloop
endfacet
facet normal 0.0 0.0 0.0
  outer loop
    vertex -6.251311302185059 7.731025218963623 0.9259748458862305
    vertex -6.2305402755737305 7.646766185760498 0.75
    vertex -6.468722343444824 7.663276195526123 0.9259748458862305
  endloop
endfacet
facet normal 0.0 0.0 0.0
  outer loop
    vertex -6.468722343444824 7.663276195526123 0.9259748458862305
    vertex -6.2305402755737305 7.646766185760498 0.75
    vertex -6.437952995300293 7.582129955291748 0.75
  endloop
endfacet
facet normal 0.0 0.0 0.0
  outer loop
    vertex -6.468722343444824 7.663276195526123 0.9259748458862305
    vertex -6.437952995300293 7.582129955291748 0.75
    vertex -6.676390647888184 7.5698161125183105 0.9259748458862305
  endloop
endfacet
facet normal 0.0 0.0 0.0
  outer loop
    vertex -6.676390647888184 7.5698161125183105 0.9259748458862305
    vertex -6.437952995300293 7.582129955291748 0.75
    vertex -6.636061668395996 7.4929728507995605 0.75
  endloop
endfacet
facet normal 0.0 0.0 0.0
  outer loop
    vertex -6.676390647888184 7.5698161125183105 0.9259748458862305
    vertex -6.636061668395996 7.4929728507995605 0.75
    vertex -6.871272087097168 7.452003002166748 0.9259748458862305
  endloop
endfacet
facet normal 0.0 0.0 0.0
  outer loop
    vertex -6.871272087097168 7.452003002166748 0.9259748458862305
    vertex -6.636061668395996 7.4929728507995605 0.75
    vertex -6.8219709396362305 7.380584239959717 0.75
  endloop
endfacet
facet normal 0.0 0.0 0.0
  outer loop
    vertex -6.871272087097168 7.452003002166748 0.9259748458862305
    vertex -6.8219709396362305 7.380584239959717 0.75
    vertex -7.050532341003418 7.311561107635498 0.9259748458862305
  endloop
endfacet
facet normal 0.0 0.0 0.0
  outer loop
    vertex -7.050532341003418 7.311561107635498 0.9259748458862305
    vertex -6.8219709396362305 7.380584239959717 0.75
    vertex -6.992980003356934 7.2466044425964355 0.75
  endloop
endfacet
facet normal 0.0 0.0 0.0
  outer loop
    vertex -7.050532341003418 7.311561107635498 0.9259748458862305
    vertex -6.992980003356934 7.2466044425964355 0.75
    vertex -7.211562156677246 7.1505351066589355 0.9259748458862305
  endloop
endfacet
facet normal 0.0 0.0 0.0
  outer loop
    vertex -7.211562156677246 7.1505351066589355 0.9259748458862305
    vertex -6.992980003356934 7.2466044425964355 0.75
    vertex -7.146601676940918 7.0929789543151855 0.75
  endloop
endfacet
facet normal 0.0 0.0 0.0
  outer loop
    vertex -7.211562156677246 7.1505351066589355 0.9259748458862305
    vertex -7.146601676940918 7.0929789543151855 0.75
    vertex -7.3520002365112305 6.9712748527526855 0.9259748458862305
  endloop
endfacet
facet normal 0.0 0.0 0.0
  outer loop
    vertex -7.3520002365112305 6.9712748527526855 0.9259748458862305
    vertex -7.146601676940918 7.0929789543151855 0.75
    vertex -7.280581474304199 6.921973705291748 0.75
  endloop
endfacet
facet normal 0.0 0.0 0.0
  outer loop
    vertex -7.3520002365112305 6.9712748527526855 0.9259748458862305
    vertex -7.280581474304199 6.921973705291748 0.75
    vertex -7.469809532165527 6.7763895988464355 0.9259748458862305
  endloop
endfacet
facet normal 0.0 0.0 0.0
  outer loop
    vertex -7.469809532165527 6.7763895988464355 0.9259748458862305
    vertex -7.280581474304199 6.921973705291748 0.75
    vertex -7.392970085144043 6.736060619354248 0.75
  endloop
endfacet
facet normal 0.0 0.0 0.0
  outer loop
    vertex -7.469809532165527 6.7763895988464355 0.9259748458862305
    vertex -7.392970085144043 6.736060619354248 0.75
    vertex -7.56326961517334 6.568725109100342 0.9259748458862305
  endloop
endfacet
facet normal 0.0 0.0 0.0
  outer loop
    vertex -7.56326961517334 6.568725109100342 0.9259748458862305
    vertex -7.392970085144043 6.736060619354248 0.75
    vertex -7.482131004333496 6.5379557609558105 0.75
  endloop
endfacet
facet normal 0.0 0.0 0.0
  outer loop
    vertex -7.56326961517334 6.568725109100342 0.9259748458862305
    vertex -7.482131004333496 6.5379557609558105 0.75
    vertex -7.6310224533081055 6.3513102531433105 0.9259748458862305
  endloop
endfacet
facet normal 0.0 0.0 0.0
  outer loop
    vertex -7.6310224533081055 6.3513102531433105 0.9259748458862305
    vertex -7.482131004333496 6.5379557609558105 0.75
    vertex -7.546759605407715 6.330543041229248 0.75
  endloop
endfacet
facet normal 0.0 0.0 0.0
  outer loop
    vertex -7.6310224533081055 6.3513102531433105 0.9259748458862305
    vertex -7.546759605407715 6.330543041229248 0.75
    vertex -7.672072410583496 6.1273112297058105 0.9259748458862305
  endloop
endfacet
facet normal 0.0 0.0 0.0
  outer loop
    vertex -7.672072410583496 6.1273112297058105 0.9259748458862305
    vertex -7.546759605407715 6.330543041229248 0.75
    vertex -7.585921287536621 6.116851329803467 0.75
  endloop
endfacet
facet normal 0.0 0.0 0.0
  outer loop
    vertex -5.800002098083496 7.699042797088623 0.75
    vertex -5.800002098083496 7.590034008026123 0.5868580341339111
    vertex -6.016852378845215 7.685920238494873 0.75
  endloop
endfacet
facet normal 0.0 0.0 0.0
  outer loop
    vertex -6.016852378845215 7.685920238494873 0.75
    vertex -5.800002098083496 7.590034008026123 0.5868580341339111
    vertex -6.003710746765137 7.577712535858154 0.5868580341339111
  endloop
endfacet
facet normal 0.0 0.0 0.0
  outer loop
    vertex -6.016852378845215 7.685920238494873 0.75
    vertex -6.003710746765137 7.577712535858154 0.5868580341339111
    vertex -6.2305402755737305 7.646766185760498 0.75
  endloop
endfacet
facet normal 0.0 0.0 0.0
  outer loop
    vertex -6.2305402755737305 7.646766185760498 0.75
    vertex -6.003710746765137 7.577712535858154 0.5868580341339111
    vertex -6.204451560974121 7.540923595428467 0.5868580341339111
  endloop
endfacet
facet normal 0.0 0.0 0.0
  outer loop
    vertex -6.2305402755737305 7.646766185760498 0.75
    vertex -6.204451560974121 7.540923595428467 0.5868580341339111
    vertex -6.437952995300293 7.582129955291748 0.75
  endloop
endfacet
facet normal 0.0 0.0 0.0
  outer loop
    vertex -6.437952995300293 7.582129955291748 0.75
    vertex -6.204451560974121 7.540923595428467 0.5868580341339111
    vertex -6.399291038513184 7.480208873748779 0.5868580341339111
  endloop
endfacet
facet normal 0.0 0.0 0.0
  outer loop
    vertex -6.437952995300293 7.582129955291748 0.75
    vertex -6.399291038513184 7.480208873748779 0.5868580341339111
    vertex -6.636061668395996 7.4929728507995605 0.75
  endloop
endfacet
facet normal 0.0 0.0 0.0
  outer loop
    vertex -6.636061668395996 7.4929728507995605 0.75
    vertex -6.399291038513184 7.480208873748779 0.5868580341339111
    vertex -6.585402488708496 7.396453380584717 0.5868580341339111
  endloop
endfacet
facet normal 0.0 0.0 0.0
  outer loop
    vertex -6.636061668395996 7.4929728507995605 0.75
    vertex -6.585402488708496 7.396453380584717 0.5868580341339111
    vertex -6.8219709396362305 7.380584239959717 0.75
  endloop
endfacet
facet normal 0.0 0.0 0.0
  outer loop
    vertex -6.8219709396362305 7.380584239959717 0.75
    vertex -6.585402488708496 7.396453380584717 0.5868580341339111
    vertex -6.7600507736206055 7.290870189666748 0.5868580341339111
  endloop
endfacet
facet normal 0.0 0.0 0.0
  outer loop
    vertex -6.8219709396362305 7.380584239959717 0.75
    vertex -6.7600507736206055 7.290870189666748 0.5868580341339111
    vertex -6.992980003356934 7.2466044425964355 0.75
  endloop
endfacet
facet normal 0.0 0.0 0.0
  outer loop
    vertex -6.992980003356934 7.2466044425964355 0.75
    vertex -6.7600507736206055 7.290870189666748 0.5868580341339111
    vertex -6.920702934265137 7.165015697479248 0.5868580341339111
  endloop
endfacet
facet normal 0.0 0.0 0.0
  outer loop
    vertex -6.992980003356934 7.2466044425964355 0.75
    vertex -6.920702934265137 7.165015697479248 0.5868580341339111
    vertex -7.146601676940918 7.0929789543151855 0.75
  endloop
endfacet
facet normal 0.0 0.0 0.0
  outer loop
    vertex -7.146601676940918 7.0929789543151855 0.75
    vertex -6.920702934265137 7.165015697479248 0.5868580341339111
    vertex -7.0650129318237305 7.020705699920654 0.5868580341339111
  endloop
endfacet
facet normal 0.0 0.0 0.0
  outer loop
    vertex -7.146601676940918 7.0929789543151855 0.75
    vertex -7.0650129318237305 7.020705699920654 0.5868580341339111
    vertex -7.280581474304199 6.921973705291748 0.75
  endloop
endfacet
facet normal 0.0 0.0 0.0
  outer loop
    vertex -7.280581474304199 6.921973705291748 0.75
    vertex -7.0650129318237305 7.020705699920654 0.5868580341339111
    vertex -7.190871238708496 6.860053539276123 0.5868580341339111
  endloop
endfacet
facet normal 0.0 0.0 0.0
  outer loop
    vertex -7.280581474304199 6.921973705291748 0.75
    vertex -7.190871238708496 6.860053539276123 0.5868580341339111
    vertex -7.392970085144043 6.736060619354248 0.75
  endloop
endfacet
facet normal 0.0 0.0 0.0
  outer loop
    vertex -7.392970085144043 6.736060619354248 0.75
    vertex -7.190871238708496 6.860053539276123 0.5868580341339111
    vertex -7.296450614929199 6.685401439666748 0.5868580341339111
  endloop
endfacet
facet normal 0.0 0.0 0.0
  outer loop
    vertex -7.392970085144043 6.736060619354248 0.75
    vertex -7.296450614929199 6.685401439666748 0.5868580341339111
    vertex -7.482131004333496 6.5379557609558105 0.75
  endloop
endfacet
facet normal 0.0 0.0 0.0
  outer loop
    vertex -7.482131004333496 6.5379557609558105 0.75
    vertex -7.296450614929199 6.685401439666748 0.5868580341339111
    vertex -7.380209922790527 6.4992899894714355 0.5868580341339111
  endloop
endfacet
facet normal 0.0 0.0 0.0
  outer loop
    vertex -7.482131004333496 6.5379557609558105 0.75
    vertex -7.380209922790527 6.4992899894714355 0.5868580341339111
    vertex -7.546759605407715 6.330543041229248 0.75
  endloop
endfacet
facet normal 0.0 0.0 0.0
  outer loop
    vertex -7.546759605407715 6.330543041229248 0.75
    vertex -7.380209922790527 6.4992899894714355 0.5868580341339111
    vertex -7.440920829772949 6.304450511932373 0.5868580341339111
  endloop
endfacet
facet normal 0.0 0.0 0.0
  outer loop
    vertex -7.546759605407715 6.330543041229248 0.75
    vertex -7.440920829772949 6.304450511932373 0.5868580341339111
    vertex -7.585921287536621 6.116851329803467 0.75
  endloop
endfacet
facet normal 0.0 0.0 0.0
  outer loop
    vertex -7.585921287536621 6.116851329803467 0.75
    vertex -7.440920829772949 6.304450511932373 0.5868580341339111
    vertex -7.477709770202637 6.103713512420654 0.5868580341339111
  endloop
endfacet
facet normal 0.0 0.0 0.0
  outer loop
    vertex -5.800002098083496 7.590034008026123 0.5868580341339111
    vertex -5.800002098083496 7.460662364959717 0.43934011459350586
    vertex -6.003710746765137 7.577712535858154 0.5868580341339111
  endloop
endfacet
facet normal 0.0 0.0 0.0
  outer loop
    vertex -6.003710746765137 7.577712535858154 0.5868580341339111
    vertex -5.800002098083496 7.460662364959717 0.43934011459350586
    vertex -5.988120079040527 7.449279308319092 0.43934011459350586
  endloop
endfacet
facet normal 0.0 0.0 0.0
  outer loop
    vertex -6.003710746765137 7.577712535858154 0.5868580341339111
    vertex -5.988120079040527 7.449279308319092 0.43934011459350586
    vertex -6.204451560974121 7.540923595428467 0.5868580341339111
  endloop
endfacet
facet normal 0.0 0.0 0.0
  outer loop
    vertex -6.204451560974121 7.540923595428467 0.5868580341339111
    vertex -5.988120079040527 7.449279308319092 0.43934011459350586
    vertex -6.173491477966309 7.415313243865967 0.43934011459350586
  endloop
endfacet
facet normal 0.0 0.0 0.0
  outer loop
    vertex -6.204451560974121 7.540923595428467 0.5868580341339111
    vertex -6.173491477966309 7.415313243865967 0.43934011459350586
    vertex -6.399291038513184 7.480208873748779 0.5868580341339111
  endloop
endfacet
facet normal 0.0 0.0 0.0
  outer loop
    vertex -6.399291038513184 7.480208873748779 0.5868580341339111
    vertex -6.173491477966309 7.415313243865967 0.43934011459350586
    vertex -6.353423118591309 7.3592448234558105 0.43934011459350586
  endloop
endfacet
facet normal 0.0 0.0 0.0
  outer loop
    vertex -6.399291038513184 7.480208873748779 0.5868580341339111
    vertex -6.353423118591309 7.3592448234558105 0.43934011459350586
    vertex -6.585402488708496 7.396453380584717 0.5868580341339111
  endloop
endfacet
facet normal 0.0 0.0 0.0
  outer loop
    vertex -6.585402488708496 7.396453380584717 0.5868580341339111
    vertex -6.353423118591309 7.3592448234558105 0.43934011459350586
    vertex -6.525282859802246 7.281905651092529 0.43934011459350586
  endloop
endfacet
facet normal 0.0 0.0 0.0
  outer loop
    vertex -6.585402488708496 7.396453380584717 0.5868580341339111
    vertex -6.525282859802246 7.281905651092529 0.43934011459350586
    vertex -6.7600507736206055 7.290870189666748 0.5868580341339111
  endloop
endfacet
facet normal 0.0 0.0 0.0
  outer loop
    vertex -6.7600507736206055 7.290870189666748 0.5868580341339111
    vertex -6.525282859802246 7.281905651092529 0.43934011459350586
    vertex -6.68656063079834 7.184401988983154 0.43934011459350586
  endloop
endfacet
facet normal 0.0 0.0 0.0
  outer loop
    vertex -6.7600507736206055 7.290870189666748 0.5868580341339111
    vertex -6.68656063079834 7.184401988983154 0.43934011459350586
    vertex -6.920702934265137 7.165015697479248 0.5868580341339111
  endloop
endfacet
facet normal 0.0 0.0 0.0
  outer loop
    vertex -6.920702934265137 7.165015697479248 0.5868580341339111
    vertex -6.68656063079834 7.184401988983154 0.43934011459350586
    vertex -6.8349103927612305 7.068175792694092 0.43934011459350586
  endloop
endfacet
facet normal 0.0 0.0 0.0
  outer loop
    vertex -6.920702934265137 7.165015697479248 0.5868580341339111
    vertex -6.8349103927612305 7.068175792694092 0.43934011459350586
    vertex -7.0650129318237305 7.020705699920654 0.5868580341339111
  endloop
endfacet
facet normal 0.0 0.0 0.0
  outer loop
    vertex -7.0650129318237305 7.020705699920654 0.5868580341339111
    vertex -6.8349103927612305 7.068175792694092 0.43934011459350586
    vertex -6.968173027038574 6.934913158416748 0.43934011459350586
  endloop
endfacet
facet normal 0.0 0.0 0.0
  outer loop
    vertex -7.0650129318237305 7.020705699920654 0.5868580341339111
    vertex -6.968173027038574 6.934913158416748 0.43934011459350586
    vertex -7.190871238708496 6.860053539276123 0.5868580341339111
  endloop
endfacet
facet normal 0.0 0.0 0.0
  outer loop
    vertex -7.190871238708496 6.860053539276123 0.5868580341339111
    vertex -6.968173027038574 6.934913158416748 0.43934011459350586
    vertex -7.084403038024902 6.786559581756592 0.43934011459350586
  endloop
endfacet
facet normal 0.0 0.0 0.0
  outer loop
    vertex -7.190871238708496 6.860053539276123 0.5868580341339111
    vertex -7.084403038024902 6.786559581756592 0.43934011459350586
    vertex -7.296450614929199 6.685401439666748 0.5868580341339111
  endloop
endfacet
facet normal 0.0 0.0 0.0
  outer loop
    vertex -7.296450614929199 6.685401439666748 0.5868580341339111
    vertex -7.084403038024902 6.786559581756592 0.43934011459350586
    vertex -7.181902885437012 6.625281810760498 0.43934011459350586
  endloop
endfacet
facet normal 0.0 0.0 0.0
  outer loop
    vertex -7.296450614929199 6.685401439666748 0.5868580341339111
    vertex -7.181902885437012 6.625281810760498 0.43934011459350586
    vertex -7.380209922790527 6.4992899894714355 0.5868580341339111
  endloop
endfacet
facet normal 0.0 0.0 0.0
  outer loop
    vertex -7.380209922790527 6.4992899894714355 0.5868580341339111
    vertex -7.181902885437012 6.625281810760498 0.43934011459350586
    vertex -7.259242057800293 6.4534220695495605 0.43934011459350586
  endloop
endfacet
facet normal 0.0 0.0 0.0
  outer loop
    vertex -7.380209922790527 6.4992899894714355 0.5868580341339111
    vertex -7.259242057800293 6.4534220695495605 0.43934011459350586
    vertex -7.440920829772949 6.304450511932373 0.5868580341339111
  endloop
endfacet
facet normal 0.0 0.0 0.0
  outer loop
    vertex -7.440920829772949 6.304450511932373 0.5868580341339111
    vertex -7.259242057800293 6.4534220695495605 0.43934011459350586
    vertex -7.315310478210449 6.2734904289245605 0.43934011459350586
  endloop
endfacet
facet normal 0.0 0.0 0.0
  outer loop
    vertex -7.440920829772949 6.304450511932373 0.5868580341339111
    vertex -7.315310478210449 6.2734904289245605 0.43934011459350586
    vertex -7.477709770202637 6.103713512420654 0.5868580341339111
  endloop
endfacet
facet normal 0.0 0.0 0.0
  outer loop
    vertex -7.477709770202637 6.103713512420654 0.5868580341339111
    vertex -7.315310478210449 6.2734904289245605 0.43934011459350586
    vertex -7.34928035736084 6.088119029998779 0.43934011459350586
  endloop
endfacet
facet normal 0.0 0.0 0.0
  outer loop
    vertex -5.800002098083496 7.460662364959717 0.43934011459350586
    vertex -5.800002098083496 7.313140392303467 0.3099699020385742
    vertex -5.988120079040527 7.449279308319092 0.43934011459350586
  endloop
endfacet
facet normal 0.0 0.0 0.0
  outer loop
    vertex -5.988120079040527 7.449279308319092 0.43934011459350586
    vertex -5.800002098083496 7.313140392303467 0.3099699020385742
    vertex -5.970339775085449 7.302840709686279 0.3099699020385742
  endloop
endfacet
facet normal 0.0 0.0 0.0
  outer loop
    vertex -5.988120079040527 7.449279308319092 0.43934011459350586
    vertex -5.970339775085449 7.302840709686279 0.3099699020385742
    vertex -6.173491477966309 7.415313243865967 0.43934011459350586
  endloop
endfacet
facet normal 0.0 0.0 0.0
  outer loop
    vertex -6.173491477966309 7.415313243865967 0.43934011459350586
    vertex -5.970339775085449 7.302840709686279 0.3099699020385742
    vertex -6.138190269470215 7.272078990936279 0.3099699020385742
  endloop
endfacet
facet normal 0.0 0.0 0.0
  outer loop
    vertex -6.173491477966309 7.415313243865967 0.43934011459350586
    vertex -6.138190269470215 7.272078990936279 0.3099699020385742
    vertex -6.353423118591309 7.3592448234558105 0.43934011459350586
  endloop
endfacet
facet normal 0.0 0.0 0.0
  outer loop
    vertex -6.353423118591309 7.3592448234558105 0.43934011459350586
    vertex -6.138190269470215 7.272078990936279 0.3099699020385742
    vertex -6.301112174987793 7.221312999725342 0.3099699020385742
  endloop
endfacet
facet normal 0.0 0.0 0.0
  outer loop
    vertex -6.353423118591309 7.3592448234558105 0.43934011459350586
    vertex -6.301112174987793 7.221312999725342 0.3099699020385742
    vertex -6.525282859802246 7.281905651092529 0.43934011459350586
  endloop
endfacet
facet normal 0.0 0.0 0.0
  outer loop
    vertex -6.525282859802246 7.281905651092529 0.43934011459350586
    vertex -6.301112174987793 7.221312999725342 0.3099699020385742
    vertex -6.456721305847168 7.151282787322998 0.3099699020385742
  endloop
endfacet
facet normal 0.0 0.0 0.0
  outer loop
    vertex -6.525282859802246 7.281905651092529 0.43934011459350586
    vertex -6.456721305847168 7.151282787322998 0.3099699020385742
    vertex -6.68656063079834 7.184401988983154 0.43934011459350586
  endloop
endfacet
facet normal 0.0 0.0 0.0
  outer loop
    vertex -6.68656063079834 7.184401988983154 0.43934011459350586
    vertex -6.456721305847168 7.151282787322998 0.3099699020385742
    vertex -6.6027631759643555 7.062995433807373 0.3099699020385742
  endloop
endfacet
facet normal 0.0 0.0 0.0
  outer loop
    vertex -6.68656063079834 7.184401988983154 0.43934011459350586
    vertex -6.6027631759643555 7.062995433807373 0.3099699020385742
    vertex -6.8349103927612305 7.068175792694092 0.43934011459350586
  endloop
endfacet
facet normal 0.0 0.0 0.0
  outer loop
    vertex -6.8349103927612305 7.068175792694092 0.43934011459350586
    vertex -6.6027631759643555 7.062995433807373 0.3099699020385742
    vertex -6.737090110778809 6.9577555656433105 0.3099699020385742
  endloop
endfacet
facet normal 0.0 0.0 0.0
  outer loop
    vertex -6.8349103927612305 7.068175792694092 0.43934011459350586
    vertex -6.737090110778809 6.9577555656433105 0.3099699020385742
    vertex -6.968173027038574 6.934913158416748 0.43934011459350586
  endloop
endfacet
facet normal 0.0 0.0 0.0
  outer loop
    vertex -6.968173027038574 6.934913158416748 0.43934011459350586
    vertex -6.737090110778809 6.9577555656433105 0.3099699020385742
    vertex -6.857752799987793 6.8370890617370605 0.3099699020385742
  endloop
endfacet
facet normal 0.0 0.0 0.0
  outer loop
    vertex -6.968173027038574 6.934913158416748 0.43934011459350586
    vertex -6.857752799987793 6.8370890617370605 0.3099699020385742
    vertex -7.084403038024902 6.786559581756592 0.43934011459350586
  endloop
endfacet
facet normal 0.0 0.0 0.0
  outer loop
    vertex -7.084403038024902 6.786559581756592 0.43934011459350586
    vertex -6.857752799987793 6.8370890617370605 0.3099699020385742
    vertex -6.963000297546387 6.702765941619873 0.3099699020385742
  endloop
endfacet
facet normal 0.0 0.0 0.0
  outer loop
    vertex -7.084403038024902 6.786559581756592 0.43934011459350586
    vertex -6.963000297546387 6.702765941619873 0.3099699020385742
    vertex -7.181902885437012 6.625281810760498 0.43934011459350586
  endloop
endfacet
facet normal 0.0 0.0 0.0
  outer loop
    vertex -7.181902885437012 6.625281810760498 0.43934011459350586
    vertex -6.963000297546387 6.702765941619873 0.3099699020385742
    vertex -7.0512800216674805 6.5567240715026855 0.3099699020385742
  endloop
endfacet
facet normal 0.0 0.0 0.0
  outer loop
    vertex -7.181902885437012 6.625281810760498 0.43934011459350586
    vertex -7.0512800216674805 6.5567240715026855 0.3099699020385742
    vertex -7.259242057800293 6.4534220695495605 0.43934011459350586
  endloop
endfacet
facet normal 0.0 0.0 0.0
  outer loop
    vertex -7.259242057800293 6.4534220695495605 0.43934011459350586
    vertex -7.0512800216674805 6.5567240715026855 0.3099699020385742
    vertex -7.121310234069824 6.4011149406433105 0.3099699020385742
  endloop
endfacet
facet normal 0.0 0.0 0.0
  outer loop
    vertex -7.259242057800293 6.4534220695495605 0.43934011459350586
    vertex -7.121310234069824 6.4011149406433105 0.3099699020385742
    vertex -7.315310478210449 6.2734904289245605 0.43934011459350586
  endloop
endfacet
facet normal 0.0 0.0 0.0
  outer loop
    vertex -7.315310478210449 6.2734904289245605 0.43934011459350586
    vertex -7.121310234069824 6.4011149406433105 0.3099699020385742
    vertex -7.172080039978027 6.238189220428467 0.3099699020385742
  endloop
endfacet
facet normal 0.0 0.0 0.0
  outer loop
    vertex -7.315310478210449 6.2734904289245605 0.43934011459350586
    vertex -7.172080039978027 6.238189220428467 0.3099699020385742
    vertex -7.34928035736084 6.088119029998779 0.43934011459350586
  endloop
endfacet
facet normal 0.0 0.0 0.0
  outer loop
    vertex -7.34928035736084 6.088119029998779 0.43934011459350586
    vertex -7.172080039978027 6.238189220428467 0.3099699020385742
    vertex -7.202841758728027 6.070342540740967 0.3099699020385742
  endloop
endfacet
facet normal 0.0 0.0 0.0
  outer loop
    vertex -5.800002098083496 7.313140392303467 0.3099699020385742
    vertex -5.800002098083496 7.150001049041748 0.20096206665039062
    vertex -5.970339775085449 7.302840709686279 0.3099699020385742
  endloop
endfacet
facet normal 0.0 0.0 0.0
  outer loop
    vertex -5.970339775085449 7.302840709686279 0.3099699020385742
    vertex -5.800002098083496 7.150001049041748 0.20096206665039062
    vertex -5.950671195983887 7.1408915519714355 0.20096206665039062
  endloop
endfacet
facet normal 0.0 0.0 0.0
  outer loop
    vertex -5.970339775085449 7.302840709686279 0.3099699020385742
    vertex -5.950671195983887 7.1408915519714355 0.20096206665039062
    vertex -6.138190269470215 7.272078990936279 0.3099699020385742
  endloop
endfacet
facet normal 0.0 0.0 0.0
  outer loop
    vertex -6.138190269470215 7.272078990936279 0.3099699020385742
    vertex -5.950671195983887 7.1408915519714355 0.20096206665039062
    vertex -6.099150657653809 7.113685131072998 0.20096206665039062
  endloop
endfacet
facet normal 0.0 0.0 0.0
  outer loop
    vertex -6.138190269470215 7.272078990936279 0.3099699020385742
    vertex -6.099150657653809 7.113685131072998 0.20096206665039062
    vertex -6.301112174987793 7.221312999725342 0.3099699020385742
  endloop
endfacet
facet normal 0.0 0.0 0.0
  outer loop
    vertex -6.301112174987793 7.221312999725342 0.3099699020385742
    vertex -6.099150657653809 7.113685131072998 0.20096206665039062
    vertex -6.24326229095459 7.068770885467529 0.20096206665039062
  endloop
endfacet
facet normal 0.0 0.0 0.0
  outer loop
    vertex -6.301112174987793 7.221312999725342 0.3099699020385742
    vertex -6.24326229095459 7.068770885467529 0.20096206665039062
    vertex -6.456721305847168 7.151282787322998 0.3099699020385742
  endloop
endfacet
facet normal 0.0 0.0 0.0
  outer loop
    vertex -6.456721305847168 7.151282787322998 0.3099699020385742
    vertex -6.24326229095459 7.068770885467529 0.20096206665039062
    vertex -6.380911827087402 7.006820201873779 0.20096206665039062
  endloop
endfacet
facet normal 0.0 0.0 0.0
  outer loop
    vertex -6.456721305847168 7.151282787322998 0.3099699020385742
    vertex -6.380911827087402 7.006820201873779 0.20096206665039062
    vertex -6.6027631759643555 7.062995433807373 0.3099699020385742
  endloop
endfacet
facet normal 0.0 0.0 0.0
  outer loop
    vertex -6.6027631759643555 7.062995433807373 0.3099699020385742
    vertex -6.380911827087402 7.006820201873779 0.20096206665039062
    vertex -6.5100812911987305 6.9287333488464355 0.20096206665039062
  endloop
endfacet
facet normal 0.0 0.0 0.0
  outer loop
    vertex -6.6027631759643555 7.062995433807373 0.3099699020385742
    vertex -6.5100812911987305 6.9287333488464355 0.20096206665039062
    vertex -6.737090110778809 6.9577555656433105 0.3099699020385742
  endloop
endfacet
facet normal 0.0 0.0 0.0
  outer loop
    vertex -6.737090110778809 6.9577555656433105 0.3099699020385742
    vertex -6.5100812911987305 6.9287333488464355 0.20096206665039062
    vertex -6.628912925720215 6.835639476776123 0.20096206665039062
  endloop
endfacet
facet normal 0.0 0.0 0.0
  outer loop
    vertex -6.737090110778809 6.9577555656433105 0.3099699020385742
    vertex -6.628912925720215 6.835639476776123 0.20096206665039062
    vertex -6.857752799987793 6.8370890617370605 0.3099699020385742
  endloop
endfacet
facet normal 0.0 0.0 0.0
  outer loop
    vertex -6.857752799987793 6.8370890617370605 0.3099699020385742
    vertex -6.628912925720215 6.835639476776123 0.20096206665039062
    vertex -6.735640525817871 6.7289042472839355 0.20096206665039062
  endloop
endfacet
facet normal 0.0 0.0 0.0
  outer loop
    vertex -6.857752799987793 6.8370890617370605 0.3099699020385742
    vertex -6.735640525817871 6.7289042472839355 0.20096206665039062
    vertex -6.963000297546387 6.702765941619873 0.3099699020385742
  endloop
endfacet
facet normal 0.0 0.0 0.0
  outer loop
    vertex -6.963000297546387 6.702765941619873 0.3099699020385742
    vertex -6.735640525817871 6.7289042472839355 0.20096206665039062
    vertex -6.828730583190918 6.610084056854248 0.20096206665039062
  endloop
endfacet
facet normal 0.0 0.0 0.0
  outer loop
    vertex -6.963000297546387 6.702765941619873 0.3099699020385742
    vertex -6.828730583190918 6.610084056854248 0.20096206665039062
    vertex -7.0512800216674805 6.5567240715026855 0.3099699020385742
  endloop
endfacet
facet normal 0.0 0.0 0.0
  outer loop
    vertex -7.0512800216674805 6.5567240715026855 0.3099699020385742
    vertex -6.828730583190918 6.610084056854248 0.20096206665039062
    vertex -6.906821250915527 6.480910778045654 0.20096206665039062
  endloop
endfacet
facet normal 0.0 0.0 0.0
  outer loop
    vertex -7.0512800216674805 6.5567240715026855 0.3099699020385742
    vertex -6.906821250915527 6.480910778045654 0.20096206665039062
    vertex -7.121310234069824 6.4011149406433105 0.3099699020385742
  endloop
endfacet
facet normal 0.0 0.0 0.0
  outer loop
    vertex -7.121310234069824 6.4011149406433105 0.3099699020385742
    vertex -6.906821250915527 6.480910778045654 0.20096206665039062
    vertex -6.968771934509277 6.343261241912842 0.20096206665039062
  endloop
endfacet
facet normal 0.0 0.0 0.0
  outer loop
    vertex -7.121310234069824 6.4011149406433105 0.3099699020385742
    vertex -6.968771934509277 6.343261241912842 0.20096206665039062
    vertex -7.172080039978027 6.238189220428467 0.3099699020385742
  endloop
endfacet
facet normal 0.0 0.0 0.0
  outer loop
    vertex -7.172080039978027 6.238189220428467 0.3099699020385742
    vertex -6.968771934509277 6.343261241912842 0.20096206665039062
    vertex -7.0136823654174805 6.1991496086120605 0.20096206665039062
  endloop
endfacet
facet normal 0.0 0.0 0.0
  outer loop
    vertex -7.172080039978027 6.238189220428467 0.3099699020385742
    vertex -7.0136823654174805 6.1991496086120605 0.20096206665039062
    vertex -7.202841758728027 6.070342540740967 0.3099699020385742
  endloop
endfacet
facet normal 0.0 0.0 0.0
  outer loop
    vertex -7.202841758728027 6.070342540740967 0.3099699020385742
    vertex -7.0136823654174805 6.1991496086120605 0.20096206665039062
    vertex -7.040892601013184 6.050673961639404 0.20096206665039062
  endloop
endfacet
facet normal 0.0 0.0 0.0
  outer loop
    vertex -5.800002098083496 7.150001049041748 0.20096206665039062
    vertex -5.800002098083496 6.974029064178467 0.1141810417175293
    vertex -5.950671195983887 7.1408915519714355 0.20096206665039062
  endloop
endfacet
facet normal 0.0 0.0 0.0
  outer loop
    vertex -5.950671195983887 7.1408915519714355 0.20096206665039062
    vertex -5.800002098083496 6.974029064178467 0.1141810417175293
    vertex -5.929461479187012 6.966201305389404 0.1141810417175293
  endloop
endfacet
facet normal 0.0 0.0 0.0
  outer loop
    vertex -5.950671195983887 7.1408915519714355 0.20096206665039062
    vertex -5.929461479187012 6.966201305389404 0.1141810417175293
    vertex -6.099150657653809 7.113685131072998 0.20096206665039062
  endloop
endfacet
facet normal 0.0 0.0 0.0
  outer loop
    vertex -6.099150657653809 7.113685131072998 0.20096206665039062
    vertex -5.929461479187012 6.966201305389404 0.1141810417175293
    vertex -6.057032585144043 6.942824840545654 0.1141810417175293
  endloop
endfacet
facet normal 0.0 0.0 0.0
  outer loop
    vertex -6.099150657653809 7.113685131072998 0.20096206665039062
    vertex -6.057032585144043 6.942824840545654 0.1141810417175293
    vertex -6.24326229095459 7.068770885467529 0.20096206665039062
  endloop
endfacet
facet normal 0.0 0.0 0.0
  outer loop
    vertex -6.24326229095459 7.068770885467529 0.20096206665039062
    vertex -6.057032585144043 6.942824840545654 0.1141810417175293
    vertex -6.180861473083496 6.904235363006592 0.1141810417175293
  endloop
endfacet
facet normal 0.0 0.0 0.0
  outer loop
    vertex -6.24326229095459 7.068770885467529 0.20096206665039062
    vertex -6.180861473083496 6.904235363006592 0.1141810417175293
    vertex -6.380911827087402 7.006820201873779 0.20096206665039062
  endloop
endfacet
facet normal 0.0 0.0 0.0
  outer loop
    vertex -6.380911827087402 7.006820201873779 0.20096206665039062
    vertex -6.180861473083496 6.904235363006592 0.1141810417175293
    vertex -6.299132347106934 6.8510050773620605 0.1141810417175293
  endloop
endfacet
facet normal 0.0 0.0 0.0
  outer loop
    vertex -6.380911827087402 7.006820201873779 0.20096206665039062
    vertex -6.299132347106934 6.8510050773620605 0.1141810417175293
    vertex -6.5100812911987305 6.9287333488464355 0.20096206665039062
  endloop
endfacet
facet normal 0.0 0.0 0.0
  outer loop
    vertex -6.5100812911987305 6.9287333488464355 0.20096206665039062
    vertex -6.299132347106934 6.8510050773620605 0.1141810417175293
    vertex -6.410120964050293 6.783912181854248 0.1141810417175293
  endloop
endfacet
facet normal 0.0 0.0 0.0
  outer loop
    vertex -6.5100812911987305 6.9287333488464355 0.20096206665039062
    vertex -6.410120964050293 6.783912181854248 0.1141810417175293
    vertex -6.628912925720215 6.835639476776123 0.20096206665039062
  endloop
endfacet
facet normal 0.0 0.0 0.0
  outer loop
    vertex -6.628912925720215 6.835639476776123 0.20096206665039062
    vertex -6.410120964050293 6.783912181854248 0.1141810417175293
    vertex -6.512209892272949 6.703925609588623 0.1141810417175293
  endloop
endfacet
facet normal 0.0 0.0 0.0
  outer loop
    vertex -6.628912925720215 6.835639476776123 0.20096206665039062
    vertex -6.512209892272949 6.703925609588623 0.1141810417175293
    vertex -6.735640525817871 6.7289042472839355 0.20096206665039062
  endloop
endfacet
facet normal 0.0 0.0 0.0
  outer loop
    vertex -6.735640525817871 6.7289042472839355 0.20096206665039062
    vertex -6.512209892272949 6.703925609588623 0.1141810417175293
    vertex -6.6039228439331055 6.612212657928467 0.1141810417175293
  endloop
endfacet
facet normal 0.0 0.0 0.0
  outer loop
    vertex -6.735640525817871 6.7289042472839355 0.20096206665039062
    vertex -6.6039228439331055 6.612212657928467 0.1141810417175293
    vertex -6.828730583190918 6.610084056854248 0.20096206665039062
  endloop
endfacet
facet normal 0.0 0.0 0.0
  outer loop
    vertex -6.828730583190918 6.610084056854248 0.20096206665039062
    vertex -6.6039228439331055 6.612212657928467 0.1141810417175293
    vertex -6.683913230895996 6.5101237297058105 0.1141810417175293
  endloop
endfacet
facet normal 0.0 0.0 0.0
  outer loop
    vertex -6.828730583190918 6.610084056854248 0.20096206665039062
    vertex -6.683913230895996 6.5101237297058105 0.1141810417175293
    vertex -6.906821250915527 6.480910778045654 0.20096206665039062
  endloop
endfacet
facet normal 0.0 0.0 0.0
  outer loop
    vertex -6.906821250915527 6.480910778045654 0.20096206665039062
    vertex -6.683913230895996 6.5101237297058105 0.1141810417175293
    vertex -6.751002311706543 6.3991312980651855 0.1141810417175293
  endloop
endfacet
facet normal 0.0 0.0 0.0
  outer loop
    vertex -6.906821250915527 6.480910778045654 0.20096206665039062
    vertex -6.751002311706543 6.3991312980651855 0.1141810417175293
    vertex -6.968771934509277 6.343261241912842 0.20096206665039062
  endloop
endfacet
facet normal 0.0 0.0 0.0
  outer loop
    vertex -6.968771934509277 6.343261241912842 0.20096206665039062
    vertex -6.751002311706543 6.3991312980651855 0.1141810417175293
    vertex -6.804232597351074 6.280860424041748 0.1141810417175293
  endloop
endfacet
facet normal 0.0 0.0 0.0
  outer loop
    vertex -6.968771934509277 6.343261241912842 0.20096206665039062
    vertex -6.804232597351074 6.280860424041748 0.1141810417175293
    vertex -7.0136823654174805 6.1991496086120605 0.20096206665039062
  endloop
endfacet
facet normal 0.0 0.0 0.0
  outer loop
    vertex -7.0136823654174805 6.1991496086120605 0.20096206665039062
    vertex -6.804232597351074 6.280860424041748 0.1141810417175293
    vertex -6.842822074890137 6.1570353507995605 0.1141810417175293
  endloop
endfacet
facet normal 0.0 0.0 0.0
  outer loop
    vertex -7.0136823654174805 6.1991496086120605 0.20096206665039062
    vertex -6.842822074890137 6.1570353507995605 0.1141810417175293
    vertex -7.040892601013184 6.050673961639404 0.20096206665039062
  endloop
endfacet
facet normal 0.0 0.0 0.0
  outer loop
    vertex -7.040892601013184 6.050673961639404 0.20096206665039062
    vertex -6.842822074890137 6.1570353507995605 0.1141810417175293
    vertex -6.866202354431152 6.029464244842529 0.1141810417175293
  endloop
endfacet
facet normal 0.0 0.0 0.0
  outer loop
    vertex -5.800002098083496 6.974029064178467 0.1141810417175293
    vertex -5.800002098083496 6.7882304191589355 0.05111098289489746
    vertex -5.929461479187012 6.966201305389404 0.1141810417175293
  endloop
endfacet
facet normal 0.0 0.0 0.0
  outer loop
    vertex -5.929461479187012 6.966201305389404 0.1141810417175293
    vertex -5.800002098083496 6.7882304191589355 0.05111098289489746
    vertex -5.907073020935059 6.781753063201904 0.05111098289489746
  endloop
endfacet
facet normal 0.0 0.0 0.0
  outer loop
    vertex -5.929461479187012 6.966201305389404 0.1141810417175293
    vertex -5.907073020935059 6.781753063201904 0.05111098289489746
    vertex -6.057032585144043 6.942824840545654 0.1141810417175293
  endloop
endfacet
facet normal 0.0 0.0 0.0
  outer loop
    vertex -6.057032585144043 6.942824840545654 0.1141810417175293
    vertex -5.907073020935059 6.781753063201904 0.05111098289489746
    vertex -6.012572288513184 6.762420177459717 0.05111098289489746
  endloop
endfacet
facet normal 0.0 0.0 0.0
  outer loop
    vertex -6.057032585144043 6.942824840545654 0.1141810417175293
    vertex -6.012572288513184 6.762420177459717 0.05111098289489746
    vertex -6.180861473083496 6.904235363006592 0.1141810417175293
  endloop
endfacet
facet normal 0.0 0.0 0.0
  outer loop
    vertex -6.180861473083496 6.904235363006592 0.1141810417175293
    vertex -6.012572288513184 6.762420177459717 0.05111098289489746
    vertex -6.1149702072143555 6.730514049530029 0.05111098289489746
  endloop
endfacet
facet normal 0.0 0.0 0.0
  outer loop
    vertex -6.180861473083496 6.904235363006592 0.1141810417175293
    vertex -6.1149702072143555 6.730514049530029 0.05111098289489746
    vertex -6.299132347106934 6.8510050773620605 0.1141810417175293
  endloop
endfacet
facet normal 0.0 0.0 0.0
  outer loop
    vertex -6.299132347106934 6.8510050773620605 0.1141810417175293
    vertex -6.1149702072143555 6.730514049530029 0.05111098289489746
    vertex -6.212782859802246 6.686492443084717 0.05111098289489746
  endloop
endfacet
facet normal 0.0 0.0 0.0
  outer loop
    vertex -6.299132347106934 6.8510050773620605 0.1141810417175293
    vertex -6.212782859802246 6.686492443084717 0.05111098289489746
    vertex -6.410120964050293 6.783912181854248 0.1141810417175293
  endloop
endfacet
facet normal 0.0 0.0 0.0
  outer loop
    vertex -6.410120964050293 6.783912181854248 0.1141810417175293
    vertex -6.212782859802246 6.686492443084717 0.05111098289489746
    vertex -6.304572105407715 6.6310038566589355 0.05111098289489746
  endloop
endfacet
facet normal 0.0 0.0 0.0
  outer loop
    vertex -6.410120964050293 6.783912181854248 0.1141810417175293
    vertex -6.304572105407715 6.6310038566589355 0.05111098289489746
    vertex -6.512209892272949 6.703925609588623 0.1141810417175293
  endloop
endfacet
facet normal 0.0 0.0 0.0
  outer loop
    vertex -6.512209892272949 6.703925609588623 0.1141810417175293
    vertex -6.304572105407715 6.6310038566589355 0.05111098289489746
    vertex -6.389010429382324 6.564849376678467 0.05111098289489746
  endloop
endfacet
facet normal 0.0 0.0 0.0
  outer loop
    vertex -6.512209892272949 6.703925609588623 0.1141810417175293
    vertex -6.389010429382324 6.564849376678467 0.05111098289489746
    vertex -6.6039228439331055 6.612212657928467 0.1141810417175293
  endloop
endfacet
facet normal 0.0 0.0 0.0
  outer loop
    vertex -6.6039228439331055 6.612212657928467 0.1141810417175293
    vertex -6.389010429382324 6.564849376678467 0.05111098289489746
    vertex -6.464850425720215 6.489013195037842 0.05111098289489746
  endloop
endfacet
facet normal 0.0 0.0 0.0
  outer loop
    vertex -6.6039228439331055 6.612212657928467 0.1141810417175293
    vertex -6.464850425720215 6.489013195037842 0.05111098289489746
    vertex -6.683913230895996 6.5101237297058105 0.1141810417175293
  endloop
endfacet
facet normal 0.0 0.0 0.0
  outer loop
    vertex -6.683913230895996 6.5101237297058105 0.1141810417175293
    vertex -6.464850425720215 6.489013195037842 0.05111098289489746
    vertex -6.531001091003418 6.404571056365967 0.05111098289489746
  endloop
endfacet
facet normal 0.0 0.0 0.0
  outer loop
    vertex -6.683913230895996 6.5101237297058105 0.1141810417175293
    vertex -6.531001091003418 6.404571056365967 0.05111098289489746
    vertex -6.751002311706543 6.3991312980651855 0.1141810417175293
  endloop
endfacet
facet normal 0.0 0.0 0.0
  outer loop
    vertex -6.751002311706543 6.3991312980651855 0.1141810417175293
    vertex -6.531001091003418 6.404571056365967 0.05111098289489746
    vertex -6.586489677429199 6.312781810760498 0.05111098289489746
  endloop
endfacet
facet normal 0.0 0.0 0.0
  outer loop
    vertex -6.751002311706543 6.3991312980651855 0.1141810417175293
    vertex -6.586489677429199 6.312781810760498 0.05111098289489746
    vertex -6.804232597351074 6.280860424041748 0.1141810417175293
  endloop
endfacet
facet normal 0.0 0.0 0.0
  outer loop
    vertex -6.804232597351074 6.280860424041748 0.1141810417175293
    vertex -6.586489677429199 6.312781810760498 0.05111098289489746
    vertex -6.630511283874512 6.214972972869873 0.05111098289489746
  endloop
endfacet
facet normal 0.0 0.0 0.0
  outer loop
    vertex -6.804232597351074 6.280860424041748 0.1141810417175293
    vertex -6.630511283874512 6.214972972869873 0.05111098289489746
    vertex -6.842822074890137 6.1570353507995605 0.1141810417175293
  endloop
endfacet
facet normal 0.0 0.0 0.0
  outer loop
    vertex -6.842822074890137 6.1570353507995605 0.1141810417175293
    vertex -6.630511283874512 6.214972972869873 0.05111098289489746
    vertex -6.662421226501465 6.1125712394714355 0.05111098289489746
  endloop
endfacet
facet normal 0.0 0.0 0.0
  outer loop
    vertex -6.842822074890137 6.1570353507995605 0.1141810417175293
    vertex -6.662421226501465 6.1125712394714355 0.05111098289489746
    vertex -6.866202354431152 6.029464244842529 0.1141810417175293
  endloop
endfacet
facet normal 0.0 0.0 0.0
  outer loop
    vertex -6.866202354431152 6.029464244842529 0.1141810417175293
    vertex -6.662421226501465 6.1125712394714355 0.05111098289489746
    vertex -6.681750297546387 6.0070719718933105 0.05111098289489746
  endloop
endfacet
facet normal 0.0 0.0 0.0
  outer loop
    vertex -5.800002098083496 6.7882304191589355 0.05111098289489746
    vertex -5.800002098083496 6.595794200897217 0.012833118438720703
    vertex -5.907073020935059 6.781753063201904 0.05111098289489746
  endloop
endfacet
facet normal 0.0 0.0 0.0
  outer loop
    vertex -5.907073020935059 6.781753063201904 0.05111098289489746
    vertex -5.800002098083496 6.595794200897217 0.012833118438720703
    vertex -5.883872032165527 6.5907206535339355 0.012833118438720703
  endloop
endfacet
facet normal 0.0 0.0 0.0
  outer loop
    vertex -5.907073020935059 6.781753063201904 0.05111098289489746
    vertex -5.883872032165527 6.5907206535339355 0.012833118438720703
    vertex -6.012572288513184 6.762420177459717 0.05111098289489746
  endloop
endfacet
facet normal 0.0 0.0 0.0
  outer loop
    vertex -6.012572288513184 6.762420177459717 0.05111098289489746
    vertex -5.883872032165527 6.5907206535339355 0.012833118438720703
    vertex -5.966521263122559 6.575576305389404 0.012833118438720703
  endloop
endfacet
facet normal 0.0 0.0 0.0
  outer loop
    vertex -6.012572288513184 6.762420177459717 0.05111098289489746
    vertex -5.966521263122559 6.575576305389404 0.012833118438720703
    vertex -6.1149702072143555 6.730514049530029 0.05111098289489746
  endloop
endfacet
facet normal 0.0 0.0 0.0
  outer loop
    vertex -6.1149702072143555 6.730514049530029 0.05111098289489746
    vertex -5.966521263122559 6.575576305389404 0.012833118438720703
    vertex -6.0467329025268555 6.550582408905029 0.012833118438720703
  endloop
endfacet
facet normal 0.0 0.0 0.0
  outer loop
    vertex -6.1149702072143555 6.730514049530029 0.05111098289489746
    vertex -6.0467329025268555 6.550582408905029 0.012833118438720703
    vertex -6.212782859802246 6.686492443084717 0.05111098289489746
  endloop
endfacet
facet normal 0.0 0.0 0.0
  outer loop
    vertex -6.212782859802246 6.686492443084717 0.05111098289489746
    vertex -6.0467329025268555 6.550582408905029 0.012833118438720703
    vertex -6.123351097106934 6.516089916229248 0.012833118438720703
  endloop
endfacet
facet normal 0.0 0.0 0.0
  outer loop
    vertex -6.212782859802246 6.686492443084717 0.05111098289489746
    vertex -6.123351097106934 6.516089916229248 0.012833118438720703
    vertex -6.304572105407715 6.6310038566589355 0.05111098289489746
  endloop
endfacet
facet normal 0.0 0.0 0.0
  outer loop
    vertex -6.304572105407715 6.6310038566589355 0.05111098289489746
    vertex -6.123351097106934 6.516089916229248 0.012833118438720703
    vertex -6.1952619552612305 6.472632884979248 0.012833118438720703
  endloop
endfacet
facet normal 0.0 0.0 0.0
  outer loop
    vertex -6.304572105407715 6.6310038566589355 0.05111098289489746
    vertex -6.1952619552612305 6.472632884979248 0.012833118438720703
    vertex -6.389010429382324 6.564849376678467 0.05111098289489746
  endloop
endfacet
facet normal 0.0 0.0 0.0
  outer loop
    vertex -6.389010429382324 6.564849376678467 0.05111098289489746
    vertex -6.1952619552612305 6.472632884979248 0.012833118438720703
    vertex -6.261401176452637 6.420814037322998 0.012833118438720703
  endloop
endfacet
facet normal 0.0 0.0 0.0
  outer loop
    vertex -6.389010429382324 6.564849376678467 0.05111098289489746
    vertex -6.261401176452637 6.420814037322998 0.012833118438720703
    vertex -6.464850425720215 6.489013195037842 0.05111098289489746
  endloop
endfacet
facet normal 0.0 0.0 0.0
  outer loop
    vertex -6.464850425720215 6.489013195037842 0.05111098289489746
    vertex -6.261401176452637 6.420814037322998 0.012833118438720703
    vertex -6.3208112716674805 6.361403942108154 0.012833118438720703
  endloop
endfacet
facet normal 0.0 0.0 0.0
  outer loop
    vertex -6.464850425720215 6.489013195037842 0.05111098289489746
    vertex -6.3208112716674805 6.361403942108154 0.012833118438720703
    vertex -6.531001091003418 6.404571056365967 0.05111098289489746
  endloop
endfacet
facet normal 0.0 0.0 0.0
  outer loop
    vertex -6.531001091003418 6.404571056365967 0.05111098289489746
    vertex -6.3208112716674805 6.361403942108154 0.012833118438720703
    vertex -6.3726301193237305 6.295264720916748 0.012833118438720703
  endloop
endfacet
facet normal 0.0 0.0 0.0
  outer loop
    vertex -6.531001091003418 6.404571056365967 0.05111098289489746
    vertex -6.3726301193237305 6.295264720916748 0.012833118438720703
    vertex -6.586489677429199 6.312781810760498 0.05111098289489746
  endloop
endfacet
facet normal 0.0 0.0 0.0
  outer loop
    vertex -6.586489677429199 6.312781810760498 0.05111098289489746
    vertex -6.3726301193237305 6.295264720916748 0.012833118438720703
    vertex -6.416090965270996 6.2233500480651855 0.012833118438720703
  endloop
endfacet
facet normal 0.0 0.0 0.0
  outer loop
    vertex -6.586489677429199 6.312781810760498 0.05111098289489746
    vertex -6.416090965270996 6.2233500480651855 0.012833118438720703
    vertex -6.630511283874512 6.214972972869873 0.05111098289489746
  endloop
endfacet
facet normal 0.0 0.0 0.0
  outer loop
    vertex -6.630511283874512 6.214972972869873 0.05111098289489746
    vertex -6.416090965270996 6.2233500480651855 0.012833118438720703
    vertex -6.450579643249512 6.146735668182373 0.012833118438720703
  endloop
endfacet
facet normal 0.0 0.0 0.0
  outer loop
    vertex -6.630511283874512 6.214972972869873 0.05111098289489746
    vertex -6.450579643249512 6.146735668182373 0.012833118438720703
    vertex -6.662421226501465 6.1125712394714355 0.05111098289489746
  endloop
endfacet
facet normal 0.0 0.0 0.0
  outer loop
    vertex -6.662421226501465 6.1125712394714355 0.05111098289489746
    vertex -6.450579643249512 6.146735668182373 0.012833118438720703
    vertex -6.475569725036621 6.066512584686279 0.012833118438720703
  endloop
endfacet
facet normal 0.0 0.0 0.0
  outer loop
    vertex -6.662421226501465 6.1125712394714355 0.05111098289489746
    vertex -6.475569725036621 6.066512584686279 0.012833118438720703
    vertex -6.681750297546387 6.0070719718933105 0.05111098289489746
  endloop
endfacet
facet normal 0.0 0.0 0.0
  outer loop
    vertex -6.681750297546387 6.0070719718933105 0.05111098289489746
    vertex -6.475569725036621 6.066512584686279 0.012833118438720703
    vertex -6.490721702575684 5.983870983123779 0.012833118438720703
  endloop
endfacet
facet normal 0.0 0.0 0.0
  outer loop
    vertex -5.800002098083496 6.595794200897217 0.012833118438720703
    vertex -5.800002098083496 6.400001049041748 0.0
    vertex -5.883872032165527 6.5907206535339355 0.012833118438720703
  endloop
endfacet
facet normal 0.0 0.0 0.0
  outer loop
    vertex -5.883872032165527 6.5907206535339355 0.012833118438720703
    vertex -5.800002098083496 6.400001049041748 0.0
    vertex -5.911261558532715 6.3874735832214355 0.0
  endloop
endfacet
facet normal 0.0 0.0 0.0
  outer loop
    vertex -5.883872032165527 6.5907206535339355 0.012833118438720703
    vertex -5.911261558532715 6.3874735832214355 0.0
    vertex -5.966521263122559 6.575576305389404 0.012833118438720703
  endloop
endfacet
facet normal 0.0 0.0 0.0
  outer loop
    vertex -5.966521263122559 6.575576305389404 0.012833118438720703
    vertex -5.911261558532715 6.3874735832214355 0.0
    vertex -6.0467329025268555 6.550582408905029 0.012833118438720703
  endloop
endfacet
facet normal 0.0 0.0 0.0
  outer loop
    vertex -5.911261558532715 6.3874735832214355 0.0
    vertex -6.016940116882324 6.350493907928467 0.0
    vertex -6.0467329025268555 6.550582408905029 0.012833118438720703
  endloop
endfacet
facet normal 0.0 0.0 0.0
  outer loop
    vertex -6.0467329025268555 6.550582408905029 0.012833118438720703
    vertex -6.016940116882324 6.350493907928467 0.0
    vertex -6.123351097106934 6.516089916229248 0.012833118438720703
  endloop
endfacet
facet normal 0.0 0.0 0.0
  outer loop
    vertex -6.123351097106934 6.516089916229248 0.012833118438720703
    vertex -6.016940116882324 6.350493907928467 0.0
    vertex -6.1952619552612305 6.472632884979248 0.012833118438720703
  endloop
endfacet
facet normal 0.0 0.0 0.0
  outer loop
    vertex -6.1952619552612305 6.472632884979248 0.012833118438720703
    vertex -6.016940116882324 6.350493907928467 0.0
    vertex -6.111750602722168 6.290923595428467 0.0
  endloop
endfacet
facet normal 0.0 0.0 0.0
  outer loop
    vertex -6.1952619552612305 6.472632884979248 0.012833118438720703
    vertex -6.111750602722168 6.290923595428467 0.0
    vertex -6.261401176452637 6.420814037322998 0.012833118438720703
  endloop
endfacet
facet normal 0.0 0.0 0.0
  outer loop
    vertex -6.261401176452637 6.420814037322998 0.012833118438720703
    vertex -6.111750602722168 6.290923595428467 0.0
    vertex -6.190920829772949 6.2117533683776855 0.0
  endloop
endfacet
facet normal 0.0 0.0 0.0
  outer loop
    vertex -6.261401176452637 6.420814037322998 0.012833118438720703
    vertex -6.190920829772949 6.2117533683776855 0.0
    vertex -6.3208112716674805 6.361403942108154 0.012833118438720703
  endloop
endfacet
facet normal 0.0 0.0 0.0
  outer loop
    vertex -6.3208112716674805 6.361403942108154 0.012833118438720703
    vertex -6.190920829772949 6.2117533683776855 0.0
    vertex -6.3726301193237305 6.295264720916748 0.012833118438720703
  endloop
endfacet
facet normal 0.0 0.0 0.0
  outer loop
    vertex -6.190920829772949 6.2117533683776855 0.0
    vertex -6.250491142272949 6.116942882537842 0.0
    vertex -6.3726301193237305 6.295264720916748 0.012833118438720703
  endloop
endfacet
facet normal 0.0 0.0 0.0
  outer loop
    vertex -6.3726301193237305 6.295264720916748 0.012833118438720703
    vertex -6.250491142272949 6.116942882537842 0.0
    vertex -6.416090965270996 6.2233500480651855 0.012833118438720703
  endloop
endfacet
facet normal 0.0 0.0 0.0
  outer loop
    vertex -6.416090965270996 6.2233500480651855 0.012833118438720703
    vertex -6.250491142272949 6.116942882537842 0.0
    vertex -6.450579643249512 6.146735668182373 0.012833118438720703
  endloop
endfacet
facet normal 0.0 0.0 0.0
  outer loop
    vertex -6.450579643249512 6.146735668182373 0.012833118438720703
    vertex -6.250491142272949 6.116942882537842 0.0
    vertex -6.287470817565918 6.011260509490967 0.0
  endloop
endfacet
facet normal 0.0 0.0 0.0
  outer loop
    vertex -6.450579643249512 6.146735668182373 0.012833118438720703
    vertex -6.287470817565918 6.011260509490967 0.0
    vertex -6.475569725036621 6.066512584686279 0.012833118438720703
  endloop
endfacet
facet normal 0.0 0.0 0.0
  outer loop
    vertex -6.475569725036621 6.066512584686279 0.012833118438720703
    vertex -6.287470817565918 6.011260509490967 0.0
    vertex -6.490721702575684 5.983870983123779 0.012833118438720703
  endloop
endfacet
facet normal 0.0 0.0 0.0
  outer loop
    vertex 7.899998664855957 5.900001049041748 1.4999998807907104
    vertex 7.885418891906738 6.141082286834717 1.4999998807907104
    vertex 7.899998664855957 5.900001049041748 1.9999998807907104
  endloop
endfacet
facet normal 0.0 0.0 0.0
  outer loop
    vertex 7.899998664855957 5.900001049041748 1.9999998807907104
    vertex 7.885418891906738 6.141082286834717 1.4999998807907104
    vertex 7.885418891906738 6.141082286834717 1.9999998807907104
  endloop
endfacet
facet normal 0.0 0.0 0.0
  outer loop
    vertex 7.885418891906738 6.141082286834717 1.9999998807907104
    vertex 7.885418891906738 6.141082286834717 1.4999998807907104
    vertex 7.8418779373168945 6.378631114959717 1.9999998807907104
  endloop
endfacet
facet normal 0.0 0.0 0.0
  outer loop
    vertex 7.8418779373168945 6.378631114959717 1.9999998807907104
    vertex 7.885418891906738 6.141082286834717 1.4999998807907104
    vertex 7.8418779373168945 6.378631114959717 1.4999998807907104
  endloop
endfacet
facet normal 0.0 0.0 0.0
  outer loop
    vertex 7.8418779373168945 6.378631114959717 1.9999998807907104
    vertex 7.8418779373168945 6.378631114959717 1.4999998807907104
    vertex 7.770028114318848 6.6092143058776855 1.9999998807907104
  endloop
endfacet
facet normal 0.0 0.0 0.0
  outer loop
    vertex 7.770028114318848 6.6092143058776855 1.9999998807907104
    vertex 7.8418779373168945 6.378631114959717 1.4999998807907104
    vertex 7.770028114318848 6.6092143058776855 1.4999998807907104
  endloop
endfacet
facet normal 0.0 0.0 0.0
  outer loop
    vertex 7.770028114318848 6.6092143058776855 1.9999998807907104
    vertex 7.770028114318848 6.6092143058776855 1.4999998807907104
    vertex 7.6709089279174805 6.829452037811279 1.9999998807907104
  endloop
endfacet
facet normal 0.0 0.0 0.0
  outer loop
    vertex 7.6709089279174805 6.829452037811279 1.9999998807907104
    vertex 7.770028114318848 6.6092143058776855 1.4999998807907104
    vertex 7.6709089279174805 6.829452037811279 1.4999998807907104
  endloop
endfacet
facet normal 0.0 0.0 0.0
  outer loop
    vertex 7.6709089279174805 6.829452037811279 1.9999998807907104
    vertex 7.6709089279174805 6.829452037811279 1.4999998807907104
    vertex 7.545968055725098 7.036132335662842 1.9999998807907104
  endloop
endfacet
facet normal 0.0 0.0 0.0
  outer loop
    vertex 7.545968055725098 7.036132335662842 1.9999998807907104
    vertex 7.6709089279174805 6.829452037811279 1.4999998807907104
    vertex 7.545968055725098 7.036132335662842 1.4999998807907104
  endloop
endfacet
facet normal 0.0 0.0 0.0
  outer loop
    vertex 7.545968055725098 7.036132335662842 1.9999998807907104
    vertex 7.545968055725098 7.036132335662842 1.4999998807907104
    vertex 7.397019386291504 7.2262492179870605 1.9999998807907104
  endloop
endfacet
facet normal 0.0 0.0 0.0
  outer loop
    vertex 7.397019386291504 7.2262492179870605 1.9999998807907104
    vertex 7.545968055725098 7.036132335662842 1.4999998807907104
    vertex 7.397019386291504 7.2262492179870605 1.4999998807907104
  endloop
endfacet
facet normal 0.0 0.0 0.0
  outer loop
    vertex 7.397019386291504 7.2262492179870605 1.9999998807907104
    vertex 7.397019386291504 7.2262492179870605 1.4999998807907104
    vertex 7.226248741149902 7.3970255851745605 1.9999998807907104
  endloop
endfacet
facet normal 0.0 0.0 0.0
  outer loop
    vertex 7.226248741149902 7.3970255851745605 1.9999998807907104
    vertex 7.397019386291504 7.2262492179870605 1.4999998807907104
    vertex 7.226248741149902 7.3970255851745605 1.4999998807907104
  endloop
endfacet
facet normal 0.0 0.0 0.0
  outer loop
    vertex 7.226248741149902 7.3970255851745605 1.9999998807907104
    vertex 7.226248741149902 7.3970255851745605 1.4999998807907104
    vertex 7.036128044128418 7.545974254608154 1.9999998807907104
  endloop
endfacet
facet normal 0.0 0.0 0.0
  outer loop
    vertex 7.036128044128418 7.545974254608154 1.9999998807907104
    vertex 7.226248741149902 7.3970255851745605 1.4999998807907104
    vertex 7.036128044128418 7.545974254608154 1.4999998807907104
  endloop
endfacet
facet normal 0.0 0.0 0.0
  outer loop
    vertex 7.036128044128418 7.545974254608154 1.9999998807907104
    vertex 7.036128044128418 7.545974254608154 1.4999998807907104
    vertex 6.8294477462768555 7.670913219451904 1.9999998807907104
  endloop
endfacet
facet normal 0.0 0.0 0.0
  outer loop
    vertex 6.8294477462768555 7.670913219451904 1.9999998807907104
    vertex 7.036128044128418 7.545974254608154 1.4999998807907104
    vertex 6.8294477462768555 7.670913219451904 1.4999998807907104
  endloop
endfacet
facet normal 0.0 0.0 0.0
  outer loop
    vertex 6.8294477462768555 7.670913219451904 1.9999998807907104
    vertex 6.8294477462768555 7.670913219451904 1.4999998807907104
    vertex 6.609208106994629 7.770034313201904 1.9999998807907104
  endloop
endfacet
facet normal 0.0 0.0 0.0
  outer loop
    vertex 6.609208106994629 7.770034313201904 1.9999998807907104
    vertex 6.8294477462768555 7.670913219451904 1.4999998807907104
    vertex 6.609208106994629 7.770034313201904 1.4999998807907104
  endloop
endfacet
facet normal 0.0 0.0 0.0
  outer loop
    vertex 6.609208106994629 7.770034313201904 1.9999998807907104
    vertex 6.609208106994629 7.770034313201904 1.4999998807907104
    vertex 6.378628730773926 7.841895580291748 2.0
  endloop
endfacet
facet normal 0.0 0.0 0.0
  outer loop
    vertex 6.378628730773926 7.841895580291748 2.0
    vertex 6.609208106994629 7.770034313201904 1.4999998807907104
    vertex 6.378628730773926 7.841895580291748 1.5
  endloop
endfacet
facet normal 0.0 0.0 0.0
  outer loop
    vertex 6.378628730773926 7.841895580291748 2.0
    vertex 6.378628730773926 7.841895580291748 1.5
    vertex 6.141068458557129 7.885421276092529 2.0
  endloop
endfacet
facet normal 0.0 0.0 0.0
  outer loop
    vertex 6.141068458557129 7.885421276092529 2.0
    vertex 6.378628730773926 7.841895580291748 1.5
    vertex 6.141068458557129 7.885421276092529 1.5
  endloop
endfacet
facet normal 0.0 0.0 0.0
  outer loop
    vertex 6.141068458557129 7.885421276092529 2.0
    vertex 6.141068458557129 7.885421276092529 1.5
    vertex 5.899998664855957 7.900001049041748 2.0
  endloop
endfacet
facet normal 0.0 0.0 0.0
  outer loop
    vertex 5.899998664855957 7.900001049041748 2.0
    vertex 6.141068458557129 7.885421276092529 1.5
    vertex 5.899998664855957 7.900001049041748 1.5
  endloop
endfacet
facet normal 0.0 0.0 0.0
  outer loop
    vertex 5.899998664855957 7.900001049041748 1.5
    vertex -5.800002098083496 7.900001049041748 1.5
    vertex 5.899998664855957 7.900001049041748 2.0
  endloop
endfacet
facet normal 0.0 0.0 0.0
  outer loop
    vertex 5.899998664855957 7.900001049041748 2.0
    vertex -5.800002098083496 7.900001049041748 1.5
    vertex -5.800002098083496 7.900001049041748 2.0
  endloop
endfacet
facet normal 0.0 0.0 0.0
  outer loop
    vertex -5.800002098083496 7.900001049041748 1.5
    vertex -6.041079521179199 7.885421276092529 1.5
    vertex -5.800002098083496 7.900001049041748 2.0
  endloop
endfacet
facet normal 0.0 0.0 0.0
  outer loop
    vertex -5.800002098083496 7.900001049041748 2.0
    vertex -6.041079521179199 7.885421276092529 1.5
    vertex -6.041079521179199 7.885421276092529 2.0
  endloop
endfacet
facet normal 0.0 0.0 0.0
  outer loop
    vertex -6.041079521179199 7.885421276092529 2.0
    vertex -6.041079521179199 7.885421276092529 1.5
    vertex -6.278632164001465 7.841895580291748 2.0
  endloop
endfacet
facet normal 0.0 0.0 0.0
  outer loop
    vertex -6.278632164001465 7.841895580291748 2.0
    vertex -6.041079521179199 7.885421276092529 1.5
    vertex -6.278632164001465 7.841895580291748 1.5
  endloop
endfacet
facet normal 0.0 0.0 0.0
  outer loop
    vertex -6.278632164001465 7.841895580291748 2.0
    vertex -6.278632164001465 7.841895580291748 1.5
    vertex -6.509211540222168 7.770034313201904 1.9999998807907104
  endloop
endfacet
facet normal 0.0 0.0 0.0
  outer loop
    vertex -6.509211540222168 7.770034313201904 1.9999998807907104
    vertex -6.278632164001465 7.841895580291748 1.5
    vertex -6.509211540222168 7.770034313201904 1.4999998807907104
  endloop
endfacet
facet normal 0.0 0.0 0.0
  outer loop
    vertex -6.509211540222168 7.770034313201904 1.9999998807907104
    vertex -6.509211540222168 7.770034313201904 1.4999998807907104
    vertex -6.729453086853027 7.670913219451904 1.9999998807907104
  endloop
endfacet
facet normal 0.0 0.0 0.0
  outer loop
    vertex -6.729453086853027 7.670913219451904 1.9999998807907104
    vertex -6.509211540222168 7.770034313201904 1.4999998807907104
    vertex -6.729453086853027 7.670913219451904 1.4999998807907104
  endloop
endfacet
facet normal 0.0 0.0 0.0
  outer loop
    vertex -6.729453086853027 7.670913219451904 1.9999998807907104
    vertex -6.729453086853027 7.670913219451904 1.4999998807907104
    vertex -6.936129570007324 7.545974254608154 1.9999998807907104
  endloop
endfacet
facet normal 0.0 0.0 0.0
  outer loop
    vertex -6.936129570007324 7.545974254608154 1.9999998807907104
    vertex -6.729453086853027 7.670913219451904 1.4999998807907104
    vertex -6.936129570007324 7.545974254608154 1.4999998807907104
  endloop
endfacet
facet normal 0.0 0.0 0.0
  outer loop
    vertex -6.936129570007324 7.545974254608154 1.9999998807907104
    vertex -6.936129570007324 7.545974254608154 1.4999998807907104
    vertex -7.126250267028809 7.3970255851745605 1.9999998807907104
  endloop
endfacet
facet normal 0.0 0.0 0.0
  outer loop
    vertex -7.126250267028809 7.3970255851745605 1.9999998807907104
    vertex -6.936129570007324 7.545974254608154 1.4999998807907104
    vertex -7.126250267028809 7.3970255851745605 1.4999998807907104
  endloop
endfacet
facet normal 0.0 0.0 0.0
  outer loop
    vertex -7.126250267028809 7.3970255851745605 1.9999998807907104
    vertex -7.126250267028809 7.3970255851745605 1.4999998807907104
    vertex -7.297022819519043 7.2262492179870605 1.9999998807907104
  endloop
endfacet
facet normal 0.0 0.0 0.0
  outer loop
    vertex -7.297022819519043 7.2262492179870605 1.9999998807907104
    vertex -7.126250267028809 7.3970255851745605 1.4999998807907104
    vertex -7.297022819519043 7.2262492179870605 1.4999998807907104
  endloop
endfacet
facet normal 0.0 0.0 0.0
  outer loop
    vertex -7.297022819519043 7.2262492179870605 1.9999998807907104
    vertex -7.297022819519043 7.2262492179870605 1.4999998807907104
    vertex -7.445971488952637 7.036132335662842 1.9999998807907104
  endloop
endfacet
facet normal 0.0 0.0 0.0
  outer loop
    vertex -7.445971488952637 7.036132335662842 1.9999998807907104
    vertex -7.297022819519043 7.2262492179870605 1.4999998807907104
    vertex -7.445971488952637 7.036132335662842 1.4999998807907104
  endloop
endfacet
facet normal 0.0 0.0 0.0
  outer loop
    vertex -7.445971488952637 7.036132335662842 1.9999998807907104
    vertex -7.445971488952637 7.036132335662842 1.4999998807907104
    vertex -7.570910453796387 6.829452037811279 1.9999998807907104
  endloop
endfacet
facet normal 0.0 0.0 0.0
  outer loop
    vertex -7.570910453796387 6.829452037811279 1.9999998807907104
    vertex -7.445971488952637 7.036132335662842 1.4999998807907104
    vertex -7.570910453796387 6.829452037811279 1.4999998807907104
  endloop
endfacet
facet normal 0.0 0.0 0.0
  outer loop
    vertex -7.570910453796387 6.829452037811279 1.9999998807907104
    vertex -7.570910453796387 6.829452037811279 1.4999998807907104
    vertex -7.670031547546387 6.6092143058776855 1.9999998807907104
  endloop
endfacet
facet normal 0.0 0.0 0.0
  outer loop
    vertex -7.670031547546387 6.6092143058776855 1.9999998807907104
    vertex -7.570910453796387 6.829452037811279 1.4999998807907104
    vertex -7.670031547546387 6.6092143058776855 1.4999998807907104
  endloop
endfacet
facet normal 0.0 0.0 0.0
  outer loop
    vertex -7.670031547546387 6.6092143058776855 1.9999998807907104
    vertex -7.670031547546387 6.6092143058776855 1.4999998807907104
    vertex -7.7418928146362305 6.378631114959717 1.9999998807907104
  endloop
endfacet
facet normal 0.0 0.0 0.0
  outer loop
    vertex -7.7418928146362305 6.378631114959717 1.9999998807907104
    vertex -7.670031547546387 6.6092143058776855 1.4999998807907104
    vertex -7.7418928146362305 6.378631114959717 1.4999998807907104
  endloop
endfacet
facet normal 0.0 0.0 0.0
  outer loop
    vertex -7.7418928146362305 6.378631114959717 1.9999998807907104
    vertex -7.7418928146362305 6.378631114959717 1.4999998807907104
    vertex -7.785422325134277 6.141082286834717 1.9999998807907104
  endloop
endfacet
facet normal 0.0 0.0 0.0
  outer loop
    vertex -7.785422325134277 6.141082286834717 1.9999998807907104
    vertex -7.7418928146362305 6.378631114959717 1.4999998807907104
    vertex -7.785422325134277 6.141082286834717 1.4999998807907104
  endloop
endfacet
facet normal 0.0 0.0 0.0
  outer loop
    vertex -7.785422325134277 6.141082286834717 1.9999998807907104
    vertex -7.785422325134277 6.141082286834717 1.4999998807907104
    vertex -7.800002098083496 5.900001049041748 1.9999998807907104
  endloop
endfacet
facet normal 0.0 0.0 0.0
  outer loop
    vertex -7.800002098083496 5.900001049041748 1.9999998807907104
    vertex -7.785422325134277 6.141082286834717 1.4999998807907104
    vertex -7.800002098083496 5.900001049041748 1.4999998807907104
  endloop
endfacet
facet normal 0.0 0.0 0.0
  outer loop
    vertex -7.800002098083496 5.900001049041748 1.4999998807907104
    vertex -7.800002098083496 -5.899993419647217 1.4999998807907104
    vertex -7.800002098083496 5.900001049041748 1.9999998807907104
  endloop
endfacet
facet normal 0.0 0.0 0.0
  outer loop
    vertex -7.800002098083496 5.900001049041748 1.9999998807907104
    vertex -7.800002098083496 -5.899993419647217 1.4999998807907104
    vertex -7.800002098083496 -5.899993419647217 1.9999998807907104
  endloop
endfacet
facet normal 0.0 0.0 0.0
  outer loop
    vertex -1.0106613636016846 7.933461887432713e-09 0.0
    vertex -4.015860557556152 -3.005195379257202 0.0
    vertex -4.015860557556152 3.0052030086517334 0.0
  endloop
endfacet
facet normal 0.0 0.0 0.0
  outer loop
    vertex -4.015860557556152 3.0052030086517334 0.0
    vertex -4.015860557556152 -3.005195379257202 0.0
    vertex -6.300002098083496 5.900001049041748 0.0
  endloop
endfacet
facet normal 0.0 0.0 0.0
  outer loop
    vertex -4.015860557556152 3.0052030086517334 0.0
    vertex -6.300002098083496 5.900001049041748 0.0
    vertex -2.9552032947540283 4.065871715545654 0.0
  endloop
endfacet
facet normal 0.0 0.0 0.0
  outer loop
    vertex -2.9552032947540283 4.065871715545654 0.0
    vertex -6.300002098083496 5.900001049041748 0.0
    vertex -5.800002098083496 6.400001049041748 0.0
  endloop
endfacet
facet normal 0.0 0.0 0.0
  outer loop
    vertex -2.9552032947540283 4.065871715545654 0.0
    vertex -5.800002098083496 6.400001049041748 0.0
    vertex 5.899998664855957 6.400001049041748 0.0
  endloop
endfacet
facet normal 0.0 0.0 0.0
  outer loop
    vertex -6.300002098083496 5.900001049041748 0.0
    vertex -4.015860557556152 -3.005195379257202 0.0
    vertex -6.300002098083496 -5.899993419647217 0.0
  endloop
endfacet
facet normal 0.0 0.0 0.0
  outer loop
    vertex -6.300002098083496 -5.899993419647217 0.0
    vertex -4.015860557556152 -3.005195379257202 0.0
    vertex -2.9552032947540283 -4.065856456756592 0.0
  endloop
endfacet
facet normal 0.0 0.0 0.0
  outer loop
    vertex -6.300002098083496 -5.899993419647217 0.0
    vertex -2.9552032947540283 -4.065856456756592 0.0
    vertex -5.800002098083496 -6.399993419647217 0.0
  endloop
endfacet
facet normal 0.0 0.0 0.0
  outer loop
    vertex -5.800002098083496 -6.399993419647217 0.0
    vertex -2.9552032947540283 -4.065856456756592 0.0
    vertex 5.899998664855957 -6.399993419647217 0.0
  endloop
endfacet
facet normal 0.0 0.0 0.0
  outer loop
    vertex 5.899998664855957 -6.399993419647217 0.0
    vertex -2.9552032947540283 -4.065856456756592 0.0
    vertex 3.055199384689331 -4.065856456756592 0.0
  endloop
endfacet
facet normal 0.0 0.0 0.0
  outer loop
    vertex 5.899998664855957 -6.399993419647217 0.0
    vertex 3.055199384689331 -4.065856456756592 0.0
    vertex 6.399998664855957 -5.899993419647217 0.0
  endloop
endfacet
facet normal 0.0 0.0 0.0
  outer loop
    vertex 6.399998664855957 -5.899993419647217 0.0
    vertex 3.055199384689331 -4.065856456756592 0.0
    vertex 4.115857124328613 -3.005195379257202 0.0
  endloop
endfacet
facet normal 0.0 0.0 0.0
  outer loop
    vertex 6.399998664855957 -5.899993419647217 0.0
    vertex 4.115857124328613 -3.005195379257202 0.0
    vertex 6.399998664855957 5.900001049041748 0.0
  endloop
endfacet
facet normal 0.0 0.0 0.0
  outer loop
    vertex 6.399998664855957 5.900001049041748 0.0
    vertex 4.115857124328613 -3.005195379257202 0.0
    vertex 4.115857124328613 3.0052030086517334 0.0
  endloop
endfacet
facet normal 0.0 0.0 0.0
  outer loop
    vertex 6.399998664855957 5.900001049041748 0.0
    vertex 4.115857124328613 3.0052030086517334 0.0
    vertex 3.055199384689331 4.065871715545654 0.0
  endloop
endfacet
facet normal 0.0 0.0 0.0
  outer loop
    vertex -2.9552032947540283 -4.065856456756592 0.0
    vertex 0.05000000074505806 -1.060653567314148 0.0
    vertex 3.055199384689331 -4.065856456756592 0.0
  endloop
endfacet
facet normal 0.0 0.0 0.0
  outer loop
    vertex 4.115857124328613 -3.005195379257202 0.0
    vertex 1.1106574535369873 7.933461887432713e-09 0.0
    vertex 4.115857124328613 3.0052030086517334 0.0
  endloop
endfacet
facet normal 0.0 0.0 0.0
  outer loop
    vertex 0.05000000074505806 1.0606611967086792 0.0
    vertex -2.9552032947540283 4.065871715545654 0.0
    vertex 3.055199384689331 4.065871715545654 0.0
  endloop
endfacet
facet normal 0.0 0.0 0.0
  outer loop
    vertex 3.055199384689331 4.065871715545654 0.0
    vertex -2.9552032947540283 4.065871715545654 0.0
    vertex 5.899998664855957 6.400001049041748 0.0
  endloop
endfacet
facet normal 0.0 0.0 0.0
  outer loop
    vertex 3.055199384689331 4.065871715545654 0.0
    vertex 5.899998664855957 6.400001049041748 0.0
    vertex 6.399998664855957 5.900001049041748 0.0
  endloop
endfacet
facet normal 0.0 0.0 0.0
  outer loop
    vertex 6.399998664855957 5.900001049041748 0.0
    vertex 5.899998664855957 6.400001049041748 0.0
    vertex 6.011258125305176 6.3874735832214355 0.0
  endloop
endfacet
facet normal 0.0 0.0 0.0
  outer loop
    vertex 6.399998664855957 5.900001049041748 0.0
    vertex 6.011258125305176 6.3874735832214355 0.0
    vertex 6.116938591003418 6.350493907928467 0.0
  endloop
endfacet
facet normal 0.0 0.0 0.0
  outer loop
    vertex -6.287470817565918 6.011260509490967 0.0
    vertex -6.250491142272949 6.116942882537842 0.0
    vertex -6.300002098083496 5.900001049041748 0.0
  endloop
endfacet
facet normal 0.0 0.0 0.0
  outer loop
    vertex -6.300002098083496 5.900001049041748 0.0
    vertex -6.250491142272949 6.116942882537842 0.0
    vertex -6.190920829772949 6.2117533683776855 0.0
  endloop
endfacet
facet normal 0.0 0.0 0.0
  outer loop
    vertex -6.300002098083496 5.900001049041748 0.0
    vertex -6.190920829772949 6.2117533683776855 0.0
    vertex -6.111750602722168 6.290923595428467 0.0
  endloop
endfacet
facet normal 0.0 0.0 0.0
  outer loop
    vertex -6.111750602722168 6.290923595428467 0.0
    vertex -6.016940116882324 6.350493907928467 0.0
    vertex -6.300002098083496 5.900001049041748 0.0
  endloop
endfacet
facet normal 0.0 0.0 0.0
  outer loop
    vertex -6.300002098083496 5.900001049041748 0.0
    vertex -6.016940116882324 6.350493907928467 0.0
    vertex -5.911261558532715 6.3874735832214355 0.0
  endloop
endfacet
facet normal 0.0 0.0 0.0
  outer loop
    vertex -6.300002098083496 5.900001049041748 0.0
    vertex -5.911261558532715 6.3874735832214355 0.0
    vertex -5.800002098083496 6.400001049041748 0.0
  endloop
endfacet
facet normal 0.0 0.0 0.0
  outer loop
    vertex 6.116938591003418 6.350493907928467 0.0
    vertex 6.211749076843262 6.290923595428467 0.0
    vertex 6.399998664855957 5.900001049041748 0.0
  endloop
endfacet
facet normal 0.0 0.0 0.0
  outer loop
    vertex 6.399998664855957 5.900001049041748 0.0
    vertex 6.211749076843262 6.290923595428467 0.0
    vertex 6.290919303894043 6.2117533683776855 0.0
  endloop
endfacet
facet normal 0.0 0.0 0.0
  outer loop
    vertex 6.399998664855957 5.900001049041748 0.0
    vertex 6.290919303894043 6.2117533683776855 0.0
    vertex 6.350489616394043 6.116942882537842 0.0
  endloop
endfacet
facet normal 0.0 0.0 0.0
  outer loop
    vertex 6.350489616394043 6.116942882537842 0.0
    vertex 6.387457847595215 6.011260509490967 0.0
    vertex 6.399998664855957 5.900001049041748 0.0
  endloop
endfacet
facet normal 0.0 0.0 0.0
  outer loop
    vertex 6.387457847595215 -6.0112528800964355 0.0
    vertex 6.350489616394043 -6.116942882537842 0.0
    vertex 6.399998664855957 -5.899993419647217 0.0
  endloop
endfacet
facet normal 0.0 0.0 0.0
  outer loop
    vertex 6.399998664855957 -5.899993419647217 0.0
    vertex 6.350489616394043 -6.116942882537842 0.0
    vertex 6.290919303894043 -6.211745738983154 0.0
  endloop
endfacet
facet normal 0.0 0.0 0.0
  outer loop
    vertex 6.399998664855957 -5.899993419647217 0.0
    vertex 6.290919303894043 -6.211745738983154 0.0
    vertex 6.211749076843262 -6.2909159660339355 0.0
  endloop
endfacet
facet normal 0.0 0.0 0.0
  outer loop
    vertex 6.211749076843262 -6.2909159660339355 0.0
    vertex 6.116938591003418 -6.3504862785339355 0.0
    vertex 6.399998664855957 -5.899993419647217 0.0
  endloop
endfacet
facet normal 0.0 0.0 0.0
  outer loop
    vertex 6.399998664855957 -5.899993419647217 0.0
    vertex 6.116938591003418 -6.3504862785339355 0.0
    vertex 6.011258125305176 -6.387465953826904 0.0
  endloop
endfacet
facet normal 0.0 0.0 0.0
  outer loop
    vertex 6.399998664855957 -5.899993419647217 0.0
    vertex 6.011258125305176 -6.387465953826904 0.0
    vertex 5.899998664855957 -6.399993419647217 0.0
  endloop
endfacet
facet normal 0.0 0.0 0.0
  outer loop
    vertex -5.800002098083496 -6.399993419647217 0.0
    vertex -5.911261558532715 -6.387465953826904 0.0
    vertex -6.300002098083496 -5.899993419647217 0.0
  endloop
endfacet
facet normal 0.0 0.0 0.0
  outer loop
    vertex -6.300002098083496 -5.899993419647217 0.0
    vertex -5.911261558532715 -6.387465953826904 0.0
    vertex -6.016940116882324 -6.3504862785339355 0.0
  endloop
endfacet
facet normal 0.0 0.0 0.0
  outer loop
    vertex -6.300002098083496 -5.899993419647217 0.0
    vertex -6.016940116882324 -6.3504862785339355 0.0
    vertex -6.111750602722168 -6.2909159660339355 0.0
  endloop
endfacet
facet normal 0.0 0.0 0.0
  outer loop
    vertex -6.111750602722168 -6.2909159660339355 0.0
    vertex -6.190920829772949 -6.211745738983154 0.0
    vertex -6.300002098083496 -5.899993419647217 0.0
  endloop
endfacet
facet normal 0.0 0.0 0.0
  outer loop
    vertex -6.300002098083496 -5.899993419647217 0.0
    vertex -6.190920829772949 -6.211745738983154 0.0
    vertex -6.250491142272949 -6.116942882537842 0.0
  endloop
endfacet
facet normal 0.0 0.0 0.0
  outer loop
    vertex -6.300002098083496 -5.899993419647217 0.0
    vertex -6.250491142272949 -6.116942882537842 0.0
    vertex -6.287470817565918 -6.0112528800964355 0.0
  endloop
endfacet
facet normal 0.0 0.0 0.0
  outer loop
    vertex -7.800002098083496 -5.899993419647217 1.4999998807907104
    vertex -7.785422325134277 -6.1410746574401855 1.4999998807907104
    vertex -7.800002098083496 -5.899993419647217 1.9999998807907104
  endloop
endfacet
facet normal 0.0 0.0 0.0
  outer loop
    vertex -7.800002098083496 -5.899993419647217 1.9999998807907104
    vertex -7.785422325134277 -6.1410746574401855 1.4999998807907104
    vertex -7.785422325134277 -6.1410746574401855 1.9999998807907104
  endloop
endfacet
facet normal 0.0 0.0 0.0
  outer loop
    vertex -7.785422325134277 -6.1410746574401855 1.9999998807907104
    vertex -7.785422325134277 -6.1410746574401855 1.4999998807907104
    vertex -7.7418928146362305 -6.378638744354248 1.9999998807907104
  endloop
endfacet
facet normal 0.0 0.0 0.0
  outer loop
    vertex -7.7418928146362305 -6.378638744354248 1.9999998807907104
    vertex -7.785422325134277 -6.1410746574401855 1.4999998807907104
    vertex -7.7418928146362305 -6.378638744354248 1.4999998807907104
  endloop
endfacet
facet normal 0.0 0.0 0.0
  outer loop
    vertex -7.7418928146362305 -6.378638744354248 1.9999998807907104
    vertex -7.7418928146362305 -6.378638744354248 1.4999998807907104
    vertex -7.670031547546387 -6.609206676483154 1.9999998807907104
  endloop
endfacet
facet normal 0.0 0.0 0.0
  outer loop
    vertex -7.670031547546387 -6.609206676483154 1.9999998807907104
    vertex -7.7418928146362305 -6.378638744354248 1.4999998807907104
    vertex -7.670031547546387 -6.609206676483154 1.4999998807907104
  endloop
endfacet
facet normal 0.0 0.0 0.0
  outer loop
    vertex -7.670031547546387 -6.609206676483154 1.9999998807907104
    vertex -7.670031547546387 -6.609206676483154 1.4999998807907104
    vertex -7.570910453796387 -6.829444408416748 1.9999998807907104
  endloop
endfacet
facet normal 0.0 0.0 0.0
  outer loop
    vertex -7.570910453796387 -6.829444408416748 1.9999998807907104
    vertex -7.670031547546387 -6.609206676483154 1.4999998807907104
    vertex -7.570910453796387 -6.829444408416748 1.4999998807907104
  endloop
endfacet
facet normal 0.0 0.0 0.0
  outer loop
    vertex -7.570910453796387 -6.829444408416748 1.9999998807907104
    vertex -7.570910453796387 -6.829444408416748 1.4999998807907104
    vertex -7.445971488952637 -7.0361247062683105 1.9999998807907104
  endloop
endfacet
facet normal 0.0 0.0 0.0
  outer loop
    vertex -7.445971488952637 -7.0361247062683105 1.9999998807907104
    vertex -7.570910453796387 -6.829444408416748 1.4999998807907104
    vertex -7.445971488952637 -7.0361247062683105 1.4999998807907104
  endloop
endfacet
facet normal 0.0 0.0 0.0
  outer loop
    vertex -7.445971488952637 -7.0361247062683105 1.9999998807907104
    vertex -7.445971488952637 -7.0361247062683105 1.4999998807907104
    vertex -7.297022819519043 -7.2262492179870605 1.9999998807907104
  endloop
endfacet
facet normal 0.0 0.0 0.0
  outer loop
    vertex -7.297022819519043 -7.2262492179870605 1.9999998807907104
    vertex -7.445971488952637 -7.0361247062683105 1.4999998807907104
    vertex -7.297022819519043 -7.2262492179870605 1.4999998807907104
  endloop
endfacet
facet normal 0.0 0.0 0.0
  outer loop
    vertex -7.297022819519043 -7.2262492179870605 1.9999998807907104
    vertex -7.297022819519043 -7.2262492179870605 1.4999998807907104
    vertex -7.126250267028809 -7.3970255851745605 1.9999998807907104
  endloop
endfacet
facet normal 0.0 0.0 0.0
  outer loop
    vertex -7.126250267028809 -7.3970255851745605 1.9999998807907104
    vertex -7.297022819519043 -7.2262492179870605 1.4999998807907104
    vertex -7.126250267028809 -7.3970255851745605 1.4999998807907104
  endloop
endfacet
facet normal 0.0 0.0 0.0
  outer loop
    vertex -7.126250267028809 -7.3970255851745605 1.9999998807907104
    vertex -7.126250267028809 -7.3970255851745605 1.4999998807907104
    vertex -6.936129570007324 -7.545966625213623 1.9999998807907104
  endloop
endfacet
facet normal 0.0 0.0 0.0
  outer loop
    vertex -6.936129570007324 -7.545966625213623 1.9999998807907104
    vertex -7.126250267028809 -7.3970255851745605 1.4999998807907104
    vertex -6.936129570007324 -7.545966625213623 1.4999998807907104
  endloop
endfacet
facet normal 0.0 0.0 0.0
  outer loop
    vertex -6.936129570007324 -7.545966625213623 1.9999998807907104
    vertex -6.936129570007324 -7.545966625213623 1.4999998807907104
    vertex -6.729453086853027 -7.670913219451904 1.9999998807907104
  endloop
endfacet
facet normal 0.0 0.0 0.0
  outer loop
    vertex -6.729453086853027 -7.670913219451904 1.9999998807907104
    vertex -6.936129570007324 -7.545966625213623 1.4999998807907104
    vertex -6.729453086853027 -7.670913219451904 1.4999998807907104
  endloop
endfacet
facet normal 0.0 0.0 0.0
  outer loop
    vertex -6.729453086853027 -7.670913219451904 1.9999998807907104
    vertex -6.729453086853027 -7.670913219451904 1.4999998807907104
    vertex -6.509211540222168 -7.770034313201904 1.9999998807907104
  endloop
endfacet
facet normal 0.0 0.0 0.0
  outer loop
    vertex -6.509211540222168 -7.770034313201904 1.9999998807907104
    vertex -6.729453086853027 -7.670913219451904 1.4999998807907104
    vertex -6.509211540222168 -7.770034313201904 1.4999998807907104
  endloop
endfacet
facet normal 0.0 0.0 0.0
  outer loop
    vertex -6.509211540222168 -7.770034313201904 1.9999998807907104
    vertex -6.509211540222168 -7.770034313201904 1.4999998807907104
    vertex -6.278632164001465 -7.841887950897217 1.999999761581421
  endloop
endfacet
facet normal 0.0 0.0 0.0
  outer loop
    vertex -6.278632164001465 -7.841887950897217 1.999999761581421
    vertex -6.509211540222168 -7.770034313201904 1.4999998807907104
    vertex -6.278632164001465 -7.841887950897217 1.499999761581421
  endloop
endfacet
facet normal 0.0 0.0 0.0
  outer loop
    vertex -6.278632164001465 -7.841887950897217 1.999999761581421
    vertex -6.278632164001465 -7.841887950897217 1.499999761581421
    vertex -6.041079521179199 -7.885413646697998 1.999999761581421
  endloop
endfacet
facet normal 0.0 0.0 0.0
  outer loop
    vertex -6.041079521179199 -7.885413646697998 1.999999761581421
    vertex -6.278632164001465 -7.841887950897217 1.499999761581421
    vertex -6.041079521179199 -7.885413646697998 1.499999761581421
  endloop
endfacet
facet normal 0.0 0.0 0.0
  outer loop
    vertex -6.041079521179199 -7.885413646697998 1.999999761581421
    vertex -6.041079521179199 -7.885413646697998 1.499999761581421
    vertex -5.800002098083496 -7.899993419647217 1.999999761581421
  endloop
endfacet
facet normal 0.0 0.0 0.0
  outer loop
    vertex -5.800002098083496 -7.899993419647217 1.999999761581421
    vertex -6.041079521179199 -7.885413646697998 1.499999761581421
    vertex -5.800002098083496 -7.899993419647217 1.499999761581421
  endloop
endfacet
facet normal 0.0 0.0 0.0
  outer loop
    vertex -7.785422325134277 -6.1410746574401855 1.9999998807907104
    vertex -7.7418928146362305 -6.378638744354248 1.9999998807907104
    vertex -7.800002098083496 -5.899993419647217 1.9999998807907104
  endloop
endfacet
facet normal 0.0 0.0 0.0
  outer loop
    vertex -7.800002098083496 -5.899993419647217 1.9999998807907104
    vertex -7.7418928146362305 -6.378638744354248 1.9999998807907104
    vertex -7.670031547546387 -6.609206676483154 1.9999998807907104
  endloop
endfacet
facet normal 0.0 0.0 0.0
  outer loop
    vertex -7.800002098083496 -5.899993419647217 1.9999998807907104
    vertex -7.670031547546387 -6.609206676483154 1.9999998807907104
    vertex -7.570910453796387 -6.829444408416748 1.9999998807907104
  endloop
endfacet
facet normal 0.0 0.0 0.0
  outer loop
    vertex -7.570910453796387 -6.829444408416748 1.9999998807907104
    vertex -7.445971488952637 -7.0361247062683105 1.9999998807907104
    vertex -7.800002098083496 -5.899993419647217 1.9999998807907104
  endloop
endfacet
facet normal 0.0 0.0 0.0
  outer loop
    vertex -7.800002098083496 -5.899993419647217 1.9999998807907104
    vertex -7.445971488952637 -7.0361247062683105 1.9999998807907104
    vertex -7.297022819519043 -7.2262492179870605 1.9999998807907104
  endloop
endfacet
facet normal 0.0 0.0 0.0
  outer loop
    vertex -7.800002098083496 -5.899993419647217 1.9999998807907104
    vertex -7.297022819519043 -7.2262492179870605 1.9999998807907104
    vertex -7.126250267028809 -7.3970255851745605 1.9999998807907104
  endloop
endfacet
facet normal 0.0 0.0 0.0
  outer loop
    vertex -7.126250267028809 -7.3970255851745605 1.9999998807907104
    vertex -6.936129570007324 -7.545966625213623 1.9999998807907104
    vertex -7.800002098083496 -5.899993419647217 1.9999998807907104
  endloop
endfacet
facet normal 0.0 0.0 0.0
  outer loop
    vertex -7.800002098083496 -5.899993419647217 1.9999998807907104
    vertex -6.936129570007324 -7.545966625213623 1.9999998807907104
    vertex -6.729453086853027 -7.670913219451904 1.9999998807907104
  endloop
endfacet
facet normal 0.0 0.0 0.0
  outer loop
    vertex -7.800002098083496 -5.899993419647217 1.9999998807907104
    vertex -6.729453086853027 -7.670913219451904 1.9999998807907104
    vertex -6.509211540222168 -7.770034313201904 1.9999998807907104
  endloop
endfacet
facet normal 0.0 0.0 0.0
  outer loop
    vertex -6.509211540222168 -7.770034313201904 1.9999998807907104
    vertex -6.278632164001465 -7.841887950897217 1.999999761581421
    vertex -7.800002098083496 -5.899993419647217 1.9999998807907104
  endloop
endfacet
facet normal 0.0 0.0 0.0
  outer loop
    vertex -7.800002098083496 -5.899993419647217 1.9999998807907104
    vertex -6.278632164001465 -7.841887950897217 1.999999761581421
    vertex -6.041079521179199 -7.885413646697998 1.999999761581421
  endloop
endfacet
facet normal 0.0 0.0 0.0
  outer loop
    vertex -7.800002098083496 -5.899993419647217 1.9999998807907104
    vertex -6.041079521179199 -7.885413646697998 1.999999761581421
    vertex -5.800002098083496 -7.899993419647217 1.999999761581421
  endloop
endfacet
facet normal 0.0 0.0 0.0
  outer loop
    vertex 5.899998664855957 -7.899993419647217 1.999999761581421
    vertex -0.7413398623466492 -3.305885076522827 1.9999998807907104
    vertex -5.800002098083496 -7.899993419647217 1.999999761581421
  endloop
endfacet
facet normal 0.0 0.0 0.0
  outer loop
    vertex -5.800002098083496 -7.899993419647217 1.999999761581421
    vertex -0.7413398623466492 -3.305885076522827 1.9999998807907104
    vertex -0.8448516726493835 -3.292274236679077 1.9999998807907104
  endloop
endfacet
facet normal 0.0 0.0 0.0
  outer loop
    vertex -5.800002098083496 -7.899993419647217 1.999999761581421
    vertex -0.8448516726493835 -3.292274236679077 1.9999998807907104
    vertex -0.9413215517997742 -3.252326726913452 1.9999998807907104
  endloop
endfacet
facet normal 0.0 0.0 0.0
  outer loop
    vertex 6.141068458557129 -7.885413646697998 1.999999761581421
    vertex 7.899998664855957 -5.899993419647217 1.9999998807907104
    vertex 5.899998664855957 -7.899993419647217 1.999999761581421
  endloop
endfacet
facet normal 0.0 0.0 0.0
  outer loop
    vertex 5.899998664855957 -7.899993419647217 1.999999761581421
    vertex 7.899998664855957 -5.899993419647217 1.9999998807907104
    vertex 4.848828315734863 -2.295570135116577 1.9999998807907104
  endloop
endfacet
facet normal 0.0 0.0 0.0
  outer loop
    vertex 5.899998664855957 -7.899993419647217 1.999999761581421
    vertex 4.848828315734863 -2.295570135116577 1.9999998807907104
    vertex 4.759987831115723 -2.3055951595306396 1.9999998807907104
  endloop
endfacet
facet normal 0.0 0.0 0.0
  outer loop
    vertex 6.141068458557129 -7.885413646697998 1.999999761581421
    vertex 6.378628730773926 -7.841887950897217 1.999999761581421
    vertex 7.899998664855957 -5.899993419647217 1.9999998807907104
  endloop
endfacet
facet normal 0.0 0.0 0.0
  outer loop
    vertex 7.899998664855957 -5.899993419647217 1.9999998807907104
    vertex 6.378628730773926 -7.841887950897217 1.999999761581421
    vertex 6.609208106994629 -7.770034313201904 1.9999998807907104
  endloop
endfacet
facet normal 0.0 0.0 0.0
  outer loop
    vertex 7.899998664855957 -5.899993419647217 1.9999998807907104
    vertex 6.609208106994629 -7.770034313201904 1.9999998807907104
    vertex 6.8294477462768555 -7.670913219451904 1.9999998807907104
  endloop
endfacet
facet normal 0.0 0.0 0.0
  outer loop
    vertex 6.8294477462768555 -7.670913219451904 1.9999998807907104
    vertex 7.036128044128418 -7.545966625213623 1.9999998807907104
    vertex 7.899998664855957 -5.899993419647217 1.9999998807907104
  endloop
endfacet
facet normal 0.0 0.0 0.0
  outer loop
    vertex 7.899998664855957 -5.899993419647217 1.9999998807907104
    vertex 7.036128044128418 -7.545966625213623 1.9999998807907104
    vertex 7.226248741149902 -7.3970255851745605 1.9999998807907104
  endloop
endfacet
facet normal 0.0 0.0 0.0
  outer loop
    vertex 7.899998664855957 -5.899993419647217 1.9999998807907104
    vertex 7.226248741149902 -7.3970255851745605 1.9999998807907104
    vertex 7.397019386291504 -7.2262492179870605 1.9999998807907104
  endloop
endfacet
facet normal 0.0 0.0 0.0
  outer loop
    vertex 7.397019386291504 -7.2262492179870605 1.9999998807907104
    vertex 7.545968055725098 -7.0361247062683105 1.9999998807907104
    vertex 7.899998664855957 -5.899993419647217 1.9999998807907104
  endloop
endfacet
facet normal 0.0 0.0 0.0
  outer loop
    vertex 7.899998664855957 -5.899993419647217 1.9999998807907104
    vertex 7.545968055725098 -7.0361247062683105 1.9999998807907104
    vertex 7.6709089279174805 -6.829444408416748 1.9999998807907104
  endloop
endfacet
facet normal 0.0 0.0 0.0
  outer loop
    vertex 7.899998664855957 -5.899993419647217 1.9999998807907104
    vertex 7.6709089279174805 -6.829444408416748 1.9999998807907104
    vertex 7.770028114318848 -6.609206676483154 1.9999998807907104
  endloop
endfacet
facet normal 0.0 0.0 0.0
  outer loop
    vertex 7.770028114318848 -6.609206676483154 1.9999998807907104
    vertex 7.8418779373168945 -6.378638744354248 1.9999998807907104
    vertex 7.899998664855957 -5.899993419647217 1.9999998807907104
  endloop
endfacet
facet normal 0.0 0.0 0.0
  outer loop
    vertex 7.899998664855957 -5.899993419647217 1.9999998807907104
    vertex 7.8418779373168945 -6.378638744354248 1.9999998807907104
    vertex 7.885418891906738 -6.1410746574401855 1.9999998807907104
  endloop
endfacet
facet normal 0.0 0.0 0.0
  outer loop
    vertex 7.899998664855957 5.900001049041748 1.9999998807907104
    vertex 5.158509254455566 1.4948195219039917 1.9999998807907104
    vertex 7.899998664855957 -5.899993419647217 1.9999998807907104
  endloop
endfacet
facet normal 0.0 0.0 0.0
  outer loop
    vertex 7.899998664855957 -5.899993419647217 1.9999998807907104
    vertex 5.158509254455566 1.4948195219039917 1.9999998807907104
    vertex 5.158509254455566 -1.9059065580368042 1.9999998807907104
  endloop
endfacet
facet normal 0.0 0.0 0.0
  outer loop
    vertex 7.899998664855957 -5.899993419647217 1.9999998807907104
    vertex 5.158509254455566 -1.9059065580368042 1.9999998807907104
    vertex 5.148737907409668 -1.9947737455368042 1.9999998807907104
  endloop
endfacet
facet normal 0.0 0.0 0.0
  outer loop
    vertex 7.885418891906738 6.141082286834717 1.9999998807907104
    vertex 7.8418779373168945 6.378631114959717 1.9999998807907104
    vertex 7.899998664855957 5.900001049041748 1.9999998807907104
  endloop
endfacet
facet normal 0.0 0.0 0.0
  outer loop
    vertex 7.899998664855957 5.900001049041748 1.9999998807907104
    vertex 7.8418779373168945 6.378631114959717 1.9999998807907104
    vertex 7.770028114318848 6.6092143058776855 1.9999998807907104
  endloop
endfacet
facet normal 0.0 0.0 0.0
  outer loop
    vertex 7.899998664855957 5.900001049041748 1.9999998807907104
    vertex 7.770028114318848 6.6092143058776855 1.9999998807907104
    vertex 7.6709089279174805 6.829452037811279 1.9999998807907104
  endloop
endfacet
facet normal 0.0 0.0 0.0
  outer loop
    vertex 7.6709089279174805 6.829452037811279 1.9999998807907104
    vertex 7.545968055725098 7.036132335662842 1.9999998807907104
    vertex 7.899998664855957 5.900001049041748 1.9999998807907104
  endloop
endfacet
facet normal 0.0 0.0 0.0
  outer loop
    vertex 7.899998664855957 5.900001049041748 1.9999998807907104
    vertex 7.545968055725098 7.036132335662842 1.9999998807907104
    vertex 7.397019386291504 7.2262492179870605 1.9999998807907104
  endloop
endfacet
facet normal 0.0 0.0 0.0
  outer loop
    vertex 7.899998664855957 5.900001049041748 1.9999998807907104
    vertex 7.397019386291504 7.2262492179870605 1.9999998807907104
    vertex 7.226248741149902 7.3970255851745605 1.9999998807907104
  endloop
endfacet
facet normal 0.0 0.0 0.0
  outer loop
    vertex 7.226248741149902 7.3970255851745605 1.9999998807907104
    vertex 7.036128044128418 7.545974254608154 1.9999998807907104
    vertex 7.899998664855957 5.900001049041748 1.9999998807907104
  endloop
endfacet
facet normal 0.0 0.0 0.0
  outer loop
    vertex 7.899998664855957 5.900001049041748 1.9999998807907104
    vertex 7.036128044128418 7.545974254608154 1.9999998807907104
    vertex 6.8294477462768555 7.670913219451904 1.9999998807907104
  endloop
endfacet
facet normal 0.0 0.0 0.0
  outer loop
    vertex 7.899998664855957 5.900001049041748 1.9999998807907104
    vertex 6.8294477462768555 7.670913219451904 1.9999998807907104
    vertex 6.609208106994629 7.770034313201904 1.9999998807907104
  endloop
endfacet
facet normal 0.0 0.0 0.0
  outer loop
    vertex 6.609208106994629 7.770034313201904 1.9999998807907104
    vertex 6.378628730773926 7.841895580291748 2.0
    vertex 7.899998664855957 5.900001049041748 1.9999998807907104
  endloop
endfacet
facet normal 0.0 0.0 0.0
  outer loop
    vertex 7.899998664855957 5.900001049041748 1.9999998807907104
    vertex 6.378628730773926 7.841895580291748 2.0
    vertex 6.141068458557129 7.885421276092529 2.0
  endloop
endfacet
facet normal 0.0 0.0 0.0
  outer loop
    vertex 7.899998664855957 5.900001049041748 1.9999998807907104
    vertex 6.141068458557129 7.885421276092529 2.0
    vertex 5.899998664855957 7.900001049041748 2.0
  endloop
endfacet
facet normal 0.0 0.0 0.0
  outer loop
    vertex -5.800002098083496 7.900001049041748 2.0
    vertex -4.141291618347168 1.8942030668258667 1.9999998807907104
    vertex 5.899998664855957 7.900001049041748 2.0
  endloop
endfacet
facet normal 0.0 0.0 0.0
  outer loop
    vertex 5.899998664855957 7.900001049041748 2.0
    vertex -4.141291618347168 1.8942030668258667 1.9999998807907104
    vertex 4.7587080001831055 1.8942030668258667 1.9999998807907104
  endloop
endfacet
facet normal 0.0 0.0 0.0
  outer loop
    vertex 5.899998664855957 7.900001049041748 2.0
    vertex 4.7587080001831055 1.8942030668258667 1.9999998807907104
    vertex 7.899998664855957 5.900001049041748 1.9999998807907104
  endloop
endfacet
facet normal 0.0 0.0 0.0
  outer loop
    vertex 7.899998664855957 5.900001049041748 1.9999998807907104
    vertex 4.7587080001831055 1.8942030668258667 1.9999998807907104
    vertex 4.862118721008301 1.880599856376648 1.9999998807907104
  endloop
endfacet
facet normal 0.0 0.0 0.0
  outer loop
    vertex 7.899998664855957 5.900001049041748 1.9999998807907104
    vertex 4.862118721008301 1.880599856376648 1.9999998807907104
    vertex 4.958489418029785 1.840713381767273 1.9999998807907104
  endloop
endfacet
facet normal 0.0 0.0 0.0
  outer loop
    vertex -6.041079521179199 7.885421276092529 2.0
    vertex -7.800002098083496 5.900001049041748 1.9999998807907104
    vertex -5.800002098083496 7.900001049041748 2.0
  endloop
endfacet
facet normal 0.0 0.0 0.0
  outer loop
    vertex -5.800002098083496 7.900001049041748 2.0
    vertex -7.800002098083496 5.900001049041748 1.9999998807907104
    vertex -4.244521141052246 1.8804930448532104 1.9999998807907104
  endloop
endfacet
facet normal 0.0 0.0 0.0
  outer loop
    vertex -5.800002098083496 7.900001049041748 2.0
    vertex -4.244521141052246 1.8804930448532104 1.9999998807907104
    vertex -4.141291618347168 1.8942030668258667 1.9999998807907104
  endloop
endfacet
facet normal 0.0 0.0 0.0
  outer loop
    vertex -6.041079521179199 7.885421276092529 2.0
    vertex -6.278632164001465 7.841895580291748 2.0
    vertex -7.800002098083496 5.900001049041748 1.9999998807907104
  endloop
endfacet
facet normal 0.0 0.0 0.0
  outer loop
    vertex -7.800002098083496 5.900001049041748 1.9999998807907104
    vertex -6.278632164001465 7.841895580291748 2.0
    vertex -6.509211540222168 7.770034313201904 1.9999998807907104
  endloop
endfacet
facet normal 0.0 0.0 0.0
  outer loop
    vertex -7.800002098083496 5.900001049041748 1.9999998807907104
    vertex -6.509211540222168 7.770034313201904 1.9999998807907104
    vertex -6.729453086853027 7.670913219451904 1.9999998807907104
  endloop
endfacet
facet normal 0.0 0.0 0.0
  outer loop
    vertex -6.729453086853027 7.670913219451904 1.9999998807907104
    vertex -6.936129570007324 7.545974254608154 1.9999998807907104
    vertex -7.800002098083496 5.900001049041748 1.9999998807907104
  endloop
endfacet
facet normal 0.0 0.0 0.0
  outer loop
    vertex -7.800002098083496 5.900001049041748 1.9999998807907104
    vertex -6.936129570007324 7.545974254608154 1.9999998807907104
    vertex -7.126250267028809 7.3970255851745605 1.9999998807907104
  endloop
endfacet
facet normal 0.0 0.0 0.0
  outer loop
    vertex -7.800002098083496 5.900001049041748 1.9999998807907104
    vertex -7.126250267028809 7.3970255851745605 1.9999998807907104
    vertex -7.297022819519043 7.2262492179870605 1.9999998807907104
  endloop
endfacet
facet normal 0.0 0.0 0.0
  outer loop
    vertex -7.297022819519043 7.2262492179870605 1.9999998807907104
    vertex -7.445971488952637 7.036132335662842 1.9999998807907104
    vertex -7.800002098083496 5.900001049041748 1.9999998807907104
  endloop
endfacet
facet normal 0.0 0.0 0.0
  outer loop
    vertex -7.800002098083496 5.900001049041748 1.9999998807907104
    vertex -7.445971488952637 7.036132335662842 1.9999998807907104
    vertex -7.570910453796387 6.829452037811279 1.9999998807907104
  endloop
endfacet
facet normal 0.0 0.0 0.0
  outer loop
    vertex -7.800002098083496 5.900001049041748 1.9999998807907104
    vertex -7.570910453796387 6.829452037811279 1.9999998807907104
    vertex -7.670031547546387 6.6092143058776855 1.9999998807907104
  endloop
endfacet
facet normal 0.0 0.0 0.0
  outer loop
    vertex -7.670031547546387 6.6092143058776855 1.9999998807907104
    vertex -7.7418928146362305 6.378631114959717 1.9999998807907104
    vertex -7.800002098083496 5.900001049041748 1.9999998807907104
  endloop
endfacet
facet normal 0.0 0.0 0.0
  outer loop
    vertex -7.800002098083496 5.900001049041748 1.9999998807907104
    vertex -7.7418928146362305 6.378631114959717 1.9999998807907104
    vertex -7.785422325134277 6.141082286834717 1.9999998807907104
  endloop
endfacet
facet normal 0.0 0.0 0.0
  outer loop
    vertex -7.800002098083496 -5.899993419647217 1.9999998807907104
    vertex -4.540011405944824 1.4950026273727417 1.9999998807907104
    vertex -7.800002098083496 5.900001049041748 1.9999998807907104
  endloop
endfacet
facet normal 0.0 0.0 0.0
  outer loop
    vertex -7.800002098083496 5.900001049041748 1.9999998807907104
    vertex -4.540011405944824 1.4950026273727417 1.9999998807907104
    vertex -4.526431083679199 1.5982435941696167 1.9999998807907104
  endloop
endfacet
facet normal 0.0 0.0 0.0
  outer loop
    vertex -7.800002098083496 5.900001049041748 1.9999998807907104
    vertex -4.526431083679199 1.5982435941696167 1.9999998807907104
    vertex -4.48660945892334 1.6944655179977417 1.9999998807907104
  endloop
endfacet
facet normal 0.0 0.0 0.0
  outer loop
    vertex -4.48660945892334 1.6944655179977417 1.9999998807907104
    vertex -4.423262596130371 1.777114748954773 1.9999998807907104
    vertex -7.800002098083496 5.900001049041748 1.9999998807907104
  endloop
endfacet
facet normal 0.0 0.0 0.0
  outer loop
    vertex -7.800002098083496 5.900001049041748 1.9999998807907104
    vertex -4.423262596130371 1.777114748954773 1.9999998807907104
    vertex -4.340689659118652 1.840560793876648 1.9999998807907104
  endloop
endfacet
facet normal 0.0 0.0 0.0
  outer loop
    vertex -7.800002098083496 5.900001049041748 1.9999998807907104
    vertex -4.340689659118652 1.840560793876648 1.9999998807907104
    vertex -4.244521141052246 1.8804930448532104 1.9999998807907104
  endloop
endfacet
facet normal 0.0 0.0 0.0
  outer loop
    vertex 4.958489418029785 1.840713381767273 1.9999998807907104
    vertex 5.041268348693848 1.7772520780563354 1.9999998807907104
    vertex 7.899998664855957 5.900001049041748 1.9999998807907104
  endloop
endfacet
facet normal 0.0 0.0 0.0
  outer loop
    vertex 7.899998664855957 5.900001049041748 1.9999998807907104
    vertex 5.041268348693848 1.7772520780563354 1.9999998807907104
    vertex 5.1048078536987305 1.6945418119430542 1.9999998807907104
  endloop
endfacet
facet normal 0.0 0.0 0.0
  outer loop
    vertex 7.899998664855957 5.900001049041748 1.9999998807907104
    vertex 5.1048078536987305 1.6945418119430542 1.9999998807907104
    vertex 5.14479923248291 1.5982130765914917 1.9999998807907104
  endloop
endfacet
facet normal 0.0 0.0 0.0
  outer loop
    vertex 5.14479923248291 1.5982130765914917 1.9999998807907104
    vertex 5.158509254455566 1.4948195219039917 1.9999998807907104
    vertex 7.899998664855957 5.900001049041748 1.9999998807907104
  endloop
endfacet
facet normal 0.0 0.0 0.0
  outer loop
    vertex 5.148737907409668 -1.9947737455368042 1.9999998807907104
    vertex 5.11940860748291 -2.0792386531829834 1.9999998807907104
    vertex 7.899998664855957 -5.899993419647217 1.9999998807907104
  endloop
endfacet
facet normal 0.0 0.0 0.0
  outer loop
    vertex 7.899998664855957 -5.899993419647217 1.9999998807907104
    vertex 5.11940860748291 -2.0792386531829834 1.9999998807907104
    vertex 5.071978569030762 -2.155029058456421 1.9999998807907104
  endloop
endfacet
facet normal 0.0 0.0 0.0
  outer loop
    vertex 7.899998664855957 -5.899993419647217 1.9999998807907104
    vertex 5.071978569030762 -2.155029058456421 1.9999998807907104
    vertex 5.008858680725098 -2.2183377742767334 1.9999998807907104
  endloop
endfacet
facet normal 0.0 0.0 0.0
  outer loop
    vertex 5.008858680725098 -2.2183377742767334 1.9999998807907104
    vertex 4.933197975158691 -2.2659833431243896 1.9999998807907104
    vertex 7.899998664855957 -5.899993419647217 1.9999998807907104
  endloop
endfacet
facet normal 0.0 0.0 0.0
  outer loop
    vertex 7.899998664855957 -5.899993419647217 1.9999998807907104
    vertex 4.933197975158691 -2.2659833431243896 1.9999998807907104
    vertex 4.848828315734863 -2.295570135116577 1.9999998807907104
  endloop
endfacet
facet normal 0.0 0.0 0.0
  outer loop
    vertex 1.7595298290252686 -2.3055951595306396 1.9999998807907104
    vertex 1.7595298290252686 -2.904723882675171 1.9999998807907104
    vertex 4.759987831115723 -2.3055951595306396 1.9999998807907104
  endloop
endfacet
facet normal 0.0 0.0 0.0
  outer loop
    vertex 4.759987831115723 -2.3055951595306396 1.9999998807907104
    vertex 1.7595298290252686 -2.904723882675171 1.9999998807907104
    vertex 1.743778944015503 -3.0090787410736084 1.9999998807907104
  endloop
endfacet
facet normal 0.0 0.0 0.0
  outer loop
    vertex 4.759987831115723 -2.3055951595306396 1.9999998807907104
    vertex 1.743778944015503 -3.0090787410736084 1.9999998807907104
    vertex 1.7018897533416748 -3.1059491634368896 1.9999998807907104
  endloop
endfacet
facet normal 0.0 0.0 0.0
  outer loop
    vertex 1.7018897533416748 -3.1059491634368896 1.9999998807907104
    vertex 1.6366393566131592 -3.1888883113861084 1.9999998807907104
    vertex 4.759987831115723 -2.3055951595306396 1.9999998807907104
  endloop
endfacet
facet normal 0.0 0.0 0.0
  outer loop
    vertex 4.759987831115723 -2.3055951595306396 1.9999998807907104
    vertex 1.6366393566131592 -3.1888883113861084 1.9999998807907104
    vertex 5.899998664855957 -7.899993419647217 1.999999761581421
  endloop
endfacet
facet normal 0.0 0.0 0.0
  outer loop
    vertex 1.6366393566131592 -3.1888883113861084 1.9999998807907104
    vertex 1.5523688793182373 -3.252418279647827 1.9999998807907104
    vertex 5.899998664855957 -7.899993419647217 1.999999761581421
  endloop
endfacet
facet normal 0.0 0.0 0.0
  outer loop
    vertex 5.899998664855957 -7.899993419647217 1.999999761581421
    vertex 1.5523688793182373 -3.252418279647827 1.9999998807907104
    vertex 1.4546592235565186 -3.292297124862671 1.9999998807907104
  endloop
endfacet
facet normal 0.0 0.0 0.0
  outer loop
    vertex 5.899998664855957 -7.899993419647217 1.999999761581421
    vertex 1.4546592235565186 -3.292297124862671 1.9999998807907104
    vertex 1.3500068187713623 -3.305885076522827 1.9999998807907104
  endloop
endfacet
facet normal 0.0 0.0 0.0
  outer loop
    vertex 1.3500068187713623 -3.305885076522827 1.9999998807907104
    vertex -0.7413398623466492 -3.305885076522827 1.9999998807907104
    vertex 5.899998664855957 -7.899993419647217 1.999999761581421
  endloop
endfacet
facet normal 0.0 0.0 0.0
  outer loop
    vertex -0.9413215517997742 -3.252326726913452 1.9999998807907104
    vertex -1.0241501331329346 -3.1887662410736084 1.9999998807907104
    vertex -5.800002098083496 -7.899993419647217 1.999999761581421
  endloop
endfacet
facet normal 0.0 0.0 0.0
  outer loop
    vertex -5.800002098083496 -7.899993419647217 1.999999761581421
    vertex -1.0241501331329346 -3.1887662410736084 1.9999998807907104
    vertex -4.141180992126465 -2.3057477474212646 1.9999998807907104
  endloop
endfacet
facet normal 0.0 0.0 0.0
  outer loop
    vertex -5.800002098083496 -7.899993419647217 1.999999761581421
    vertex -4.141180992126465 -2.3057477474212646 1.9999998807907104
    vertex -4.243910789489746 -2.2922894954681396 1.9999998807907104
  endloop
endfacet
facet normal 0.0 0.0 0.0
  outer loop
    vertex -1.0241501331329346 -3.1887662410736084 1.9999998807907104
    vertex -1.0877106189727783 -3.105933904647827 1.9999998807907104
    vertex -4.141180992126465 -2.3057477474212646 1.9999998807907104
  endloop
endfacet
facet normal 0.0 0.0 0.0
  outer loop
    vertex -4.141180992126465 -2.3057477474212646 1.9999998807907104
    vertex -1.0877106189727783 -3.105933904647827 1.9999998807907104
    vertex -1.1276733875274658 -3.0094754695892334 1.9999998807907104
  endloop
endfacet
facet normal 0.0 0.0 0.0
  outer loop
    vertex -4.141180992126465 -2.3057477474212646 1.9999998807907104
    vertex -1.1276733875274658 -3.0094754695892334 1.9999998807907104
    vertex -1.141303300857544 -2.9059674739837646 1.9999998807907104
  endloop
endfacet
facet normal 0.0 0.0 0.0
  outer loop
    vertex -1.141303300857544 -2.9059674739837646 1.9999998807907104
    vertex -1.141291856765747 -2.305793523788452 1.9999998807907104
    vertex -4.141180992126465 -2.3057477474212646 1.9999998807907104
  endloop
endfacet
facet normal 0.0 0.0 0.0
  outer loop
    vertex -5.800002098083496 -7.899993419647217 1.999999761581421
    vertex -4.243910789489746 -2.2922894954681396 1.9999998807907104
    vertex -7.800002098083496 -5.899993419647217 1.9999998807907104
  endloop
endfacet
facet normal 0.0 0.0 0.0
  outer loop
    vertex -7.800002098083496 -5.899993419647217 1.9999998807907104
    vertex -4.243910789489746 -2.2922894954681396 1.9999998807907104
    vertex -4.339713096618652 -2.2528302669525146 1.9999998807907104
  endloop
endfacet
facet normal 0.0 0.0 0.0
  outer loop
    vertex -7.800002098083496 -5.899993419647217 1.9999998807907104
    vertex -4.339713096618652 -2.2528302669525146 1.9999998807907104
    vertex -4.422110557556152 -2.1900174617767334 1.9999998807907104
  endloop
endfacet
facet normal 0.0 0.0 0.0
  outer loop
    vertex -4.422110557556152 -2.1900174617767334 1.9999998807907104
    vertex -4.485552787780762 -2.1081082820892334 1.9999998807907104
    vertex -7.800002098083496 -5.899993419647217 1.9999998807907104
  endloop
endfacet
facet normal 0.0 0.0 0.0
  outer loop
    vertex -7.800002098083496 -5.899993419647217 1.9999998807907104
    vertex -4.485552787780762 -2.1081082820892334 1.9999998807907104
    vertex -4.525759696960449 -2.0126187801361084 1.9999998807907104
  endloop
endfacet
facet normal 0.0 0.0 0.0
  outer loop
    vertex -7.800002098083496 -5.899993419647217 1.9999998807907104
    vertex -4.525759696960449 -2.0126187801361084 1.9999998807907104
    vertex -4.540011405944824 -1.9099959135055542 1.9999998807907104
  endloop
endfacet
facet normal 0.0 0.0 0.0
  outer loop
    vertex -4.540011405944824 -1.9099959135055542 1.9999998807907104
    vertex -4.540011405944824 1.4950026273727417 1.9999998807907104
    vertex -7.800002098083496 -5.899993419647217 1.9999998807907104
  endloop
endfacet
facet normal 0.0 0.0 0.0
  outer loop
    vertex -5.800002098083496 -7.899993419647217 1.499999761581421
    vertex 5.899998664855957 -7.899993419647217 1.499999761581421
    vertex -5.800002098083496 -7.899993419647217 1.999999761581421
  endloop
endfacet
facet normal 0.0 0.0 0.0
  outer loop
    vertex -5.800002098083496 -7.899993419647217 1.999999761581421
    vertex 5.899998664855957 -7.899993419647217 1.499999761581421
    vertex 5.899998664855957 -7.899993419647217 1.999999761581421
  endloop
endfacet
facet normal 0.0 0.0 0.0
  outer loop
    vertex 5.899998664855957 -7.899993419647217 1.499999761581421
    vertex 6.141068458557129 -7.885413646697998 1.499999761581421
    vertex 5.899998664855957 -7.899993419647217 1.999999761581421
  endloop
endfacet
facet normal 0.0 0.0 0.0
  outer loop
    vertex 5.899998664855957 -7.899993419647217 1.999999761581421
    vertex 6.141068458557129 -7.885413646697998 1.499999761581421
    vertex 6.141068458557129 -7.885413646697998 1.999999761581421
  endloop
endfacet
facet normal 0.0 0.0 0.0
  outer loop
    vertex 6.141068458557129 -7.885413646697998 1.999999761581421
    vertex 6.141068458557129 -7.885413646697998 1.499999761581421
    vertex 6.378628730773926 -7.841887950897217 1.999999761581421
  endloop
endfacet
facet normal 0.0 0.0 0.0
  outer loop
    vertex 6.378628730773926 -7.841887950897217 1.999999761581421
    vertex 6.141068458557129 -7.885413646697998 1.499999761581421
    vertex 6.378628730773926 -7.841887950897217 1.499999761581421
  endloop
endfacet
facet normal 0.0 0.0 0.0
  outer loop
    vertex 6.378628730773926 -7.841887950897217 1.999999761581421
    vertex 6.378628730773926 -7.841887950897217 1.499999761581421
    vertex 6.609208106994629 -7.770034313201904 1.9999998807907104
  endloop
endfacet
facet normal 0.0 0.0 0.0
  outer loop
    vertex 6.609208106994629 -7.770034313201904 1.9999998807907104
    vertex 6.378628730773926 -7.841887950897217 1.499999761581421
    vertex 6.609208106994629 -7.770034313201904 1.4999998807907104
  endloop
endfacet
facet normal 0.0 0.0 0.0
  outer loop
    vertex 6.609208106994629 -7.770034313201904 1.9999998807907104
    vertex 6.609208106994629 -7.770034313201904 1.4999998807907104
    vertex 6.8294477462768555 -7.670913219451904 1.9999998807907104
  endloop
endfacet
facet normal 0.0 0.0 0.0
  outer loop
    vertex 6.8294477462768555 -7.670913219451904 1.9999998807907104
    vertex 6.609208106994629 -7.770034313201904 1.4999998807907104
    vertex 6.8294477462768555 -7.670913219451904 1.4999998807907104
  endloop
endfacet
facet normal 0.0 0.0 0.0
  outer loop
    vertex 6.8294477462768555 -7.670913219451904 1.9999998807907104
    vertex 6.8294477462768555 -7.670913219451904 1.4999998807907104
    vertex 7.036128044128418 -7.545966625213623 1.9999998807907104
  endloop
endfacet
facet normal 0.0 0.0 0.0
  outer loop
    vertex 7.036128044128418 -7.545966625213623 1.9999998807907104
    vertex 6.8294477462768555 -7.670913219451904 1.4999998807907104
    vertex 7.036128044128418 -7.545966625213623 1.4999998807907104
  endloop
endfacet
facet normal 0.0 0.0 0.0
  outer loop
    vertex 7.036128044128418 -7.545966625213623 1.9999998807907104
    vertex 7.036128044128418 -7.545966625213623 1.4999998807907104
    vertex 7.226248741149902 -7.3970255851745605 1.9999998807907104
  endloop
endfacet
facet normal 0.0 0.0 0.0
  outer loop
    vertex 7.226248741149902 -7.3970255851745605 1.9999998807907104
    vertex 7.036128044128418 -7.545966625213623 1.4999998807907104
    vertex 7.226248741149902 -7.3970255851745605 1.4999998807907104
  endloop
endfacet
facet normal 0.0 0.0 0.0
  outer loop
    vertex 7.226248741149902 -7.3970255851745605 1.9999998807907104
    vertex 7.226248741149902 -7.3970255851745605 1.4999998807907104
    vertex 7.397019386291504 -7.2262492179870605 1.9999998807907104
  endloop
endfacet
facet normal 0.0 0.0 0.0
  outer loop
    vertex 7.397019386291504 -7.2262492179870605 1.9999998807907104
    vertex 7.226248741149902 -7.3970255851745605 1.4999998807907104
    vertex 7.397019386291504 -7.2262492179870605 1.4999998807907104
  endloop
endfacet
facet normal 0.0 0.0 0.0
  outer loop
    vertex 7.397019386291504 -7.2262492179870605 1.9999998807907104
    vertex 7.397019386291504 -7.2262492179870605 1.4999998807907104
    vertex 7.545968055725098 -7.0361247062683105 1.9999998807907104
  endloop
endfacet
facet normal 0.0 0.0 0.0
  outer loop
    vertex 7.545968055725098 -7.0361247062683105 1.9999998807907104
    vertex 7.397019386291504 -7.2262492179870605 1.4999998807907104
    vertex 7.545968055725098 -7.0361247062683105 1.4999998807907104
  endloop
endfacet
facet normal 0.0 0.0 0.0
  outer loop
    vertex 7.545968055725098 -7.0361247062683105 1.9999998807907104
    vertex 7.545968055725098 -7.0361247062683105 1.4999998807907104
    vertex 7.6709089279174805 -6.829444408416748 1.9999998807907104
  endloop
endfacet
facet normal 0.0 0.0 0.0
  outer loop
    vertex 7.6709089279174805 -6.829444408416748 1.9999998807907104
    vertex 7.545968055725098 -7.0361247062683105 1.4999998807907104
    vertex 7.6709089279174805 -6.829444408416748 1.4999998807907104
  endloop
endfacet
facet normal 0.0 0.0 0.0
  outer loop
    vertex 7.6709089279174805 -6.829444408416748 1.9999998807907104
    vertex 7.6709089279174805 -6.829444408416748 1.4999998807907104
    vertex 7.770028114318848 -6.609206676483154 1.9999998807907104
  endloop
endfacet
facet normal 0.0 0.0 0.0
  outer loop
    vertex 7.770028114318848 -6.609206676483154 1.9999998807907104
    vertex 7.6709089279174805 -6.829444408416748 1.4999998807907104
    vertex 7.770028114318848 -6.609206676483154 1.4999998807907104
  endloop
endfacet
facet normal 0.0 0.0 0.0
  outer loop
    vertex 7.770028114318848 -6.609206676483154 1.9999998807907104
    vertex 7.770028114318848 -6.609206676483154 1.4999998807907104
    vertex 7.8418779373168945 -6.378638744354248 1.9999998807907104
  endloop
endfacet
facet normal 0.0 0.0 0.0
  outer loop
    vertex 7.8418779373168945 -6.378638744354248 1.9999998807907104
    vertex 7.770028114318848 -6.609206676483154 1.4999998807907104
    vertex 7.8418779373168945 -6.378638744354248 1.4999998807907104
  endloop
endfacet
facet normal 0.0 0.0 0.0
  outer loop
    vertex 7.8418779373168945 -6.378638744354248 1.9999998807907104
    vertex 7.8418779373168945 -6.378638744354248 1.4999998807907104
    vertex 7.885418891906738 -6.1410746574401855 1.9999998807907104
  endloop
endfacet
facet normal 0.0 0.0 0.0
  outer loop
    vertex 7.885418891906738 -6.1410746574401855 1.9999998807907104
    vertex 7.8418779373168945 -6.378638744354248 1.4999998807907104
    vertex 7.885418891906738 -6.1410746574401855 1.4999998807907104
  endloop
endfacet
facet normal 0.0 0.0 0.0
  outer loop
    vertex 7.885418891906738 -6.1410746574401855 1.9999998807907104
    vertex 7.885418891906738 -6.1410746574401855 1.4999998807907104
    vertex 7.899998664855957 -5.899993419647217 1.9999998807907104
  endloop
endfacet
facet normal 0.0 0.0 0.0
  outer loop
    vertex 7.899998664855957 -5.899993419647217 1.9999998807907104
    vertex 7.885418891906738 -6.1410746574401855 1.4999998807907104
    vertex 7.899998664855957 -5.899993419647217 1.4999998807907104
  endloop
endfacet
facet normal 0.0 0.0 0.0
  outer loop
    vertex 7.899998664855957 -5.899993419647217 1.4999998807907104
    vertex 7.899998664855957 5.900001049041748 1.4999998807907104
    vertex 7.899998664855957 -5.899993419647217 1.9999998807907104
  endloop
endfacet
facet normal 0.0 0.0 0.0
  outer loop
    vertex 7.899998664855957 -5.899993419647217 1.9999998807907104
    vertex 7.899998664855957 5.900001049041748 1.4999998807907104
    vertex 7.899998664855957 5.900001049041748 1.9999998807907104
  endloop
endfacet
facet normal 0.0 0.0 0.0
  outer loop
    vertex -2.9552032947540283 -4.065856456756592 1.4999998807907104
    vertex -4.015860557556152 -3.005195379257202 1.4999998807907104
    vertex 0.05000000074505806 -1.060653567314148 1.4999998807907104
  endloop
endfacet
facet normal 0.0 0.0 0.0
  outer loop
    vertex 0.05000000074505806 -1.060653567314148 1.4999998807907104
    vertex -4.015860557556152 -3.005195379257202 1.4999998807907104
    vertex -1.0106613636016846 -3.5061882286413493e-09 1.4999998807907104
  endloop
endfacet
facet normal 0.0 0.0 0.0
  outer loop
    vertex 0.05000000074505806 -1.060653567314148 1.4999998807907104
    vertex -1.0106613636016846 -3.5061882286413493e-09 1.4999998807907104
    vertex 1.1106574535369873 -3.5061882286413493e-09 1.4999998807907104
  endloop
endfacet
facet normal 0.0 0.0 0.0
  outer loop
    vertex 1.1106574535369873 -3.5061882286413493e-09 1.4999998807907104
    vertex -1.0106613636016846 -3.5061882286413493e-09 1.4999998807907104
    vertex 0.05000000074505806 1.0606611967086792 1.4999998807907104
  endloop
endfacet
facet normal 0.0 0.0 0.0
  outer loop
    vertex 1.1106574535369873 -3.5061882286413493e-09 1.4999998807907104
    vertex 0.05000000074505806 1.0606611967086792 1.4999998807907104
    vertex 4.115857124328613 3.0052030086517334 1.4999998807907104
  endloop
endfacet
facet normal 0.0 0.0 0.0
  outer loop
    vertex 4.115857124328613 3.0052030086517334 1.4999998807907104
    vertex 0.05000000074505806 1.0606611967086792 1.4999998807907104
    vertex 3.055199384689331 4.065871715545654 1.4999998807907104
  endloop
endfacet
facet normal 0.0 0.0 0.0
  outer loop
    vertex -1.0106613636016846 -3.5061882286413493e-09 1.4999998807907104
    vertex -4.015860557556152 3.0052030086517334 1.4999998807907104
    vertex 0.05000000074505806 1.0606611967086792 1.4999998807907104
  endloop
endfacet
facet normal 0.0 0.0 0.0
  outer loop
    vertex 0.05000000074505806 1.0606611967086792 1.4999998807907104
    vertex -4.015860557556152 3.0052030086517334 1.4999998807907104
    vertex -2.9552032947540283 4.065871715545654 1.4999998807907104
  endloop
endfacet
facet normal 0.0 0.0 0.0
  outer loop
    vertex 1.1106574535369873 -3.5061882286413493e-09 1.4999998807907104
    vertex 4.115857124328613 -3.005195379257202 1.4999998807907104
    vertex 0.05000000074505806 -1.060653567314148 1.4999998807907104
  endloop
endfacet
facet normal 0.0 0.0 0.0
  outer loop
    vertex 0.05000000074505806 -1.060653567314148 1.4999998807907104
    vertex 4.115857124328613 -3.005195379257202 1.4999998807907104
    vertex 3.055199384689331 -4.065856456756592 1.4999998807907104
  endloop
endfacet
facet normal 0.0 0.0 0.0
  outer loop
    vertex -4.015860557556152 -3.005195379257202 0.0
    vertex -1.0106613636016846 7.933461887432713e-09 0.0
    vertex -4.015860557556152 -3.005195379257202 1.4999998807907104
  endloop
endfacet
facet normal 0.0 0.0 0.0
  outer loop
    vertex -4.015860557556152 -3.005195379257202 1.4999998807907104
    vertex -1.0106613636016846 7.933461887432713e-09 0.0
    vertex -1.0106613636016846 -3.5061882286413493e-09 1.4999998807907104
  endloop
endfacet
facet normal 0.0 0.0 0.0
  outer loop
    vertex -2.9552032947540283 -4.065856456756592 0.0
    vertex -4.015860557556152 -3.005195379257202 0.0
    vertex -2.9552032947540283 -4.065856456756592 1.4999998807907104
  endloop
endfacet
facet normal 0.0 0.0 0.0
  outer loop
    vertex -2.9552032947540283 -4.065856456756592 1.4999998807907104
    vertex -4.015860557556152 -3.005195379257202 0.0
    vertex -4.015860557556152 -3.005195379257202 1.4999998807907104
  endloop
endfacet
facet normal 0.0 0.0 0.0
  outer loop
    vertex 0.05000000074505806 -1.060653567314148 0.0
    vertex -2.9552032947540283 -4.065856456756592 0.0
    vertex 0.05000000074505806 -1.060653567314148 1.4999998807907104
  endloop
endfacet
facet normal 0.0 0.0 0.0
  outer loop
    vertex 0.05000000074505806 -1.060653567314148 1.4999998807907104
    vertex -2.9552032947540283 -4.065856456756592 0.0
    vertex -2.9552032947540283 -4.065856456756592 1.4999998807907104
  endloop
endfacet
facet normal 0.0 0.0 0.0
  outer loop
    vertex 3.055199384689331 -4.065856456756592 0.0
    vertex 0.05000000074505806 -1.060653567314148 0.0
    vertex 3.055199384689331 -4.065856456756592 1.4999998807907104
  endloop
endfacet
facet normal 0.0 0.0 0.0
  outer loop
    vertex 3.055199384689331 -4.065856456756592 1.4999998807907104
    vertex 0.05000000074505806 -1.060653567314148 0.0
    vertex 0.05000000074505806 -1.060653567314148 1.4999998807907104
  endloop
endfacet
facet normal 0.0 0.0 0.0
  outer loop
    vertex 4.115857124328613 -3.005195379257202 0.0
    vertex 3.055199384689331 -4.065856456756592 0.0
    vertex 4.115857124328613 -3.005195379257202 1.4999998807907104
  endloop
endfacet
facet normal 0.0 0.0 0.0
  outer loop
    vertex 4.115857124328613 -3.005195379257202 1.4999998807907104
    vertex 3.055199384689331 -4.065856456756592 0.0
    vertex 3.055199384689331 -4.065856456756592 1.4999998807907104
  endloop
endfacet
facet normal 0.0 0.0 0.0
  outer loop
    vertex 1.1106574535369873 7.933461887432713e-09 0.0
    vertex 4.115857124328613 -3.005195379257202 0.0
    vertex 1.1106574535369873 -3.5061882286413493e-09 1.4999998807907104
  endloop
endfacet
facet normal 0.0 0.0 0.0
  outer loop
    vertex 1.1106574535369873 -3.5061882286413493e-09 1.4999998807907104
    vertex 4.115857124328613 -3.005195379257202 0.0
    vertex 4.115857124328613 -3.005195379257202 1.4999998807907104
  endloop
endfacet
facet normal 0.0 0.0 0.0
  outer loop
    vertex 4.115857124328613 3.0052030086517334 0.0
    vertex 1.1106574535369873 7.933461887432713e-09 0.0
    vertex 4.115857124328613 3.0052030086517334 1.4999998807907104
  endloop
endfacet
facet normal 0.0 0.0 0.0
  outer loop
    vertex 4.115857124328613 3.0052030086517334 1.4999998807907104
    vertex 1.1106574535369873 7.933461887432713e-09 0.0
    vertex 1.1106574535369873 -3.5061882286413493e-09 1.4999998807907104
  endloop
endfacet
facet normal 0.0 0.0 0.0
  outer loop
    vertex 3.055199384689331 4.065871715545654 0.0
    vertex 4.115857124328613 3.0052030086517334 0.0
    vertex 3.055199384689331 4.065871715545654 1.4999998807907104
  endloop
endfacet
facet normal 0.0 0.0 0.0
  outer loop
    vertex 3.055199384689331 4.065871715545654 1.4999998807907104
    vertex 4.115857124328613 3.0052030086517334 0.0
    vertex 4.115857124328613 3.0052030086517334 1.4999998807907104
  endloop
endfacet
facet normal 0.0 0.0 0.0
  outer loop
    vertex 0.05000000074505806 1.0606611967086792 0.0
    vertex 3.055199384689331 4.065871715545654 0.0
    vertex 0.05000000074505806 1.0606611967086792 1.4999998807907104
  endloop
endfacet
facet normal 0.0 0.0 0.0
  outer loop
    vertex 0.05000000074505806 1.0606611967086792 1.4999998807907104
    vertex 3.055199384689331 4.065871715545654 0.0
    vertex 3.055199384689331 4.065871715545654 1.4999998807907104
  endloop
endfacet
facet normal 0.0 0.0 0.0
  outer loop
    vertex -2.9552032947540283 4.065871715545654 0.0
    vertex 0.05000000074505806 1.0606611967086792 0.0
    vertex -2.9552032947540283 4.065871715545654 1.4999998807907104
  endloop
endfacet
facet normal 0.0 0.0 0.0
  outer loop
    vertex -2.9552032947540283 4.065871715545654 1.4999998807907104
    vertex 0.05000000074505806 1.0606611967086792 0.0
    vertex 0.05000000074505806 1.0606611967086792 1.4999998807907104
  endloop
endfacet
facet normal 0.0 0.0 0.0
  outer loop
    vertex -4.015860557556152 3.0052030086517334 0.0
    vertex -2.9552032947540283 4.065871715545654 0.0
    vertex -4.015860557556152 3.0052030086517334 1.4999998807907104
  endloop
endfacet
facet normal 0.0 0.0 0.0
  outer loop
    vertex -4.015860557556152 3.0052030086517334 1.4999998807907104
    vertex -2.9552032947540283 4.065871715545654 0.0
    vertex -2.9552032947540283 4.065871715545654 1.4999998807907104
  endloop
endfacet
facet normal 0.0 0.0 0.0
  outer loop
    vertex -1.0106613636016846 7.933461887432713e-09 0.0
    vertex -4.015860557556152 3.0052030086517334 0.0
    vertex -1.0106613636016846 -3.5061882286413493e-09 1.4999998807907104
  endloop
endfacet
facet normal 0.0 0.0 0.0
  outer loop
    vertex -1.0106613636016846 -3.5061882286413493e-09 1.4999998807907104
    vertex -4.015860557556152 3.0052030086517334 0.0
    vertex -4.015860557556152 3.0052030086517334 1.4999998807907104
  endloop
endfacet
facet normal 0.0 0.0 0.0
  outer loop
    vertex -4.243922233581543 -2.2922894954681396 2.999999761581421
    vertex -4.210272789001465 -2.299712896347046 2.999999761581421
    vertex -4.1416730880737305 -2.3057477474212646 2.999999761581421
  endloop
endfacet
facet normal 0.0 0.0 0.0
  outer loop
    vertex -4.1416730880737305 -2.3057477474212646 2.999999761581421
    vertex -4.210272789001465 -2.299712896347046 2.999999761581421
    vertex -4.176100730895996 -2.3042142391204834 2.999999761581421
  endloop
endfacet
facet normal 0.0 0.0 0.0
  outer loop
    vertex -4.339472770690918 -2.252959966659546 2.999999761581421
    vertex -4.309340476989746 -2.268554449081421 2.999999761581421
    vertex -4.245673179626465 -2.291816473007202 2.999999761581421
  endloop
endfacet
facet normal 0.0 0.0 0.0
  outer loop
    vertex -4.245673179626465 -2.291816473007202 2.999999761581421
    vertex -4.309340476989746 -2.268554449081421 2.999999761581421
    vertex -4.278002738952637 -2.2815473079681396 2.999999761581421
  endloop
endfacet
facet normal 0.0 0.0 0.0
  outer loop
    vertex -4.528750419616699 -2.001067876815796 2.999999761581421
    vertex -4.539912223815918 -1.916244387626648 2.999999761581421
    vertex -4.534491539001465 -1.9730833768844604 2.999999761581421
  endloop
endfacet
facet normal 0.0 0.0 0.0
  outer loop
    vertex -4.534491539001465 -1.9730833768844604 2.999999761581421
    vertex -4.539912223815918 -1.916244387626648 2.999999761581421
    vertex -4.538222312927246 -1.9447554349899292 2.999999761581421
  endloop
endfacet
facet normal 0.0 0.0 0.0
  outer loop
    vertex -4.421339988708496 -2.1907804012298584 2.999999761581421
    vertex -4.396880149841309 -2.212989568710327 2.999999761581421
    vertex -4.342890739440918 -2.250976324081421 2.999999761581421
  endloop
endfacet
facet normal 0.0 0.0 0.0
  outer loop
    vertex -4.342890739440918 -2.250976324081421 2.999999761581421
    vertex -4.396880149841309 -2.212989568710327 2.999999761581421
    vertex -4.370680809020996 -2.233093023300171 2.999999761581421
  endloop
endfacet
facet normal 0.0 0.0 0.0
  outer loop
    vertex -4.426352500915527 -2.1857450008392334 2.999999761581421
    vertex -4.484320640563965 -2.110206365585327 2.999999761581421
    vertex -4.447661399841309 -2.162139654159546 2.999999761581421
  endloop
endfacet
facet normal 0.0 0.0 0.0
  outer loop
    vertex -4.447661399841309 -2.162139654159546 2.999999761581421
    vertex -4.484320640563965 -2.110206365585327 2.999999761581421
    vertex -4.4670209884643555 -2.1368939876556396 2.999999761581421
  endloop
endfacet
facet normal 0.0 0.0 0.0
  outer loop
    vertex -4.489920616149902 -2.100433111190796 2.999999761581421
    vertex -4.524622917175293 -2.0166471004486084 2.999999761581421
    vertex -4.503600120544434 -2.0734174251556396 2.999999761581421
  endloop
endfacet
facet normal 0.0 0.0 0.0
  outer loop
    vertex -4.503600120544434 -2.0734174251556396 2.999999761581421
    vertex -4.524622917175293 -2.0166471004486084 2.999999761581421
    vertex -4.515192985534668 -2.0454251766204834 2.999999761581421
  endloop
endfacet
facet normal 0.0 0.0 0.0
  outer loop
    vertex -0.741290271282196 -3.305793523788452 2.999999761581421
    vertex 1.3500068187713623 -3.305885076522827 2.999999761581421
    vertex 1.358708143234253 -3.305793523788452 2.999999761581421
  endloop
endfacet
facet normal 0.0 0.0 0.0
  outer loop
    vertex 1.358708143234253 -3.305793523788452 2.999999761581421
    vertex 1.3500068187713623 -3.305885076522827 2.999999761581421
    vertex 1.352909803390503 -3.305877447128296 2.999999761581421
  endloop
endfacet
facet normal 0.0 0.0 0.0
  outer loop
    vertex 1.358708143234253 -3.305793523788452 2.999999761581421
    vertex 1.352909803390503 -3.305877447128296 2.999999761581421
    vertex 1.355808973312378 -3.305846929550171 2.999999761581421
  endloop
endfacet
facet normal 0.0 0.0 0.0
  outer loop
    vertex -0.8448211550712585 -3.2921674251556396 2.999999761581421
    vertex -0.7935401797294617 -3.3024747371673584 2.999999761581421
    vertex -0.741290271282196 -3.305793523788452 2.999999761581421
  endloop
endfacet
facet normal 0.0 0.0 0.0
  outer loop
    vertex -0.741290271282196 -3.305793523788452 2.999999761581421
    vertex -0.7935401797294617 -3.3024747371673584 2.999999761581421
    vertex -0.7413398623466492 -3.305885076522827 2.999999761581421
  endloop
endfacet
facet normal 0.0 0.0 0.0
  outer loop
    vertex -0.741290271282196 -3.305793523788452 2.999999761581421
    vertex -0.7413398623466492 -3.305885076522827 2.999999761581421
    vertex 1.3500068187713623 -3.305885076522827 2.999999761581421
  endloop
endfacet
facet normal 0.0 0.0 0.0
  outer loop
    vertex -0.9412910342216492 -3.252204656600952 2.999999761581421
    vertex -0.8944122195243835 -3.275459051132202 2.999999761581421
    vertex -0.8448211550712585 -3.2921674251556396 2.999999761581421
  endloop
endfacet
facet normal 0.0 0.0 0.0
  outer loop
    vertex -0.8448211550712585 -3.2921674251556396 2.999999761581421
    vertex -0.8944122195243835 -3.275459051132202 2.999999761581421
    vertex -0.8448516726493835 -3.292274236679077 2.999999761581421
  endloop
endfacet
facet normal 0.0 0.0 0.0
  outer loop
    vertex -0.8448211550712585 -3.2921674251556396 2.999999761581421
    vertex -0.8448516726493835 -3.292274236679077 2.999999761581421
    vertex -0.7935401797294617 -3.3024747371673584 2.999999761581421
  endloop
endfacet
facet normal 0.0 0.0 0.0
  outer loop
    vertex -1.0241310596466064 -3.188636541366577 2.999999761581421
    vertex -0.9848625063896179 -3.2232282161712646 2.999999761581421
    vertex -0.9412910342216492 -3.252204656600952 2.999999761581421
  endloop
endfacet
facet normal 0.0 0.0 0.0
  outer loop
    vertex -0.9412910342216492 -3.252204656600952 2.999999761581421
    vertex -0.9848625063896179 -3.2232282161712646 2.999999761581421
    vertex -0.9413520693778992 -3.2523038387298584 2.999999761581421
  endloop
endfacet
facet normal 0.0 0.0 0.0
  outer loop
    vertex -0.9412910342216492 -3.252204656600952 2.999999761581421
    vertex -0.9413520693778992 -3.2523038387298584 2.999999761581421
    vertex -0.8944122195243835 -3.275459051132202 2.999999761581421
  endloop
endfacet
facet normal 0.0 0.0 0.0
  outer loop
    vertex -1.087702989578247 -3.1057965755462646 2.999999761581421
    vertex -1.058711290359497 -3.149360418319702 2.999999761581421
    vertex -1.0241310596466064 -3.188636541366577 2.999999761581421
  endloop
endfacet
facet normal 0.0 0.0 0.0
  outer loop
    vertex -1.0241310596466064 -3.188636541366577 2.999999761581421
    vertex -1.058711290359497 -3.149360418319702 2.999999761581421
    vertex -1.0242111682891846 -3.188720464706421 2.999999761581421
  endloop
endfacet
facet normal 0.0 0.0 0.0
  outer loop
    vertex -1.0241310596466064 -3.188636541366577 2.999999761581421
    vertex -1.0242111682891846 -3.188720464706421 2.999999761581421
    vertex -0.9848625063896179 -3.2232282161712646 2.999999761581421
  endloop
endfacet
facet normal 0.0 0.0 0.0
  outer loop
    vertex -1.127661943435669 -3.0093305110931396 2.999999761581421
    vertex -1.1109001636505127 -3.058898687362671 2.999999761581421
    vertex -1.087702989578247 -3.1057965755462646 2.999999761581421
  endloop
endfacet
facet normal 0.0 0.0 0.0
  outer loop
    vertex -1.087702989578247 -3.1057965755462646 2.999999761581421
    vertex -1.1109001636505127 -3.058898687362671 2.999999761581421
    vertex -1.0877716541290283 -3.105834722518921 2.999999761581421
  endloop
endfacet
facet normal 0.0 0.0 0.0
  outer loop
    vertex -1.087702989578247 -3.1057965755462646 2.999999761581421
    vertex -1.0877716541290283 -3.105834722518921 2.999999761581421
    vertex -1.058711290359497 -3.149360418319702 2.999999761581421
  endloop
endfacet
facet normal 0.0 0.0 0.0
  outer loop
    vertex -1.141291856765747 -2.905799627304077 2.999999761581421
    vertex -1.141303300857544 -2.9059674739837646 2.999999761581421
    vertex -1.127661943435669 -3.0093305110931396 2.999999761581421
  endloop
endfacet
facet normal 0.0 0.0 0.0
  outer loop
    vertex -1.127661943435669 -3.0093305110931396 2.999999761581421
    vertex -1.141303300857544 -2.9059674739837646 2.999999761581421
    vertex -1.127711534500122 -3.009338140487671 2.999999761581421
  endloop
endfacet
facet normal 0.0 0.0 0.0
  outer loop
    vertex -1.127661943435669 -3.0093305110931396 2.999999761581421
    vertex -1.127711534500122 -3.009338140487671 2.999999761581421
    vertex -1.1109001636505127 -3.058898687362671 2.999999761581421
  endloop
endfacet
facet normal 0.0 0.0 0.0
  outer loop
    vertex 1.4475982189178467 -3.294097661972046 2.999999761581421
    vertex 1.358708143234253 -3.305793523788452 2.999999761581421
    vertex 1.4182898998260498 -3.3001554012298584 2.999999761581421
  endloop
endfacet
facet normal 0.0 0.0 0.0
  outer loop
    vertex 1.4182898998260498 -3.3001554012298584 2.999999761581421
    vertex 1.358708143234253 -3.305793523788452 2.999999761581421
    vertex 1.3886001110076904 -3.3040692806243896 2.999999761581421
  endloop
endfacet
facet normal 0.0 0.0 0.0
  outer loop
    vertex 1.531609296798706 -3.263427495956421 2.999999761581421
    vertex 1.4812095165252686 -3.284309148788452 2.999999761581421
    vertex 1.515129804611206 -3.2711331844329834 2.999999761581421
  endloop
endfacet
facet normal 0.0 0.0 0.0
  outer loop
    vertex 1.515129804611206 -3.2711331844329834 2.999999761581421
    vertex 1.4812095165252686 -3.284309148788452 2.999999761581421
    vertex 1.4983184337615967 -3.2780988216400146 2.999999761581421
  endloop
endfacet
facet normal 0.0 0.0 0.0
  outer loop
    vertex 1.6090400218963623 -3.2135846614837646 2.999999761581421
    vertex 1.5894782543182373 -3.2285993099212646 2.999999761581421
    vertex 1.6026198863983154 -3.218719244003296 2.999999761581421
  endloop
endfacet
facet normal 0.0 0.0 0.0
  outer loop
    vertex 1.6026198863983154 -3.218719244003296 2.999999761581421
    vertex 1.5894782543182373 -3.2285993099212646 2.999999761581421
    vertex 1.5960967540740967 -3.2237164974212646 2.999999761581421
  endloop
endfacet
facet normal 0.0 0.0 0.0
  outer loop
    vertex -4.528841972351074 1.588790774345398 2.999999761581421
    vertex -4.534502983093262 1.5610960721969604 2.999999761581421
    vertex -4.53989315032959 1.5048292875289917 2.999999761581421
  endloop
endfacet
facet normal 0.0 0.0 0.0
  outer loop
    vertex -4.53989315032959 1.5048292875289917 2.999999761581421
    vertex -4.534502983093262 1.5610960721969604 2.999999761581421
    vertex -4.538191795349121 1.5330504179000854 2.999999761581421
  endloop
endfacet
facet normal 0.0 0.0 0.0
  outer loop
    vertex 1.6645972728729248 -3.158599615097046 2.999999761581421
    vertex 1.6715667247772217 -3.1500089168548584 2.999999761581421
    vertex 1.684788465499878 -3.1322858333587646 2.999999761581421
  endloop
endfacet
facet normal 0.0 0.0 0.0
  outer loop
    vertex 1.684788465499878 -3.1322858333587646 2.999999761581421
    vertex 1.6715667247772217 -3.1500089168548584 2.999999761581421
    vertex 1.6782996654510498 -3.141235113143921 2.999999761581421
  endloop
endfacet
facet normal 0.0 0.0 0.0
  outer loop
    vertex -4.490302085876465 1.687911868095398 2.999999761581421
    vertex -4.503680229187012 1.661392092704773 2.999999761581421
    vertex -4.524352073669434 1.6057356595993042 2.999999761581421
  endloop
endfacet
facet normal 0.0 0.0 0.0
  outer loop
    vertex -4.524352073669434 1.6057356595993042 2.999999761581421
    vertex -4.503680229187012 1.661392092704773 2.999999761581421
    vertex -4.51505184173584 1.6339415311813354 2.999999761581421
  endloop
endfacet
facet normal 0.0 0.0 0.0
  outer loop
    vertex 1.7144782543182373 -3.0832059383392334 2.999999761581421
    vertex 1.7240569591522217 -3.0632169246673584 2.999999761581421
    vertex 1.7399070262908936 -3.021827459335327 2.999999761581421
  endloop
endfacet
facet normal 0.0 0.0 0.0
  outer loop
    vertex 1.7399070262908936 -3.021827459335327 2.999999761581421
    vertex 1.7240569591522217 -3.0632169246673584 2.999999761581421
    vertex 1.732537031173706 -3.0427396297454834 2.999999761581421
  endloop
endfacet
facet normal 0.0 0.0 0.0
  outer loop
    vertex -4.426962852478027 1.7733534574508667 2.999999761581421
    vertex -4.44779109954834 1.7501906156539917 2.999999761581421
    vertex -4.483721733093262 1.6993941068649292 2.999999761581421
  endloop
endfacet
facet normal 0.0 0.0 0.0
  outer loop
    vertex -4.483721733093262 1.6993941068649292 2.999999761581421
    vertex -4.44779109954834 1.7501906156539917 2.999999761581421
    vertex -4.466750144958496 1.7254942655563354 2.999999761581421
  endloop
endfacet
facet normal 0.0 0.0 0.0
  outer loop
    vertex -4.338801383972168 1.8416441679000854 2.999999761581421
    vertex -4.2459211349487305 1.880111575126648 2.999999761581421
    vertex -4.308962821960449 1.8570631742477417 2.999999761581421
  endloop
endfacet
facet normal 0.0 0.0 0.0
  outer loop
    vertex -4.308962821960449 1.8570631742477417 2.999999761581421
    vertex -4.2459211349487305 1.880111575126648 2.999999761581421
    vertex -4.27793025970459 1.8699110746383667 2.999999761581421
  endloop
endfacet
facet normal 0.0 0.0 0.0
  outer loop
    vertex -4.4205732345581055 1.779769778251648 2.999999761581421
    vertex -4.343489646911621 1.8389204740524292 2.999999761581421
    vertex -4.396510124206543 1.801559329032898 2.999999761581421
  endloop
endfacet
facet normal 0.0 0.0 0.0
  outer loop
    vertex -4.396510124206543 1.801559329032898 2.999999761581421
    vertex -4.343489646911621 1.8389204740524292 2.999999761581421
    vertex -4.370760917663574 1.8213194608688354 2.999999761581421
  endloop
endfacet
facet normal 0.0 0.0 0.0
  outer loop
    vertex 1.7595298290252686 -2.305793523788452 2.999999761581421
    vertex 1.7587096691131592 -2.305793523788452 2.999999761581421
    vertex 1.7595298290252686 -2.904723882675171 2.999999761581421
  endloop
endfacet
facet normal 0.0 0.0 0.0
  outer loop
    vertex 1.7595298290252686 -2.904723882675171 2.999999761581421
    vertex 1.7587096691131592 -2.305793523788452 2.999999761581421
    vertex 1.7587096691131592 -2.905799627304077 2.999999761581421
  endloop
endfacet
facet normal 0.0 0.0 0.0
  outer loop
    vertex 1.7595298290252686 -2.904723882675171 2.999999761581421
    vertex 1.7587096691131592 -2.905799627304077 2.999999761581421
    vertex 1.7576186656951904 -2.9366986751556396 2.999999761581421
  endloop
endfacet
facet normal 0.0 0.0 0.0
  outer loop
    vertex 1.7576186656951904 -2.9366986751556396 2.999999761581421
    vertex 1.7587096691131592 -2.905799627304077 2.999999761581421
    vertex 1.7532203197479248 -2.968414068222046 2.999999761581421
  endloop
endfacet
facet normal 0.0 0.0 0.0
  outer loop
    vertex 1.7532203197479248 -2.968414068222046 2.999999761581421
    vertex 1.7587096691131592 -2.905799627304077 2.999999761581421
    vertex 1.7463500499725342 -2.999694585800171 2.999999761581421
  endloop
endfacet
facet normal 0.0 0.0 0.0
  outer loop
    vertex 4.862238883972168 1.880569338798523 2.999999761581421
    vertex 4.828167915344238 1.8881224393844604 2.999999761581421
    vertex 4.7587080001831055 1.8942030668258667 2.999999761581421
  endloop
endfacet
facet normal 0.0 0.0 0.0
  outer loop
    vertex 4.7587080001831055 1.8942030668258667 2.999999761581421
    vertex 4.828167915344238 1.8881224393844604 2.999999761581421
    vertex 4.7935686111450195 1.892684817314148 2.999999761581421
  endloop
endfacet
facet normal 0.0 0.0 0.0
  outer loop
    vertex -4.2436628341674805 1.880721926689148 2.999999761581421
    vertex -4.141291618347168 1.8942030668258667 2.999999761581421
    vertex -4.2099714279174805 1.8881605863571167 2.999999761581421
  endloop
endfacet
facet normal 0.0 0.0 0.0
  outer loop
    vertex -4.2099714279174805 1.8881605863571167 2.999999761581421
    vertex -4.141291618347168 1.8942030668258667 2.999999761581421
    vertex -4.1757612228393555 1.8926695585250854 2.999999761581421
  endloop
endfacet
facet normal 0.0 0.0 0.0
  outer loop
    vertex 5.105408668518066 1.693496584892273 2.999999761581421
    vertex 5.144648551940918 1.5987852811813354 2.999999761581421
    vertex 5.12117862701416 1.6630858182907104 2.999999761581421
  endloop
endfacet
facet normal 0.0 0.0 0.0
  outer loop
    vertex 5.12117862701416 1.6630858182907104 2.999999761581421
    vertex 5.144648551940918 1.5987852811813354 2.999999761581421
    vertex 5.1342878341674805 1.6314314603805542 2.999999761581421
  endloop
endfacet
facet normal 0.0 0.0 0.0
  outer loop
    vertex 4.958518028259277 1.8406904935836792 2.999999761581421
    vertex 4.927628517150879 1.856765627861023 2.999999761581421
    vertex 4.862238883972168 1.880569338798523 2.999999761581421
  endloop
endfacet
facet normal 0.0 0.0 0.0
  outer loop
    vertex 4.862238883972168 1.880569338798523 2.999999761581421
    vertex 4.927628517150879 1.856765627861023 2.999999761581421
    vertex 4.895447731018066 1.8700941801071167 2.999999761581421
  endloop
endfacet
facet normal 0.0 0.0 0.0
  outer loop
    vertex 5.0412187576293945 1.7772902250289917 2.999999761581421
    vertex 5.015639305114746 1.8007200956344604 2.999999761581421
    vertex 4.958868980407715 1.8404921293258667 2.999999761581421
  endloop
endfacet
facet normal 0.0 0.0 0.0
  outer loop
    vertex 4.958868980407715 1.8404921293258667 2.999999761581421
    vertex 5.015639305114746 1.8007200956344604 2.999999761581421
    vertex 4.9881181716918945 1.8218306303024292 2.999999761581421
  endloop
endfacet
facet normal 0.0 0.0 0.0
  outer loop
    vertex 5.041808128356934 1.7767103910446167 2.999999761581421
    vertex 5.104659080505371 1.6948012113571167 2.999999761581421
    vertex 5.065089225769043 1.7512511014938354 2.999999761581421
  endloop
endfacet
facet normal 0.0 0.0 0.0
  outer loop
    vertex 5.065089225769043 1.7512511014938354 2.999999761581421
    vertex 5.104659080505371 1.6948012113571167 2.999999761581421
    vertex 5.086089134216309 1.7238844633102417 2.999999761581421
  endloop
endfacet
facet normal 0.0 0.0 0.0
  outer loop
    vertex 5.158509254455566 -1.9072874784469604 2.999999761581421
    vertex 5.145079612731934 -2.0093305110931396 2.999999761581421
    vertex 5.145169258117676 -2.009345769882202 2.999999761581421
  endloop
endfacet
facet normal 0.0 0.0 0.0
  outer loop
    vertex 5.145169258117676 -2.009345769882202 2.999999761581421
    vertex 5.145079612731934 -2.0093305110931396 2.999999761581421
    vertex 5.1284379959106445 -2.0589444637298584 2.999999761581421
  endloop
endfacet
facet normal 0.0 0.0 0.0
  outer loop
    vertex 5.1284379959106445 -2.0589444637298584 2.999999761581421
    vertex 5.145079612731934 -2.0093305110931396 2.999999761581421
    vertex 5.105118751525879 -2.1057965755462646 2.999999761581421
  endloop
endfacet
facet normal 0.0 0.0 0.0
  outer loop
    vertex 5.1284379959106445 -2.0589444637298584 2.999999761581421
    vertex 5.105118751525879 -2.1057965755462646 2.999999761581421
    vertex 5.105349540710449 -2.105926275253296 2.999999761581421
  endloop
endfacet
facet normal 0.0 0.0 0.0
  outer loop
    vertex 5.105349540710449 -2.105926275253296 2.999999761581421
    vertex 5.105118751525879 -2.1057965755462646 2.999999761581421
    vertex 5.076298713684082 -2.1494977474212646 2.999999761581421
  endloop
endfacet
facet normal 0.0 0.0 0.0
  outer loop
    vertex 5.076298713684082 -2.1494977474212646 2.999999761581421
    vertex 5.105118751525879 -2.1057965755462646 2.999999761581421
    vertex 5.041548728942871 -2.188636541366577 2.999999761581421
  endloop
endfacet
facet normal 0.0 0.0 0.0
  outer loop
    vertex 5.076298713684082 -2.1494977474212646 2.999999761581421
    vertex 5.041548728942871 -2.188636541366577 2.999999761581421
    vertex 5.0417890548706055 -2.188873052597046 2.999999761581421
  endloop
endfacet
facet normal 0.0 0.0 0.0
  outer loop
    vertex 5.0417890548706055 -2.188873052597046 2.999999761581421
    vertex 5.041548728942871 -2.188636541366577 2.999999761581421
    vertex 5.002408027648926 -2.223388433456421 2.999999761581421
  endloop
endfacet
facet normal 0.0 0.0 0.0
  outer loop
    vertex 5.002408027648926 -2.223388433456421 2.999999761581421
    vertex 5.041548728942871 -2.188636541366577 2.999999761581421
    vertex 4.958708763122559 -2.252204656600952 2.999999761581421
  endloop
endfacet
facet normal 0.0 0.0 0.0
  outer loop
    vertex 5.002408027648926 -2.223388433456421 2.999999761581421
    vertex 4.958708763122559 -2.252204656600952 2.999999761581421
    vertex 4.958847999572754 -2.2524335384368896 2.999999761581421
  endloop
endfacet
facet normal 0.0 0.0 0.0
  outer loop
    vertex 4.958847999572754 -2.2524335384368896 2.999999761581421
    vertex 4.958708763122559 -2.252204656600952 2.999999761581421
    vertex 4.911858558654785 -2.2755277156829834 2.999999761581421
  endloop
endfacet
facet normal 0.0 0.0 0.0
  outer loop
    vertex 4.911858558654785 -2.2755277156829834 2.999999761581421
    vertex 4.958708763122559 -2.252204656600952 2.999999761581421
    vertex 4.862238883972168 -2.2921674251556396 2.999999761581421
  endloop
endfacet
facet normal 0.0 0.0 0.0
  outer loop
    vertex 4.911858558654785 -2.2755277156829834 2.999999761581421
    vertex 4.862238883972168 -2.2921674251556396 2.999999761581421
    vertex 4.862257957458496 -2.292243719100952 2.999999761581421
  endloop
endfacet
facet normal 0.0 0.0 0.0
  outer loop
    vertex 4.862257957458496 -2.292243719100952 2.999999761581421
    vertex 4.862238883972168 -2.2921674251556396 2.999999761581421
    vertex 4.760228157043457 -2.3055951595306396 2.999999761581421
  endloop
endfacet
facet normal 0.0 0.0 0.0
  outer loop
    vertex -1.141291856765747 -2.305793523788452 2.999999761581421
    vertex -4.141180992126465 -2.3057477474212646 2.999999761581421
    vertex -1.141291856765747 -2.305793523788452 1.9999998807907104
  endloop
endfacet
facet normal 0.0 0.0 0.0
  outer loop
    vertex -1.141291856765747 -2.305793523788452 1.9999998807907104
    vertex -4.141180992126465 -2.3057477474212646 2.999999761581421
    vertex -4.141180992126465 -2.3057477474212646 1.9999998807907104
  endloop
endfacet
facet normal 0.0 0.0 0.0
  outer loop
    vertex -1.141291856765747 -2.305793523788452 2.999999761581421
    vertex -1.141291856765747 -2.305793523788452 1.9999998807907104
    vertex -1.141291856765747 -2.905799627304077 2.999999761581421
  endloop
endfacet
facet normal 0.0 0.0 0.0
  outer loop
    vertex -1.141291856765747 -2.905799627304077 2.999999761581421
    vertex -1.141291856765747 -2.305793523788452 1.9999998807907104
    vertex -1.141303300857544 -2.9059674739837646 1.9999998807907104
  endloop
endfacet
facet normal 0.0 0.0 0.0
  outer loop
    vertex -1.141291856765747 -2.905799627304077 2.999999761581421
    vertex -1.141303300857544 -2.9059674739837646 1.9999998807907104
    vertex -1.141303300857544 -2.9059674739837646 2.999999761581421
  endloop
endfacet
facet normal 0.0 0.0 0.0
  outer loop
    vertex -0.7413398623466492 -3.305885076522827 2.999999761581421
    vertex -0.7935401797294617 -3.3024747371673584 2.999999761581421
    vertex -0.7413398623466492 -3.305885076522827 1.9999998807907104
  endloop
endfacet
facet normal 0.0 0.0 0.0
  outer loop
    vertex -0.7413398623466492 -3.305885076522827 1.9999998807907104
    vertex -0.7935401797294617 -3.3024747371673584 2.999999761581421
    vertex -0.8448516726493835 -3.292274236679077 1.9999998807907104
  endloop
endfacet
facet normal 0.0 0.0 0.0
  outer loop
    vertex -0.8448516726493835 -3.292274236679077 1.9999998807907104
    vertex -0.7935401797294617 -3.3024747371673584 2.999999761581421
    vertex -0.8448516726493835 -3.292274236679077 2.999999761581421
  endloop
endfacet
facet normal 0.0 0.0 0.0
  outer loop
    vertex -0.8448516726493835 -3.292274236679077 1.9999998807907104
    vertex -0.8448516726493835 -3.292274236679077 2.999999761581421
    vertex -0.8944122195243835 -3.275459051132202 2.999999761581421
  endloop
endfacet
facet normal 0.0 0.0 0.0
  outer loop
    vertex -0.8448516726493835 -3.292274236679077 1.9999998807907104
    vertex -0.8944122195243835 -3.275459051132202 2.999999761581421
    vertex -0.9413215517997742 -3.252326726913452 1.9999998807907104
  endloop
endfacet
facet normal 0.0 0.0 0.0
  outer loop
    vertex -0.9413215517997742 -3.252326726913452 1.9999998807907104
    vertex -0.8944122195243835 -3.275459051132202 2.999999761581421
    vertex -0.9413520693778992 -3.2523038387298584 2.999999761581421
  endloop
endfacet
facet normal 0.0 0.0 0.0
  outer loop
    vertex -0.9413215517997742 -3.252326726913452 1.9999998807907104
    vertex -0.9413520693778992 -3.2523038387298584 2.999999761581421
    vertex -0.9848625063896179 -3.2232282161712646 2.999999761581421
  endloop
endfacet
facet normal 0.0 0.0 0.0
  outer loop
    vertex -0.9413215517997742 -3.252326726913452 1.9999998807907104
    vertex -0.9848625063896179 -3.2232282161712646 2.999999761581421
    vertex -1.0241501331329346 -3.1887662410736084 1.9999998807907104
  endloop
endfacet
facet normal 0.0 0.0 0.0
  outer loop
    vertex -1.0241501331329346 -3.1887662410736084 1.9999998807907104
    vertex -0.9848625063896179 -3.2232282161712646 2.999999761581421
    vertex -1.0242111682891846 -3.188720464706421 2.999999761581421
  endloop
endfacet
facet normal 0.0 0.0 0.0
  outer loop
    vertex -1.0241501331329346 -3.1887662410736084 1.9999998807907104
    vertex -1.0242111682891846 -3.188720464706421 2.999999761581421
    vertex -1.058711290359497 -3.149360418319702 2.999999761581421
  endloop
endfacet
facet normal 0.0 0.0 0.0
  outer loop
    vertex -1.0241501331329346 -3.1887662410736084 1.9999998807907104
    vertex -1.058711290359497 -3.149360418319702 2.999999761581421
    vertex -1.0877106189727783 -3.105933904647827 1.9999998807907104
  endloop
endfacet
facet normal 0.0 0.0 0.0
  outer loop
    vertex -1.0877106189727783 -3.105933904647827 1.9999998807907104
    vertex -1.058711290359497 -3.149360418319702 2.999999761581421
    vertex -1.0877716541290283 -3.105834722518921 2.999999761581421
  endloop
endfacet
facet normal 0.0 0.0 0.0
  outer loop
    vertex -1.0877106189727783 -3.105933904647827 1.9999998807907104
    vertex -1.0877716541290283 -3.105834722518921 2.999999761581421
    vertex -1.1109001636505127 -3.058898687362671 2.999999761581421
  endloop
endfacet
facet normal 0.0 0.0 0.0
  outer loop
    vertex -1.0877106189727783 -3.105933904647827 1.9999998807907104
    vertex -1.1109001636505127 -3.058898687362671 2.999999761581421
    vertex -1.1276733875274658 -3.0094754695892334 1.9999998807907104
  endloop
endfacet
facet normal 0.0 0.0 0.0
  outer loop
    vertex -1.1276733875274658 -3.0094754695892334 1.9999998807907104
    vertex -1.1109001636505127 -3.058898687362671 2.999999761581421
    vertex -1.127711534500122 -3.009338140487671 2.999999761581421
  endloop
endfacet
facet normal 0.0 0.0 0.0
  outer loop
    vertex -1.1276733875274658 -3.0094754695892334 1.9999998807907104
    vertex -1.127711534500122 -3.009338140487671 2.999999761581421
    vertex -1.141303300857544 -2.9059674739837646 1.9999998807907104
  endloop
endfacet
facet normal 0.0 0.0 0.0
  outer loop
    vertex -1.141303300857544 -2.9059674739837646 1.9999998807907104
    vertex -1.127711534500122 -3.009338140487671 2.999999761581421
    vertex -1.141303300857544 -2.9059674739837646 2.999999761581421
  endloop
endfacet
facet normal 0.0 0.0 0.0
  outer loop
    vertex 1.3500068187713623 -3.305885076522827 2.999999761581421
    vertex -0.7413398623466492 -3.305885076522827 2.999999761581421
    vertex 1.3500068187713623 -3.305885076522827 1.9999998807907104
  endloop
endfacet
facet normal 0.0 0.0 0.0
  outer loop
    vertex 1.3500068187713623 -3.305885076522827 1.9999998807907104
    vertex -0.7413398623466492 -3.305885076522827 2.999999761581421
    vertex -0.7413398623466492 -3.305885076522827 1.9999998807907104
  endloop
endfacet
facet normal 0.0 0.0 0.0
  outer loop
    vertex 1.7595298290252686 -2.904723882675171 2.999999761581421
    vertex 1.7576186656951904 -2.9366986751556396 2.999999761581421
    vertex 1.7595298290252686 -2.904723882675171 1.9999998807907104
  endloop
endfacet
facet normal 0.0 0.0 0.0
  outer loop
    vertex 1.7595298290252686 -2.904723882675171 1.9999998807907104
    vertex 1.7576186656951904 -2.9366986751556396 2.999999761581421
    vertex 1.7532203197479248 -2.968414068222046 2.999999761581421
  endloop
endfacet
facet normal 0.0 0.0 0.0
  outer loop
    vertex 1.7595298290252686 -2.904723882675171 1.9999998807907104
    vertex 1.7532203197479248 -2.968414068222046 2.999999761581421
    vertex 1.743778944015503 -3.0090787410736084 1.9999998807907104
  endloop
endfacet
facet normal 0.0 0.0 0.0
  outer loop
    vertex 1.743778944015503 -3.0090787410736084 1.9999998807907104
    vertex 1.7532203197479248 -2.968414068222046 2.999999761581421
    vertex 1.7463500499725342 -2.999694585800171 2.999999761581421
  endloop
endfacet
facet normal 0.0 0.0 0.0
  outer loop
    vertex 1.743778944015503 -3.0090787410736084 1.9999998807907104
    vertex 1.7463500499725342 -2.999694585800171 2.999999761581421
    vertex 1.743809461593628 -3.0089643001556396 2.999999761581421
  endloop
endfacet
facet normal 0.0 0.0 0.0
  outer loop
    vertex 1.743809461593628 -3.0089643001556396 2.999999761581421
    vertex 1.7399070262908936 -3.021827459335327 2.999999761581421
    vertex 1.743778944015503 -3.0090787410736084 1.9999998807907104
  endloop
endfacet
facet normal 0.0 0.0 0.0
  outer loop
    vertex 1.743778944015503 -3.0090787410736084 1.9999998807907104
    vertex 1.7399070262908936 -3.021827459335327 2.999999761581421
    vertex 1.732537031173706 -3.0427396297454834 2.999999761581421
  endloop
endfacet
facet normal 0.0 0.0 0.0
  outer loop
    vertex 1.743778944015503 -3.0090787410736084 1.9999998807907104
    vertex 1.732537031173706 -3.0427396297454834 2.999999761581421
    vertex 1.7240569591522217 -3.0632169246673584 2.999999761581421
  endloop
endfacet
facet normal 0.0 0.0 0.0
  outer loop
    vertex 1.743778944015503 -3.0090787410736084 1.9999998807907104
    vertex 1.7240569591522217 -3.0632169246673584 2.999999761581421
    vertex 1.7018897533416748 -3.1059491634368896 1.9999998807907104
  endloop
endfacet
facet normal 0.0 0.0 0.0
  outer loop
    vertex 1.7018897533416748 -3.1059491634368896 1.9999998807907104
    vertex 1.7240569591522217 -3.0632169246673584 2.999999761581421
    vertex 1.7144782543182373 -3.0832059383392334 2.999999761581421
  endloop
endfacet
facet normal 0.0 0.0 0.0
  outer loop
    vertex 1.7018897533416748 -3.1059491634368896 1.9999998807907104
    vertex 1.7144782543182373 -3.0832059383392334 2.999999761581421
    vertex 1.7027900218963623 -3.1044232845306396 2.999999761581421
  endloop
endfacet
facet normal 0.0 0.0 0.0
  outer loop
    vertex 1.7027900218963623 -3.1044232845306396 2.999999761581421
    vertex 1.684788465499878 -3.1322858333587646 2.999999761581421
    vertex 1.7018897533416748 -3.1059491634368896 1.9999998807907104
  endloop
endfacet
facet normal 0.0 0.0 0.0
  outer loop
    vertex 1.7018897533416748 -3.1059491634368896 1.9999998807907104
    vertex 1.684788465499878 -3.1322858333587646 2.999999761581421
    vertex 1.6782996654510498 -3.141235113143921 2.999999761581421
  endloop
endfacet
facet normal 0.0 0.0 0.0
  outer loop
    vertex 1.7018897533416748 -3.1059491634368896 1.9999998807907104
    vertex 1.6782996654510498 -3.141235113143921 2.999999761581421
    vertex 1.6715667247772217 -3.1500089168548584 2.999999761581421
  endloop
endfacet
facet normal 0.0 0.0 0.0
  outer loop
    vertex 1.7018897533416748 -3.1059491634368896 1.9999998807907104
    vertex 1.6715667247772217 -3.1500089168548584 2.999999761581421
    vertex 1.6366393566131592 -3.1888883113861084 1.9999998807907104
  endloop
endfacet
facet normal 0.0 0.0 0.0
  outer loop
    vertex 1.6366393566131592 -3.1888883113861084 1.9999998807907104
    vertex 1.6715667247772217 -3.1500089168548584 2.999999761581421
    vertex 1.6645972728729248 -3.158599615097046 2.999999761581421
  endloop
endfacet
facet normal 0.0 0.0 0.0
  outer loop
    vertex 1.6366393566131592 -3.1888883113861084 1.9999998807907104
    vertex 1.6645972728729248 -3.158599615097046 2.999999761581421
    vertex 1.6392371654510498 -3.186317205429077 2.999999761581421
  endloop
endfacet
facet normal 0.0 0.0 0.0
  outer loop
    vertex 1.6392371654510498 -3.186317205429077 2.999999761581421
    vertex 1.6090400218963623 -3.2135846614837646 2.999999761581421
    vertex 1.6366393566131592 -3.1888883113861084 1.9999998807907104
  endloop
endfacet
facet normal 0.0 0.0 0.0
  outer loop
    vertex 1.6366393566131592 -3.1888883113861084 1.9999998807907104
    vertex 1.6090400218963623 -3.2135846614837646 2.999999761581421
    vertex 1.6026198863983154 -3.218719244003296 2.999999761581421
  endloop
endfacet
facet normal 0.0 0.0 0.0
  outer loop
    vertex 1.6366393566131592 -3.1888883113861084 1.9999998807907104
    vertex 1.6026198863983154 -3.218719244003296 2.999999761581421
    vertex 1.5960967540740967 -3.2237164974212646 2.999999761581421
  endloop
endfacet
facet normal 0.0 0.0 0.0
  outer loop
    vertex 1.6366393566131592 -3.1888883113861084 1.9999998807907104
    vertex 1.5960967540740967 -3.2237164974212646 2.999999761581421
    vertex 1.5523688793182373 -3.252418279647827 1.9999998807907104
  endloop
endfacet
facet normal 0.0 0.0 0.0
  outer loop
    vertex 1.5523688793182373 -3.252418279647827 1.9999998807907104
    vertex 1.5960967540740967 -3.2237164974212646 2.999999761581421
    vertex 1.5894782543182373 -3.2285993099212646 2.999999761581421
  endloop
endfacet
facet normal 0.0 0.0 0.0
  outer loop
    vertex 1.5523688793182373 -3.252418279647827 1.9999998807907104
    vertex 1.5894782543182373 -3.2285993099212646 2.999999761581421
    vertex 1.5571982860565186 -3.2496259212493896 2.999999761581421
  endloop
endfacet
facet normal 0.0 0.0 0.0
  outer loop
    vertex 1.5571982860565186 -3.2496259212493896 2.999999761581421
    vertex 1.531609296798706 -3.263427495956421 2.999999761581421
    vertex 1.5523688793182373 -3.252418279647827 1.9999998807907104
  endloop
endfacet
facet normal 0.0 0.0 0.0
  outer loop
    vertex 1.5523688793182373 -3.252418279647827 1.9999998807907104
    vertex 1.531609296798706 -3.263427495956421 2.999999761581421
    vertex 1.515129804611206 -3.2711331844329834 2.999999761581421
  endloop
endfacet
facet normal 0.0 0.0 0.0
  outer loop
    vertex 1.5523688793182373 -3.252418279647827 1.9999998807907104
    vertex 1.515129804611206 -3.2711331844329834 2.999999761581421
    vertex 1.4983184337615967 -3.2780988216400146 2.999999761581421
  endloop
endfacet
facet normal 0.0 0.0 0.0
  outer loop
    vertex 1.5523688793182373 -3.252418279647827 1.9999998807907104
    vertex 1.4983184337615967 -3.2780988216400146 2.999999761581421
    vertex 1.4546592235565186 -3.292297124862671 1.9999998807907104
  endloop
endfacet
facet normal 0.0 0.0 0.0
  outer loop
    vertex 1.4546592235565186 -3.292297124862671 1.9999998807907104
    vertex 1.4983184337615967 -3.2780988216400146 2.999999761581421
    vertex 1.4812095165252686 -3.284309148788452 2.999999761581421
  endloop
endfacet
facet normal 0.0 0.0 0.0
  outer loop
    vertex 1.4546592235565186 -3.292297124862671 1.9999998807907104
    vertex 1.4812095165252686 -3.284309148788452 2.999999761581421
    vertex 1.4617278575897217 -3.2903592586517334 2.999999761581421
  endloop
endfacet
facet normal 0.0 0.0 0.0
  outer loop
    vertex 1.4617278575897217 -3.2903592586517334 2.999999761581421
    vertex 1.4475982189178467 -3.294097661972046 2.999999761581421
    vertex 1.4546592235565186 -3.292297124862671 1.9999998807907104
  endloop
endfacet
facet normal 0.0 0.0 0.0
  outer loop
    vertex 1.4546592235565186 -3.292297124862671 1.9999998807907104
    vertex 1.4475982189178467 -3.294097661972046 2.999999761581421
    vertex 1.4182898998260498 -3.3001554012298584 2.999999761581421
  endloop
endfacet
facet normal 0.0 0.0 0.0
  outer loop
    vertex 1.4546592235565186 -3.292297124862671 1.9999998807907104
    vertex 1.4182898998260498 -3.3001554012298584 2.999999761581421
    vertex 1.3886001110076904 -3.3040692806243896 2.999999761581421
  endloop
endfacet
facet normal 0.0 0.0 0.0
  outer loop
    vertex 1.4546592235565186 -3.292297124862671 1.9999998807907104
    vertex 1.3886001110076904 -3.3040692806243896 2.999999761581421
    vertex 1.3500068187713623 -3.305885076522827 1.9999998807907104
  endloop
endfacet
facet normal 0.0 0.0 0.0
  outer loop
    vertex 1.3500068187713623 -3.305885076522827 1.9999998807907104
    vertex 1.3886001110076904 -3.3040692806243896 2.999999761581421
    vertex 1.358708143234253 -3.305793523788452 2.999999761581421
  endloop
endfacet
facet normal 0.0 0.0 0.0
  outer loop
    vertex 1.3500068187713623 -3.305885076522827 1.9999998807907104
    vertex 1.358708143234253 -3.305793523788452 2.999999761581421
    vertex 1.355808973312378 -3.305846929550171 2.999999761581421
  endloop
endfacet
facet normal 0.0 0.0 0.0
  outer loop
    vertex 1.355808973312378 -3.305846929550171 2.999999761581421
    vertex 1.352909803390503 -3.305877447128296 2.999999761581421
    vertex 1.3500068187713623 -3.305885076522827 1.9999998807907104
  endloop
endfacet
facet normal 0.0 0.0 0.0
  outer loop
    vertex 1.3500068187713623 -3.305885076522827 1.9999998807907104
    vertex 1.352909803390503 -3.305877447128296 2.999999761581421
    vertex 1.3500068187713623 -3.305885076522827 2.999999761581421
  endloop
endfacet
facet normal 0.0 0.0 0.0
  outer loop
    vertex 1.7595298290252686 -2.904723882675171 2.999999761581421
    vertex 1.7595298290252686 -2.904723882675171 1.9999998807907104
    vertex 1.7595298290252686 -2.305793523788452 2.999999761581421
  endloop
endfacet
facet normal 0.0 0.0 0.0
  outer loop
    vertex 1.7595298290252686 -2.305793523788452 2.999999761581421
    vertex 1.7595298290252686 -2.904723882675171 1.9999998807907104
    vertex 1.7595298290252686 -2.3055951595306396 1.9999998807907104
  endloop
endfacet
facet normal 0.0 0.0 0.0
  outer loop
    vertex 1.7595298290252686 -2.305793523788452 2.999999761581421
    vertex 1.7595298290252686 -2.3055951595306396 1.9999998807907104
    vertex 1.7595298290252686 -2.3055951595306396 2.999999761581421
  endloop
endfacet
facet normal 0.0 0.0 0.0
  outer loop
    vertex 4.759987831115723 -2.3055951595306396 2.999999761581421
    vertex 1.7595298290252686 -2.3055951595306396 2.999999761581421
    vertex 4.759987831115723 -2.3055951595306396 1.9999998807907104
  endloop
endfacet
facet normal 0.0 0.0 0.0
  outer loop
    vertex 4.759987831115723 -2.3055951595306396 1.9999998807907104
    vertex 1.7595298290252686 -2.3055951595306396 2.999999761581421
    vertex 1.7595298290252686 -2.3055951595306396 1.9999998807907104
  endloop
endfacet
facet normal 0.0 0.0 0.0
  outer loop
    vertex 5.158509254455566 -1.9059065580368042 2.999999761581421
    vertex 5.158509254455566 -1.9063643217086792 2.999999761581421
    vertex 5.158509254455566 -1.9059065580368042 1.9999998807907104
  endloop
endfacet
facet normal 0.0 0.0 0.0
  outer loop
    vertex 5.158509254455566 -1.9059065580368042 1.9999998807907104
    vertex 5.158509254455566 -1.9063643217086792 2.999999761581421
    vertex 5.158509254455566 -1.9068297147750854 2.999999761581421
  endloop
endfacet
facet normal 0.0 0.0 0.0
  outer loop
    vertex 5.158509254455566 -1.9059065580368042 1.9999998807907104
    vertex 5.158509254455566 -1.9068297147750854 2.999999761581421
    vertex 5.158509254455566 -1.9072874784469604 2.999999761581421
  endloop
endfacet
facet normal 0.0 0.0 0.0
  outer loop
    vertex 5.158509254455566 -1.9059065580368042 1.9999998807907104
    vertex 5.158509254455566 -1.9072874784469604 2.999999761581421
    vertex 5.148737907409668 -1.9947737455368042 1.9999998807907104
  endloop
endfacet
facet normal 0.0 0.0 0.0
  outer loop
    vertex 5.148737907409668 -1.9947737455368042 1.9999998807907104
    vertex 5.158509254455566 -1.9072874784469604 2.999999761581421
    vertex 5.145169258117676 -2.009345769882202 2.999999761581421
  endloop
endfacet
facet normal 0.0 0.0 0.0
  outer loop
    vertex 5.148737907409668 -1.9947737455368042 1.9999998807907104
    vertex 5.145169258117676 -2.009345769882202 2.999999761581421
    vertex 5.1284379959106445 -2.0589444637298584 2.999999761581421
  endloop
endfacet
facet normal 0.0 0.0 0.0
  outer loop
    vertex 5.148737907409668 -1.9947737455368042 1.9999998807907104
    vertex 5.1284379959106445 -2.0589444637298584 2.999999761581421
    vertex 5.11940860748291 -2.0792386531829834 1.9999998807907104
  endloop
endfacet
facet normal 0.0 0.0 0.0
  outer loop
    vertex 5.11940860748291 -2.0792386531829834 1.9999998807907104
    vertex 5.1284379959106445 -2.0589444637298584 2.999999761581421
    vertex 5.105349540710449 -2.105926275253296 2.999999761581421
  endloop
endfacet
facet normal 0.0 0.0 0.0
  outer loop
    vertex 5.11940860748291 -2.0792386531829834 1.9999998807907104
    vertex 5.105349540710449 -2.105926275253296 2.999999761581421
    vertex 5.071978569030762 -2.155029058456421 1.9999998807907104
  endloop
endfacet
facet normal 0.0 0.0 0.0
  outer loop
    vertex 5.071978569030762 -2.155029058456421 1.9999998807907104
    vertex 5.105349540710449 -2.105926275253296 2.999999761581421
    vertex 5.076298713684082 -2.1494977474212646 2.999999761581421
  endloop
endfacet
facet normal 0.0 0.0 0.0
  outer loop
    vertex 5.071978569030762 -2.155029058456421 1.9999998807907104
    vertex 5.076298713684082 -2.1494977474212646 2.999999761581421
    vertex 5.0417890548706055 -2.188873052597046 2.999999761581421
  endloop
endfacet
facet normal 0.0 0.0 0.0
  outer loop
    vertex 5.071978569030762 -2.155029058456421 1.9999998807907104
    vertex 5.0417890548706055 -2.188873052597046 2.999999761581421
    vertex 5.008858680725098 -2.2183377742767334 1.9999998807907104
  endloop
endfacet
facet normal 0.0 0.0 0.0
  outer loop
    vertex 5.008858680725098 -2.2183377742767334 1.9999998807907104
    vertex 5.0417890548706055 -2.188873052597046 2.999999761581421
    vertex 5.002408027648926 -2.223388433456421 2.999999761581421
  endloop
endfacet
facet normal 0.0 0.0 0.0
  outer loop
    vertex 5.008858680725098 -2.2183377742767334 1.9999998807907104
    vertex 5.002408027648926 -2.223388433456421 2.999999761581421
    vertex 4.958847999572754 -2.2524335384368896 2.999999761581421
  endloop
endfacet
facet normal 0.0 0.0 0.0
  outer loop
    vertex 5.008858680725098 -2.2183377742767334 1.9999998807907104
    vertex 4.958847999572754 -2.2524335384368896 2.999999761581421
    vertex 4.933197975158691 -2.2659833431243896 1.9999998807907104
  endloop
endfacet
facet normal 0.0 0.0 0.0
  outer loop
    vertex 4.933197975158691 -2.2659833431243896 1.9999998807907104
    vertex 4.958847999572754 -2.2524335384368896 2.999999761581421
    vertex 4.911858558654785 -2.2755277156829834 2.999999761581421
  endloop
endfacet
facet normal 0.0 0.0 0.0
  outer loop
    vertex 4.933197975158691 -2.2659833431243896 1.9999998807907104
    vertex 4.911858558654785 -2.2755277156829834 2.999999761581421
    vertex 4.848828315734863 -2.295570135116577 1.9999998807907104
  endloop
endfacet
facet normal 0.0 0.0 0.0
  outer loop
    vertex 4.848828315734863 -2.295570135116577 1.9999998807907104
    vertex 4.911858558654785 -2.2755277156829834 2.999999761581421
    vertex 4.862257957458496 -2.292243719100952 2.999999761581421
  endloop
endfacet
facet normal 0.0 0.0 0.0
  outer loop
    vertex 4.848828315734863 -2.295570135116577 1.9999998807907104
    vertex 4.862257957458496 -2.292243719100952 2.999999761581421
    vertex 4.760228157043457 -2.3055951595306396 2.999999761581421
  endloop
endfacet
facet normal 0.0 0.0 0.0
  outer loop
    vertex 4.759987831115723 -2.3055951595306396 2.999999761581421
    vertex 4.759987831115723 -2.3055951595306396 1.9999998807907104
    vertex 4.760228157043457 -2.3055951595306396 2.999999761581421
  endloop
endfacet
facet normal 0.0 0.0 0.0
  outer loop
    vertex 4.760228157043457 -2.3055951595306396 2.999999761581421
    vertex 4.759987831115723 -2.3055951595306396 1.9999998807907104
    vertex 4.848828315734863 -2.295570135116577 1.9999998807907104
  endloop
endfacet
facet normal 0.0 0.0 0.0
  outer loop
    vertex 5.158509254455566 1.4948195219039917 2.999999761581421
    vertex 5.158509254455566 -1.9059065580368042 2.999999761581421
    vertex 5.158509254455566 1.4948195219039917 1.9999998807907104
  endloop
endfacet
facet normal 0.0 0.0 0.0
  outer loop
    vertex 5.158509254455566 1.4948195219039917 1.9999998807907104
    vertex 5.158509254455566 -1.9059065580368042 2.999999761581421
    vertex 5.158509254455566 -1.9059065580368042 1.9999998807907104
  endloop
endfacet
facet normal 0.0 0.0 0.0
  outer loop
    vertex 4.7587080001831055 1.8942030668258667 2.999999761581421
    vertex 4.7935686111450195 1.892684817314148 2.999999761581421
    vertex 4.7587080001831055 1.8942030668258667 1.9999998807907104
  endloop
endfacet
facet normal 0.0 0.0 0.0
  outer loop
    vertex 4.7587080001831055 1.8942030668258667 1.9999998807907104
    vertex 4.7935686111450195 1.892684817314148 2.999999761581421
    vertex 4.862118721008301 1.880599856376648 1.9999998807907104
  endloop
endfacet
facet normal 0.0 0.0 0.0
  outer loop
    vertex 4.862118721008301 1.880599856376648 1.9999998807907104
    vertex 4.7935686111450195 1.892684817314148 2.999999761581421
    vertex 4.828167915344238 1.8881224393844604 2.999999761581421
  endloop
endfacet
facet normal 0.0 0.0 0.0
  outer loop
    vertex 4.862118721008301 1.880599856376648 1.9999998807907104
    vertex 4.828167915344238 1.8881224393844604 2.999999761581421
    vertex 4.862238883972168 1.880569338798523 2.999999761581421
  endloop
endfacet
facet normal 0.0 0.0 0.0
  outer loop
    vertex 4.862238883972168 1.880569338798523 2.999999761581421
    vertex 4.895447731018066 1.8700941801071167 2.999999761581421
    vertex 4.862118721008301 1.880599856376648 1.9999998807907104
  endloop
endfacet
facet normal 0.0 0.0 0.0
  outer loop
    vertex 4.862118721008301 1.880599856376648 1.9999998807907104
    vertex 4.895447731018066 1.8700941801071167 2.999999761581421
    vertex 4.958489418029785 1.840713381767273 1.9999998807907104
  endloop
endfacet
facet normal 0.0 0.0 0.0
  outer loop
    vertex 4.958489418029785 1.840713381767273 1.9999998807907104
    vertex 4.895447731018066 1.8700941801071167 2.999999761581421
    vertex 4.927628517150879 1.856765627861023 2.999999761581421
  endloop
endfacet
facet normal 0.0 0.0 0.0
  outer loop
    vertex 4.958489418029785 1.840713381767273 1.9999998807907104
    vertex 4.927628517150879 1.856765627861023 2.999999761581421
    vertex 4.958518028259277 1.8406904935836792 2.999999761581421
  endloop
endfacet
facet normal 0.0 0.0 0.0
  outer loop
    vertex 4.958518028259277 1.8406904935836792 2.999999761581421
    vertex 4.9586381912231445 1.840621829032898 2.999999761581421
    vertex 4.958489418029785 1.840713381767273 1.9999998807907104
  endloop
endfacet
facet normal 0.0 0.0 0.0
  outer loop
    vertex 4.958489418029785 1.840713381767273 1.9999998807907104
    vertex 4.9586381912231445 1.840621829032898 2.999999761581421
    vertex 4.958758354187012 1.8405531644821167 2.999999761581421
  endloop
endfacet
facet normal 0.0 0.0 0.0
  outer loop
    vertex 4.958489418029785 1.840713381767273 1.9999998807907104
    vertex 4.958758354187012 1.8405531644821167 2.999999761581421
    vertex 4.958868980407715 1.8404921293258667 2.999999761581421
  endloop
endfacet
facet normal 0.0 0.0 0.0
  outer loop
    vertex 4.958868980407715 1.8404921293258667 2.999999761581421
    vertex 4.9881181716918945 1.8218306303024292 2.999999761581421
    vertex 4.958489418029785 1.840713381767273 1.9999998807907104
  endloop
endfacet
facet normal 0.0 0.0 0.0
  outer loop
    vertex 4.958489418029785 1.840713381767273 1.9999998807907104
    vertex 4.9881181716918945 1.8218306303024292 2.999999761581421
    vertex 5.041268348693848 1.7772520780563354 1.9999998807907104
  endloop
endfacet
facet normal 0.0 0.0 0.0
  outer loop
    vertex 5.041268348693848 1.7772520780563354 1.9999998807907104
    vertex 4.9881181716918945 1.8218306303024292 2.999999761581421
    vertex 5.015639305114746 1.8007200956344604 2.999999761581421
  endloop
endfacet
facet normal 0.0 0.0 0.0
  outer loop
    vertex 5.041268348693848 1.7772520780563354 1.9999998807907104
    vertex 5.015639305114746 1.8007200956344604 2.999999761581421
    vertex 5.0412187576293945 1.7772902250289917 2.999999761581421
  endloop
endfacet
facet normal 0.0 0.0 0.0
  outer loop
    vertex 5.0412187576293945 1.7772902250289917 2.999999761581421
    vertex 5.04141902923584 1.7770994901657104 2.999999761581421
    vertex 5.041268348693848 1.7772520780563354 1.9999998807907104
  endloop
endfacet
facet normal 0.0 0.0 0.0
  outer loop
    vertex 5.041268348693848 1.7772520780563354 1.9999998807907104
    vertex 5.04141902923584 1.7770994901657104 2.999999761581421
    vertex 5.041607856750488 1.776901125907898 2.999999761581421
  endloop
endfacet
facet normal 0.0 0.0 0.0
  outer loop
    vertex 5.041268348693848 1.7772520780563354 1.9999998807907104
    vertex 5.041607856750488 1.776901125907898 2.999999761581421
    vertex 5.041808128356934 1.7767103910446167 2.999999761581421
  endloop
endfacet
facet normal 0.0 0.0 0.0
  outer loop
    vertex 5.041808128356934 1.7767103910446167 2.999999761581421
    vertex 5.065089225769043 1.7512511014938354 2.999999761581421
    vertex 5.041268348693848 1.7772520780563354 1.9999998807907104
  endloop
endfacet
facet normal 0.0 0.0 0.0
  outer loop
    vertex 5.041268348693848 1.7772520780563354 1.9999998807907104
    vertex 5.065089225769043 1.7512511014938354 2.999999761581421
    vertex 5.1048078536987305 1.6945418119430542 1.9999998807907104
  endloop
endfacet
facet normal 0.0 0.0 0.0
  outer loop
    vertex 5.1048078536987305 1.6945418119430542 1.9999998807907104
    vertex 5.065089225769043 1.7512511014938354 2.999999761581421
    vertex 5.086089134216309 1.7238844633102417 2.999999761581421
  endloop
endfacet
facet normal 0.0 0.0 0.0
  outer loop
    vertex 5.1048078536987305 1.6945418119430542 1.9999998807907104
    vertex 5.086089134216309 1.7238844633102417 2.999999761581421
    vertex 5.104659080505371 1.6948012113571167 2.999999761581421
  endloop
endfacet
facet normal 0.0 0.0 0.0
  outer loop
    vertex 5.104659080505371 1.6948012113571167 2.999999761581421
    vertex 5.1049089431762695 1.6943739652633667 2.999999761581421
    vertex 5.1048078536987305 1.6945418119430542 1.9999998807907104
  endloop
endfacet
facet normal 0.0 0.0 0.0
  outer loop
    vertex 5.1048078536987305 1.6945418119430542 1.9999998807907104
    vertex 5.1049089431762695 1.6943739652633667 2.999999761581421
    vertex 5.105158805847168 1.6939314603805542 2.999999761581421
  endloop
endfacet
facet normal 0.0 0.0 0.0
  outer loop
    vertex 5.1048078536987305 1.6945418119430542 1.9999998807907104
    vertex 5.105158805847168 1.6939314603805542 2.999999761581421
    vertex 5.105408668518066 1.693496584892273 2.999999761581421
  endloop
endfacet
facet normal 0.0 0.0 0.0
  outer loop
    vertex 5.105408668518066 1.693496584892273 2.999999761581421
    vertex 5.12117862701416 1.6630858182907104 2.999999761581421
    vertex 5.1048078536987305 1.6945418119430542 1.9999998807907104
  endloop
endfacet
facet normal 0.0 0.0 0.0
  outer loop
    vertex 5.1048078536987305 1.6945418119430542 1.9999998807907104
    vertex 5.12117862701416 1.6630858182907104 2.999999761581421
    vertex 5.14479923248291 1.5982130765914917 1.9999998807907104
  endloop
endfacet
facet normal 0.0 0.0 0.0
  outer loop
    vertex 5.14479923248291 1.5982130765914917 1.9999998807907104
    vertex 5.12117862701416 1.6630858182907104 2.999999761581421
    vertex 5.1342878341674805 1.6314314603805542 2.999999761581421
  endloop
endfacet
facet normal 0.0 0.0 0.0
  outer loop
    vertex 5.14479923248291 1.5982130765914917 1.9999998807907104
    vertex 5.1342878341674805 1.6314314603805542 2.999999761581421
    vertex 5.144648551940918 1.5987852811813354 2.999999761581421
  endloop
endfacet
facet normal 0.0 0.0 0.0
  outer loop
    vertex 5.144648551940918 1.5987852811813354 2.999999761581421
    vertex 5.144839286804199 1.5980528593063354 2.999999761581421
    vertex 5.14479923248291 1.5982130765914917 1.9999998807907104
  endloop
endfacet
facet normal 0.0 0.0 0.0
  outer loop
    vertex 5.14479923248291 1.5982130765914917 1.9999998807907104
    vertex 5.144839286804199 1.5980528593063354 2.999999761581421
    vertex 5.1450395584106445 1.5973204374313354 2.999999761581421
  endloop
endfacet
facet normal 0.0 0.0 0.0
  outer loop
    vertex 5.14479923248291 1.5982130765914917 1.9999998807907104
    vertex 5.1450395584106445 1.5973204374313354 2.999999761581421
    vertex 5.145228385925293 1.596603274345398 2.999999761581421
  endloop
endfacet
facet normal 0.0 0.0 0.0
  outer loop
    vertex 5.145228385925293 1.596603274345398 2.999999761581421
    vertex 5.152518272399902 1.5633925199508667 2.999999761581421
    vertex 5.14479923248291 1.5982130765914917 1.9999998807907104
  endloop
endfacet
facet normal 0.0 0.0 0.0
  outer loop
    vertex 5.14479923248291 1.5982130765914917 1.9999998807907104
    vertex 5.152518272399902 1.5633925199508667 2.999999761581421
    vertex 5.158509254455566 1.4948195219039917 1.9999998807907104
  endloop
endfacet
facet normal 0.0 0.0 0.0
  outer loop
    vertex 5.158509254455566 1.4948195219039917 1.9999998807907104
    vertex 5.152518272399902 1.5633925199508667 2.999999761581421
    vertex 5.156949043273926 1.5296858549118042 2.999999761581421
  endloop
endfacet
facet normal 0.0 0.0 0.0
  outer loop
    vertex 5.158509254455566 1.4948195219039917 1.9999998807907104
    vertex 5.156949043273926 1.5296858549118042 2.999999761581421
    vertex 5.158509254455566 1.4957197904586792 2.999999761581421
  endloop
endfacet
facet normal 0.0 0.0 0.0
  outer loop
    vertex 5.158509254455566 1.4957197904586792 2.999999761581421
    vertex 5.158509254455566 1.4954222440719604 2.999999761581421
    vertex 5.158509254455566 1.4948195219039917 1.9999998807907104
  endloop
endfacet
facet normal 0.0 0.0 0.0
  outer loop
    vertex 5.158509254455566 1.4948195219039917 1.9999998807907104
    vertex 5.158509254455566 1.4954222440719604 2.999999761581421
    vertex 5.158509254455566 1.4951246976852417 2.999999761581421
  endloop
endfacet
facet normal 0.0 0.0 0.0
  outer loop
    vertex 5.158509254455566 1.4948195219039917 1.9999998807907104
    vertex 5.158509254455566 1.4951246976852417 2.999999761581421
    vertex 5.158509254455566 1.4948195219039917 2.999999761581421
  endloop
endfacet
facet normal 0.0 0.0 0.0
  outer loop
    vertex -4.540011405944824 1.4950026273727417 2.999999761581421
    vertex -4.539999961853027 1.498275637626648 2.999999761581421
    vertex -4.540011405944824 1.4950026273727417 1.9999998807907104
  endloop
endfacet
facet normal 0.0 0.0 0.0
  outer loop
    vertex -4.540011405944824 1.4950026273727417 1.9999998807907104
    vertex -4.539999961853027 1.498275637626648 2.999999761581421
    vertex -4.539961814880371 1.5015562772750854 2.999999761581421
  endloop
endfacet
facet normal 0.0 0.0 0.0
  outer loop
    vertex -4.540011405944824 1.4950026273727417 1.9999998807907104
    vertex -4.539961814880371 1.5015562772750854 2.999999761581421
    vertex -4.53989315032959 1.5048292875289917 2.999999761581421
  endloop
endfacet
facet normal 0.0 0.0 0.0
  outer loop
    vertex -4.53989315032959 1.5048292875289917 2.999999761581421
    vertex -4.538191795349121 1.5330504179000854 2.999999761581421
    vertex -4.540011405944824 1.4950026273727417 1.9999998807907104
  endloop
endfacet
facet normal 0.0 0.0 0.0
  outer loop
    vertex -4.540011405944824 1.4950026273727417 1.9999998807907104
    vertex -4.538191795349121 1.5330504179000854 2.999999761581421
    vertex -4.526431083679199 1.5982435941696167 1.9999998807907104
  endloop
endfacet
facet normal 0.0 0.0 0.0
  outer loop
    vertex -4.526431083679199 1.5982435941696167 1.9999998807907104
    vertex -4.538191795349121 1.5330504179000854 2.999999761581421
    vertex -4.534502983093262 1.5610960721969604 2.999999761581421
  endloop
endfacet
facet normal 0.0 0.0 0.0
  outer loop
    vertex -4.526431083679199 1.5982435941696167 1.9999998807907104
    vertex -4.534502983093262 1.5610960721969604 2.999999761581421
    vertex -4.528841972351074 1.588790774345398 2.999999761581421
  endloop
endfacet
facet normal 0.0 0.0 0.0
  outer loop
    vertex -4.528841972351074 1.588790774345398 2.999999761581421
    vertex -4.526640892028809 1.5974653959274292 2.999999761581421
    vertex -4.526431083679199 1.5982435941696167 1.9999998807907104
  endloop
endfacet
facet normal 0.0 0.0 0.0
  outer loop
    vertex -4.526431083679199 1.5982435941696167 1.9999998807907104
    vertex -4.526640892028809 1.5974653959274292 2.999999761581421
    vertex -4.524352073669434 1.6057356595993042 2.999999761581421
  endloop
endfacet
facet normal 0.0 0.0 0.0
  outer loop
    vertex -4.526431083679199 1.5982435941696167 1.9999998807907104
    vertex -4.524352073669434 1.6057356595993042 2.999999761581421
    vertex -4.51505184173584 1.6339415311813354 2.999999761581421
  endloop
endfacet
facet normal 0.0 0.0 0.0
  outer loop
    vertex -4.526431083679199 1.5982435941696167 1.9999998807907104
    vertex -4.51505184173584 1.6339415311813354 2.999999761581421
    vertex -4.48660945892334 1.6944655179977417 1.9999998807907104
  endloop
endfacet
facet normal 0.0 0.0 0.0
  outer loop
    vertex -4.48660945892334 1.6944655179977417 1.9999998807907104
    vertex -4.51505184173584 1.6339415311813354 2.999999761581421
    vertex -4.503680229187012 1.661392092704773 2.999999761581421
  endloop
endfacet
facet normal 0.0 0.0 0.0
  outer loop
    vertex -4.48660945892334 1.6944655179977417 1.9999998807907104
    vertex -4.503680229187012 1.661392092704773 2.999999761581421
    vertex -4.490302085876465 1.687911868095398 2.999999761581421
  endloop
endfacet
facet normal 0.0 0.0 0.0
  outer loop
    vertex -4.490302085876465 1.687911868095398 2.999999761581421
    vertex -4.486990928649902 1.6937941312789917 2.999999761581421
    vertex -4.48660945892334 1.6944655179977417 1.9999998807907104
  endloop
endfacet
facet normal 0.0 0.0 0.0
  outer loop
    vertex -4.48660945892334 1.6944655179977417 1.9999998807907104
    vertex -4.486990928649902 1.6937941312789917 2.999999761581421
    vertex -4.483721733093262 1.6993941068649292 2.999999761581421
  endloop
endfacet
facet normal 0.0 0.0 0.0
  outer loop
    vertex -4.48660945892334 1.6944655179977417 1.9999998807907104
    vertex -4.483721733093262 1.6993941068649292 2.999999761581421
    vertex -4.466750144958496 1.7254942655563354 2.999999761581421
  endloop
endfacet
facet normal 0.0 0.0 0.0
  outer loop
    vertex -4.48660945892334 1.6944655179977417 1.9999998807907104
    vertex -4.466750144958496 1.7254942655563354 2.999999761581421
    vertex -4.423262596130371 1.777114748954773 1.9999998807907104
  endloop
endfacet
facet normal 0.0 0.0 0.0
  outer loop
    vertex -4.423262596130371 1.777114748954773 1.9999998807907104
    vertex -4.466750144958496 1.7254942655563354 2.999999761581421
    vertex -4.44779109954834 1.7501906156539917 2.999999761581421
  endloop
endfacet
facet normal 0.0 0.0 0.0
  outer loop
    vertex -4.423262596130371 1.777114748954773 1.9999998807907104
    vertex -4.44779109954834 1.7501906156539917 2.999999761581421
    vertex -4.426962852478027 1.7733534574508667 2.999999761581421
  endloop
endfacet
facet normal 0.0 0.0 0.0
  outer loop
    vertex -4.426962852478027 1.7733534574508667 2.999999761581421
    vertex -4.423720359802246 1.7766417264938354 2.999999761581421
    vertex -4.423262596130371 1.777114748954773 1.9999998807907104
  endloop
endfacet
facet normal 0.0 0.0 0.0
  outer loop
    vertex -4.423262596130371 1.777114748954773 1.9999998807907104
    vertex -4.423720359802246 1.7766417264938354 2.999999761581421
    vertex -4.4205732345581055 1.779769778251648 2.999999761581421
  endloop
endfacet
facet normal 0.0 0.0 0.0
  outer loop
    vertex -4.423262596130371 1.777114748954773 1.9999998807907104
    vertex -4.4205732345581055 1.779769778251648 2.999999761581421
    vertex -4.396510124206543 1.801559329032898 2.999999761581421
  endloop
endfacet
facet normal 0.0 0.0 0.0
  outer loop
    vertex -4.423262596130371 1.777114748954773 1.9999998807907104
    vertex -4.396510124206543 1.801559329032898 2.999999761581421
    vertex -4.340689659118652 1.840560793876648 1.9999998807907104
  endloop
endfacet
facet normal 0.0 0.0 0.0
  outer loop
    vertex -4.340689659118652 1.840560793876648 1.9999998807907104
    vertex -4.396510124206543 1.801559329032898 2.999999761581421
    vertex -4.370760917663574 1.8213194608688354 2.999999761581421
  endloop
endfacet
facet normal 0.0 0.0 0.0
  outer loop
    vertex -4.340689659118652 1.840560793876648 1.9999998807907104
    vertex -4.370760917663574 1.8213194608688354 2.999999761581421
    vertex -4.343489646911621 1.8389204740524292 2.999999761581421
  endloop
endfacet
facet normal 0.0 0.0 0.0
  outer loop
    vertex -4.343489646911621 1.8389204740524292 2.999999761581421
    vertex -4.3419294357299805 1.8398360013961792 2.999999761581421
    vertex -4.340689659118652 1.840560793876648 1.9999998807907104
  endloop
endfacet
facet normal 0.0 0.0 0.0
  outer loop
    vertex -4.340689659118652 1.840560793876648 1.9999998807907104
    vertex -4.3419294357299805 1.8398360013961792 2.999999761581421
    vertex -4.3403730392456055 1.840743899345398 2.999999761581421
  endloop
endfacet
facet normal 0.0 0.0 0.0
  outer loop
    vertex -4.340689659118652 1.840560793876648 1.9999998807907104
    vertex -4.3403730392456055 1.840743899345398 2.999999761581421
    vertex -4.338801383972168 1.8416441679000854 2.999999761581421
  endloop
endfacet
facet normal 0.0 0.0 0.0
  outer loop
    vertex -4.338801383972168 1.8416441679000854 2.999999761581421
    vertex -4.308962821960449 1.8570631742477417 2.999999761581421
    vertex -4.340689659118652 1.840560793876648 1.9999998807907104
  endloop
endfacet
facet normal 0.0 0.0 0.0
  outer loop
    vertex -4.340689659118652 1.840560793876648 1.9999998807907104
    vertex -4.308962821960449 1.8570631742477417 2.999999761581421
    vertex -4.244521141052246 1.8804930448532104 1.9999998807907104
  endloop
endfacet
facet normal 0.0 0.0 0.0
  outer loop
    vertex -4.244521141052246 1.8804930448532104 1.9999998807907104
    vertex -4.308962821960449 1.8570631742477417 2.999999761581421
    vertex -4.27793025970459 1.8699110746383667 2.999999761581421
  endloop
endfacet
facet normal 0.0 0.0 0.0
  outer loop
    vertex -4.244521141052246 1.8804930448532104 1.9999998807907104
    vertex -4.27793025970459 1.8699110746383667 2.999999761581421
    vertex -4.2459211349487305 1.880111575126648 2.999999761581421
  endloop
endfacet
facet normal 0.0 0.0 0.0
  outer loop
    vertex -4.2459211349487305 1.880111575126648 2.999999761581421
    vertex -4.245169639587402 1.880325198173523 2.999999761581421
    vertex -4.244521141052246 1.8804930448532104 1.9999998807907104
  endloop
endfacet
facet normal 0.0 0.0 0.0
  outer loop
    vertex -4.244521141052246 1.8804930448532104 1.9999998807907104
    vertex -4.245169639587402 1.880325198173523 2.999999761581421
    vertex -4.24442195892334 1.8805235624313354 2.999999761581421
  endloop
endfacet
facet normal 0.0 0.0 0.0
  outer loop
    vertex -4.244521141052246 1.8804930448532104 1.9999998807907104
    vertex -4.24442195892334 1.8805235624313354 2.999999761581421
    vertex -4.2436628341674805 1.880721926689148 2.999999761581421
  endloop
endfacet
facet normal 0.0 0.0 0.0
  outer loop
    vertex -4.2436628341674805 1.880721926689148 2.999999761581421
    vertex -4.2099714279174805 1.8881605863571167 2.999999761581421
    vertex -4.244521141052246 1.8804930448532104 1.9999998807907104
  endloop
endfacet
facet normal 0.0 0.0 0.0
  outer loop
    vertex -4.244521141052246 1.8804930448532104 1.9999998807907104
    vertex -4.2099714279174805 1.8881605863571167 2.999999761581421
    vertex -4.141291618347168 1.8942030668258667 1.9999998807907104
  endloop
endfacet
facet normal 0.0 0.0 0.0
  outer loop
    vertex -4.141291618347168 1.8942030668258667 1.9999998807907104
    vertex -4.2099714279174805 1.8881605863571167 2.999999761581421
    vertex -4.1757612228393555 1.8926695585250854 2.999999761581421
  endloop
endfacet
facet normal 0.0 0.0 0.0
  outer loop
    vertex -4.141291618347168 1.8942030668258667 1.9999998807907104
    vertex -4.1757612228393555 1.8926695585250854 2.999999761581421
    vertex -4.141291618347168 1.8942030668258667 2.999999761581421
  endloop
endfacet
facet normal 0.0 0.0 0.0
  outer loop
    vertex -4.540011405944824 -1.9099959135055542 2.999999761581421
    vertex -4.540011405944824 1.4950026273727417 2.999999761581421
    vertex -4.540011405944824 -1.9099959135055542 1.9999998807907104
  endloop
endfacet
facet normal 0.0 0.0 0.0
  outer loop
    vertex -4.540011405944824 -1.9099959135055542 1.9999998807907104
    vertex -4.540011405944824 1.4950026273727417 2.999999761581421
    vertex -4.540011405944824 1.4950026273727417 1.9999998807907104
  endloop
endfacet
facet normal 0.0 0.0 0.0
  outer loop
    vertex -4.141180992126465 -2.3057477474212646 2.999999761581421
    vertex -4.141341209411621 -2.3057477474212646 2.999999761581421
    vertex -4.141180992126465 -2.3057477474212646 1.9999998807907104
  endloop
endfacet
facet normal 0.0 0.0 0.0
  outer loop
    vertex -4.141180992126465 -2.3057477474212646 1.9999998807907104
    vertex -4.141341209411621 -2.3057477474212646 2.999999761581421
    vertex -4.141512870788574 -2.3057477474212646 2.999999761581421
  endloop
endfacet
facet normal 0.0 0.0 0.0
  outer loop
    vertex -4.141180992126465 -2.3057477474212646 1.9999998807907104
    vertex -4.141512870788574 -2.3057477474212646 2.999999761581421
    vertex -4.1416730880737305 -2.3057477474212646 2.999999761581421
  endloop
endfacet
facet normal 0.0 0.0 0.0
  outer loop
    vertex -4.1416730880737305 -2.3057477474212646 2.999999761581421
    vertex -4.176100730895996 -2.3042142391204834 2.999999761581421
    vertex -4.141180992126465 -2.3057477474212646 1.9999998807907104
  endloop
endfacet
facet normal 0.0 0.0 0.0
  outer loop
    vertex -4.141180992126465 -2.3057477474212646 1.9999998807907104
    vertex -4.176100730895996 -2.3042142391204834 2.999999761581421
    vertex -4.243910789489746 -2.2922894954681396 1.9999998807907104
  endloop
endfacet
facet normal 0.0 0.0 0.0
  outer loop
    vertex -4.243910789489746 -2.2922894954681396 1.9999998807907104
    vertex -4.176100730895996 -2.3042142391204834 2.999999761581421
    vertex -4.210272789001465 -2.299712896347046 2.999999761581421
  endloop
endfacet
facet normal 0.0 0.0 0.0
  outer loop
    vertex -4.243910789489746 -2.2922894954681396 1.9999998807907104
    vertex -4.210272789001465 -2.299712896347046 2.999999761581421
    vertex -4.243922233581543 -2.2922894954681396 2.999999761581421
  endloop
endfacet
facet normal 0.0 0.0 0.0
  outer loop
    vertex -4.243922233581543 -2.2922894954681396 2.999999761581421
    vertex -4.244502067565918 -2.2921292781829834 2.999999761581421
    vertex -4.243910789489746 -2.2922894954681396 1.9999998807907104
  endloop
endfacet
facet normal 0.0 0.0 0.0
  outer loop
    vertex -4.243910789489746 -2.2922894954681396 1.9999998807907104
    vertex -4.244502067565918 -2.2921292781829834 2.999999761581421
    vertex -4.245089530944824 -2.2919766902923584 2.999999761581421
  endloop
endfacet
facet normal 0.0 0.0 0.0
  outer loop
    vertex -4.243910789489746 -2.2922894954681396 1.9999998807907104
    vertex -4.245089530944824 -2.2919766902923584 2.999999761581421
    vertex -4.245673179626465 -2.291816473007202 2.999999761581421
  endloop
endfacet
facet normal 0.0 0.0 0.0
  outer loop
    vertex -4.245673179626465 -2.291816473007202 2.999999761581421
    vertex -4.278002738952637 -2.2815473079681396 2.999999761581421
    vertex -4.243910789489746 -2.2922894954681396 1.9999998807907104
  endloop
endfacet
facet normal 0.0 0.0 0.0
  outer loop
    vertex -4.243910789489746 -2.2922894954681396 1.9999998807907104
    vertex -4.278002738952637 -2.2815473079681396 2.999999761581421
    vertex -4.339713096618652 -2.2528302669525146 1.9999998807907104
  endloop
endfacet
facet normal 0.0 0.0 0.0
  outer loop
    vertex -4.339713096618652 -2.2528302669525146 1.9999998807907104
    vertex -4.278002738952637 -2.2815473079681396 2.999999761581421
    vertex -4.309340476989746 -2.268554449081421 2.999999761581421
  endloop
endfacet
facet normal 0.0 0.0 0.0
  outer loop
    vertex -4.339713096618652 -2.2528302669525146 1.9999998807907104
    vertex -4.309340476989746 -2.268554449081421 2.999999761581421
    vertex -4.339472770690918 -2.252959966659546 2.999999761581421
  endloop
endfacet
facet normal 0.0 0.0 0.0
  outer loop
    vertex -4.339472770690918 -2.252959966659546 2.999999761581421
    vertex -4.340609550476074 -2.2523038387298584 2.999999761581421
    vertex -4.339713096618652 -2.2528302669525146 1.9999998807907104
  endloop
endfacet
facet normal 0.0 0.0 0.0
  outer loop
    vertex -4.339713096618652 -2.2528302669525146 1.9999998807907104
    vertex -4.340609550476074 -2.2523038387298584 2.999999761581421
    vertex -4.341750144958496 -2.2516400814056396 2.999999761581421
  endloop
endfacet
facet normal 0.0 0.0 0.0
  outer loop
    vertex -4.339713096618652 -2.2528302669525146 1.9999998807907104
    vertex -4.341750144958496 -2.2516400814056396 2.999999761581421
    vertex -4.342890739440918 -2.250976324081421 2.999999761581421
  endloop
endfacet
facet normal 0.0 0.0 0.0
  outer loop
    vertex -4.342890739440918 -2.250976324081421 2.999999761581421
    vertex -4.370680809020996 -2.233093023300171 2.999999761581421
    vertex -4.339713096618652 -2.2528302669525146 1.9999998807907104
  endloop
endfacet
facet normal 0.0 0.0 0.0
  outer loop
    vertex -4.339713096618652 -2.2528302669525146 1.9999998807907104
    vertex -4.370680809020996 -2.233093023300171 2.999999761581421
    vertex -4.422110557556152 -2.1900174617767334 1.9999998807907104
  endloop
endfacet
facet normal 0.0 0.0 0.0
  outer loop
    vertex -4.422110557556152 -2.1900174617767334 1.9999998807907104
    vertex -4.370680809020996 -2.233093023300171 2.999999761581421
    vertex -4.396880149841309 -2.212989568710327 2.999999761581421
  endloop
endfacet
facet normal 0.0 0.0 0.0
  outer loop
    vertex -4.422110557556152 -2.1900174617767334 1.9999998807907104
    vertex -4.396880149841309 -2.212989568710327 2.999999761581421
    vertex -4.421339988708496 -2.1907804012298584 2.999999761581421
  endloop
endfacet
facet normal 0.0 0.0 0.0
  outer loop
    vertex -4.421339988708496 -2.1907804012298584 2.999999761581421
    vertex -4.423022270202637 -2.1891095638275146 2.999999761581421
    vertex -4.422110557556152 -2.1900174617767334 1.9999998807907104
  endloop
endfacet
facet normal 0.0 0.0 0.0
  outer loop
    vertex -4.422110557556152 -2.1900174617767334 1.9999998807907104
    vertex -4.423022270202637 -2.1891095638275146 2.999999761581421
    vertex -4.4246931076049805 -2.187438726425171 2.999999761581421
  endloop
endfacet
facet normal 0.0 0.0 0.0
  outer loop
    vertex -4.422110557556152 -2.1900174617767334 1.9999998807907104
    vertex -4.4246931076049805 -2.187438726425171 2.999999761581421
    vertex -4.426352500915527 -2.1857450008392334 2.999999761581421
  endloop
endfacet
facet normal 0.0 0.0 0.0
  outer loop
    vertex -4.426352500915527 -2.1857450008392334 2.999999761581421
    vertex -4.447661399841309 -2.162139654159546 2.999999761581421
    vertex -4.422110557556152 -2.1900174617767334 1.9999998807907104
  endloop
endfacet
facet normal 0.0 0.0 0.0
  outer loop
    vertex -4.422110557556152 -2.1900174617767334 1.9999998807907104
    vertex -4.447661399841309 -2.162139654159546 2.999999761581421
    vertex -4.485552787780762 -2.1081082820892334 1.9999998807907104
  endloop
endfacet
facet normal 0.0 0.0 0.0
  outer loop
    vertex -4.485552787780762 -2.1081082820892334 1.9999998807907104
    vertex -4.447661399841309 -2.162139654159546 2.999999761581421
    vertex -4.4670209884643555 -2.1368939876556396 2.999999761581421
  endloop
endfacet
facet normal 0.0 0.0 0.0
  outer loop
    vertex -4.485552787780762 -2.1081082820892334 1.9999998807907104
    vertex -4.4670209884643555 -2.1368939876556396 2.999999761581421
    vertex -4.484320640563965 -2.110206365585327 2.999999761581421
  endloop
endfacet
facet normal 0.0 0.0 0.0
  outer loop
    vertex -4.484320640563965 -2.110206365585327 2.999999761581421
    vertex -4.487090110778809 -2.105445623397827 2.999999761581421
    vertex -4.485552787780762 -2.1081082820892334 1.9999998807907104
  endloop
endfacet
facet normal 0.0 0.0 0.0
  outer loop
    vertex -4.485552787780762 -2.1081082820892334 1.9999998807907104
    vertex -4.487090110778809 -2.105445623397827 2.999999761581421
    vertex -4.489920616149902 -2.100433111190796 2.999999761581421
  endloop
endfacet
facet normal 0.0 0.0 0.0
  outer loop
    vertex -4.485552787780762 -2.1081082820892334 1.9999998807907104
    vertex -4.489920616149902 -2.100433111190796 2.999999761581421
    vertex -4.503600120544434 -2.0734174251556396 2.999999761581421
  endloop
endfacet
facet normal 0.0 0.0 0.0
  outer loop
    vertex -4.485552787780762 -2.1081082820892334 1.9999998807907104
    vertex -4.503600120544434 -2.0734174251556396 2.999999761581421
    vertex -4.525759696960449 -2.0126187801361084 1.9999998807907104
  endloop
endfacet
facet normal 0.0 0.0 0.0
  outer loop
    vertex -4.525759696960449 -2.0126187801361084 1.9999998807907104
    vertex -4.503600120544434 -2.0734174251556396 2.999999761581421
    vertex -4.515192985534668 -2.0454251766204834 2.999999761581421
  endloop
endfacet
facet normal 0.0 0.0 0.0
  outer loop
    vertex -4.525759696960449 -2.0126187801361084 1.9999998807907104
    vertex -4.515192985534668 -2.0454251766204834 2.999999761581421
    vertex -4.524622917175293 -2.0166471004486084 2.999999761581421
  endloop
endfacet
facet normal 0.0 0.0 0.0
  outer loop
    vertex -4.524622917175293 -2.0166471004486084 2.999999761581421
    vertex -4.52670955657959 -2.0090787410736084 2.999999761581421
    vertex -4.525759696960449 -2.0126187801361084 1.9999998807907104
  endloop
endfacet
facet normal 0.0 0.0 0.0
  outer loop
    vertex -4.525759696960449 -2.0126187801361084 1.9999998807907104
    vertex -4.52670955657959 -2.0090787410736084 2.999999761581421
    vertex -4.528750419616699 -2.001067876815796 2.999999761581421
  endloop
endfacet
facet normal 0.0 0.0 0.0
  outer loop
    vertex -4.525759696960449 -2.0126187801361084 1.9999998807907104
    vertex -4.528750419616699 -2.001067876815796 2.999999761581421
    vertex -4.534491539001465 -1.9730833768844604 2.999999761581421
  endloop
endfacet
facet normal 0.0 0.0 0.0
  outer loop
    vertex -4.525759696960449 -2.0126187801361084 1.9999998807907104
    vertex -4.534491539001465 -1.9730833768844604 2.999999761581421
    vertex -4.540011405944824 -1.9099959135055542 1.9999998807907104
  endloop
endfacet
facet normal 0.0 0.0 0.0
  outer loop
    vertex -4.540011405944824 -1.9099959135055542 1.9999998807907104
    vertex -4.534491539001465 -1.9730833768844604 2.999999761581421
    vertex -4.538222312927246 -1.9447554349899292 2.999999761581421
  endloop
endfacet
facet normal 0.0 0.0 0.0
  outer loop
    vertex -4.540011405944824 -1.9099959135055542 1.9999998807907104
    vertex -4.538222312927246 -1.9447554349899292 2.999999761581421
    vertex -4.539912223815918 -1.916244387626648 2.999999761581421
  endloop
endfacet
facet normal 0.0 0.0 0.0
  outer loop
    vertex -4.539912223815918 -1.916244387626648 2.999999761581421
    vertex -4.539961814880371 -1.914169192314148 2.999999761581421
    vertex -4.540011405944824 -1.9099959135055542 1.9999998807907104
  endloop
endfacet
facet normal 0.0 0.0 0.0
  outer loop
    vertex -4.540011405944824 -1.9099959135055542 1.9999998807907104
    vertex -4.539961814880371 -1.914169192314148 2.999999761581421
    vertex -4.539992332458496 -1.9120787382125854 2.999999761581421
  endloop
endfacet
facet normal 0.0 0.0 0.0
  outer loop
    vertex -4.540011405944824 -1.9099959135055542 1.9999998807907104
    vertex -4.539992332458496 -1.9120787382125854 2.999999761581421
    vertex -4.540011405944824 -1.9099959135055542 2.999999761581421
  endloop
endfacet
facet normal 0.0 0.0 0.0
  outer loop
    vertex 5.145228385925293 1.596603274345398 2.999999761581421
    vertex 5.158509254455566 1.4957197904586792 2.999999761581421
    vertex 5.152518272399902 1.5633925199508667 2.999999761581421
  endloop
endfacet
facet normal 0.0 0.0 0.0
  outer loop
    vertex 5.152518272399902 1.5633925199508667 2.999999761581421
    vertex 5.158509254455566 1.4957197904586792 2.999999761581421
    vertex 5.156949043273926 1.5296858549118042 2.999999761581421
  endloop
endfacet
facet normal 0.0 0.0 0.0
  outer loop
    vertex 5.158509254455566 -1.9059065580368042 2.999999761581421
    vertex 5.158509254455566 1.4948195219039917 2.999999761581421
    vertex 5.158509254455566 -1.9063643217086792 2.999999761581421
  endloop
endfacet
facet normal 0.0 0.0 0.0
  outer loop
    vertex 5.158509254455566 -1.9063643217086792 2.999999761581421
    vertex 5.158509254455566 1.4948195219039917 2.999999761581421
    vertex 5.158509254455566 -1.9068297147750854 2.999999761581421
  endloop
endfacet
facet normal 0.0 0.0 0.0
  outer loop
    vertex 5.158509254455566 -1.9068297147750854 2.999999761581421
    vertex 5.158509254455566 1.4948195219039917 2.999999761581421
    vertex 5.158709526062012 1.4942015409469604 2.999999761581421
  endloop
endfacet
facet normal 0.0 0.0 0.0
  outer loop
    vertex 5.158509254455566 -1.9068297147750854 2.999999761581421
    vertex 5.158709526062012 1.4942015409469604 2.999999761581421
    vertex 5.158709526062012 -1.9057997465133667 2.999999761581421
  endloop
endfacet
facet normal 0.0 0.0 0.0
  outer loop
    vertex 5.158509254455566 1.4948195219039917 2.999999761581421
    vertex 5.158509254455566 1.4951246976852417 2.999999761581421
    vertex 5.158709526062012 1.4942015409469604 2.999999761581421
  endloop
endfacet
facet normal 0.0 0.0 0.0
  outer loop
    vertex 5.158709526062012 1.4942015409469604 2.999999761581421
    vertex 5.158509254455566 1.4951246976852417 2.999999761581421
    vertex 5.158509254455566 1.4954222440719604 2.999999761581421
  endloop
endfacet
facet normal 0.0 0.0 0.0
  outer loop
    vertex 5.158709526062012 1.4942015409469604 2.999999761581421
    vertex 5.158509254455566 1.4954222440719604 2.999999761581421
    vertex 5.158509254455566 1.4957197904586792 2.999999761581421
  endloop
endfacet
facet normal 0.0 0.0 0.0
  outer loop
    vertex 5.158709526062012 -1.9057997465133667 2.999999761581421
    vertex 5.158509254455566 -1.9072874784469604 2.999999761581421
    vertex 5.158509254455566 -1.9068297147750854 2.999999761581421
  endloop
endfacet
facet normal 0.0 0.0 0.0
  outer loop
    vertex 5.145228385925293 1.596603274345398 2.999999761581421
    vertex 5.1450395584106445 1.5973204374313354 2.999999761581421
    vertex 5.145079612731934 1.597732424736023 2.999999761581421
  endloop
endfacet
facet normal 0.0 0.0 0.0
  outer loop
    vertex 5.145079612731934 1.597732424736023 2.999999761581421
    vertex 5.1450395584106445 1.5973204374313354 2.999999761581421
    vertex 5.144839286804199 1.5980528593063354 2.999999761581421
  endloop
endfacet
facet normal 0.0 0.0 0.0
  outer loop
    vertex 5.145079612731934 1.597732424736023 2.999999761581421
    vertex 5.144839286804199 1.5980528593063354 2.999999761581421
    vertex 5.144648551940918 1.5987852811813354 2.999999761581421
  endloop
endfacet
facet normal 0.0 0.0 0.0
  outer loop
    vertex 5.105408668518066 1.693496584892273 2.999999761581421
    vertex 5.105158805847168 1.6939314603805542 2.999999761581421
    vertex 5.105118751525879 1.6942061185836792 2.999999761581421
  endloop
endfacet
facet normal 0.0 0.0 0.0
  outer loop
    vertex 5.105118751525879 1.6942061185836792 2.999999761581421
    vertex 5.105158805847168 1.6939314603805542 2.999999761581421
    vertex 5.1049089431762695 1.6943739652633667 2.999999761581421
  endloop
endfacet
facet normal 0.0 0.0 0.0
  outer loop
    vertex 5.105118751525879 1.6942061185836792 2.999999761581421
    vertex 5.1049089431762695 1.6943739652633667 2.999999761581421
    vertex 5.104659080505371 1.6948012113571167 2.999999761581421
  endloop
endfacet
facet normal 0.0 0.0 0.0
  outer loop
    vertex 5.041808128356934 1.7767103910446167 2.999999761581421
    vertex 5.041607856750488 1.776901125907898 2.999999761581421
    vertex 5.041548728942871 1.7770460844039917 2.999999761581421
  endloop
endfacet
facet normal 0.0 0.0 0.0
  outer loop
    vertex 5.041548728942871 1.7770460844039917 2.999999761581421
    vertex 5.041607856750488 1.776901125907898 2.999999761581421
    vertex 5.04141902923584 1.7770994901657104 2.999999761581421
  endloop
endfacet
facet normal 0.0 0.0 0.0
  outer loop
    vertex 5.041548728942871 1.7770460844039917 2.999999761581421
    vertex 5.04141902923584 1.7770994901657104 2.999999761581421
    vertex 5.0412187576293945 1.7772902250289917 2.999999761581421
  endloop
endfacet
facet normal 0.0 0.0 0.0
  outer loop
    vertex 4.958868980407715 1.8404921293258667 2.999999761581421
    vertex 4.958758354187012 1.8405531644821167 2.999999761581421
    vertex 4.958708763122559 1.8406141996383667 2.999999761581421
  endloop
endfacet
facet normal 0.0 0.0 0.0
  outer loop
    vertex 4.958708763122559 1.8406141996383667 2.999999761581421
    vertex 4.958758354187012 1.8405531644821167 2.999999761581421
    vertex 4.9586381912231445 1.840621829032898 2.999999761581421
  endloop
endfacet
facet normal 0.0 0.0 0.0
  outer loop
    vertex 4.958708763122559 1.8406141996383667 2.999999761581421
    vertex 4.9586381912231445 1.840621829032898 2.999999761581421
    vertex 4.958518028259277 1.8406904935836792 2.999999761581421
  endloop
endfacet
facet normal 0.0 0.0 0.0
  outer loop
    vertex 1.7595298290252686 -2.305793523788452 2.999999761581421
    vertex 1.7595298290252686 -2.3055951595306396 2.999999761581421
    vertex 4.7587080001831055 -2.305793523788452 2.999999761581421
  endloop
endfacet
facet normal 0.0 0.0 0.0
  outer loop
    vertex 4.7587080001831055 -2.305793523788452 2.999999761581421
    vertex 1.7595298290252686 -2.3055951595306396 2.999999761581421
    vertex 4.759987831115723 -2.3055951595306396 2.999999761581421
  endloop
endfacet
facet normal 0.0 0.0 0.0
  outer loop
    vertex 4.7587080001831055 -2.305793523788452 2.999999761581421
    vertex 4.759987831115723 -2.3055951595306396 2.999999761581421
    vertex 4.760228157043457 -2.3055951595306396 2.999999761581421
  endloop
endfacet
facet normal 0.0 0.0 0.0
  outer loop
    vertex -4.2436628341674805 1.880721926689148 2.999999761581421
    vertex -4.24442195892334 1.8805235624313354 2.999999761581421
    vertex -4.2448225021362305 1.880569338798523 2.999999761581421
  endloop
endfacet
facet normal 0.0 0.0 0.0
  outer loop
    vertex -4.2448225021362305 1.880569338798523 2.999999761581421
    vertex -4.24442195892334 1.8805235624313354 2.999999761581421
    vertex -4.245169639587402 1.880325198173523 2.999999761581421
  endloop
endfacet
facet normal 0.0 0.0 0.0
  outer loop
    vertex -4.2448225021362305 1.880569338798523 2.999999761581421
    vertex -4.245169639587402 1.880325198173523 2.999999761581421
    vertex -4.2459211349487305 1.880111575126648 2.999999761581421
  endloop
endfacet
facet normal 0.0 0.0 0.0
  outer loop
    vertex -4.338801383972168 1.8416441679000854 2.999999761581421
    vertex -4.3403730392456055 1.840743899345398 2.999999761581421
    vertex -4.341292381286621 1.8406141996383667 2.999999761581421
  endloop
endfacet
facet normal 0.0 0.0 0.0
  outer loop
    vertex -4.341292381286621 1.8406141996383667 2.999999761581421
    vertex -4.3403730392456055 1.840743899345398 2.999999761581421
    vertex -4.3419294357299805 1.8398360013961792 2.999999761581421
  endloop
endfacet
facet normal 0.0 0.0 0.0
  outer loop
    vertex -4.341292381286621 1.8406141996383667 2.999999761581421
    vertex -4.3419294357299805 1.8398360013961792 2.999999761581421
    vertex -4.343489646911621 1.8389204740524292 2.999999761581421
  endloop
endfacet
facet normal 0.0 0.0 0.0
  outer loop
    vertex 1.684788465499878 -3.1322858333587646 2.999999761581421
    vertex 1.7027900218963623 -3.1044232845306396 2.999999761581421
    vertex 1.7051169872283936 -3.1057965755462646 2.999999761581421
  endloop
endfacet
facet normal 0.0 0.0 0.0
  outer loop
    vertex 1.7051169872283936 -3.1057965755462646 2.999999761581421
    vertex 1.7027900218963623 -3.1044232845306396 2.999999761581421
    vertex 1.7144782543182373 -3.0832059383392334 2.999999761581421
  endloop
endfacet
facet normal 0.0 0.0 0.0
  outer loop
    vertex -4.4205732345581055 1.779769778251648 2.999999761581421
    vertex -4.423720359802246 1.7766417264938354 2.999999761581421
    vertex -4.424132347106934 1.7770460844039917 2.999999761581421
  endloop
endfacet
facet normal 0.0 0.0 0.0
  outer loop
    vertex -4.424132347106934 1.7770460844039917 2.999999761581421
    vertex -4.423720359802246 1.7766417264938354 2.999999761581421
    vertex -4.426962852478027 1.7733534574508667 2.999999761581421
  endloop
endfacet
facet normal 0.0 0.0 0.0
  outer loop
    vertex 1.6090400218963623 -3.2135846614837646 2.999999761581421
    vertex 1.6392371654510498 -3.186317205429077 2.999999761581421
    vertex 1.6415488719940186 -3.188636541366577 2.999999761581421
  endloop
endfacet
facet normal 0.0 0.0 0.0
  outer loop
    vertex 1.6415488719940186 -3.188636541366577 2.999999761581421
    vertex 1.6392371654510498 -3.186317205429077 2.999999761581421
    vertex 1.6645972728729248 -3.158599615097046 2.999999761581421
  endloop
endfacet
facet normal 0.0 0.0 0.0
  outer loop
    vertex -4.483721733093262 1.6993941068649292 2.999999761581421
    vertex -4.486990928649902 1.6937941312789917 2.999999761581421
    vertex -4.487700462341309 1.6942061185836792 2.999999761581421
  endloop
endfacet
facet normal 0.0 0.0 0.0
  outer loop
    vertex -4.487700462341309 1.6942061185836792 2.999999761581421
    vertex -4.486990928649902 1.6937941312789917 2.999999761581421
    vertex -4.490302085876465 1.687911868095398 2.999999761581421
  endloop
endfacet
facet normal 0.0 0.0 0.0
  outer loop
    vertex 1.531609296798706 -3.263427495956421 2.999999761581421
    vertex 1.5571982860565186 -3.2496259212493896 2.999999761581421
    vertex 1.558708906173706 -3.252204656600952 2.999999761581421
  endloop
endfacet
facet normal 0.0 0.0 0.0
  outer loop
    vertex 1.558708906173706 -3.252204656600952 2.999999761581421
    vertex 1.5571982860565186 -3.2496259212493896 2.999999761581421
    vertex 1.5894782543182373 -3.2285993099212646 2.999999761581421
  endloop
endfacet
facet normal 0.0 0.0 0.0
  outer loop
    vertex -4.524352073669434 1.6057356595993042 2.999999761581421
    vertex -4.526640892028809 1.5974653959274292 2.999999761581421
    vertex -4.527663230895996 1.597732424736023 2.999999761581421
  endloop
endfacet
facet normal 0.0 0.0 0.0
  outer loop
    vertex -4.527663230895996 1.597732424736023 2.999999761581421
    vertex -4.526640892028809 1.5974653959274292 2.999999761581421
    vertex -4.528841972351074 1.588790774345398 2.999999761581421
  endloop
endfacet
facet normal 0.0 0.0 0.0
  outer loop
    vertex 1.4475982189178467 -3.294097661972046 2.999999761581421
    vertex 1.4617278575897217 -3.2903592586517334 2.999999761581421
    vertex 1.4622390270233154 -3.2921674251556396 2.999999761581421
  endloop
endfacet
facet normal 0.0 0.0 0.0
  outer loop
    vertex 1.4622390270233154 -3.2921674251556396 2.999999761581421
    vertex 1.4617278575897217 -3.2903592586517334 2.999999761581421
    vertex 1.4812095165252686 -3.284309148788452 2.999999761581421
  endloop
endfacet
facet normal 0.0 0.0 0.0
  outer loop
    vertex -4.540011405944824 -1.9099959135055542 2.999999761581421
    vertex -4.541293144226074 -1.9057997465133667 2.999999761581421
    vertex -4.540011405944824 1.4950026273727417 2.999999761581421
  endloop
endfacet
facet normal 0.0 0.0 0.0
  outer loop
    vertex -4.540011405944824 1.4950026273727417 2.999999761581421
    vertex -4.541293144226074 -1.9057997465133667 2.999999761581421
    vertex -4.541293144226074 1.4942015409469604 2.999999761581421
  endloop
endfacet
facet normal 0.0 0.0 0.0
  outer loop
    vertex -4.540011405944824 1.4950026273727417 2.999999761581421
    vertex -4.541293144226074 1.4942015409469604 2.999999761581421
    vertex -4.539999961853027 1.498275637626648 2.999999761581421
  endloop
endfacet
facet normal 0.0 0.0 0.0
  outer loop
    vertex -4.539999961853027 1.498275637626648 2.999999761581421
    vertex -4.541293144226074 1.4942015409469604 2.999999761581421
    vertex -4.539961814880371 1.5015562772750854 2.999999761581421
  endloop
endfacet
facet normal 0.0 0.0 0.0
  outer loop
    vertex -4.539961814880371 1.5015562772750854 2.999999761581421
    vertex -4.541293144226074 1.4942015409469604 2.999999761581421
    vertex -4.53989315032959 1.5048292875289917 2.999999761581421
  endloop
endfacet
facet normal 0.0 0.0 0.0
  outer loop
    vertex -4.540011405944824 -1.9099959135055542 2.999999761581421
    vertex -4.539992332458496 -1.9120787382125854 2.999999761581421
    vertex -4.541293144226074 -1.9057997465133667 2.999999761581421
  endloop
endfacet
facet normal 0.0 0.0 0.0
  outer loop
    vertex -4.541293144226074 -1.9057997465133667 2.999999761581421
    vertex -4.539992332458496 -1.9120787382125854 2.999999761581421
    vertex -4.539961814880371 -1.914169192314148 2.999999761581421
  endloop
endfacet
facet normal 0.0 0.0 0.0
  outer loop
    vertex -4.541293144226074 -1.9057997465133667 2.999999761581421
    vertex -4.539961814880371 -1.914169192314148 2.999999761581421
    vertex -4.539912223815918 -1.916244387626648 2.999999761581421
  endloop
endfacet
facet normal 0.0 0.0 0.0
  outer loop
    vertex -4.528750419616699 -2.001067876815796 2.999999761581421
    vertex -4.52670955657959 -2.0090787410736084 2.999999761581421
    vertex -4.527663230895996 -2.0093305110931396 2.999999761581421
  endloop
endfacet
facet normal 0.0 0.0 0.0
  outer loop
    vertex -4.527663230895996 -2.0093305110931396 2.999999761581421
    vertex -4.52670955657959 -2.0090787410736084 2.999999761581421
    vertex -4.524622917175293 -2.0166471004486084 2.999999761581421
  endloop
endfacet
facet normal 0.0 0.0 0.0
  outer loop
    vertex -4.489920616149902 -2.100433111190796 2.999999761581421
    vertex -4.487090110778809 -2.105445623397827 2.999999761581421
    vertex -4.487700462341309 -2.1057965755462646 2.999999761581421
  endloop
endfacet
facet normal 0.0 0.0 0.0
  outer loop
    vertex -4.487700462341309 -2.1057965755462646 2.999999761581421
    vertex -4.487090110778809 -2.105445623397827 2.999999761581421
    vertex -4.484320640563965 -2.110206365585327 2.999999761581421
  endloop
endfacet
facet normal 0.0 0.0 0.0
  outer loop
    vertex -4.426352500915527 -2.1857450008392334 2.999999761581421
    vertex -4.4246931076049805 -2.187438726425171 2.999999761581421
    vertex -4.424132347106934 -2.188636541366577 2.999999761581421
  endloop
endfacet
facet normal 0.0 0.0 0.0
  outer loop
    vertex -4.424132347106934 -2.188636541366577 2.999999761581421
    vertex -4.4246931076049805 -2.187438726425171 2.999999761581421
    vertex -4.423022270202637 -2.1891095638275146 2.999999761581421
  endloop
endfacet
facet normal 0.0 0.0 0.0
  outer loop
    vertex -4.424132347106934 -2.188636541366577 2.999999761581421
    vertex -4.423022270202637 -2.1891095638275146 2.999999761581421
    vertex -4.421339988708496 -2.1907804012298584 2.999999761581421
  endloop
endfacet
facet normal 0.0 0.0 0.0
  outer loop
    vertex -4.342890739440918 -2.250976324081421 2.999999761581421
    vertex -4.341750144958496 -2.2516400814056396 2.999999761581421
    vertex -4.341292381286621 -2.252204656600952 2.999999761581421
  endloop
endfacet
facet normal 0.0 0.0 0.0
  outer loop
    vertex -4.341292381286621 -2.252204656600952 2.999999761581421
    vertex -4.341750144958496 -2.2516400814056396 2.999999761581421
    vertex -4.340609550476074 -2.2523038387298584 2.999999761581421
  endloop
endfacet
facet normal 0.0 0.0 0.0
  outer loop
    vertex -4.341292381286621 -2.252204656600952 2.999999761581421
    vertex -4.340609550476074 -2.2523038387298584 2.999999761581421
    vertex -4.339472770690918 -2.252959966659546 2.999999761581421
  endloop
endfacet
facet normal 0.0 0.0 0.0
  outer loop
    vertex -4.245673179626465 -2.291816473007202 2.999999761581421
    vertex -4.245089530944824 -2.2919766902923584 2.999999761581421
    vertex -4.2448225021362305 -2.2921674251556396 2.999999761581421
  endloop
endfacet
facet normal 0.0 0.0 0.0
  outer loop
    vertex -4.2448225021362305 -2.2921674251556396 2.999999761581421
    vertex -4.245089530944824 -2.2919766902923584 2.999999761581421
    vertex -4.244502067565918 -2.2921292781829834 2.999999761581421
  endloop
endfacet
facet normal 0.0 0.0 0.0
  outer loop
    vertex -4.2448225021362305 -2.2921674251556396 2.999999761581421
    vertex -4.244502067565918 -2.2921292781829834 2.999999761581421
    vertex -4.243922233581543 -2.2922894954681396 2.999999761581421
  endloop
endfacet
facet normal 0.0 0.0 0.0
  outer loop
    vertex 3.258709669113159 0.7942046523094177 6.1999993324279785
    vertex 3.058708906173706 0.7942046523094177 6.1999993324279785
    vertex 3.258709669113159 -1.205795168876648 6.1999993324279785
  endloop
endfacet
facet normal 0.0 0.0 0.0
  outer loop
    vertex 3.258709669113159 -1.205795168876648 6.1999993324279785
    vertex 3.058708906173706 0.7942046523094177 6.1999993324279785
    vertex 3.058708906173706 -1.205795168876648 6.1999993324279785
  endloop
endfacet
facet normal 0.0 0.0 0.0
  outer loop
    vertex 3.756298780441284 1.291793704032898 5.749009609222412
    vertex 3.758709669113159 1.294204592704773 5.699999809265137
    vertex 2.561119794845581 1.291793704032898 5.749009609222412
  endloop
endfacet
facet normal 0.0 0.0 0.0
  outer loop
    vertex 2.561119794845581 1.291793704032898 5.749009609222412
    vertex 3.758709669113159 1.294204592704773 5.699999809265137
    vertex 2.558708906173706 1.294204592704773 5.699999809265137
  endloop
endfacet
facet normal 0.0 0.0 0.0
  outer loop
    vertex 3.749096632003784 1.284591555595398 5.797549247741699
    vertex 3.756298780441284 1.291793704032898 5.749009609222412
    vertex 2.5683181285858154 1.284591555595398 5.797549247741699
  endloop
endfacet
facet normal 0.0 0.0 0.0
  outer loop
    vertex 2.5683181285858154 1.284591555595398 5.797549247741699
    vertex 3.756298780441284 1.291793704032898 5.749009609222412
    vertex 2.561119794845581 1.291793704032898 5.749009609222412
  endloop
endfacet
facet normal 0.0 0.0 0.0
  outer loop
    vertex 3.720646619796753 1.2561415433883667 5.891339302062988
    vertex 3.749096632003784 1.284591555595398 5.797549247741699
    vertex 2.5967681407928467 1.2561415433883667 5.891339302062988
  endloop
endfacet
facet normal 0.0 0.0 0.0
  outer loop
    vertex 2.5967681407928467 1.2561415433883667 5.891339302062988
    vertex 3.749096632003784 1.284591555595398 5.797549247741699
    vertex 2.5683181285858154 1.284591555595398 5.797549247741699
  endloop
endfacet
facet normal 0.0 0.0 0.0
  outer loop
    vertex 3.6744391918182373 1.2099303007125854 5.977789878845215
    vertex 3.720646619796753 1.2561415433883667 5.891339302062988
    vertex 2.642979383468628 1.2099303007125854 5.977789878845215
  endloop
endfacet
facet normal 0.0 0.0 0.0
  outer loop
    vertex 2.642979383468628 1.2099303007125854 5.977789878845215
    vertex 3.720646619796753 1.2561415433883667 5.891339302062988
    vertex 2.5967681407928467 1.2561415433883667 5.891339302062988
  endloop
endfacet
facet normal 0.0 0.0 0.0
  outer loop
    vertex 2.7051589488983154 1.147750735282898 6.053549289703369
    vertex 3.61225962638855 1.147750735282898 6.053549289703369
    vertex 2.642979383468628 1.2099303007125854 5.977789878845215
  endloop
endfacet
facet normal 0.0 0.0 0.0
  outer loop
    vertex 2.642979383468628 1.2099303007125854 5.977789878845215
    vertex 3.61225962638855 1.147750735282898 6.053549289703369
    vertex 3.6744391918182373 1.2099303007125854 5.977789878845215
  endloop
endfacet
facet normal 0.0 0.0 0.0
  outer loop
    vertex 2.780918836593628 1.0719908475875854 6.115729331970215
    vertex 3.5364997386932373 1.0719908475875854 6.115729331970215
    vertex 2.7051589488983154 1.147750735282898 6.053549289703369
  endloop
endfacet
facet normal 0.0 0.0 0.0
  outer loop
    vertex 2.7051589488983154 1.147750735282898 6.053549289703369
    vertex 3.5364997386932373 1.0719908475875854 6.115729331970215
    vertex 3.61225962638855 1.147750735282898 6.053549289703369
  endloop
endfacet
facet normal 0.0 0.0 0.0
  outer loop
    vertex 2.8673675060272217 0.9855422377586365 6.16193962097168
    vertex 3.450047254562378 0.9855422377586365 6.16193962097168
    vertex 2.780918836593628 1.0719908475875854 6.115729331970215
  endloop
endfacet
facet normal 0.0 0.0 0.0
  outer loop
    vertex 2.780918836593628 1.0719908475875854 6.115729331970215
    vertex 3.450047254562378 0.9855422377586365 6.16193962097168
    vertex 3.5364997386932373 1.0719908475875854 6.115729331970215
  endloop
endfacet
facet normal 0.0 0.0 0.0
  outer loop
    vertex 2.9611594676971436 0.8917540907859802 6.190389633178711
    vertex 3.3562591075897217 0.8917540907859802 6.190389633178711
    vertex 2.8673675060272217 0.9855422377586365 6.16193962097168
  endloop
endfacet
facet normal 0.0 0.0 0.0
  outer loop
    vertex 2.8673675060272217 0.9855422377586365 6.16193962097168
    vertex 3.3562591075897217 0.8917540907859802 6.190389633178711
    vertex 3.450047254562378 0.9855422377586365 6.16193962097168
  endloop
endfacet
facet normal 0.0 0.0 0.0
  outer loop
    vertex 3.058708906173706 0.7942046523094177 6.1999993324279785
    vertex 3.258709669113159 0.7942046523094177 6.1999993324279785
    vertex 2.9611594676971436 0.8917540907859802 6.190389633178711
  endloop
endfacet
facet normal 0.0 0.0 0.0
  outer loop
    vertex 2.9611594676971436 0.8917540907859802 6.190389633178711
    vertex 3.258709669113159 0.7942046523094177 6.1999993324279785
    vertex 3.3562591075897217 0.8917540907859802 6.190389633178711
  endloop
endfacet
facet normal 0.0 0.0 0.0
  outer loop
    vertex 3.756298780441284 -1.703384280204773 5.749009609222412
    vertex 3.758709669113159 -1.705795168876648 5.699999809265137
    vertex 3.756298780441284 1.291793704032898 5.749009609222412
  endloop
endfacet
facet normal 0.0 0.0 0.0
  outer loop
    vertex 3.756298780441284 1.291793704032898 5.749009609222412
    vertex 3.758709669113159 -1.705795168876648 5.699999809265137
    vertex 3.758709669113159 1.294204592704773 5.699999809265137
  endloop
endfacet
facet normal 0.0 0.0 0.0
  outer loop
    vertex 3.749096632003784 -1.6961897611618042 5.797549247741699
    vertex 3.756298780441284 -1.703384280204773 5.749009609222412
    vertex 3.749096632003784 1.284591555595398 5.797549247741699
  endloop
endfacet
facet normal 0.0 0.0 0.0
  outer loop
    vertex 3.749096632003784 1.284591555595398 5.797549247741699
    vertex 3.756298780441284 -1.703384280204773 5.749009609222412
    vertex 3.756298780441284 1.291793704032898 5.749009609222412
  endloop
endfacet
facet normal 0.0 0.0 0.0
  outer loop
    vertex 3.720646619796753 -1.667739748954773 5.891339302062988
    vertex 3.749096632003784 -1.6961897611618042 5.797549247741699
    vertex 3.720646619796753 1.2561415433883667 5.891339302062988
  endloop
endfacet
facet normal 0.0 0.0 0.0
  outer loop
    vertex 3.720646619796753 1.2561415433883667 5.891339302062988
    vertex 3.749096632003784 -1.6961897611618042 5.797549247741699
    vertex 3.749096632003784 1.284591555595398 5.797549247741699
  endloop
endfacet
facet normal 0.0 0.0 0.0
  outer loop
    vertex 3.6744391918182373 -1.6215285062789917 5.977789878845215
    vertex 3.720646619796753 -1.667739748954773 5.891339302062988
    vertex 3.6744391918182373 1.2099303007125854 5.977789878845215
  endloop
endfacet
facet normal 0.0 0.0 0.0
  outer loop
    vertex 3.6744391918182373 1.2099303007125854 5.977789878845215
    vertex 3.720646619796753 -1.667739748954773 5.891339302062988
    vertex 3.720646619796753 1.2561415433883667 5.891339302062988
  endloop
endfacet
facet normal 0.0 0.0 0.0
  outer loop
    vertex 3.61225962638855 -1.5593489408493042 6.053549289703369
    vertex 3.6744391918182373 -1.6215285062789917 5.977789878845215
    vertex 3.61225962638855 1.147750735282898 6.053549289703369
  endloop
endfacet
facet normal 0.0 0.0 0.0
  outer loop
    vertex 3.61225962638855 1.147750735282898 6.053549289703369
    vertex 3.6744391918182373 -1.6215285062789917 5.977789878845215
    vertex 3.6744391918182373 1.2099303007125854 5.977789878845215
  endloop
endfacet
facet normal 0.0 0.0 0.0
  outer loop
    vertex 3.5364997386932373 -1.4835890531539917 6.115729331970215
    vertex 3.61225962638855 -1.5593489408493042 6.053549289703369
    vertex 3.5364997386932373 1.0719908475875854 6.115729331970215
  endloop
endfacet
facet normal 0.0 0.0 0.0
  outer loop
    vertex 3.5364997386932373 1.0719908475875854 6.115729331970215
    vertex 3.61225962638855 -1.5593489408493042 6.053549289703369
    vertex 3.61225962638855 1.147750735282898 6.053549289703369
  endloop
endfacet
facet normal 0.0 0.0 0.0
  outer loop
    vertex 3.450047254562378 -1.397140383720398 6.16193962097168
    vertex 3.5364997386932373 -1.4835890531539917 6.115729331970215
    vertex 3.450047254562378 0.9855422377586365 6.16193962097168
  endloop
endfacet
facet normal 0.0 0.0 0.0
  outer loop
    vertex 3.450047254562378 0.9855422377586365 6.16193962097168
    vertex 3.5364997386932373 -1.4835890531539917 6.115729331970215
    vertex 3.5364997386932373 1.0719908475875854 6.115729331970215
  endloop
endfacet
facet normal 0.0 0.0 0.0
  outer loop
    vertex 3.3562591075897217 -1.3033446073532104 6.190389633178711
    vertex 3.450047254562378 -1.397140383720398 6.16193962097168
    vertex 3.3562591075897217 0.8917540907859802 6.190389633178711
  endloop
endfacet
facet normal 0.0 0.0 0.0
  outer loop
    vertex 3.3562591075897217 0.8917540907859802 6.190389633178711
    vertex 3.450047254562378 -1.397140383720398 6.16193962097168
    vertex 3.450047254562378 0.9855422377586365 6.16193962097168
  endloop
endfacet
facet normal 0.0 0.0 0.0
  outer loop
    vertex 3.258709669113159 -1.205795168876648 6.1999993324279785
    vertex 3.3562591075897217 -1.3033446073532104 6.190389633178711
    vertex 3.258709669113159 0.7942046523094177 6.1999993324279785
  endloop
endfacet
facet normal 0.0 0.0 0.0
  outer loop
    vertex 3.258709669113159 0.7942046523094177 6.1999993324279785
    vertex 3.3562591075897217 -1.3033446073532104 6.190389633178711
    vertex 3.3562591075897217 0.8917540907859802 6.190389633178711
  endloop
endfacet
facet normal 0.0 0.0 0.0
  outer loop
    vertex 3.756298780441284 -1.703384280204773 5.749009609222412
    vertex 2.561119794845581 -1.703384280204773 5.749009609222412
    vertex 3.758709669113159 -1.705795168876648 5.699999809265137
  endloop
endfacet
facet normal 0.0 0.0 0.0
  outer loop
    vertex 3.758709669113159 -1.705795168876648 5.699999809265137
    vertex 2.561119794845581 -1.703384280204773 5.749009609222412
    vertex 2.558708906173706 -1.705795168876648 5.699999809265137
  endloop
endfacet
facet normal 0.0 0.0 0.0
  outer loop
    vertex 3.749096632003784 -1.6961897611618042 5.797549247741699
    vertex 2.5683181285858154 -1.6961897611618042 5.797549247741699
    vertex 3.756298780441284 -1.703384280204773 5.749009609222412
  endloop
endfacet
facet normal 0.0 0.0 0.0
  outer loop
    vertex 3.756298780441284 -1.703384280204773 5.749009609222412
    vertex 2.5683181285858154 -1.6961897611618042 5.797549247741699
    vertex 2.561119794845581 -1.703384280204773 5.749009609222412
  endloop
endfacet
facet normal 0.0 0.0 0.0
  outer loop
    vertex 3.720646619796753 -1.667739748954773 5.891339302062988
    vertex 2.5967681407928467 -1.667739748954773 5.891339302062988
    vertex 3.749096632003784 -1.6961897611618042 5.797549247741699
  endloop
endfacet
facet normal 0.0 0.0 0.0
  outer loop
    vertex 3.749096632003784 -1.6961897611618042 5.797549247741699
    vertex 2.5967681407928467 -1.667739748954773 5.891339302062988
    vertex 2.5683181285858154 -1.6961897611618042 5.797549247741699
  endloop
endfacet
facet normal 0.0 0.0 0.0
  outer loop
    vertex 3.6744391918182373 -1.6215285062789917 5.977789878845215
    vertex 2.642979383468628 -1.6215285062789917 5.977789878845215
    vertex 3.720646619796753 -1.667739748954773 5.891339302062988
  endloop
endfacet
facet normal 0.0 0.0 0.0
  outer loop
    vertex 3.720646619796753 -1.667739748954773 5.891339302062988
    vertex 2.642979383468628 -1.6215285062789917 5.977789878845215
    vertex 2.5967681407928467 -1.667739748954773 5.891339302062988
  endloop
endfacet
facet normal 0.0 0.0 0.0
  outer loop
    vertex 2.7051589488983154 -1.5593489408493042 6.053549289703369
    vertex 2.642979383468628 -1.6215285062789917 5.977789878845215
    vertex 3.61225962638855 -1.5593489408493042 6.053549289703369
  endloop
endfacet
facet normal 0.0 0.0 0.0
  outer loop
    vertex 3.61225962638855 -1.5593489408493042 6.053549289703369
    vertex 2.642979383468628 -1.6215285062789917 5.977789878845215
    vertex 3.6744391918182373 -1.6215285062789917 5.977789878845215
  endloop
endfacet
facet normal 0.0 0.0 0.0
  outer loop
    vertex 3.5364997386932373 -1.4835890531539917 6.115729331970215
    vertex 2.780918836593628 -1.4835890531539917 6.115729331970215
    vertex 3.61225962638855 -1.5593489408493042 6.053549289703369
  endloop
endfacet
facet normal 0.0 0.0 0.0
  outer loop
    vertex 3.61225962638855 -1.5593489408493042 6.053549289703369
    vertex 2.780918836593628 -1.4835890531539917 6.115729331970215
    vertex 2.7051589488983154 -1.5593489408493042 6.053549289703369
  endloop
endfacet
facet normal 0.0 0.0 0.0
  outer loop
    vertex 3.450047254562378 -1.397140383720398 6.16193962097168
    vertex 2.8673675060272217 -1.397140383720398 6.16193962097168
    vertex 3.5364997386932373 -1.4835890531539917 6.115729331970215
  endloop
endfacet
facet normal 0.0 0.0 0.0
  outer loop
    vertex 3.5364997386932373 -1.4835890531539917 6.115729331970215
    vertex 2.8673675060272217 -1.397140383720398 6.16193962097168
    vertex 2.780918836593628 -1.4835890531539917 6.115729331970215
  endloop
endfacet
facet normal 0.0 0.0 0.0
  outer loop
    vertex 3.3562591075897217 -1.3033446073532104 6.190389633178711
    vertex 2.9611594676971436 -1.3033446073532104 6.190389633178711
    vertex 3.450047254562378 -1.397140383720398 6.16193962097168
  endloop
endfacet
facet normal 0.0 0.0 0.0
  outer loop
    vertex 3.450047254562378 -1.397140383720398 6.16193962097168
    vertex 2.9611594676971436 -1.3033446073532104 6.190389633178711
    vertex 2.8673675060272217 -1.397140383720398 6.16193962097168
  endloop
endfacet
facet normal 0.0 0.0 0.0
  outer loop
    vertex 3.258709669113159 -1.205795168876648 6.1999993324279785
    vertex 3.058708906173706 -1.205795168876648 6.1999993324279785
    vertex 3.3562591075897217 -1.3033446073532104 6.190389633178711
  endloop
endfacet
facet normal 0.0 0.0 0.0
  outer loop
    vertex 3.3562591075897217 -1.3033446073532104 6.190389633178711
    vertex 3.058708906173706 -1.205795168876648 6.1999993324279785
    vertex 2.9611594676971436 -1.3033446073532104 6.190389633178711
  endloop
endfacet
facet normal 0.0 0.0 0.0
  outer loop
    vertex 2.561119794845581 -1.703384280204773 5.749009609222412
    vertex 2.561119794845581 1.291793704032898 5.749009609222412
    vertex 2.558708906173706 -1.705795168876648 5.699999809265137
  endloop
endfacet
facet normal 0.0 0.0 0.0
  outer loop
    vertex 2.558708906173706 -1.705795168876648 5.699999809265137
    vertex 2.561119794845581 1.291793704032898 5.749009609222412
    vertex 2.558708906173706 1.294204592704773 5.699999809265137
  endloop
endfacet
facet normal 0.0 0.0 0.0
  outer loop
    vertex 2.5683181285858154 -1.6961897611618042 5.797549247741699
    vertex 2.5683181285858154 1.284591555595398 5.797549247741699
    vertex 2.561119794845581 -1.703384280204773 5.749009609222412
  endloop
endfacet
facet normal 0.0 0.0 0.0
  outer loop
    vertex 2.561119794845581 -1.703384280204773 5.749009609222412
    vertex 2.5683181285858154 1.284591555595398 5.797549247741699
    vertex 2.561119794845581 1.291793704032898 5.749009609222412
  endloop
endfacet
facet normal 0.0 0.0 0.0
  outer loop
    vertex 2.5967681407928467 -1.667739748954773 5.891339302062988
    vertex 2.5967681407928467 1.2561415433883667 5.891339302062988
    vertex 2.5683181285858154 -1.6961897611618042 5.797549247741699
  endloop
endfacet
facet normal 0.0 0.0 0.0
  outer loop
    vertex 2.5683181285858154 -1.6961897611618042 5.797549247741699
    vertex 2.5967681407928467 1.2561415433883667 5.891339302062988
    vertex 2.5683181285858154 1.284591555595398 5.797549247741699
  endloop
endfacet
facet normal 0.0 0.0 0.0
  outer loop
    vertex 2.642979383468628 -1.6215285062789917 5.977789878845215
    vertex 2.642979383468628 1.2099303007125854 5.977789878845215
    vertex 2.5967681407928467 -1.667739748954773 5.891339302062988
  endloop
endfacet
facet normal 0.0 0.0 0.0
  outer loop
    vertex 2.5967681407928467 -1.667739748954773 5.891339302062988
    vertex 2.642979383468628 1.2099303007125854 5.977789878845215
    vertex 2.5967681407928467 1.2561415433883667 5.891339302062988
  endloop
endfacet
facet normal 0.0 0.0 0.0
  outer loop
    vertex 2.7051589488983154 -1.5593489408493042 6.053549289703369
    vertex 2.7051589488983154 1.147750735282898 6.053549289703369
    vertex 2.642979383468628 -1.6215285062789917 5.977789878845215
  endloop
endfacet
facet normal 0.0 0.0 0.0
  outer loop
    vertex 2.642979383468628 -1.6215285062789917 5.977789878845215
    vertex 2.7051589488983154 1.147750735282898 6.053549289703369
    vertex 2.642979383468628 1.2099303007125854 5.977789878845215
  endloop
endfacet
facet normal 0.0 0.0 0.0
  outer loop
    vertex 2.780918836593628 -1.4835890531539917 6.115729331970215
    vertex 2.780918836593628 1.0719908475875854 6.115729331970215
    vertex 2.7051589488983154 -1.5593489408493042 6.053549289703369
  endloop
endfacet
facet normal 0.0 0.0 0.0
  outer loop
    vertex 2.7051589488983154 -1.5593489408493042 6.053549289703369
    vertex 2.780918836593628 1.0719908475875854 6.115729331970215
    vertex 2.7051589488983154 1.147750735282898 6.053549289703369
  endloop
endfacet
facet normal 0.0 0.0 0.0
  outer loop
    vertex 2.8673675060272217 -1.397140383720398 6.16193962097168
    vertex 2.8673675060272217 0.9855422377586365 6.16193962097168
    vertex 2.780918836593628 -1.4835890531539917 6.115729331970215
  endloop
endfacet
facet normal 0.0 0.0 0.0
  outer loop
    vertex 2.780918836593628 -1.4835890531539917 6.115729331970215
    vertex 2.8673675060272217 0.9855422377586365 6.16193962097168
    vertex 2.780918836593628 1.0719908475875854 6.115729331970215
  endloop
endfacet
facet normal 0.0 0.0 0.0
  outer loop
    vertex 2.9611594676971436 -1.3033446073532104 6.190389633178711
    vertex 2.9611594676971436 0.8917540907859802 6.190389633178711
    vertex 2.8673675060272217 -1.397140383720398 6.16193962097168
  endloop
endfacet
facet normal 0.0 0.0 0.0
  outer loop
    vertex 2.8673675060272217 -1.397140383720398 6.16193962097168
    vertex 2.9611594676971436 0.8917540907859802 6.190389633178711
    vertex 2.8673675060272217 0.9855422377586365 6.16193962097168
  endloop
endfacet
facet normal 0.0 0.0 0.0
  outer loop
    vertex 3.058708906173706 -1.205795168876648 6.1999993324279785
    vertex 3.058708906173706 0.7942046523094177 6.1999993324279785
    vertex 2.9611594676971436 -1.3033446073532104 6.190389633178711
  endloop
endfacet
facet normal 0.0 0.0 0.0
  outer loop
    vertex 2.9611594676971436 -1.3033446073532104 6.190389633178711
    vertex 3.058708906173706 0.7942046523094177 6.1999993324279785
    vertex 2.9611594676971436 0.8917540907859802 6.190389633178711
  endloop
endfacet
facet normal 0.0 0.0 0.0
  outer loop
    vertex -1.943701982498169 -1.703384280204773 5.749009609222412
    vertex -1.941291093826294 -1.705795168876648 5.699999809265137
    vertex -1.943701982498169 1.291793704032898 5.749009609222412
  endloop
endfacet
facet normal 0.0 0.0 0.0
  outer loop
    vertex -1.943701982498169 1.291793704032898 5.749009609222412
    vertex -1.941291093826294 -1.705795168876648 5.699999809265137
    vertex -1.941291093826294 1.294204592704773 5.699999809265137
  endloop
endfacet
facet normal 0.0 0.0 0.0
  outer loop
    vertex -1.9509003162384033 -1.6961897611618042 5.797549247741699
    vertex -1.943701982498169 -1.703384280204773 5.749009609222412
    vertex -1.9509003162384033 1.284591555595398 5.797549247741699
  endloop
endfacet
facet normal 0.0 0.0 0.0
  outer loop
    vertex -1.9509003162384033 1.284591555595398 5.797549247741699
    vertex -1.943701982498169 -1.703384280204773 5.749009609222412
    vertex -1.943701982498169 1.291793704032898 5.749009609222412
  endloop
endfacet
facet normal 0.0 0.0 0.0
  outer loop
    vertex -1.9793503284454346 -1.667739748954773 5.891339302062988
    vertex -1.9509003162384033 -1.6961897611618042 5.797549247741699
    vertex -1.9793503284454346 1.2561415433883667 5.891339302062988
  endloop
endfacet
facet normal 0.0 0.0 0.0
  outer loop
    vertex -1.9793503284454346 1.2561415433883667 5.891339302062988
    vertex -1.9509003162384033 -1.6961897611618042 5.797549247741699
    vertex -1.9509003162384033 1.284591555595398 5.797549247741699
  endloop
endfacet
facet normal 0.0 0.0 0.0
  outer loop
    vertex -2.025561571121216 -1.6215285062789917 5.977789878845215
    vertex -1.9793503284454346 -1.667739748954773 5.891339302062988
    vertex -2.025561571121216 1.2099303007125854 5.977789878845215
  endloop
endfacet
facet normal 0.0 0.0 0.0
  outer loop
    vertex -2.025561571121216 1.2099303007125854 5.977789878845215
    vertex -1.9793503284454346 -1.667739748954773 5.891339302062988
    vertex -1.9793503284454346 1.2561415433883667 5.891339302062988
  endloop
endfacet
facet normal 0.0 0.0 0.0
  outer loop
    vertex -2.0877411365509033 -1.5593489408493042 6.053549289703369
    vertex -2.025561571121216 -1.6215285062789917 5.977789878845215
    vertex -2.0877411365509033 1.147750735282898 6.053549289703369
  endloop
endfacet
facet normal 0.0 0.0 0.0
  outer loop
    vertex -2.0877411365509033 1.147750735282898 6.053549289703369
    vertex -2.025561571121216 -1.6215285062789917 5.977789878845215
    vertex -2.025561571121216 1.2099303007125854 5.977789878845215
  endloop
endfacet
facet normal 0.0 0.0 0.0
  outer loop
    vertex -2.163501024246216 -1.4835890531539917 6.115729331970215
    vertex -2.0877411365509033 -1.5593489408493042 6.053549289703369
    vertex -2.163501024246216 1.0719908475875854 6.115729331970215
  endloop
endfacet
facet normal 0.0 0.0 0.0
  outer loop
    vertex -2.163501024246216 1.0719908475875854 6.115729331970215
    vertex -2.0877411365509033 -1.5593489408493042 6.053549289703369
    vertex -2.0877411365509033 1.147750735282898 6.053549289703369
  endloop
endfacet
facet normal 0.0 0.0 0.0
  outer loop
    vertex -2.2499496936798096 -1.397140383720398 6.16193962097168
    vertex -2.163501024246216 -1.4835890531539917 6.115729331970215
    vertex -2.2499496936798096 0.9855422377586365 6.16193962097168
  endloop
endfacet
facet normal 0.0 0.0 0.0
  outer loop
    vertex -2.2499496936798096 0.9855422377586365 6.16193962097168
    vertex -2.163501024246216 -1.4835890531539917 6.115729331970215
    vertex -2.163501024246216 1.0719908475875854 6.115729331970215
  endloop
endfacet
facet normal 0.0 0.0 0.0
  outer loop
    vertex -2.3437416553497314 -1.3033446073532104 6.190389633178711
    vertex -2.2499496936798096 -1.397140383720398 6.16193962097168
    vertex -2.3437416553497314 0.8917540907859802 6.190389633178711
  endloop
endfacet
facet normal 0.0 0.0 0.0
  outer loop
    vertex -2.3437416553497314 0.8917540907859802 6.190389633178711
    vertex -2.2499496936798096 -1.397140383720398 6.16193962097168
    vertex -2.2499496936798096 0.9855422377586365 6.16193962097168
  endloop
endfacet
facet normal 0.0 0.0 0.0
  outer loop
    vertex -2.441291093826294 -1.205795168876648 6.1999993324279785
    vertex -2.3437416553497314 -1.3033446073532104 6.190389633178711
    vertex -2.441291093826294 0.7942046523094177 6.1999993324279785
  endloop
endfacet
facet normal 0.0 0.0 0.0
  outer loop
    vertex -2.441291093826294 0.7942046523094177 6.1999993324279785
    vertex -2.3437416553497314 -1.3033446073532104 6.190389633178711
    vertex -2.3437416553497314 0.8917540907859802 6.190389633178711
  endloop
endfacet
facet normal 0.0 0.0 0.0
  outer loop
    vertex 3.758709669113159 1.294204592704773 5.699999809265137
    vertex 3.758709669113159 1.294204592704773 3.0999999046325684
    vertex 2.558708906173706 1.294204592704773 5.699999809265137
  endloop
endfacet
facet normal 0.0 0.0 0.0
  outer loop
    vertex 2.558708906173706 1.294204592704773 5.699999809265137
    vertex 3.758709669113159 1.294204592704773 3.0999999046325684
    vertex 2.558708906173706 1.294204592704773 3.0999999046325684
  endloop
endfacet
facet normal 0.0 0.0 0.0
  outer loop
    vertex 3.758709669113159 -1.705795168876648 5.699999809265137
    vertex 3.758709669113159 -1.705795168876648 3.0999996662139893
    vertex 3.758709669113159 1.294204592704773 5.699999809265137
  endloop
endfacet
facet normal 0.0 0.0 0.0
  outer loop
    vertex 3.758709669113159 1.294204592704773 5.699999809265137
    vertex 3.758709669113159 -1.705795168876648 3.0999996662139893
    vertex 3.758709669113159 1.294204592704773 3.0999999046325684
  endloop
endfacet
facet normal 0.0 0.0 0.0
  outer loop
    vertex 2.558708906173706 -1.705795168876648 5.699999809265137
    vertex 2.558708906173706 -1.705795168876648 3.0999996662139893
    vertex 3.758709669113159 -1.705795168876648 5.699999809265137
  endloop
endfacet
facet normal 0.0 0.0 0.0
  outer loop
    vertex 3.758709669113159 -1.705795168876648 5.699999809265137
    vertex 2.558708906173706 -1.705795168876648 3.0999996662139893
    vertex 3.758709669113159 -1.705795168876648 3.0999996662139893
  endloop
endfacet
facet normal 0.0 0.0 0.0
  outer loop
    vertex 2.558708906173706 1.294204592704773 5.699999809265137
    vertex 2.558708906173706 1.294204592704773 3.0999999046325684
    vertex 2.558708906173706 -1.705795168876648 5.699999809265137
  endloop
endfacet
facet normal 0.0 0.0 0.0
  outer loop
    vertex 2.558708906173706 -1.705795168876648 5.699999809265137
    vertex 2.558708906173706 1.294204592704773 3.0999999046325684
    vertex 2.558708906173706 -1.705795168876648 3.0999996662139893
  endloop
endfacet
facet normal 0.0 0.0 0.0
  outer loop
    vertex -1.141291856765747 -2.905799627304077 2.999999761581421
    vertex -1.141291856765747 -2.905799627304077 3.0999996662139893
    vertex -1.141291856765747 -2.305793523788452 2.999999761581421
  endloop
endfacet
facet normal 0.0 0.0 0.0
  outer loop
    vertex -1.141291856765747 -2.305793523788452 2.999999761581421
    vertex -1.141291856765747 -2.905799627304077 3.0999996662139893
    vertex -1.141291856765747 -2.305793523788452 3.0999996662139893
  endloop
endfacet
facet normal 0.0 0.0 0.0
  outer loop
    vertex -1.141291856765747 -2.305793523788452 2.999999761581421
    vertex -1.141291856765747 -2.305793523788452 3.0999996662139893
    vertex -4.141291618347168 -2.305793523788452 2.999999761581421
  endloop
endfacet
facet normal 0.0 0.0 0.0
  outer loop
    vertex -4.141291618347168 -2.305793523788452 2.999999761581421
    vertex -1.141291856765747 -2.305793523788452 3.0999996662139893
    vertex -4.141291618347168 -2.305793523788452 3.0999996662139893
  endloop
endfacet
facet normal 0.0 0.0 0.0
  outer loop
    vertex -4.2448225021362305 -2.2921674251556396 2.999999761581421
    vertex -4.243922233581543 -2.2922894954681396 2.999999761581421
    vertex -4.2448225021362305 -2.2921674251556396 3.0999996662139893
  endloop
endfacet
facet normal 0.0 0.0 0.0
  outer loop
    vertex -4.2448225021362305 -2.2921674251556396 3.0999996662139893
    vertex -4.243922233581543 -2.2922894954681396 2.999999761581421
    vertex -4.141291618347168 -2.305793523788452 3.0999996662139893
  endloop
endfacet
facet normal 0.0 0.0 0.0
  outer loop
    vertex -4.141291618347168 -2.305793523788452 3.0999996662139893
    vertex -4.243922233581543 -2.2922894954681396 2.999999761581421
    vertex -4.1416730880737305 -2.3057477474212646 2.999999761581421
  endloop
endfacet
facet normal 0.0 0.0 0.0
  outer loop
    vertex -4.141291618347168 -2.305793523788452 3.0999996662139893
    vertex -4.1416730880737305 -2.3057477474212646 2.999999761581421
    vertex -4.141291618347168 -2.305793523788452 2.999999761581421
  endloop
endfacet
facet normal 0.0 0.0 0.0
  outer loop
    vertex -4.341292381286621 -2.252204656600952 2.999999761581421
    vertex -4.339472770690918 -2.252959966659546 2.999999761581421
    vertex -4.341292381286621 -2.252204656600952 3.0999996662139893
  endloop
endfacet
facet normal 0.0 0.0 0.0
  outer loop
    vertex -4.341292381286621 -2.252204656600952 3.0999996662139893
    vertex -4.339472770690918 -2.252959966659546 2.999999761581421
    vertex -4.2448225021362305 -2.2921674251556396 3.0999996662139893
  endloop
endfacet
facet normal 0.0 0.0 0.0
  outer loop
    vertex -4.2448225021362305 -2.2921674251556396 3.0999996662139893
    vertex -4.339472770690918 -2.252959966659546 2.999999761581421
    vertex -4.245673179626465 -2.291816473007202 2.999999761581421
  endloop
endfacet
facet normal 0.0 0.0 0.0
  outer loop
    vertex -4.2448225021362305 -2.2921674251556396 3.0999996662139893
    vertex -4.245673179626465 -2.291816473007202 2.999999761581421
    vertex -4.2448225021362305 -2.2921674251556396 2.999999761581421
  endloop
endfacet
facet normal 0.0 0.0 0.0
  outer loop
    vertex -4.424132347106934 -2.188636541366577 2.999999761581421
    vertex -4.421339988708496 -2.1907804012298584 2.999999761581421
    vertex -4.424132347106934 -2.188636541366577 3.0999996662139893
  endloop
endfacet
facet normal 0.0 0.0 0.0
  outer loop
    vertex -4.424132347106934 -2.188636541366577 3.0999996662139893
    vertex -4.421339988708496 -2.1907804012298584 2.999999761581421
    vertex -4.341292381286621 -2.252204656600952 3.0999996662139893
  endloop
endfacet
facet normal 0.0 0.0 0.0
  outer loop
    vertex -4.341292381286621 -2.252204656600952 3.0999996662139893
    vertex -4.421339988708496 -2.1907804012298584 2.999999761581421
    vertex -4.342890739440918 -2.250976324081421 2.999999761581421
  endloop
endfacet
facet normal 0.0 0.0 0.0
  outer loop
    vertex -4.341292381286621 -2.252204656600952 3.0999996662139893
    vertex -4.342890739440918 -2.250976324081421 2.999999761581421
    vertex -4.341292381286621 -2.252204656600952 2.999999761581421
  endloop
endfacet
facet normal 0.0 0.0 0.0
  outer loop
    vertex -4.487700462341309 -2.1057965755462646 2.999999761581421
    vertex -4.484320640563965 -2.110206365585327 2.999999761581421
    vertex -4.487700462341309 -2.1057965755462646 3.0999996662139893
  endloop
endfacet
facet normal 0.0 0.0 0.0
  outer loop
    vertex -4.487700462341309 -2.1057965755462646 3.0999996662139893
    vertex -4.484320640563965 -2.110206365585327 2.999999761581421
    vertex -4.424132347106934 -2.188636541366577 3.0999996662139893
  endloop
endfacet
facet normal 0.0 0.0 0.0
  outer loop
    vertex -4.424132347106934 -2.188636541366577 3.0999996662139893
    vertex -4.484320640563965 -2.110206365585327 2.999999761581421
    vertex -4.426352500915527 -2.1857450008392334 2.999999761581421
  endloop
endfacet
facet normal 0.0 0.0 0.0
  outer loop
    vertex -4.424132347106934 -2.188636541366577 3.0999996662139893
    vertex -4.426352500915527 -2.1857450008392334 2.999999761581421
    vertex -4.424132347106934 -2.188636541366577 2.999999761581421
  endloop
endfacet
facet normal 0.0 0.0 0.0
  outer loop
    vertex -4.527663230895996 -2.0093305110931396 2.999999761581421
    vertex -4.524622917175293 -2.0166471004486084 2.999999761581421
    vertex -4.527663230895996 -2.0093305110931396 3.0999996662139893
  endloop
endfacet
facet normal 0.0 0.0 0.0
  outer loop
    vertex -4.527663230895996 -2.0093305110931396 3.0999996662139893
    vertex -4.524622917175293 -2.0166471004486084 2.999999761581421
    vertex -4.487700462341309 -2.1057965755462646 3.0999996662139893
  endloop
endfacet
facet normal 0.0 0.0 0.0
  outer loop
    vertex -4.487700462341309 -2.1057965755462646 3.0999996662139893
    vertex -4.524622917175293 -2.0166471004486084 2.999999761581421
    vertex -4.489920616149902 -2.100433111190796 2.999999761581421
  endloop
endfacet
facet normal 0.0 0.0 0.0
  outer loop
    vertex -4.487700462341309 -2.1057965755462646 3.0999996662139893
    vertex -4.489920616149902 -2.100433111190796 2.999999761581421
    vertex -4.487700462341309 -2.1057965755462646 2.999999761581421
  endloop
endfacet
facet normal 0.0 0.0 0.0
  outer loop
    vertex -4.541293144226074 -1.9057997465133667 2.999999761581421
    vertex -4.539912223815918 -1.916244387626648 2.999999761581421
    vertex -4.541293144226074 -1.9057997465133667 3.0999996662139893
  endloop
endfacet
facet normal 0.0 0.0 0.0
  outer loop
    vertex -4.541293144226074 -1.9057997465133667 3.0999996662139893
    vertex -4.539912223815918 -1.916244387626648 2.999999761581421
    vertex -4.527663230895996 -2.0093305110931396 3.0999996662139893
  endloop
endfacet
facet normal 0.0 0.0 0.0
  outer loop
    vertex -4.527663230895996 -2.0093305110931396 3.0999996662139893
    vertex -4.539912223815918 -1.916244387626648 2.999999761581421
    vertex -4.528750419616699 -2.001067876815796 2.999999761581421
  endloop
endfacet
facet normal 0.0 0.0 0.0
  outer loop
    vertex -4.527663230895996 -2.0093305110931396 3.0999996662139893
    vertex -4.528750419616699 -2.001067876815796 2.999999761581421
    vertex -4.527663230895996 -2.0093305110931396 2.999999761581421
  endloop
endfacet
facet normal 0.0 0.0 0.0
  outer loop
    vertex -4.541293144226074 -1.9057997465133667 2.999999761581421
    vertex -4.541293144226074 -1.9057997465133667 3.0999996662139893
    vertex -4.541293144226074 1.4942015409469604 2.999999761581421
  endloop
endfacet
facet normal 0.0 0.0 0.0
  outer loop
    vertex -4.541293144226074 1.4942015409469604 2.999999761581421
    vertex -4.541293144226074 -1.9057997465133667 3.0999996662139893
    vertex -4.541293144226074 1.4942015409469604 3.0999999046325684
  endloop
endfacet
facet normal 0.0 0.0 0.0
  outer loop
    vertex -4.527663230895996 1.597732424736023 2.999999761581421
    vertex -4.528841972351074 1.588790774345398 2.999999761581421
    vertex -4.527663230895996 1.597732424736023 3.0999999046325684
  endloop
endfacet
facet normal 0.0 0.0 0.0
  outer loop
    vertex -4.527663230895996 1.597732424736023 3.0999999046325684
    vertex -4.528841972351074 1.588790774345398 2.999999761581421
    vertex -4.53989315032959 1.5048292875289917 2.999999761581421
  endloop
endfacet
facet normal 0.0 0.0 0.0
  outer loop
    vertex -4.527663230895996 1.597732424736023 3.0999999046325684
    vertex -4.53989315032959 1.5048292875289917 2.999999761581421
    vertex -4.541293144226074 1.4942015409469604 3.0999999046325684
  endloop
endfacet
facet normal 0.0 0.0 0.0
  outer loop
    vertex -4.541293144226074 1.4942015409469604 3.0999999046325684
    vertex -4.53989315032959 1.5048292875289917 2.999999761581421
    vertex -4.541293144226074 1.4942015409469604 2.999999761581421
  endloop
endfacet
facet normal 0.0 0.0 0.0
  outer loop
    vertex -4.487700462341309 1.6942061185836792 2.999999761581421
    vertex -4.490302085876465 1.687911868095398 2.999999761581421
    vertex -4.487700462341309 1.6942061185836792 3.0999999046325684
  endloop
endfacet
facet normal 0.0 0.0 0.0
  outer loop
    vertex -4.487700462341309 1.6942061185836792 3.0999999046325684
    vertex -4.490302085876465 1.687911868095398 2.999999761581421
    vertex -4.524352073669434 1.6057356595993042 2.999999761581421
  endloop
endfacet
facet normal 0.0 0.0 0.0
  outer loop
    vertex -4.487700462341309 1.6942061185836792 3.0999999046325684
    vertex -4.524352073669434 1.6057356595993042 2.999999761581421
    vertex -4.527663230895996 1.597732424736023 3.0999999046325684
  endloop
endfacet
facet normal 0.0 0.0 0.0
  outer loop
    vertex -4.527663230895996 1.597732424736023 3.0999999046325684
    vertex -4.524352073669434 1.6057356595993042 2.999999761581421
    vertex -4.527663230895996 1.597732424736023 2.999999761581421
  endloop
endfacet
facet normal 0.0 0.0 0.0
  outer loop
    vertex -4.424132347106934 1.7770460844039917 2.999999761581421
    vertex -4.426962852478027 1.7733534574508667 2.999999761581421
    vertex -4.424132347106934 1.7770460844039917 3.0999999046325684
  endloop
endfacet
facet normal 0.0 0.0 0.0
  outer loop
    vertex -4.424132347106934 1.7770460844039917 3.0999999046325684
    vertex -4.426962852478027 1.7733534574508667 2.999999761581421
    vertex -4.483721733093262 1.6993941068649292 2.999999761581421
  endloop
endfacet
facet normal 0.0 0.0 0.0
  outer loop
    vertex -4.424132347106934 1.7770460844039917 3.0999999046325684
    vertex -4.483721733093262 1.6993941068649292 2.999999761581421
    vertex -4.487700462341309 1.6942061185836792 3.0999999046325684
  endloop
endfacet
facet normal 0.0 0.0 0.0
  outer loop
    vertex -4.487700462341309 1.6942061185836792 3.0999999046325684
    vertex -4.483721733093262 1.6993941068649292 2.999999761581421
    vertex -4.487700462341309 1.6942061185836792 2.999999761581421
  endloop
endfacet
facet normal 0.0 0.0 0.0
  outer loop
    vertex -4.341292381286621 1.8406141996383667 2.999999761581421
    vertex -4.343489646911621 1.8389204740524292 2.999999761581421
    vertex -4.341292381286621 1.8406141996383667 3.0999999046325684
  endloop
endfacet
facet normal 0.0 0.0 0.0
  outer loop
    vertex -4.341292381286621 1.8406141996383667 3.0999999046325684
    vertex -4.343489646911621 1.8389204740524292 2.999999761581421
    vertex -4.4205732345581055 1.779769778251648 2.999999761581421
  endloop
endfacet
facet normal 0.0 0.0 0.0
  outer loop
    vertex -4.341292381286621 1.8406141996383667 3.0999999046325684
    vertex -4.4205732345581055 1.779769778251648 2.999999761581421
    vertex -4.424132347106934 1.7770460844039917 3.0999999046325684
  endloop
endfacet
facet normal 0.0 0.0 0.0
  outer loop
    vertex -4.424132347106934 1.7770460844039917 3.0999999046325684
    vertex -4.4205732345581055 1.779769778251648 2.999999761581421
    vertex -4.424132347106934 1.7770460844039917 2.999999761581421
  endloop
endfacet
facet normal 0.0 0.0 0.0
  outer loop
    vertex -4.2448225021362305 1.880569338798523 2.999999761581421
    vertex -4.2459211349487305 1.880111575126648 2.999999761581421
    vertex -4.2448225021362305 1.880569338798523 3.0999999046325684
  endloop
endfacet
facet normal 0.0 0.0 0.0
  outer loop
    vertex -4.2448225021362305 1.880569338798523 3.0999999046325684
    vertex -4.2459211349487305 1.880111575126648 2.999999761581421
    vertex -4.338801383972168 1.8416441679000854 2.999999761581421
  endloop
endfacet
facet normal 0.0 0.0 0.0
  outer loop
    vertex -4.2448225021362305 1.880569338798523 3.0999999046325684
    vertex -4.338801383972168 1.8416441679000854 2.999999761581421
    vertex -4.341292381286621 1.8406141996383667 3.0999999046325684
  endloop
endfacet
facet normal 0.0 0.0 0.0
  outer loop
    vertex -4.341292381286621 1.8406141996383667 3.0999999046325684
    vertex -4.338801383972168 1.8416441679000854 2.999999761581421
    vertex -4.341292381286621 1.8406141996383667 2.999999761581421
  endloop
endfacet
facet normal 0.0 0.0 0.0
  outer loop
    vertex -4.141291618347168 1.8942030668258667 2.999999761581421
    vertex -4.2436628341674805 1.880721926689148 2.999999761581421
    vertex -4.141291618347168 1.8942030668258667 3.0999999046325684
  endloop
endfacet
facet normal 0.0 0.0 0.0
  outer loop
    vertex -4.141291618347168 1.8942030668258667 3.0999999046325684
    vertex -4.2436628341674805 1.880721926689148 2.999999761581421
    vertex -4.2448225021362305 1.880569338798523 3.0999999046325684
  endloop
endfacet
facet normal 0.0 0.0 0.0
  outer loop
    vertex -4.2448225021362305 1.880569338798523 3.0999999046325684
    vertex -4.2436628341674805 1.880721926689148 2.999999761581421
    vertex -4.2448225021362305 1.880569338798523 2.999999761581421
  endloop
endfacet
facet normal 0.0 0.0 0.0
  outer loop
    vertex 4.7587080001831055 1.8942030668258667 3.0999999046325684
    vertex 4.7587080001831055 1.8942030668258667 2.999999761581421
    vertex -4.141291618347168 1.8942030668258667 3.0999999046325684
  endloop
endfacet
facet normal 0.0 0.0 0.0
  outer loop
    vertex -4.141291618347168 1.8942030668258667 3.0999999046325684
    vertex 4.7587080001831055 1.8942030668258667 2.999999761581421
    vertex -4.141291618347168 1.8942030668258667 2.999999761581421
  endloop
endfacet
facet normal 0.0 0.0 0.0
  outer loop
    vertex -4.141291618347168 1.8942030668258667 2.999999761581421
    vertex 4.7587080001831055 1.8942030668258667 2.999999761581421
    vertex 4.7587080001831055 1.8942030668258667 1.9999998807907104
  endloop
endfacet
facet normal 0.0 0.0 0.0
  outer loop
    vertex -4.141291618347168 1.8942030668258667 2.999999761581421
    vertex 4.7587080001831055 1.8942030668258667 1.9999998807907104
    vertex -4.141291618347168 1.8942030668258667 1.9999998807907104
  endloop
endfacet
facet normal 0.0 0.0 0.0
  outer loop
    vertex -2.441291093826294 0.7942046523094177 6.1999993324279785
    vertex -2.641291856765747 0.7942046523094177 6.1999993324279785
    vertex -2.441291093826294 -1.205795168876648 6.1999993324279785
  endloop
endfacet
facet normal 0.0 0.0 0.0
  outer loop
    vertex -2.441291093826294 -1.205795168876648 6.1999993324279785
    vertex -2.641291856765747 0.7942046523094177 6.1999993324279785
    vertex -2.641291856765747 -1.205795168876648 6.1999993324279785
  endloop
endfacet
facet normal 0.0 0.0 0.0
  outer loop
    vertex -1.943701982498169 1.291793704032898 5.749009609222412
    vertex -1.941291093826294 1.294204592704773 5.699999809265137
    vertex -3.138880968093872 1.291793704032898 5.749009609222412
  endloop
endfacet
facet normal 0.0 0.0 0.0
  outer loop
    vertex -3.138880968093872 1.291793704032898 5.749009609222412
    vertex -1.941291093826294 1.294204592704773 5.699999809265137
    vertex -3.141291856765747 1.294204592704773 5.699999809265137
  endloop
endfacet
facet normal 0.0 0.0 0.0
  outer loop
    vertex -1.9509003162384033 1.284591555595398 5.797549247741699
    vertex -1.943701982498169 1.291793704032898 5.749009609222412
    vertex -3.1316826343536377 1.284591555595398 5.797549247741699
  endloop
endfacet
facet normal 0.0 0.0 0.0
  outer loop
    vertex -3.1316826343536377 1.284591555595398 5.797549247741699
    vertex -1.943701982498169 1.291793704032898 5.749009609222412
    vertex -3.138880968093872 1.291793704032898 5.749009609222412
  endloop
endfacet
facet normal 0.0 0.0 0.0
  outer loop
    vertex -3.1032326221466064 1.2561415433883667 5.891339302062988
    vertex -1.9793503284454346 1.2561415433883667 5.891339302062988
    vertex -3.1316826343536377 1.284591555595398 5.797549247741699
  endloop
endfacet
facet normal 0.0 0.0 0.0
  outer loop
    vertex -3.1316826343536377 1.284591555595398 5.797549247741699
    vertex -1.9793503284454346 1.2561415433883667 5.891339302062988
    vertex -1.9509003162384033 1.284591555595398 5.797549247741699
  endloop
endfacet
facet normal 0.0 0.0 0.0
  outer loop
    vertex -2.025561571121216 1.2099303007125854 5.977789878845215
    vertex -1.9793503284454346 1.2561415433883667 5.891339302062988
    vertex -3.057021379470825 1.2099303007125854 5.977789878845215
  endloop
endfacet
facet normal 0.0 0.0 0.0
  outer loop
    vertex -3.057021379470825 1.2099303007125854 5.977789878845215
    vertex -1.9793503284454346 1.2561415433883667 5.891339302062988
    vertex -3.1032326221466064 1.2561415433883667 5.891339302062988
  endloop
endfacet
facet normal 0.0 0.0 0.0
  outer loop
    vertex -2.0877411365509033 1.147750735282898 6.053549289703369
    vertex -2.025561571121216 1.2099303007125854 5.977789878845215
    vertex -2.9948418140411377 1.147750735282898 6.053549289703369
  endloop
endfacet
facet normal 0.0 0.0 0.0
  outer loop
    vertex -2.9948418140411377 1.147750735282898 6.053549289703369
    vertex -2.025561571121216 1.2099303007125854 5.977789878845215
    vertex -3.057021379470825 1.2099303007125854 5.977789878845215
  endloop
endfacet
facet normal 0.0 0.0 0.0
  outer loop
    vertex -2.919081926345825 1.0719908475875854 6.115729331970215
    vertex -2.163501024246216 1.0719908475875854 6.115729331970215
    vertex -2.9948418140411377 1.147750735282898 6.053549289703369
  endloop
endfacet
facet normal 0.0 0.0 0.0
  outer loop
    vertex -2.9948418140411377 1.147750735282898 6.053549289703369
    vertex -2.163501024246216 1.0719908475875854 6.115729331970215
    vertex -2.0877411365509033 1.147750735282898 6.053549289703369
  endloop
endfacet
facet normal 0.0 0.0 0.0
  outer loop
    vertex -2.8326332569122314 0.9855422377586365 6.16193962097168
    vertex -2.2499496936798096 0.9855422377586365 6.16193962097168
    vertex -2.919081926345825 1.0719908475875854 6.115729331970215
  endloop
endfacet
facet normal 0.0 0.0 0.0
  outer loop
    vertex -2.919081926345825 1.0719908475875854 6.115729331970215
    vertex -2.2499496936798096 0.9855422377586365 6.16193962097168
    vertex -2.163501024246216 1.0719908475875854 6.115729331970215
  endloop
endfacet
facet normal 0.0 0.0 0.0
  outer loop
    vertex -2.7388412952423096 0.8917540907859802 6.190389633178711
    vertex -2.3437416553497314 0.8917540907859802 6.190389633178711
    vertex -2.8326332569122314 0.9855422377586365 6.16193962097168
  endloop
endfacet
facet normal 0.0 0.0 0.0
  outer loop
    vertex -2.8326332569122314 0.9855422377586365 6.16193962097168
    vertex -2.3437416553497314 0.8917540907859802 6.190389633178711
    vertex -2.2499496936798096 0.9855422377586365 6.16193962097168
  endloop
endfacet
facet normal 0.0 0.0 0.0
  outer loop
    vertex -2.641291856765747 0.7942046523094177 6.1999993324279785
    vertex -2.441291093826294 0.7942046523094177 6.1999993324279785
    vertex -2.7388412952423096 0.8917540907859802 6.190389633178711
  endloop
endfacet
facet normal 0.0 0.0 0.0
  outer loop
    vertex -2.7388412952423096 0.8917540907859802 6.190389633178711
    vertex -2.441291093826294 0.7942046523094177 6.1999993324279785
    vertex -2.3437416553497314 0.8917540907859802 6.190389633178711
  endloop
endfacet
facet normal 0.0 0.0 0.0
  outer loop
    vertex -1.943701982498169 -1.703384280204773 5.749009609222412
    vertex -3.138880968093872 -1.703384280204773 5.749009609222412
    vertex -1.941291093826294 -1.705795168876648 5.699999809265137
  endloop
endfacet
facet normal 0.0 0.0 0.0
  outer loop
    vertex -1.941291093826294 -1.705795168876648 5.699999809265137
    vertex -3.138880968093872 -1.703384280204773 5.749009609222412
    vertex -3.141291856765747 -1.705795168876648 5.699999809265137
  endloop
endfacet
facet normal 0.0 0.0 0.0
  outer loop
    vertex -1.9509003162384033 -1.6961897611618042 5.797549247741699
    vertex -3.1316826343536377 -1.6961897611618042 5.797549247741699
    vertex -1.943701982498169 -1.703384280204773 5.749009609222412
  endloop
endfacet
facet normal 0.0 0.0 0.0
  outer loop
    vertex -1.943701982498169 -1.703384280204773 5.749009609222412
    vertex -3.1316826343536377 -1.6961897611618042 5.797549247741699
    vertex -3.138880968093872 -1.703384280204773 5.749009609222412
  endloop
endfacet
facet normal 0.0 0.0 0.0
  outer loop
    vertex -3.1032326221466064 -1.667739748954773 5.891339302062988
    vertex -3.1316826343536377 -1.6961897611618042 5.797549247741699
    vertex -1.9793503284454346 -1.667739748954773 5.891339302062988
  endloop
endfacet
facet normal 0.0 0.0 0.0
  outer loop
    vertex -1.9793503284454346 -1.667739748954773 5.891339302062988
    vertex -3.1316826343536377 -1.6961897611618042 5.797549247741699
    vertex -1.9509003162384033 -1.6961897611618042 5.797549247741699
  endloop
endfacet
facet normal 0.0 0.0 0.0
  outer loop
    vertex -2.025561571121216 -1.6215285062789917 5.977789878845215
    vertex -3.057021379470825 -1.6215285062789917 5.977789878845215
    vertex -1.9793503284454346 -1.667739748954773 5.891339302062988
  endloop
endfacet
facet normal 0.0 0.0 0.0
  outer loop
    vertex -1.9793503284454346 -1.667739748954773 5.891339302062988
    vertex -3.057021379470825 -1.6215285062789917 5.977789878845215
    vertex -3.1032326221466064 -1.667739748954773 5.891339302062988
  endloop
endfacet
facet normal 0.0 0.0 0.0
  outer loop
    vertex -2.0877411365509033 -1.5593489408493042 6.053549289703369
    vertex -2.9948418140411377 -1.5593489408493042 6.053549289703369
    vertex -2.025561571121216 -1.6215285062789917 5.977789878845215
  endloop
endfacet
facet normal 0.0 0.0 0.0
  outer loop
    vertex -2.025561571121216 -1.6215285062789917 5.977789878845215
    vertex -2.9948418140411377 -1.5593489408493042 6.053549289703369
    vertex -3.057021379470825 -1.6215285062789917 5.977789878845215
  endloop
endfacet
facet normal 0.0 0.0 0.0
  outer loop
    vertex -2.163501024246216 -1.4835890531539917 6.115729331970215
    vertex -2.919081926345825 -1.4835890531539917 6.115729331970215
    vertex -2.0877411365509033 -1.5593489408493042 6.053549289703369
  endloop
endfacet
facet normal 0.0 0.0 0.0
  outer loop
    vertex -2.0877411365509033 -1.5593489408493042 6.053549289703369
    vertex -2.919081926345825 -1.4835890531539917 6.115729331970215
    vertex -2.9948418140411377 -1.5593489408493042 6.053549289703369
  endloop
endfacet
facet normal 0.0 0.0 0.0
  outer loop
    vertex -2.2499496936798096 -1.397140383720398 6.16193962097168
    vertex -2.8326332569122314 -1.397140383720398 6.16193962097168
    vertex -2.163501024246216 -1.4835890531539917 6.115729331970215
  endloop
endfacet
facet normal 0.0 0.0 0.0
  outer loop
    vertex -2.163501024246216 -1.4835890531539917 6.115729331970215
    vertex -2.8326332569122314 -1.397140383720398 6.16193962097168
    vertex -2.919081926345825 -1.4835890531539917 6.115729331970215
  endloop
endfacet
facet normal 0.0 0.0 0.0
  outer loop
    vertex -2.3437416553497314 -1.3033446073532104 6.190389633178711
    vertex -2.7388412952423096 -1.3033446073532104 6.190389633178711
    vertex -2.2499496936798096 -1.397140383720398 6.16193962097168
  endloop
endfacet
facet normal 0.0 0.0 0.0
  outer loop
    vertex -2.2499496936798096 -1.397140383720398 6.16193962097168
    vertex -2.7388412952423096 -1.3033446073532104 6.190389633178711
    vertex -2.8326332569122314 -1.397140383720398 6.16193962097168
  endloop
endfacet
facet normal 0.0 0.0 0.0
  outer loop
    vertex -2.441291093826294 -1.205795168876648 6.1999993324279785
    vertex -2.641291856765747 -1.205795168876648 6.1999993324279785
    vertex -2.3437416553497314 -1.3033446073532104 6.190389633178711
  endloop
endfacet
facet normal 0.0 0.0 0.0
  outer loop
    vertex -2.3437416553497314 -1.3033446073532104 6.190389633178711
    vertex -2.641291856765747 -1.205795168876648 6.1999993324279785
    vertex -2.7388412952423096 -1.3033446073532104 6.190389633178711
  endloop
endfacet
facet normal 0.0 0.0 0.0
  outer loop
    vertex -1.941291093826294 -1.705795168876648 5.699999809265137
    vertex -1.941291093826294 -1.705795168876648 3.0999996662139893
    vertex -1.941291093826294 1.294204592704773 5.699999809265137
  endloop
endfacet
facet normal 0.0 0.0 0.0
  outer loop
    vertex -1.941291093826294 1.294204592704773 5.699999809265137
    vertex -1.941291093826294 -1.705795168876648 3.0999996662139893
    vertex -1.941291093826294 1.294204592704773 3.0999999046325684
  endloop
endfacet
facet normal 0.0 0.0 0.0
  outer loop
    vertex -1.941291093826294 1.294204592704773 5.699999809265137
    vertex -1.941291093826294 1.294204592704773 3.0999999046325684
    vertex -3.141291856765747 1.294204592704773 5.699999809265137
  endloop
endfacet
facet normal 0.0 0.0 0.0
  outer loop
    vertex -3.141291856765747 1.294204592704773 5.699999809265137
    vertex -1.941291093826294 1.294204592704773 3.0999999046325684
    vertex -3.141291856765747 1.294204592704773 3.0999999046325684
  endloop
endfacet
facet normal 0.0 0.0 0.0
  outer loop
    vertex 5.158709526062012 -1.9057997465133667 3.0999996662139893
    vertex 5.158709526062012 1.4942015409469604 3.0999999046325684
    vertex 3.758709669113159 1.294204592704773 3.0999999046325684
  endloop
endfacet
facet normal 0.0 0.0 0.0
  outer loop
    vertex 3.758709669113159 1.294204592704773 3.0999999046325684
    vertex 5.158709526062012 1.4942015409469604 3.0999999046325684
    vertex 5.145079612731934 1.597732424736023 3.0999999046325684
  endloop
endfacet
facet normal 0.0 0.0 0.0
  outer loop
    vertex 3.758709669113159 1.294204592704773 3.0999999046325684
    vertex 5.145079612731934 1.597732424736023 3.0999999046325684
    vertex 4.7587080001831055 1.8942030668258667 3.0999999046325684
  endloop
endfacet
facet normal 0.0 0.0 0.0
  outer loop
    vertex 4.7587080001831055 1.8942030668258667 3.0999999046325684
    vertex 5.145079612731934 1.597732424736023 3.0999999046325684
    vertex 5.105118751525879 1.6942061185836792 3.0999999046325684
  endloop
endfacet
facet normal 0.0 0.0 0.0
  outer loop
    vertex 4.7587080001831055 1.8942030668258667 3.0999999046325684
    vertex 5.105118751525879 1.6942061185836792 3.0999999046325684
    vertex 5.041548728942871 1.7770460844039917 3.0999999046325684
  endloop
endfacet
facet normal 0.0 0.0 0.0
  outer loop
    vertex 5.041548728942871 1.7770460844039917 3.0999999046325684
    vertex 4.958708763122559 1.8406141996383667 3.0999999046325684
    vertex 4.7587080001831055 1.8942030668258667 3.0999999046325684
  endloop
endfacet
facet normal 0.0 0.0 0.0
  outer loop
    vertex 4.7587080001831055 1.8942030668258667 3.0999999046325684
    vertex 4.958708763122559 1.8406141996383667 3.0999999046325684
    vertex 4.862238883972168 1.880569338798523 3.0999999046325684
  endloop
endfacet
facet normal 0.0 0.0 0.0
  outer loop
    vertex 3.758709669113159 1.294204592704773 3.0999999046325684
    vertex 4.7587080001831055 1.8942030668258667 3.0999999046325684
    vertex 2.558708906173706 1.294204592704773 3.0999999046325684
  endloop
endfacet
facet normal 0.0 0.0 0.0
  outer loop
    vertex 2.558708906173706 1.294204592704773 3.0999999046325684
    vertex 4.7587080001831055 1.8942030668258667 3.0999999046325684
    vertex -4.141291618347168 1.8942030668258667 3.0999999046325684
  endloop
endfacet
facet normal 0.0 0.0 0.0
  outer loop
    vertex 2.558708906173706 1.294204592704773 3.0999999046325684
    vertex -4.141291618347168 1.8942030668258667 3.0999999046325684
    vertex -1.941291093826294 1.294204592704773 3.0999999046325684
  endloop
endfacet
facet normal 0.0 0.0 0.0
  outer loop
    vertex -1.941291093826294 1.294204592704773 3.0999999046325684
    vertex -4.141291618347168 1.8942030668258667 3.0999999046325684
    vertex -3.141291856765747 1.294204592704773 3.0999999046325684
  endloop
endfacet
facet normal 0.0 0.0 0.0
  outer loop
    vertex -3.141291856765747 1.294204592704773 3.0999999046325684
    vertex -4.141291618347168 1.8942030668258667 3.0999999046325684
    vertex -4.527663230895996 1.597732424736023 3.0999999046325684
  endloop
endfacet
facet normal 0.0 0.0 0.0
  outer loop
    vertex -3.141291856765747 1.294204592704773 3.0999999046325684
    vertex -4.527663230895996 1.597732424736023 3.0999999046325684
    vertex -4.541293144226074 1.4942015409469604 3.0999999046325684
  endloop
endfacet
facet normal 0.0 0.0 0.0
  outer loop
    vertex -4.2448225021362305 1.880569338798523 3.0999999046325684
    vertex -4.341292381286621 1.8406141996383667 3.0999999046325684
    vertex -4.141291618347168 1.8942030668258667 3.0999999046325684
  endloop
endfacet
facet normal 0.0 0.0 0.0
  outer loop
    vertex -4.141291618347168 1.8942030668258667 3.0999999046325684
    vertex -4.341292381286621 1.8406141996383667 3.0999999046325684
    vertex -4.424132347106934 1.7770460844039917 3.0999999046325684
  endloop
endfacet
facet normal 0.0 0.0 0.0
  outer loop
    vertex -4.141291618347168 1.8942030668258667 3.0999999046325684
    vertex -4.424132347106934 1.7770460844039917 3.0999999046325684
    vertex -4.487700462341309 1.6942061185836792 3.0999999046325684
  endloop
endfacet
facet normal 0.0 0.0 0.0
  outer loop
    vertex -4.487700462341309 1.6942061185836792 3.0999999046325684
    vertex -4.527663230895996 1.597732424736023 3.0999999046325684
    vertex -4.141291618347168 1.8942030668258667 3.0999999046325684
  endloop
endfacet
facet normal 0.0 0.0 0.0
  outer loop
    vertex -4.541293144226074 1.4942015409469604 3.0999999046325684
    vertex -4.541293144226074 -1.9057997465133667 3.0999996662139893
    vertex -3.141291856765747 1.294204592704773 3.0999999046325684
  endloop
endfacet
facet normal 0.0 0.0 0.0
  outer loop
    vertex -3.141291856765747 1.294204592704773 3.0999999046325684
    vertex -4.541293144226074 -1.9057997465133667 3.0999996662139893
    vertex -3.141291856765747 -1.705795168876648 3.0999996662139893
  endloop
endfacet
facet normal 0.0 0.0 0.0
  outer loop
    vertex -3.141291856765747 -1.705795168876648 3.0999996662139893
    vertex -4.541293144226074 -1.9057997465133667 3.0999996662139893
    vertex -4.527663230895996 -2.0093305110931396 3.0999996662139893
  endloop
endfacet
facet normal 0.0 0.0 0.0
  outer loop
    vertex -3.141291856765747 -1.705795168876648 3.0999996662139893
    vertex -4.527663230895996 -2.0093305110931396 3.0999996662139893
    vertex -4.141291618347168 -2.305793523788452 3.0999996662139893
  endloop
endfacet
facet normal 0.0 0.0 0.0
  outer loop
    vertex -4.141291618347168 -2.305793523788452 3.0999996662139893
    vertex -4.527663230895996 -2.0093305110931396 3.0999996662139893
    vertex -4.487700462341309 -2.1057965755462646 3.0999996662139893
  endloop
endfacet
facet normal 0.0 0.0 0.0
  outer loop
    vertex -4.141291618347168 -2.305793523788452 3.0999996662139893
    vertex -4.487700462341309 -2.1057965755462646 3.0999996662139893
    vertex -4.424132347106934 -2.188636541366577 3.0999996662139893
  endloop
endfacet
facet normal 0.0 0.0 0.0
  outer loop
    vertex -4.424132347106934 -2.188636541366577 3.0999996662139893
    vertex -4.341292381286621 -2.252204656600952 3.0999996662139893
    vertex -4.141291618347168 -2.305793523788452 3.0999996662139893
  endloop
endfacet
facet normal 0.0 0.0 0.0
  outer loop
    vertex -4.141291618347168 -2.305793523788452 3.0999996662139893
    vertex -4.341292381286621 -2.252204656600952 3.0999996662139893
    vertex -4.2448225021362305 -2.2921674251556396 3.0999996662139893
  endloop
endfacet
facet normal 0.0 0.0 0.0
  outer loop
    vertex -4.141291618347168 -2.305793523788452 3.0999996662139893
    vertex -1.141291856765747 -2.305793523788452 3.0999996662139893
    vertex -3.141291856765747 -1.705795168876648 3.0999996662139893
  endloop
endfacet
facet normal 0.0 0.0 0.0
  outer loop
    vertex -3.141291856765747 -1.705795168876648 3.0999996662139893
    vertex -1.141291856765747 -2.305793523788452 3.0999996662139893
    vertex -1.941291093826294 -1.705795168876648 3.0999996662139893
  endloop
endfacet
facet normal 0.0 0.0 0.0
  outer loop
    vertex -1.941291093826294 -1.705795168876648 3.0999996662139893
    vertex -1.141291856765747 -2.305793523788452 3.0999996662139893
    vertex 1.7587096691131592 -2.305793523788452 3.0999996662139893
  endloop
endfacet
facet normal 0.0 0.0 0.0
  outer loop
    vertex -1.941291093826294 -1.705795168876648 3.0999996662139893
    vertex 1.7587096691131592 -2.305793523788452 3.0999996662139893
    vertex 2.558708906173706 -1.705795168876648 3.0999996662139893
  endloop
endfacet
facet normal 0.0 0.0 0.0
  outer loop
    vertex 2.558708906173706 -1.705795168876648 3.0999996662139893
    vertex 1.7587096691131592 -2.305793523788452 3.0999996662139893
    vertex 3.758709669113159 -1.705795168876648 3.0999996662139893
  endloop
endfacet
facet normal 0.0 0.0 0.0
  outer loop
    vertex 3.758709669113159 -1.705795168876648 3.0999996662139893
    vertex 1.7587096691131592 -2.305793523788452 3.0999996662139893
    vertex 4.7587080001831055 -2.305793523788452 3.0999996662139893
  endloop
endfacet
facet normal 0.0 0.0 0.0
  outer loop
    vertex 3.758709669113159 -1.705795168876648 3.0999996662139893
    vertex 4.7587080001831055 -2.305793523788452 3.0999996662139893
    vertex 5.145079612731934 -2.0093305110931396 3.0999996662139893
  endloop
endfacet
facet normal 0.0 0.0 0.0
  outer loop
    vertex 5.145079612731934 -2.0093305110931396 3.0999996662139893
    vertex 4.7587080001831055 -2.305793523788452 3.0999996662139893
    vertex 5.105118751525879 -2.1057965755462646 3.0999996662139893
  endloop
endfacet
facet normal 0.0 0.0 0.0
  outer loop
    vertex 5.105118751525879 -2.1057965755462646 3.0999996662139893
    vertex 4.7587080001831055 -2.305793523788452 3.0999996662139893
    vertex 5.041548728942871 -2.188636541366577 3.0999996662139893
  endloop
endfacet
facet normal 0.0 0.0 0.0
  outer loop
    vertex 5.041548728942871 -2.188636541366577 3.0999996662139893
    vertex 4.7587080001831055 -2.305793523788452 3.0999996662139893
    vertex 4.958708763122559 -2.252204656600952 3.0999996662139893
  endloop
endfacet
facet normal 0.0 0.0 0.0
  outer loop
    vertex 4.958708763122559 -2.252204656600952 3.0999996662139893
    vertex 4.7587080001831055 -2.305793523788452 3.0999996662139893
    vertex 4.862238883972168 -2.2921674251556396 3.0999996662139893
  endloop
endfacet
facet normal 0.0 0.0 0.0
  outer loop
    vertex 1.7587096691131592 -2.305793523788452 3.0999996662139893
    vertex -1.141291856765747 -2.305793523788452 3.0999996662139893
    vertex 1.7587096691131592 -2.905799627304077 3.0999996662139893
  endloop
endfacet
facet normal 0.0 0.0 0.0
  outer loop
    vertex 1.7587096691131592 -2.905799627304077 3.0999996662139893
    vertex -1.141291856765747 -2.305793523788452 3.0999996662139893
    vertex -1.141291856765747 -2.905799627304077 3.0999996662139893
  endloop
endfacet
facet normal 0.0 0.0 0.0
  outer loop
    vertex 1.7587096691131592 -2.905799627304077 3.0999996662139893
    vertex -1.141291856765747 -2.905799627304077 3.0999996662139893
    vertex 1.358708143234253 -3.305793523788452 3.0999996662139893
  endloop
endfacet
facet normal 0.0 0.0 0.0
  outer loop
    vertex 1.358708143234253 -3.305793523788452 3.0999996662139893
    vertex -1.141291856765747 -2.905799627304077 3.0999996662139893
    vertex -0.741290271282196 -3.305793523788452 3.0999996662139893
  endloop
endfacet
facet normal 0.0 0.0 0.0
  outer loop
    vertex -0.741290271282196 -3.305793523788452 3.0999996662139893
    vertex -1.141291856765747 -2.905799627304077 3.0999996662139893
    vertex -1.127661943435669 -3.0093305110931396 3.0999996662139893
  endloop
endfacet
facet normal 0.0 0.0 0.0
  outer loop
    vertex -0.741290271282196 -3.305793523788452 3.0999996662139893
    vertex -1.127661943435669 -3.0093305110931396 3.0999996662139893
    vertex -1.087702989578247 -3.1057965755462646 3.0999996662139893
  endloop
endfacet
facet normal 0.0 0.0 0.0
  outer loop
    vertex -1.087702989578247 -3.1057965755462646 3.0999996662139893
    vertex -1.0241310596466064 -3.188636541366577 3.0999996662139893
    vertex -0.741290271282196 -3.305793523788452 3.0999996662139893
  endloop
endfacet
facet normal 0.0 0.0 0.0
  outer loop
    vertex -0.741290271282196 -3.305793523788452 3.0999996662139893
    vertex -1.0241310596466064 -3.188636541366577 3.0999996662139893
    vertex -0.9412910342216492 -3.252204656600952 3.0999996662139893
  endloop
endfacet
facet normal 0.0 0.0 0.0
  outer loop
    vertex -0.741290271282196 -3.305793523788452 3.0999996662139893
    vertex -0.9412910342216492 -3.252204656600952 3.0999996662139893
    vertex -0.8448211550712585 -3.2921674251556396 3.0999996662139893
  endloop
endfacet
facet normal 0.0 0.0 0.0
  outer loop
    vertex 1.4622390270233154 -3.2921674251556396 3.0999996662139893
    vertex 1.558708906173706 -3.252204656600952 3.0999996662139893
    vertex 1.358708143234253 -3.305793523788452 3.0999996662139893
  endloop
endfacet
facet normal 0.0 0.0 0.0
  outer loop
    vertex 1.358708143234253 -3.305793523788452 3.0999996662139893
    vertex 1.558708906173706 -3.252204656600952 3.0999996662139893
    vertex 1.6415488719940186 -3.188636541366577 3.0999996662139893
  endloop
endfacet
facet normal 0.0 0.0 0.0
  outer loop
    vertex 1.358708143234253 -3.305793523788452 3.0999996662139893
    vertex 1.6415488719940186 -3.188636541366577 3.0999996662139893
    vertex 1.7051169872283936 -3.1057965755462646 3.0999996662139893
  endloop
endfacet
facet normal 0.0 0.0 0.0
  outer loop
    vertex 1.7051169872283936 -3.1057965755462646 3.0999996662139893
    vertex 1.745079755783081 -3.0093305110931396 3.0999996662139893
    vertex 1.358708143234253 -3.305793523788452 3.0999996662139893
  endloop
endfacet
facet normal 0.0 0.0 0.0
  outer loop
    vertex 1.358708143234253 -3.305793523788452 3.0999996662139893
    vertex 1.745079755783081 -3.0093305110931396 3.0999996662139893
    vertex 1.7587096691131592 -2.905799627304077 3.0999996662139893
  endloop
endfacet
facet normal 0.0 0.0 0.0
  outer loop
    vertex 5.145079612731934 -2.0093305110931396 3.0999996662139893
    vertex 5.158709526062012 -1.9057997465133667 3.0999996662139893
    vertex 3.758709669113159 -1.705795168876648 3.0999996662139893
  endloop
endfacet
facet normal 0.0 0.0 0.0
  outer loop
    vertex 3.758709669113159 -1.705795168876648 3.0999996662139893
    vertex 5.158709526062012 -1.9057997465133667 3.0999996662139893
    vertex 3.758709669113159 1.294204592704773 3.0999999046325684
  endloop
endfacet
facet normal 0.0 0.0 0.0
  outer loop
    vertex 2.558708906173706 1.294204592704773 3.0999999046325684
    vertex -1.941291093826294 1.294204592704773 3.0999999046325684
    vertex 2.558708906173706 -1.705795168876648 3.0999996662139893
  endloop
endfacet
facet normal 0.0 0.0 0.0
  outer loop
    vertex 2.558708906173706 -1.705795168876648 3.0999996662139893
    vertex -1.941291093826294 1.294204592704773 3.0999999046325684
    vertex -1.941291093826294 -1.705795168876648 3.0999996662139893
  endloop
endfacet
facet normal 0.0 0.0 0.0
  outer loop
    vertex -3.138880968093872 -1.703384280204773 5.749009609222412
    vertex -3.138880968093872 1.291793704032898 5.749009609222412
    vertex -3.141291856765747 -1.705795168876648 5.699999809265137
  endloop
endfacet
facet normal 0.0 0.0 0.0
  outer loop
    vertex -3.141291856765747 -1.705795168876648 5.699999809265137
    vertex -3.138880968093872 1.291793704032898 5.749009609222412
    vertex -3.141291856765747 1.294204592704773 5.699999809265137
  endloop
endfacet
facet normal 0.0 0.0 0.0
  outer loop
    vertex -3.1316826343536377 -1.6961897611618042 5.797549247741699
    vertex -3.1316826343536377 1.284591555595398 5.797549247741699
    vertex -3.138880968093872 -1.703384280204773 5.749009609222412
  endloop
endfacet
facet normal 0.0 0.0 0.0
  outer loop
    vertex -3.138880968093872 -1.703384280204773 5.749009609222412
    vertex -3.1316826343536377 1.284591555595398 5.797549247741699
    vertex -3.138880968093872 1.291793704032898 5.749009609222412
  endloop
endfacet
facet normal 0.0 0.0 0.0
  outer loop
    vertex -3.1032326221466064 -1.667739748954773 5.891339302062988
    vertex -3.1032326221466064 1.2561415433883667 5.891339302062988
    vertex -3.1316826343536377 -1.6961897611618042 5.797549247741699
  endloop
endfacet
facet normal 0.0 0.0 0.0
  outer loop
    vertex -3.1316826343536377 -1.6961897611618042 5.797549247741699
    vertex -3.1032326221466064 1.2561415433883667 5.891339302062988
    vertex -3.1316826343536377 1.284591555595398 5.797549247741699
  endloop
endfacet
facet normal 0.0 0.0 0.0
  outer loop
    vertex -3.057021379470825 -1.6215285062789917 5.977789878845215
    vertex -3.057021379470825 1.2099303007125854 5.977789878845215
    vertex -3.1032326221466064 -1.667739748954773 5.891339302062988
  endloop
endfacet
facet normal 0.0 0.0 0.0
  outer loop
    vertex -3.1032326221466064 -1.667739748954773 5.891339302062988
    vertex -3.057021379470825 1.2099303007125854 5.977789878845215
    vertex -3.1032326221466064 1.2561415433883667 5.891339302062988
  endloop
endfacet
facet normal 0.0 0.0 0.0
  outer loop
    vertex -2.9948418140411377 -1.5593489408493042 6.053549289703369
    vertex -2.9948418140411377 1.147750735282898 6.053549289703369
    vertex -3.057021379470825 -1.6215285062789917 5.977789878845215
  endloop
endfacet
facet normal 0.0 0.0 0.0
  outer loop
    vertex -3.057021379470825 -1.6215285062789917 5.977789878845215
    vertex -2.9948418140411377 1.147750735282898 6.053549289703369
    vertex -3.057021379470825 1.2099303007125854 5.977789878845215
  endloop
endfacet
facet normal 0.0 0.0 0.0
  outer loop
    vertex -2.919081926345825 -1.4835890531539917 6.115729331970215
    vertex -2.919081926345825 1.0719908475875854 6.115729331970215
    vertex -2.9948418140411377 -1.5593489408493042 6.053549289703369
  endloop
endfacet
facet normal 0.0 0.0 0.0
  outer loop
    vertex -2.9948418140411377 -1.5593489408493042 6.053549289703369
    vertex -2.919081926345825 1.0719908475875854 6.115729331970215
    vertex -2.9948418140411377 1.147750735282898 6.053549289703369
  endloop
endfacet
facet normal 0.0 0.0 0.0
  outer loop
    vertex -2.8326332569122314 -1.397140383720398 6.16193962097168
    vertex -2.8326332569122314 0.9855422377586365 6.16193962097168
    vertex -2.919081926345825 -1.4835890531539917 6.115729331970215
  endloop
endfacet
facet normal 0.0 0.0 0.0
  outer loop
    vertex -2.919081926345825 -1.4835890531539917 6.115729331970215
    vertex -2.8326332569122314 0.9855422377586365 6.16193962097168
    vertex -2.919081926345825 1.0719908475875854 6.115729331970215
  endloop
endfacet
facet normal 0.0 0.0 0.0
  outer loop
    vertex -2.7388412952423096 -1.3033446073532104 6.190389633178711
    vertex -2.7388412952423096 0.8917540907859802 6.190389633178711
    vertex -2.8326332569122314 -1.397140383720398 6.16193962097168
  endloop
endfacet
facet normal 0.0 0.0 0.0
  outer loop
    vertex -2.8326332569122314 -1.397140383720398 6.16193962097168
    vertex -2.7388412952423096 0.8917540907859802 6.190389633178711
    vertex -2.8326332569122314 0.9855422377586365 6.16193962097168
  endloop
endfacet
facet normal 0.0 0.0 0.0
  outer loop
    vertex -2.641291856765747 -1.205795168876648 6.1999993324279785
    vertex -2.641291856765747 0.7942046523094177 6.1999993324279785
    vertex -2.7388412952423096 -1.3033446073532104 6.190389633178711
  endloop
endfacet
facet normal 0.0 0.0 0.0
  outer loop
    vertex -2.7388412952423096 -1.3033446073532104 6.190389633178711
    vertex -2.641291856765747 0.7942046523094177 6.1999993324279785
    vertex -2.7388412952423096 0.8917540907859802 6.190389633178711
  endloop
endfacet
facet normal 0.0 0.0 0.0
  outer loop
    vertex -3.141291856765747 -1.705795168876648 5.699999809265137
    vertex -3.141291856765747 -1.705795168876648 3.0999996662139893
    vertex -1.941291093826294 -1.705795168876648 5.699999809265137
  endloop
endfacet
facet normal 0.0 0.0 0.0
  outer loop
    vertex -1.941291093826294 -1.705795168876648 5.699999809265137
    vertex -3.141291856765747 -1.705795168876648 3.0999996662139893
    vertex -1.941291093826294 -1.705795168876648 3.0999996662139893
  endloop
endfacet
facet normal 0.0 0.0 0.0
  outer loop
    vertex -3.141291856765747 1.294204592704773 5.699999809265137
    vertex -3.141291856765747 1.294204592704773 3.0999999046325684
    vertex -3.141291856765747 -1.705795168876648 5.699999809265137
  endloop
endfacet
facet normal 0.0 0.0 0.0
  outer loop
    vertex -3.141291856765747 -1.705795168876648 5.699999809265137
    vertex -3.141291856765747 1.294204592704773 3.0999999046325684
    vertex -3.141291856765747 -1.705795168876648 3.0999996662139893
  endloop
endfacet
facet normal 0.0 0.0 0.0
  outer loop
    vertex 4.862238883972168 1.880569338798523 3.0999999046325684
    vertex 4.862238883972168 1.880569338798523 2.999999761581421
    vertex 4.7587080001831055 1.8942030668258667 3.0999999046325684
  endloop
endfacet
facet normal 0.0 0.0 0.0
  outer loop
    vertex 4.7587080001831055 1.8942030668258667 3.0999999046325684
    vertex 4.862238883972168 1.880569338798523 2.999999761581421
    vertex 4.7587080001831055 1.8942030668258667 2.999999761581421
  endloop
endfacet
facet normal 0.0 0.0 0.0
  outer loop
    vertex 4.958708763122559 1.8406141996383667 2.999999761581421
    vertex 4.958518028259277 1.8406904935836792 2.999999761581421
    vertex 4.958708763122559 1.8406141996383667 3.0999999046325684
  endloop
endfacet
facet normal 0.0 0.0 0.0
  outer loop
    vertex 4.958708763122559 1.8406141996383667 3.0999999046325684
    vertex 4.958518028259277 1.8406904935836792 2.999999761581421
    vertex 4.862238883972168 1.880569338798523 3.0999999046325684
  endloop
endfacet
facet normal 0.0 0.0 0.0
  outer loop
    vertex 4.862238883972168 1.880569338798523 3.0999999046325684
    vertex 4.958518028259277 1.8406904935836792 2.999999761581421
    vertex 4.862238883972168 1.880569338798523 2.999999761581421
  endloop
endfacet
facet normal 0.0 0.0 0.0
  outer loop
    vertex 5.041548728942871 1.7770460844039917 2.999999761581421
    vertex 5.0412187576293945 1.7772902250289917 2.999999761581421
    vertex 5.041548728942871 1.7770460844039917 3.0999999046325684
  endloop
endfacet
facet normal 0.0 0.0 0.0
  outer loop
    vertex 5.041548728942871 1.7770460844039917 3.0999999046325684
    vertex 5.0412187576293945 1.7772902250289917 2.999999761581421
    vertex 4.958708763122559 1.8406141996383667 3.0999999046325684
  endloop
endfacet
facet normal 0.0 0.0 0.0
  outer loop
    vertex 4.958708763122559 1.8406141996383667 3.0999999046325684
    vertex 5.0412187576293945 1.7772902250289917 2.999999761581421
    vertex 4.958868980407715 1.8404921293258667 2.999999761581421
  endloop
endfacet
facet normal 0.0 0.0 0.0
  outer loop
    vertex 4.958708763122559 1.8406141996383667 3.0999999046325684
    vertex 4.958868980407715 1.8404921293258667 2.999999761581421
    vertex 4.958708763122559 1.8406141996383667 2.999999761581421
  endloop
endfacet
facet normal 0.0 0.0 0.0
  outer loop
    vertex 5.105118751525879 1.6942061185836792 2.999999761581421
    vertex 5.104659080505371 1.6948012113571167 2.999999761581421
    vertex 5.105118751525879 1.6942061185836792 3.0999999046325684
  endloop
endfacet
facet normal 0.0 0.0 0.0
  outer loop
    vertex 5.105118751525879 1.6942061185836792 3.0999999046325684
    vertex 5.104659080505371 1.6948012113571167 2.999999761581421
    vertex 5.041548728942871 1.7770460844039917 3.0999999046325684
  endloop
endfacet
facet normal 0.0 0.0 0.0
  outer loop
    vertex 5.041548728942871 1.7770460844039917 3.0999999046325684
    vertex 5.104659080505371 1.6948012113571167 2.999999761581421
    vertex 5.041808128356934 1.7767103910446167 2.999999761581421
  endloop
endfacet
facet normal 0.0 0.0 0.0
  outer loop
    vertex 5.041548728942871 1.7770460844039917 3.0999999046325684
    vertex 5.041808128356934 1.7767103910446167 2.999999761581421
    vertex 5.041548728942871 1.7770460844039917 2.999999761581421
  endloop
endfacet
facet normal 0.0 0.0 0.0
  outer loop
    vertex 5.145079612731934 1.597732424736023 2.999999761581421
    vertex 5.144648551940918 1.5987852811813354 2.999999761581421
    vertex 5.145079612731934 1.597732424736023 3.0999999046325684
  endloop
endfacet
facet normal 0.0 0.0 0.0
  outer loop
    vertex 5.145079612731934 1.597732424736023 3.0999999046325684
    vertex 5.144648551940918 1.5987852811813354 2.999999761581421
    vertex 5.105118751525879 1.6942061185836792 3.0999999046325684
  endloop
endfacet
facet normal 0.0 0.0 0.0
  outer loop
    vertex 5.105118751525879 1.6942061185836792 3.0999999046325684
    vertex 5.144648551940918 1.5987852811813354 2.999999761581421
    vertex 5.105408668518066 1.693496584892273 2.999999761581421
  endloop
endfacet
facet normal 0.0 0.0 0.0
  outer loop
    vertex 5.105118751525879 1.6942061185836792 3.0999999046325684
    vertex 5.105408668518066 1.693496584892273 2.999999761581421
    vertex 5.105118751525879 1.6942061185836792 2.999999761581421
  endloop
endfacet
facet normal 0.0 0.0 0.0
  outer loop
    vertex 5.158709526062012 1.4942015409469604 2.999999761581421
    vertex 5.158509254455566 1.4957197904586792 2.999999761581421
    vertex 5.158709526062012 1.4942015409469604 3.0999999046325684
  endloop
endfacet
facet normal 0.0 0.0 0.0
  outer loop
    vertex 5.158709526062012 1.4942015409469604 3.0999999046325684
    vertex 5.158509254455566 1.4957197904586792 2.999999761581421
    vertex 5.145079612731934 1.597732424736023 3.0999999046325684
  endloop
endfacet
facet normal 0.0 0.0 0.0
  outer loop
    vertex 5.145079612731934 1.597732424736023 3.0999999046325684
    vertex 5.158509254455566 1.4957197904586792 2.999999761581421
    vertex 5.145228385925293 1.596603274345398 2.999999761581421
  endloop
endfacet
facet normal 0.0 0.0 0.0
  outer loop
    vertex 5.145079612731934 1.597732424736023 3.0999999046325684
    vertex 5.145228385925293 1.596603274345398 2.999999761581421
    vertex 5.145079612731934 1.597732424736023 2.999999761581421
  endloop
endfacet
facet normal 0.0 0.0 0.0
  outer loop
    vertex 5.158709526062012 1.4942015409469604 2.999999761581421
    vertex 5.158709526062012 1.4942015409469604 3.0999999046325684
    vertex 5.158709526062012 -1.9057997465133667 2.999999761581421
  endloop
endfacet
facet normal 0.0 0.0 0.0
  outer loop
    vertex 5.158709526062012 -1.9057997465133667 2.999999761581421
    vertex 5.158709526062012 1.4942015409469604 3.0999999046325684
    vertex 5.158709526062012 -1.9057997465133667 3.0999996662139893
  endloop
endfacet
facet normal 0.0 0.0 0.0
  outer loop
    vertex 5.145079612731934 -2.0093305110931396 2.999999761581421
    vertex 5.158509254455566 -1.9072874784469604 2.999999761581421
    vertex 5.145079612731934 -2.0093305110931396 3.0999996662139893
  endloop
endfacet
facet normal 0.0 0.0 0.0
  outer loop
    vertex 5.145079612731934 -2.0093305110931396 3.0999996662139893
    vertex 5.158509254455566 -1.9072874784469604 2.999999761581421
    vertex 5.158709526062012 -1.9057997465133667 3.0999996662139893
  endloop
endfacet
facet normal 0.0 0.0 0.0
  outer loop
    vertex 5.158709526062012 -1.9057997465133667 3.0999996662139893
    vertex 5.158509254455566 -1.9072874784469604 2.999999761581421
    vertex 5.158709526062012 -1.9057997465133667 2.999999761581421
  endloop
endfacet
facet normal 0.0 0.0 0.0
  outer loop
    vertex 5.105118751525879 -2.1057965755462646 3.0999996662139893
    vertex 5.105118751525879 -2.1057965755462646 2.999999761581421
    vertex 5.145079612731934 -2.0093305110931396 3.0999996662139893
  endloop
endfacet
facet normal 0.0 0.0 0.0
  outer loop
    vertex 5.145079612731934 -2.0093305110931396 3.0999996662139893
    vertex 5.105118751525879 -2.1057965755462646 2.999999761581421
    vertex 5.145079612731934 -2.0093305110931396 2.999999761581421
  endloop
endfacet
facet normal 0.0 0.0 0.0
  outer loop
    vertex 5.041548728942871 -2.188636541366577 3.0999996662139893
    vertex 5.041548728942871 -2.188636541366577 2.999999761581421
    vertex 5.105118751525879 -2.1057965755462646 3.0999996662139893
  endloop
endfacet
facet normal 0.0 0.0 0.0
  outer loop
    vertex 5.105118751525879 -2.1057965755462646 3.0999996662139893
    vertex 5.041548728942871 -2.188636541366577 2.999999761581421
    vertex 5.105118751525879 -2.1057965755462646 2.999999761581421
  endloop
endfacet
facet normal 0.0 0.0 0.0
  outer loop
    vertex 4.958708763122559 -2.252204656600952 3.0999996662139893
    vertex 4.958708763122559 -2.252204656600952 2.999999761581421
    vertex 5.041548728942871 -2.188636541366577 3.0999996662139893
  endloop
endfacet
facet normal 0.0 0.0 0.0
  outer loop
    vertex 5.041548728942871 -2.188636541366577 3.0999996662139893
    vertex 4.958708763122559 -2.252204656600952 2.999999761581421
    vertex 5.041548728942871 -2.188636541366577 2.999999761581421
  endloop
endfacet
facet normal 0.0 0.0 0.0
  outer loop
    vertex 4.862238883972168 -2.2921674251556396 3.0999996662139893
    vertex 4.862238883972168 -2.2921674251556396 2.999999761581421
    vertex 4.958708763122559 -2.252204656600952 3.0999996662139893
  endloop
endfacet
facet normal 0.0 0.0 0.0
  outer loop
    vertex 4.958708763122559 -2.252204656600952 3.0999996662139893
    vertex 4.862238883972168 -2.2921674251556396 2.999999761581421
    vertex 4.958708763122559 -2.252204656600952 2.999999761581421
  endloop
endfacet
facet normal 0.0 0.0 0.0
  outer loop
    vertex 4.7587080001831055 -2.305793523788452 2.999999761581421
    vertex 4.760228157043457 -2.3055951595306396 2.999999761581421
    vertex 4.7587080001831055 -2.305793523788452 3.0999996662139893
  endloop
endfacet
facet normal 0.0 0.0 0.0
  outer loop
    vertex 4.7587080001831055 -2.305793523788452 3.0999996662139893
    vertex 4.760228157043457 -2.3055951595306396 2.999999761581421
    vertex 4.862238883972168 -2.2921674251556396 3.0999996662139893
  endloop
endfacet
facet normal 0.0 0.0 0.0
  outer loop
    vertex 4.862238883972168 -2.2921674251556396 3.0999996662139893
    vertex 4.760228157043457 -2.3055951595306396 2.999999761581421
    vertex 4.862238883972168 -2.2921674251556396 2.999999761581421
  endloop
endfacet
facet normal 0.0 0.0 0.0
  outer loop
    vertex 1.7587096691131592 -2.305793523788452 2.999999761581421
    vertex 1.7595298290252686 -2.305793523788452 2.999999761581421
    vertex 1.7587096691131592 -2.305793523788452 3.0999996662139893
  endloop
endfacet
facet normal 0.0 0.0 0.0
  outer loop
    vertex 1.7587096691131592 -2.305793523788452 3.0999996662139893
    vertex 1.7595298290252686 -2.305793523788452 2.999999761581421
    vertex 4.7587080001831055 -2.305793523788452 3.0999996662139893
  endloop
endfacet
facet normal 0.0 0.0 0.0
  outer loop
    vertex 4.7587080001831055 -2.305793523788452 3.0999996662139893
    vertex 1.7595298290252686 -2.305793523788452 2.999999761581421
    vertex 4.7587080001831055 -2.305793523788452 2.999999761581421
  endloop
endfacet
facet normal 0.0 0.0 0.0
  outer loop
    vertex 1.7587096691131592 -2.305793523788452 2.999999761581421
    vertex 1.7587096691131592 -2.305793523788452 3.0999996662139893
    vertex 1.7587096691131592 -2.905799627304077 2.999999761581421
  endloop
endfacet
facet normal 0.0 0.0 0.0
  outer loop
    vertex 1.7587096691131592 -2.905799627304077 2.999999761581421
    vertex 1.7587096691131592 -2.305793523788452 3.0999996662139893
    vertex 1.7587096691131592 -2.905799627304077 3.0999996662139893
  endloop
endfacet
facet normal 0.0 0.0 0.0
  outer loop
    vertex 1.745079755783081 -3.0093305110931396 2.999999761581421
    vertex 1.7463500499725342 -2.999694585800171 2.999999761581421
    vertex 1.745079755783081 -3.0093305110931396 3.0999996662139893
  endloop
endfacet
facet normal 0.0 0.0 0.0
  outer loop
    vertex 1.745079755783081 -3.0093305110931396 3.0999996662139893
    vertex 1.7463500499725342 -2.999694585800171 2.999999761581421
    vertex 1.7587096691131592 -2.905799627304077 3.0999996662139893
  endloop
endfacet
facet normal 0.0 0.0 0.0
  outer loop
    vertex 1.7587096691131592 -2.905799627304077 3.0999996662139893
    vertex 1.7463500499725342 -2.999694585800171 2.999999761581421
    vertex 1.7587096691131592 -2.905799627304077 2.999999761581421
  endloop
endfacet
facet normal 0.0 0.0 0.0
  outer loop
    vertex 1.7051169872283936 -3.1057965755462646 2.999999761581421
    vertex 1.7144782543182373 -3.0832059383392334 2.999999761581421
    vertex 1.7051169872283936 -3.1057965755462646 3.0999996662139893
  endloop
endfacet
facet normal 0.0 0.0 0.0
  outer loop
    vertex 1.7051169872283936 -3.1057965755462646 3.0999996662139893
    vertex 1.7144782543182373 -3.0832059383392334 2.999999761581421
    vertex 1.745079755783081 -3.0093305110931396 3.0999996662139893
  endloop
endfacet
facet normal 0.0 0.0 0.0
  outer loop
    vertex 1.745079755783081 -3.0093305110931396 3.0999996662139893
    vertex 1.7144782543182373 -3.0832059383392334 2.999999761581421
    vertex 1.7399070262908936 -3.021827459335327 2.999999761581421
  endloop
endfacet
facet normal 0.0 0.0 0.0
  outer loop
    vertex 1.745079755783081 -3.0093305110931396 3.0999996662139893
    vertex 1.7399070262908936 -3.021827459335327 2.999999761581421
    vertex 1.745079755783081 -3.0093305110931396 2.999999761581421
  endloop
endfacet
facet normal 0.0 0.0 0.0
  outer loop
    vertex 1.6415488719940186 -3.188636541366577 2.999999761581421
    vertex 1.6645972728729248 -3.158599615097046 2.999999761581421
    vertex 1.6415488719940186 -3.188636541366577 3.0999996662139893
  endloop
endfacet
facet normal 0.0 0.0 0.0
  outer loop
    vertex 1.6415488719940186 -3.188636541366577 3.0999996662139893
    vertex 1.6645972728729248 -3.158599615097046 2.999999761581421
    vertex 1.7051169872283936 -3.1057965755462646 3.0999996662139893
  endloop
endfacet
facet normal 0.0 0.0 0.0
  outer loop
    vertex 1.7051169872283936 -3.1057965755462646 3.0999996662139893
    vertex 1.6645972728729248 -3.158599615097046 2.999999761581421
    vertex 1.684788465499878 -3.1322858333587646 2.999999761581421
  endloop
endfacet
facet normal 0.0 0.0 0.0
  outer loop
    vertex 1.7051169872283936 -3.1057965755462646 3.0999996662139893
    vertex 1.684788465499878 -3.1322858333587646 2.999999761581421
    vertex 1.7051169872283936 -3.1057965755462646 2.999999761581421
  endloop
endfacet
facet normal 0.0 0.0 0.0
  outer loop
    vertex 1.558708906173706 -3.252204656600952 2.999999761581421
    vertex 1.5894782543182373 -3.2285993099212646 2.999999761581421
    vertex 1.558708906173706 -3.252204656600952 3.0999996662139893
  endloop
endfacet
facet normal 0.0 0.0 0.0
  outer loop
    vertex 1.558708906173706 -3.252204656600952 3.0999996662139893
    vertex 1.5894782543182373 -3.2285993099212646 2.999999761581421
    vertex 1.6090400218963623 -3.2135846614837646 2.999999761581421
  endloop
endfacet
facet normal 0.0 0.0 0.0
  outer loop
    vertex 1.558708906173706 -3.252204656600952 3.0999996662139893
    vertex 1.6090400218963623 -3.2135846614837646 2.999999761581421
    vertex 1.6415488719940186 -3.188636541366577 3.0999996662139893
  endloop
endfacet
facet normal 0.0 0.0 0.0
  outer loop
    vertex 1.6415488719940186 -3.188636541366577 3.0999996662139893
    vertex 1.6090400218963623 -3.2135846614837646 2.999999761581421
    vertex 1.6415488719940186 -3.188636541366577 2.999999761581421
  endloop
endfacet
facet normal 0.0 0.0 0.0
  outer loop
    vertex 1.4622390270233154 -3.2921674251556396 2.999999761581421
    vertex 1.4812095165252686 -3.284309148788452 2.999999761581421
    vertex 1.4622390270233154 -3.2921674251556396 3.0999996662139893
  endloop
endfacet
facet normal 0.0 0.0 0.0
  outer loop
    vertex 1.4622390270233154 -3.2921674251556396 3.0999996662139893
    vertex 1.4812095165252686 -3.284309148788452 2.999999761581421
    vertex 1.531609296798706 -3.263427495956421 2.999999761581421
  endloop
endfacet
facet normal 0.0 0.0 0.0
  outer loop
    vertex 1.4622390270233154 -3.2921674251556396 3.0999996662139893
    vertex 1.531609296798706 -3.263427495956421 2.999999761581421
    vertex 1.558708906173706 -3.252204656600952 3.0999996662139893
  endloop
endfacet
facet normal 0.0 0.0 0.0
  outer loop
    vertex 1.558708906173706 -3.252204656600952 3.0999996662139893
    vertex 1.531609296798706 -3.263427495956421 2.999999761581421
    vertex 1.558708906173706 -3.252204656600952 2.999999761581421
  endloop
endfacet
facet normal 0.0 0.0 0.0
  outer loop
    vertex 1.358708143234253 -3.305793523788452 2.999999761581421
    vertex 1.4475982189178467 -3.294097661972046 2.999999761581421
    vertex 1.358708143234253 -3.305793523788452 3.0999996662139893
  endloop
endfacet
facet normal 0.0 0.0 0.0
  outer loop
    vertex 1.358708143234253 -3.305793523788452 3.0999996662139893
    vertex 1.4475982189178467 -3.294097661972046 2.999999761581421
    vertex 1.4622390270233154 -3.2921674251556396 3.0999996662139893
  endloop
endfacet
facet normal 0.0 0.0 0.0
  outer loop
    vertex 1.4622390270233154 -3.2921674251556396 3.0999996662139893
    vertex 1.4475982189178467 -3.294097661972046 2.999999761581421
    vertex 1.4622390270233154 -3.2921674251556396 2.999999761581421
  endloop
endfacet
facet normal 0.0 0.0 0.0
  outer loop
    vertex 1.358708143234253 -3.305793523788452 2.999999761581421
    vertex 1.358708143234253 -3.305793523788452 3.0999996662139893
    vertex -0.741290271282196 -3.305793523788452 2.999999761581421
  endloop
endfacet
facet normal 0.0 0.0 0.0
  outer loop
    vertex -0.741290271282196 -3.305793523788452 2.999999761581421
    vertex 1.358708143234253 -3.305793523788452 3.0999996662139893
    vertex -0.741290271282196 -3.305793523788452 3.0999996662139893
  endloop
endfacet
facet normal 0.0 0.0 0.0
  outer loop
    vertex -0.8448211550712585 -3.2921674251556396 3.0999996662139893
    vertex -0.8448211550712585 -3.2921674251556396 2.999999761581421
    vertex -0.741290271282196 -3.305793523788452 3.0999996662139893
  endloop
endfacet
facet normal 0.0 0.0 0.0
  outer loop
    vertex -0.741290271282196 -3.305793523788452 3.0999996662139893
    vertex -0.8448211550712585 -3.2921674251556396 2.999999761581421
    vertex -0.741290271282196 -3.305793523788452 2.999999761581421
  endloop
endfacet
facet normal 0.0 0.0 0.0
  outer loop
    vertex -0.9412910342216492 -3.252204656600952 3.0999996662139893
    vertex -0.9412910342216492 -3.252204656600952 2.999999761581421
    vertex -0.8448211550712585 -3.2921674251556396 3.0999996662139893
  endloop
endfacet
facet normal 0.0 0.0 0.0
  outer loop
    vertex -0.8448211550712585 -3.2921674251556396 3.0999996662139893
    vertex -0.9412910342216492 -3.252204656600952 2.999999761581421
    vertex -0.8448211550712585 -3.2921674251556396 2.999999761581421
  endloop
endfacet
facet normal 0.0 0.0 0.0
  outer loop
    vertex -1.0241310596466064 -3.188636541366577 3.0999996662139893
    vertex -1.0241310596466064 -3.188636541366577 2.999999761581421
    vertex -0.9412910342216492 -3.252204656600952 3.0999996662139893
  endloop
endfacet
facet normal 0.0 0.0 0.0
  outer loop
    vertex -0.9412910342216492 -3.252204656600952 3.0999996662139893
    vertex -1.0241310596466064 -3.188636541366577 2.999999761581421
    vertex -0.9412910342216492 -3.252204656600952 2.999999761581421
  endloop
endfacet
facet normal 0.0 0.0 0.0
  outer loop
    vertex -1.087702989578247 -3.1057965755462646 3.0999996662139893
    vertex -1.087702989578247 -3.1057965755462646 2.999999761581421
    vertex -1.0241310596466064 -3.188636541366577 3.0999996662139893
  endloop
endfacet
facet normal 0.0 0.0 0.0
  outer loop
    vertex -1.0241310596466064 -3.188636541366577 3.0999996662139893
    vertex -1.087702989578247 -3.1057965755462646 2.999999761581421
    vertex -1.0241310596466064 -3.188636541366577 2.999999761581421
  endloop
endfacet
facet normal 0.0 0.0 0.0
  outer loop
    vertex -1.127661943435669 -3.0093305110931396 3.0999996662139893
    vertex -1.127661943435669 -3.0093305110931396 2.999999761581421
    vertex -1.087702989578247 -3.1057965755462646 3.0999996662139893
  endloop
endfacet
facet normal 0.0 0.0 0.0
  outer loop
    vertex -1.087702989578247 -3.1057965755462646 3.0999996662139893
    vertex -1.127661943435669 -3.0093305110931396 2.999999761581421
    vertex -1.087702989578247 -3.1057965755462646 2.999999761581421
  endloop
endfacet
facet normal 0.0 0.0 0.0
  outer loop
    vertex -1.141291856765747 -2.905799627304077 3.0999996662139893
    vertex -1.141291856765747 -2.905799627304077 2.999999761581421
    vertex -1.127661943435669 -3.0093305110931396 3.0999996662139893
  endloop
endfacet
facet normal 0.0 0.0 0.0
  outer loop
    vertex -1.127661943435669 -3.0093305110931396 3.0999996662139893
    vertex -1.141291856765747 -2.905799627304077 2.999999761581421
    vertex -1.127661943435669 -3.0093305110931396 2.999999761581421
  endloop
endfacet
facet normal 0.0 0.0 0.0
  outer loop
    vertex -4.141512870788574 -2.3057477474212646 2.999999761581421
    vertex -4.141341209411621 -2.3057477474212646 2.999999761581421
    vertex -4.1416730880737305 -2.3057477474212646 2.999999761581421
  endloop
endfacet
facet normal 0.0 0.0 0.0
  outer loop
    vertex -4.1416730880737305 -2.3057477474212646 2.999999761581421
    vertex -4.141341209411621 -2.3057477474212646 2.999999761581421
    vertex -4.141180992126465 -2.3057477474212646 2.999999761581421
  endloop
endfacet
facet normal 0.0 0.0 0.0
  outer loop
    vertex -4.1416730880737305 -2.3057477474212646 2.999999761581421
    vertex -4.141180992126465 -2.3057477474212646 2.999999761581421
    vertex -4.141291618347168 -2.305793523788452 2.999999761581421
  endloop
endfacet
facet normal 0.0 0.0 0.0
  outer loop
    vertex -4.141291618347168 -2.305793523788452 2.999999761581421
    vertex -4.141180992126465 -2.3057477474212646 2.999999761581421
    vertex -1.141291856765747 -2.305793523788452 2.999999761581421
  endloop
endfacet
facet normal 0.0 0.0 0.0
  outer loop
    vertex 1.7399070262908936 -3.021827459335327 2.999999761581421
    vertex 1.743809461593628 -3.0089643001556396 2.999999761581421
    vertex 1.745079755783081 -3.0093305110931396 2.999999761581421
  endloop
endfacet
facet normal 0.0 0.0 0.0
  outer loop
    vertex 1.745079755783081 -3.0093305110931396 2.999999761581421
    vertex 1.743809461593628 -3.0089643001556396 2.999999761581421
    vertex 1.7463500499725342 -2.999694585800171 2.999999761581421
  endloop
endfacet
endsolid Uranium STLWriter Sat 14 Jun 2025 23:33:22
